ISO-10303-21;
HEADER;
FILE_DESCRIPTION (( 'STEP AP203' ),
    '1' );
FILE_NAME ('servo-back-hole.step_Default_sldprt.STEP',
    '2026-06-14T23:32:49',
    ( '' ),
    ( '' ),
    'SwSTEP 2.0',
    'SolidWorks 2025',
    '' );
FILE_SCHEMA (( 'CONFIG_CONTROL_DESIGN' ));
ENDSEC;

DATA;
#1 =( BOUNDED_CURVE ( )  B_SPLINE_CURVE ( 3, ( #3717, #2618, #3780, #4105 ),
 .UNSPECIFIED., .F., .F. ) 
 B_SPLINE_CURVE_WITH_KNOTS ( ( 4, 4 ),
 ( 2.117647277490861679, 3.849075865369114613 ),
 .UNSPECIFIED. ) 
 CURVE ( )  GEOMETRIC_REPRESENTATION_ITEM ( )  RATIONAL_B_SPLINE_CURVE ( ( 1.000000000000000000, 0.7653975363504530449, 0.7653975363504530449, 1.000000000000000000 ) ) 
 REPRESENTATION_ITEM ( '' )  );
#2 = CARTESIAN_POINT ( 'NONE',  ( 16.40845070422500029, 11.08708765585600098, 33.39999999999999858 ) ) ;
#3 = AXIS2_PLACEMENT_3D ( 'NONE', #4135, #1890, #2630 ) ;
#4 = CARTESIAN_POINT ( 'NONE',  ( 4.533051565193999544, 0.8104355925049999687, 30.21043559250500010 ) ) ;
#5 = VECTOR ( 'NONE', #3533, 1000.000000000000000 ) ;
#6 = DIRECTION ( 'NONE',  ( 1.000000000000000000, 0.000000000000000000, 6.000000000000000121E-17 ) ) ;
#7 = ORIENTED_EDGE ( 'NONE', *, *, #4220, .T. ) ;
#8 = CARTESIAN_POINT ( 'NONE',  ( 4.333506001685003994, 20.44691340767301924, 32.63601442574500311 ) ) ;
#9 = AXIS2_PLACEMENT_3D ( 'NONE', #683, #2140, #3575 ) ;
#10 = CARTESIAN_POINT ( 'NONE',  ( 1.457324472424000428, 5.482267154244997442, 33.75787575721201250 ) ) ;
#11 = CARTESIAN_POINT ( 'NONE',  ( 2.917945367970002035, 20.63892382601001074, 32.26700372221298352 ) ) ;
#12 = CARTESIAN_POINT ( 'NONE',  ( 2.957980259017999103, -0.8905296329310004033, 32.15142910178602165 ) ) ;
#13 = ORIENTED_EDGE ( 'NONE', *, *, #3589, .T. ) ;
#14 = CARTESIAN_POINT ( 'NONE',  ( 1.221907742237999139, 20.75931670928299866, 31.83084470607198213 ) ) ;
#15 = AXIS2_PLACEMENT_3D ( 'NONE', #4113, #1959, #3367 ) ;
#16 = CARTESIAN_POINT ( 'NONE',  ( 1.894195622788002131, 14.59463546230399267, 33.88150837337199306 ) ) ;
#17 = CARTESIAN_POINT ( 'NONE',  ( 17.06192001519900003, 10.89541627601499840, 34.00000000000000000 ) ) ;
#18 = CARTESIAN_POINT ( 'NONE',  ( 17.00000000000000000, 19.00000000000000000, 29.00000000000000000 ) ) ;
#19 = CARTESIAN_POINT ( 'NONE',  ( -0.8302690013490000576, 1.027691740965999356, 31.57873445672599644 ) ) ;
#20 = CARTESIAN_POINT ( 'NONE',  ( 0.05015708554435999167, 2.999460744146997815, 31.61231837303501635 ) ) ;
#21 = CARTESIAN_POINT ( 'NONE',  ( 3.634283108432998954, 19.75165094858799364, 31.91945394997402019 ) ) ;
#22 = VERTEX_POINT ( 'NONE', #1315 ) ;
#23 = CARTESIAN_POINT ( 'NONE',  ( 1.126018877394998619, 15.38676458891998067, 33.03821491830601786 ) ) ;
#24 = CARTESIAN_POINT ( 'NONE',  ( 3.000000000000000000, 5.559411708156000387, 34.00000000000000000 ) ) ;
#25 = FACE_OUTER_BOUND ( 'NONE', #3603, .T. ) ;
#26 = EDGE_CURVE ( 'NONE', #2336, #3440, #3104, .T. ) ;
#27 = DIRECTION ( 'NONE',  ( 1.000000000000000000, 0.000000000000000000, 0.000000000000000000 ) ) ;
#28 = CARTESIAN_POINT ( 'NONE',  ( 17.00000000000000000, -0.8000000000000000444, 24.00000000000000000 ) ) ;
#29 = CARTESIAN_POINT ( 'NONE',  ( 4.745011979879999231, 19.37489740848199915, 30.02510259151800298 ) ) ;
#30 = ORIENTED_EDGE ( 'NONE', *, *, #468, .F. ) ;
#31 = CARTESIAN_POINT ( 'NONE',  ( 11.18743420870399952, 17.00000000000000000, 34.00000000000000000 ) ) ;
#32 = CARTESIAN_POINT ( 'NONE',  ( -0.8651750354340003168, 3.644389999647000611, 32.17521767418499934 ) ) ;
#33 = CARTESIAN_POINT ( 'NONE',  ( 3.201229299767000658, 21.00122373050400881, 31.99848792201400727 ) ) ;
#34 = CARTESIAN_POINT ( 'NONE',  ( 3.827202487575999346, -0.5880748047919998056, 32.49838984466900627 ) ) ;
#35 = VERTEX_POINT ( 'NONE', #192 ) ;
#36 = CARTESIAN_POINT ( 'NONE',  ( 0.01610040965710822156, 17.21006914327052684, 31.55298311997095695 ) ) ;
#37 = EDGE_LOOP ( 'NONE', ( #4621, #4599, #481, #3534 ) ) ;
#38 = CARTESIAN_POINT ( 'NONE',  ( -0.1255951551970000690, 15.56655355385101025, 32.92895062604298317 ) ) ;
#39 = CARTESIAN_POINT ( 'NONE',  ( -0.8000000000000000444, 17.00000000000000000, 24.00000000000000000 ) ) ;
#40 = CARTESIAN_POINT ( 'NONE',  ( 4.910612885265000394, 1.831870735670001915, 33.19479656736101703 ) ) ;
#41 = CARTESIAN_POINT ( 'NONE',  ( -0.7821773617399995215, 1.282645352391998950, 31.83858024762298555 ) ) ;
#42 = CARTESIAN_POINT ( 'NONE',  ( 2.325782232504998603, 5.152808902211996944, 33.80826910587298784 ) ) ;
#43 = CARTESIAN_POINT ( 'NONE',  ( 0.02305853123723001358, 2.037584697124999789, 31.36660652295102381 ) ) ;
#44 = CARTESIAN_POINT ( 'NONE',  ( 0.08779843256254001027, 16.84250455930699886, 31.67266662067400418 ) ) ;
#45 = LINE ( 'NONE', #1142, #2979 ) ;
#46 = DIRECTION ( 'NONE',  ( 0.2000000000000528855, -0.9797958971132605388, 0.000000000000000000 ) ) ;
#47 = CARTESIAN_POINT ( 'NONE',  ( 0.1202384179029999944, 4.886854789552995904, 33.11078435344800397 ) ) ;
#48 = CARTESIAN_POINT ( 'NONE',  ( 4.588215421473999633, 0.7134650104299999906, 30.11346501042999790 ) ) ;
#49 = LINE ( 'NONE', #4258, #166 ) ;
#50 = EDGE_CURVE ( 'NONE', #629, #823, #2357, .T. ) ;
#51 = CARTESIAN_POINT ( 'NONE',  ( 19.99999999688499841, 1.205010164826000096, 30.00000000000000000 ) ) ;
#52 = TOROIDAL_SURFACE ( 'NONE', #655, 7.100000000000000533, 0.5999999999999999778 ) ;
#53 = ORIENTED_EDGE ( 'NONE', *, *, #489, .F. ) ;
#54 = ADVANCED_FACE ( 'NONE', ( #4521 ), #3210, .T. ) ;
#55 = CARTESIAN_POINT ( 'NONE',  ( 3.120887046046001423, 21.02015281393002155, 31.97301895502501523 ) ) ;
#56 = CARTESIAN_POINT ( 'NONE',  ( 0.5608585766260002492, 5.156868082211999216, 33.38442775696897513 ) ) ;
#57 = CARTESIAN_POINT ( 'NONE',  ( 3.631470965091999847, 20.86923261915498529, 32.16994616896803905 ) ) ;
#58 = DIRECTION ( 'NONE',  ( 1.000000000000000000, 0.000000000000000000, 0.000000000000000000 ) ) ;
#59 = ORIENTED_EDGE ( 'NONE', *, *, #197, .T. ) ;
#60 = CARTESIAN_POINT ( 'NONE',  ( 3.000000000000000444, 21.04359144897901501, 31.94098082172301289 ) ) ;
#61 = ORIENTED_EDGE ( 'NONE', *, *, #3405, .T. ) ;
#62 = DIRECTION ( 'NONE',  ( 0.000000000000000000, 0.000000000000000000, 1.000000000000000000 ) ) ;
#63 = CARTESIAN_POINT ( 'NONE',  ( 4.968881168024004147, 2.088440433745999858, 33.28449242952302711 ) ) ;
#64 = CARTESIAN_POINT ( 'NONE',  ( 4.927656079573997872, 1.894358822487998584, 33.21925151281899247 ) ) ;
#65 = CARTESIAN_POINT ( 'NONE',  ( -0.5754266139629997667, 0.5512790366279998189, 31.52822486954701375 ) ) ;
#66 = CARTESIAN_POINT ( 'NONE',  ( 0.6980360572199998392, 4.391703437498998497, 32.98478681709102034 ) ) ;
#67 = CARTESIAN_POINT ( 'NONE',  ( 0.1443092637930001032, 1.239424970613000276, 31.77269820540902145 ) ) ;
#68 = CARTESIAN_POINT ( 'NONE',  ( -0.2895730455859999442, 16.84054382594602117, 32.32719796612302332 ) ) ;
#69 = DIRECTION ( 'NONE',  ( 0.000000000000000000, 0.000000000000000000, 1.000000000000000000 ) ) ;
#70 = FACE_OUTER_BOUND ( 'NONE', #2858, .T. ) ;
#71 = CARTESIAN_POINT ( 'NONE',  ( 4.869742313881998186, 18.33355520611698708, 33.13346019482596461 ) ) ;
#72 = CARTESIAN_POINT ( 'NONE',  ( 4.919967007684999949, 0.6000000022810001443, 30.00000000228099850 ) ) ;
#73 = VECTOR ( 'NONE', #841, 1000.000000000000000 ) ;
#74 = CARTESIAN_POINT ( 'NONE',  ( -0.1000000000000000056, 19.40000000000000213, 29.30000000000000071 ) ) ;
#75 = CARTESIAN_POINT ( 'NONE',  ( 2.957980259017999103, -0.8905296329310004033, 32.15142910178602165 ) ) ;
#76 = ORIENTED_EDGE ( 'NONE', *, *, #3350, .T. ) ;
#77 = CARTESIAN_POINT ( 'NONE',  ( -1.043569825484000013, 17.00000000000000000, 31.94101055190799343 ) ) ;
#78 = AXIS2_PLACEMENT_3D ( 'NONE', #3232, #1441, #2888 ) ;
#79 = CARTESIAN_POINT ( 'NONE',  ( 0.08167433556891000312, 16.86513913963601752, 31.66293065714399901 ) ) ;
#80 = EDGE_CURVE ( 'NONE', #3937, #3374, #3555, .T. ) ;
#81 = CARTESIAN_POINT ( 'NONE',  ( 3.111025911355997486, 20.85776977949401001, 32.19124406732001376 ) ) ;
#82 = EDGE_CURVE ( 'NONE', #2706, #2561, #4097, .T. ) ;
#83 = VECTOR ( 'NONE', #1357, 1000.000000000000000 ) ;
#84 = FACE_OUTER_BOUND ( 'NONE', #2346, .T. ) ;
#85 = ORIENTED_EDGE ( 'NONE', *, *, #380, .F. ) ;
#86 = TOROIDAL_SURFACE ( 'NONE', #3330, 7.100000000000000533, 0.5999999999999999778 ) ;
#87 = LINE ( 'NONE', #1204, #2436 ) ;
#88 = CARTESIAN_POINT ( 'NONE',  ( 3.500000018448750083, 9.999999999999998224, 33.39886439604437385 ) ) ;
#89 = CARTESIAN_POINT ( 'NONE',  ( 4.956872648936998971, 2.022705576122998838, 33.26418886094899108 ) ) ;
#90 = CIRCLE ( 'NONE', #692, 3.800000000000001155 ) ;
#91 = EDGE_LOOP ( 'NONE', ( #3425, #4671, #1840, #3292, #4573, #4247, #4527 ) ) ;
#92 = CARTESIAN_POINT ( 'NONE',  ( 2.181151510580999098, 20.00122451202799567, 31.67360401341397846 ) ) ;
#93 = PERSON_AND_ORGANIZATION_ROLE ( 'design_supplier' ) ;
#94 = CARTESIAN_POINT ( 'NONE',  ( 2.687170816532999051, 5.146047932489997478, 33.84509823406499862 ) ) ;
#95 = VECTOR ( 'NONE', #3661, 1000.000000000000000 ) ;
#96 = CARTESIAN_POINT ( 'NONE',  ( 0.05801692965083005138, 1.865367073810000997, 31.60826223689599956 ) ) ;
#97 = CARTESIAN_POINT ( 'NONE',  ( -0.07669829391543998842, 16.95524472596401822, 32.14166614232102859 ) ) ;
#98 = CARTESIAN_POINT ( 'NONE',  ( -0.2609447928520000071, 15.43096925480601023, 32.81630211328498348 ) ) ;
#99 = CARTESIAN_POINT ( 'NONE',  ( -0.9227507207139998835, 1.241824955159000599, 31.60458957823597004 ) ) ;
#100 = CARTESIAN_POINT ( 'NONE',  ( 3.980246324770997823, 19.53427797706399360, 32.20027731488001166 ) ) ;
#101 = CARTESIAN_POINT ( 'NONE',  ( 2.863358060621000067, 9.759276738325999290, 33.99793598499000069 ) ) ;
#102 = CARTESIAN_POINT ( 'NONE',  ( -0.1000000000000000056, 19.19772609758399895, 24.00000000000000000 ) ) ;
#103 = CARTESIAN_POINT ( 'NONE',  ( 2.902170874510998644, 0.03234074843045001146, 31.85453117338200713 ) ) ;
#104 = ORIENTED_EDGE ( 'NONE', *, *, #1099, .T. ) ;
#105 = CARTESIAN_POINT ( 'NONE',  ( -0.1000000000000000056, 19.19772609758399895, 24.00000000000000000 ) ) ;
#106 = FACE_OUTER_BOUND ( 'NONE', #3297, .T. ) ;
#107 = CARTESIAN_POINT ( 'NONE',  ( 17.00000000000000000, 10.00000000000000000, 32.00000000000000000 ) ) ;
#108 = CARTESIAN_POINT ( 'NONE',  ( 5.546539932346997936, 1.755553031513000350, 33.84563692610601038 ) ) ;
#109 = ORIENTED_EDGE ( 'NONE', *, *, #1947, .F. ) ;
#110 = CARTESIAN_POINT ( 'NONE',  ( -2.000000000000000000, 5.000000000000000000, 27.00000000000000000 ) ) ;
#111 = LINE ( 'NONE', #1510, #2749 ) ;
#112 = CARTESIAN_POINT ( 'NONE',  ( 2.967210817747000906, 0.04357134719802999157, 31.87288075057500691 ) ) ;
#113 = EDGE_CURVE ( 'NONE', #1957, #442, #238, .T. ) ;
#114 = ORIENTED_EDGE ( 'NONE', *, *, #3499, .T. ) ;
#115 = CARTESIAN_POINT ( 'NONE',  ( 17.00000000000000000, 22.00000000000000000, 25.19999999999999929 ) ) ;
#116 = ADVANCED_FACE ( 'NONE', ( #4176 ), #2792, .T. ) ;
#117 = CARTESIAN_POINT ( 'NONE',  ( -0.05390287267892997919, 3.134117216635001757, 32.17437775623601937 ) ) ;
#118 = B_SPLINE_CURVE_WITH_KNOTS ( 'NONE', 5,
 ( #3362, #4479, #2355, #101, #1593, #4084 ),
 .UNSPECIFIED., .F., .F.,
 ( 6, 6 ),
 ( 19.32813196668099920, 21.51257252998600222 ),
 .UNSPECIFIED. ) ;
#119 = CARTESIAN_POINT ( 'NONE',  ( 0.1001878049840000395, 16.40371126985201400, 32.38890351153899161 ) ) ;
#120 = ADVANCED_FACE ( 'NONE', ( #2954 ), #3688, .T. ) ;
#121 = CARTESIAN_POINT ( 'NONE',  ( 2.500000000000000000, 17.50000000000000000, 33.39999999999999858 ) ) ;
#122 = CARTESIAN_POINT ( 'NONE',  ( 3.925317880888000932, 19.57436202167002293, 32.41720990783600342 ) ) ;
#123 = CARTESIAN_POINT ( 'NONE',  ( 19.78530594404200116, 20.10000000000000142, 29.30000000000000071 ) ) ;
#124 = CARTESIAN_POINT ( 'NONE',  ( 18.52234270993699639, 19.71398518706178038, 33.63306251687299664 ) ) ;
#125 = ORIENTED_EDGE ( 'NONE', *, *, #2148, .F. ) ;
#126 = CARTESIAN_POINT ( 'NONE',  ( 1.819542871845999388, 15.09263827251000656, 33.19006346407800123 ) ) ;
#127 = DIRECTION ( 'NONE',  ( 0.000000000000000000, 0.000000000000000000, 1.000000000000000000 ) ) ;
#128 = CARTESIAN_POINT ( 'NONE',  ( 0.2086110247449041721, 18.66712948201566036, 29.60861102474490281 ) ) ;
#129 = ORIENTED_EDGE ( 'NONE', *, *, #4370, .T. ) ;
#130 = LINE ( 'NONE', #847, #1821 ) ;
#131 = CARTESIAN_POINT ( 'NONE',  ( 8.912912344144000798, 3.591549295774999706, 33.39999999999999858 ) ) ;
#132 = CARTESIAN_POINT ( 'NONE',  ( 4.997850108425001991, 2.360164203717002085, 33.34947495835300657 ) ) ;
#133 = VERTEX_POINT ( 'NONE', #1420 ) ;
#134 = CARTESIAN_POINT ( 'NONE',  ( 0.09831744385660001750, 18.28874024371298646, 31.57752564795501726 ) ) ;
#135 = APPROVAL_ROLE ( '' ) ;
#136 = VECTOR ( 'NONE', #4683, 1000.000000000000000 ) ;
#137 = EDGE_CURVE ( 'NONE', #3440, #2708, #4317, .T. ) ;
#138 = CARTESIAN_POINT ( 'NONE',  ( -0.1040402137259998777, 17.09136575732599539, 32.10163552191598768 ) ) ;
#139 = FACE_OUTER_BOUND ( 'NONE', #737, .T. ) ;
#140 = CARTESIAN_POINT ( 'NONE',  ( 3.000000000000000000, 8.812565791296000484, 34.00000000000000000 ) ) ;
#141 = CARTESIAN_POINT ( 'NONE',  ( 4.472480347367996600, 19.17494795697898979, 33.06247252998700503 ) ) ;
#142 = CARTESIAN_POINT ( 'NONE',  ( 11.08708765585600098, 3.591549295774999706, 33.39999999999999858 ) ) ;
#143 = CARTESIAN_POINT ( 'NONE',  ( 18.16598799718599722, 21.81494403636999380, 31.82052891443808917 ) ) ;
#144 = EDGE_LOOP ( 'NONE', ( #249, #1058, #2051, #4138 ) ) ;
#145 = CARTESIAN_POINT ( 'NONE',  ( 5.599999999999999645, 2.500000000000000000, 30.59999999999999787 ) ) ;
#146 = ORIENTED_EDGE ( 'NONE', *, *, #1796, .T. ) ;
#147 = CARTESIAN_POINT ( 'NONE',  ( 2.903225806451999791, 15.03273249342299955, 33.39999999999999858 ) ) ;
#148 = TOROIDAL_SURFACE ( 'NONE', #1366, 7.000000000000000000, 1.100000000000000089 ) ;
#149 = DIRECTION ( 'NONE',  ( 0.000000000000000000, 0.000000000000000000, 1.000000000000000000 ) ) ;
#150 = CARTESIAN_POINT ( 'NONE',  ( 3.181242330147998842, -1.005981978978998992, 31.99208995851000381 ) ) ;
#151 = ORIENTED_EDGE ( 'NONE', *, *, #1041, .T. ) ;
#152 = AXIS2_PLACEMENT_3D ( 'NONE', #2338, #3703, #1936 ) ;
#153 = CARTESIAN_POINT ( 'NONE',  ( 0.000000000000000000, 2.500000000000000444, 29.39999999999999503 ) ) ;
#154 =( BOUNDED_CURVE ( )  B_SPLINE_CURVE ( 2, ( #2942, #2241, #4061 ),
 .UNSPECIFIED., .F., .T. ) 
 B_SPLINE_CURVE_WITH_KNOTS ( ( 3, 3 ),
 ( 0.000000000000000000, 1.000000000000000000 ),
 .UNSPECIFIED. ) 
 CURVE ( )  GEOMETRIC_REPRESENTATION_ITEM ( )  RATIONAL_B_SPLINE_CURVE ( ( 1.000000000000000000, 1.043150759293792085, 1.000000000000000000 ) ) 
 REPRESENTATION_ITEM ( '' )  );
#155 = CARTESIAN_POINT ( 'NONE',  ( 1.013483464322000094, 4.543497688262999823, 30.41348346432199889 ) ) ;
#156 = VECTOR ( 'NONE', #4437, 1000.000000000000000 ) ;
#157 = CARTESIAN_POINT ( 'NONE',  ( 3.098648503091998574, 0.07220010032106996545, 31.91955103769598168 ) ) ;
#158 = VERTEX_POINT ( 'NONE', #1163 ) ;
#159 = CARTESIAN_POINT ( 'NONE',  ( 0.2571903242530001465, 18.66473355682900248, 31.24149759889498768 ) ) ;
#160 = PERSON_AND_ORGANIZATION ( #296, #1152 ) ;
#161 = CARTESIAN_POINT ( 'NONE',  ( -0.3481709587789998395, 17.08415768539600066, 32.25394383505901175 ) ) ;
#162 = CIRCLE ( 'NONE', #469, 5.000000000000000000 ) ;
#163 = CARTESIAN_POINT ( 'NONE',  ( -1.038157923504000824, 16.96956119746202418, 31.94845132886501560 ) ) ;
#164 = EDGE_CURVE ( 'NONE', #3811, #4442, #2126, .T. ) ;
#165 = CARTESIAN_POINT ( 'NONE',  ( 16.50000000000000000, 10.00000000000000000, 33.39791576165600162 ) ) ;
#166 = VECTOR ( 'NONE', #649, 1000.000000000000000 ) ;
#167 = CARTESIAN_POINT ( 'NONE',  ( 5.031829836161001879, 17.91531272730602353, 33.62583284349501156 ) ) ;
#168 = CARTESIAN_POINT ( 'NONE',  ( -0.1000000000000000056, 6.000000000000000000, 28.00000000000000000 ) ) ;
#169 = CARTESIAN_POINT ( 'NONE',  ( 19.39900052719500323, 20.84364015992500185, 29.00000000000000000 ) ) ;
#170 = EDGE_CURVE ( 'NONE', #2336, #823, #1221, .T. ) ;
#171 = DIRECTION ( 'NONE',  ( 1.000000000000000000, 0.000000000000000000, 0.000000000000000000 ) ) ;
#172 = CARTESIAN_POINT ( 'NONE',  ( 0.6711710438899943787, 19.21355123459118275, 31.20398513255030082 ) ) ;
#173 = ORIENTED_EDGE ( 'NONE', *, *, #1943, .F. ) ;
#174 = CARTESIAN_POINT ( 'NONE',  ( 0.5999999999999999778, 19.12480768092700245, 30.00000000000000000 ) ) ;
#175 = ADVANCED_FACE ( 'NONE', ( #352 ), #372, .T. ) ;
#176 = CARTESIAN_POINT ( 'NONE',  ( 2.500000000000000000, 2.500000000000000000, 30.59999999999999787 ) ) ;
#177 = CARTESIAN_POINT ( 'NONE',  ( 16.50000000000000000, 10.00000000000000000, 26.00000000000000000 ) ) ;
#178 = VERTEX_POINT ( 'NONE', #4331 ) ;
#179 = CARTESIAN_POINT ( 'NONE',  ( 0.5999999999999999778, -0.1000000000000000056, 24.12045915678299934 ) ) ;
#180 = CARTESIAN_POINT ( 'NONE',  ( 0.3649549103789999083, 1.166827392485999093, 31.50228391543097928 ) ) ;
#181 = CARTESIAN_POINT ( 'NONE',  ( 0.05015708554435999167, 2.999460744146997371, 31.61231837303501635 ) ) ;
#182 = CARTESIAN_POINT ( 'NONE',  ( 3.838179878328998651, 0.003205372327905001931, 32.66509093990600121 ) ) ;
#183 = ORIENTED_EDGE ( 'NONE', *, *, #2527, .F. ) ;
#184 =( BOUNDED_CURVE ( )  B_SPLINE_CURVE ( 3, ( #153, #1963, #3394, #1602 ),
 .UNSPECIFIED., .F., .F. ) 
 B_SPLINE_CURVE_WITH_KNOTS ( ( 4, 4 ),
 ( 3.141592653589793116, 4.165538029688724109 ),
 .UNSPECIFIED. ) 
 CURVE ( )  GEOMETRIC_REPRESENTATION_ITEM ( )  RATIONAL_B_SPLINE_CURVE ( ( 1.000000000000000000, 0.9145198591387599940, 0.9145198591387599940, 1.000000000000000000 ) ) 
 REPRESENTATION_ITEM ( '' )  );
#185 = CARTESIAN_POINT ( 'NONE',  ( 2.544400406389997649, 20.01121427093002580, 31.76013744432799513 ) ) ;
#186 = CARTESIAN_POINT ( 'NONE',  ( 2.948931428460000337, 14.75306786322200736, 33.94899738962000413 ) ) ;
#187 = CARTESIAN_POINT ( 'NONE',  ( -2.000000000000000000, -2.000000000000000000, 24.00000000000000000 ) ) ;
#188 = CARTESIAN_POINT ( 'NONE',  ( 2.500000000000000000, 2.500000000000000000, 20.00000000000000000 ) ) ;
#189 = CARTESIAN_POINT ( 'NONE',  ( 4.756023507211003754, 18.99925038550201251, 33.37750588362897730 ) ) ;
#190 = CARTESIAN_POINT ( 'NONE',  ( 17.00000000000000000, 1.000000000000000000, 29.00000000000000000 ) ) ;
#191 = CARTESIAN_POINT ( 'NONE',  ( 19.39900052719500323, 17.00000000000000000, 32.84364015992500185 ) ) ;
#192 = CARTESIAN_POINT ( 'NONE',  ( 4.635415650406000232, 18.80000000000000071, 30.59999999999999787 ) ) ;
#193 = CYLINDRICAL_SURFACE ( 'NONE', #2722, 1.000000000000000000 ) ;
#194 = ORIENTED_EDGE ( 'NONE', *, *, #3550, .F. ) ;
#195 = FACE_OUTER_BOUND ( 'NONE', #2574, .T. ) ;
#196 = CARTESIAN_POINT ( 'NONE',  ( 0.5999999999999999778, 20.10000000000000142, 29.30000000000000071 ) ) ;
#197 = EDGE_CURVE ( 'NONE', #3106, #2181, #1088, .T. ) ;
#198 = CARTESIAN_POINT ( 'NONE',  ( 19.93831521445600430, 0.2146024925179979559, 30.63164808328273736 ) ) ;
#199 = VERTEX_POINT ( 'NONE', #1276 ) ;
#200 = CARTESIAN_POINT ( 'NONE',  ( 16.45411774062699806, 10.81787760608599847, 33.39999999999999858 ) ) ;
#201 = CARTESIAN_POINT ( 'NONE',  ( -0.08222919252363999898, 3.020456006833999840, 32.13350006274200155 ) ) ;
#202 = CARTESIAN_POINT ( 'NONE',  ( -0.008836428216062994223, 2.592071616581000715, 31.49928321918199003 ) ) ;
#203 = CARTESIAN_POINT ( 'NONE',  ( 0.04186583386259001838, 2.956134381774998765, 31.59902583004197396 ) ) ;
#204 = CARTESIAN_POINT ( 'NONE',  ( 5.050376336725004300, 2.392183657985002210, 33.67672095543699839 ) ) ;
#205 = ORIENTED_EDGE ( 'NONE', *, *, #2896, .F. ) ;
#206 = CARTESIAN_POINT ( 'NONE',  ( 1.313518125821000249, 20.51564859362899185, 31.97050209081800531 ) ) ;
#207 = CARTESIAN_POINT ( 'NONE',  ( -0.8597203692309997036, 16.89797123908601861, 32.18887343116499267 ) ) ;
#208 = DIRECTION ( 'NONE',  ( 1.000000000000000000, 0.000000000000000000, 0.000000000000000000 ) ) ;
#209 = CARTESIAN_POINT ( 'NONE',  ( 3.000000000000000000, 17.00000000000000000, 24.00000000000000000 ) ) ;
#210 = CARTESIAN_POINT ( 'NONE',  ( 5.283461258167000629, 17.55786793999602580, 33.91743768638900747 ) ) ;
#211 = CARTESIAN_POINT ( 'NONE',  ( 5.584379711238003807, 2.038354994623002181, 33.90949852686198795 ) ) ;
#212 = DIRECTION ( 'NONE',  ( 0.000000000000000000, 0.000000000000000000, 1.000000000000000000 ) ) ;
#213 = ORIENTED_EDGE ( 'NONE', *, *, #3499, .F. ) ;
#214 = DIRECTION ( 'NONE',  ( 1.000000000000000000, 0.000000000000000000, 0.000000000000000000 ) ) ;
#215 = EDGE_LOOP ( 'NONE', ( #4205, #3217, #2060, #2094, #1691, #2078, #4069, #1396, #3710, #3627 ) ) ;
#216 = DIRECTION ( 'NONE',  ( 0.000000000000000000, 0.000000000000000000, 1.000000000000000000 ) ) ;
#217 = CARTESIAN_POINT ( 'NONE',  ( 5.002252441747002010, 2.558009872791998873, 33.98169620410900649 ) ) ;
#218 = CARTESIAN_POINT ( 'NONE',  ( 17.39269908169899992, -2.000000000000003997, 31.92893218813452449 ) ) ;
#219 = EDGE_LOOP ( 'NONE', ( #1758, #3275, #961 ) ) ;
#220 = CARTESIAN_POINT ( 'NONE',  ( 10.00000000000000000, 10.00000000000000000, 34.00000000000000000 ) ) ;
#221 = VECTOR ( 'NONE', #2455, 1000.000000000000000 ) ;
#222 = CARTESIAN_POINT ( 'NONE',  ( -0.08037164079508998804, 4.117083483456999815, 32.83936405513299661 ) ) ;
#223 = ADVANCED_FACE ( 'NONE', ( #1566 ), #791, .T. ) ;
#224 = CARTESIAN_POINT ( 'NONE',  ( 1.598059600207998532, -0.01408683119020999290, 31.82315526575502673 ) ) ;
#225 = CARTESIAN_POINT ( 'NONE',  ( 0.04590020077432000606, 2.977777128966998088, 31.60547976826199701 ) ) ;
#226 = CARTESIAN_POINT ( 'NONE',  ( 3.134544566422998280, -0.2969779406610000283, 32.31807996610100986 ) ) ;
#227 = ORIENTED_EDGE ( 'NONE', *, *, #2755, .F. ) ;
#228 = CARTESIAN_POINT ( 'NONE',  ( -0.09257124306036999817, 18.14971167263998097, 31.86573158912801063 ) ) ;
#229 = AXIS2_PLACEMENT_3D ( 'NONE', #4125, #4451, #1547 ) ;
#230 = CARTESIAN_POINT ( 'NONE',  ( -0.6040880736120002314, 16.92216402661199837, 32.30792568425699329 ) ) ;
#231 = CARTESIAN_POINT ( 'NONE',  ( -0.1000000000000000056, -0.1000000000000000056, 0.000000000000000000 ) ) ;
#232 = DIRECTION ( 'NONE',  ( 1.000000000000000000, 0.000000000000000000, 0.000000000000000000 ) ) ;
#233 = CARTESIAN_POINT ( 'NONE',  ( 3.053499196466999521, 20.31890249233097379, 32.29088032361701721 ) ) ;
#234 = EDGE_CURVE ( 'NONE', #1431, #2435, #2884, .T. ) ;
#235 = CARTESIAN_POINT ( 'NONE',  ( 3.241516939286002597, -0.9904848883859994624, 32.01273510405202671 ) ) ;
#236 = LINE ( 'NONE', #2404, #2104 ) ;
#237 = CIRCLE ( 'NONE', #4025, 3.100000000000000089 ) ;
#238 = LINE ( 'NONE', #3454, #2880 ) ;
#239 = DIRECTION ( 'NONE',  ( 1.000000000000000000, 0.000000000000000000, 0.000000000000000000 ) ) ;
#240 = ORIENTED_EDGE ( 'NONE', *, *, #4220, .F. ) ;
#241 = DIRECTION ( 'NONE',  ( 0.000000000000000000, 0.000000000000000000, 1.000000000000000000 ) ) ;
#242 = CARTESIAN_POINT ( 'NONE',  ( 18.52234270993699994, 2.999999999999999112, 33.63306251687300374 ) ) ;
#243 = VERTEX_POINT ( 'NONE', #2226 ) ;
#244 = CARTESIAN_POINT ( 'NONE',  ( 1.107122888751999934, 15.41776829382499869, 30.50712288875200073 ) ) ;
#245 = CARTESIAN_POINT ( 'NONE',  ( 1.757371443593999327, 5.380930727988000761, 33.84761916677004479 ) ) ;
#246 = CARTESIAN_POINT ( 'NONE',  ( 2.343770865794002400, -0.1523278277700001460, 31.96727490745999134 ) ) ;
#247 = CARTESIAN_POINT ( 'NONE',  ( 0.2560827234380001483, 3.654143082851002422, 31.93076333863700356 ) ) ;
#248 = CARTESIAN_POINT ( 'NONE',  ( 5.011899297561006605, 2.017800520726999558, 33.60297164848098816 ) ) ;
#249 = ORIENTED_EDGE ( 'NONE', *, *, #1362, .T. ) ;
#250 = CARTESIAN_POINT ( 'NONE',  ( 2.687307943839000401, 20.38526297340101934, 32.20142317680698341 ) ) ;
#251 = CARTESIAN_POINT ( 'NONE',  ( 0.5981916568719995997, 15.26645592973497756, 33.32331289989699741 ) ) ;
#252 = EDGE_CURVE ( 'NONE', #3681, #2456, #1277, .T. ) ;
#253 = CARTESIAN_POINT ( 'NONE',  ( 3.000000000000000000, 14.44058829184400139, 34.00000000000000000 ) ) ;
#254 = ADVANCED_FACE ( 'NONE', ( #4020 ), #2811, .T. ) ;
#255 = CARTESIAN_POINT ( 'NONE',  ( 16.45411774062699806, 10.81787760608599847, 33.39999999999999858 ) ) ;
#256 = CARTESIAN_POINT ( 'NONE',  ( 5.048230244148999013, 18.34393486821502606, 33.65787632061000068 ) ) ;
#257 = CARTESIAN_POINT ( 'NONE',  ( -2.000000000000000000, 3.000000000000000000, 24.00000000000000000 ) ) ;
#258 = B_SPLINE_CURVE_WITH_KNOTS ( 'NONE', 4,
 ( #3490, #914, #4528, #200, #1365 ),
 .UNSPECIFIED., .F., .F.,
 ( 5, 5 ),
 ( 40.84070449482099718, 41.93292487165599880 ),
 .UNSPECIFIED. ) ;
#259 = CARTESIAN_POINT ( 'NONE',  ( 17.00000000000000000, 19.00000000000000000, 24.00000000000000000 ) ) ;
#260 = ORIENTED_EDGE ( 'NONE', *, *, #1012, .F. ) ;
#261 = CARTESIAN_POINT ( 'NONE',  ( 8.912912344143997245, 16.40845070422499674, 34.00000000000000000 ) ) ;
#262 = CARTESIAN_POINT ( 'NONE',  ( 9.780520724800998877, 16.51839603455799832, 33.39818303367099617 ) ) ;
#263 = VERTEX_POINT ( 'NONE', #3769 ) ;
#264 = CARTESIAN_POINT ( 'NONE',  ( 18.84364015992499830, -1.399000527195002119, 31.57687484794443478 ) ) ;
#265 = ORIENTED_EDGE ( 'NONE', *, *, #4174, .F. ) ;
#266 = CARTESIAN_POINT ( 'NONE',  ( 0.8104355925139999917, 15.46694843480799975, 30.21043559251399913 ) ) ;
#267 = CARTESIAN_POINT ( 'NONE',  ( 2.424058773761002428, 5.447136241732997597, 33.97229994601601533 ) ) ;
#268 = CARTESIAN_POINT ( 'NONE',  ( -0.2530261669880002340, 1.481252403314000210, 31.97267483293202162 ) ) ;
#269 = FACE_OUTER_BOUND ( 'NONE', #4447, .T. ) ;
#270 = CARTESIAN_POINT ( 'NONE',  ( 5.145062709396000855, 2.290233786239999070, 33.79876302985599068 ) ) ;
#271 = ORIENTED_EDGE ( 'NONE', *, *, #3228, .F. ) ;
#272 = CARTESIAN_POINT ( 'NONE',  ( 2.957954502353001836, 20.89052183891999093, 32.15143815002801375 ) ) ;
#273 = DATE_AND_TIME ( #1585, #1750 ) ;
#274 = CARTESIAN_POINT ( 'NONE',  ( -0.6229857863290001463, 17.00189611260602618, 32.28583480276100914 ) ) ;
#275 = CARTESIAN_POINT ( 'NONE',  ( 19.82087944518610456, -0.001109560853537541313, 29.39889043914665123 ) ) ;
#276 = AXIS2_PLACEMENT_3D ( 'NONE', #3157, #2105, #1036 ) ;
#277 = CARTESIAN_POINT ( 'NONE',  ( 0.05464299557168002947, 3.021208428556001913, 31.61954484375701924 ) ) ;
#278 = ADVANCED_FACE ( 'NONE', ( #3322 ), #2273, .F. ) ;
#279 = EDGE_CURVE ( 'NONE', #1894, #1301, #4095, .T. ) ;
#280 = CARTESIAN_POINT ( 'NONE',  ( 4.172729860668002111, -0.5832287771930003695, 32.50888738184598736 ) ) ;
#281 = CARTESIAN_POINT ( 'NONE',  ( 19.81494403636999735, 18.85459283044112766, 32.16598799718600077 ) ) ;
#282 = CARTESIAN_POINT ( 'NONE',  ( 3.481603965441999904, 9.780520724800998877, 33.39818303367099617 ) ) ;
#283 = ORIENTED_EDGE ( 'NONE', *, *, #1819, .T. ) ;
#284 = DIRECTION ( 'NONE',  ( 0.000000000000000000, 0.000000000000000000, -1.000000000000000000 ) ) ;
#285 = CARTESIAN_POINT ( 'NONE',  ( 9.281272948981998283, 17.09035047287300202, 34.00000000000000000 ) ) ;
#286 = DIRECTION ( 'NONE',  ( -1.000000000000000000, 0.000000000000000000, 0.000000000000000000 ) ) ;
#287 = ORIENTED_EDGE ( 'NONE', *, *, #3554, .F. ) ;
#288 = DIRECTION ( 'NONE',  ( 0.000000000000000000, 1.000000000000000000, 0.000000000000000000 ) ) ;
#289 = CARTESIAN_POINT ( 'NONE',  ( 2.837361349303000324, 5.421134051614002303, 33.99925340638198890 ) ) ;
#290 = CARTESIAN_POINT ( 'NONE',  ( 1.823019780288000380, -0.6533530022120001002, 32.04945278008399612 ) ) ;
#291 = EDGE_CURVE ( 'NONE', #4647, #1327, #4034, .T. ) ;
#292 = CARTESIAN_POINT ( 'NONE',  ( 19.93938769134000211, 19.40000000000000213, 30.00000000000000000 ) ) ;
#293 = CARTESIAN_POINT ( 'NONE',  ( 3.187189452547998236, -0.8371551526659998244, 32.21581510323998288 ) ) ;
#294 = ORIENTED_EDGE ( 'NONE', *, *, #4278, .F. ) ;
#295 = CARTESIAN_POINT ( 'NONE',  ( -0.1400520489039999428, 17.31887579280101619, 32.04482562201798856 ) ) ;
#296 = PERSON ( 'UNSPECIFIED', 'UNSPECIFIED', 'UNSPECIFIED', ('UNSPECIFIED'), ('UNSPECIFIED'), ('UNSPECIFIED') ) ;
#297 = CARTESIAN_POINT ( 'NONE',  ( 2.424463304011999387, 14.39240744213398315, 33.97288663682900989 ) ) ;
#298 = FACE_OUTER_BOUND ( 'NONE', #3019, .T. ) ;
#299 = VECTOR ( 'NONE', #1788, 1000.000000000000114 ) ;
#300 = CARTESIAN_POINT ( 'NONE',  ( 1.036359140149001101, 4.548102175378001988, 32.75399639424298925 ) ) ;
#301 =( BOUNDED_CURVE ( )  B_SPLINE_CURVE ( 12, ( #1220, #2669, #2992, #4088, #4439, #861, #1576, #1934, #3365, #2315, #3508, #4177, #172, #4550, #2046, #2385, #2804, #2358, #3148, #3455, #1710, #1316, #1690, #3812 ),
 .UNSPECIFIED., .F., .T. ) 
 B_SPLINE_CURVE_WITH_KNOTS ( ( 13, 11, 13 ),
 ( 23.06140788670800035, 25.39465387234000104, 27.43671219833958475 ),
 .UNSPECIFIED. ) 
 CURVE ( )  GEOMETRIC_REPRESENTATION_ITEM ( )  RATIONAL_B_SPLINE_CURVE ( ( 1.081503655896999927, 1.082607062346999882, 1.083601580615999982, 1.084596319370999984, 1.085537679618999940, 1.086615520028000104, 1.087223976556999983, 1.088180484288000072, 1.088698743134999924, 1.089259566513999911, 1.089616245670999906, 1.089836565750999853, 1.089959995819266947, 1.089900516505832861, 1.089721754230414064, 1.089428301095395124, 1.089020337256962678, 1.088510006532790619, 1.087911931905385599, 1.087232932950496167, 1.086480967160606159, 1.085677201711094941, 1.084840394375436334, 1.083971884625678950 ) ) 
 REPRESENTATION_ITEM ( '' )  );
#302 = CARTESIAN_POINT ( 'NONE',  ( 17.00000000000000000, 1.000000000000000000, 24.00000000000000000 ) ) ;
#303 = CARTESIAN_POINT ( 'NONE',  ( 1.536759214513001126, 15.18388993582301261, 33.06663542771200071 ) ) ;
#304 = AXIS2_PLACEMENT_3D ( 'NONE', #2854, #695, #4295 ) ;
#305 = CARTESIAN_POINT ( 'NONE',  ( 3.500000000000000444, 10.00000000000000000, 26.00000000000000000 ) ) ;
#306 = AXIS2_PLACEMENT_3D ( 'NONE', #2862, #2135, #3279 ) ;
#307 = CARTESIAN_POINT ( 'NONE',  ( 19.79105714591275955, -0.1000000000000000194, 29.03750780910139540 ) ) ;
#308 = ORIENTED_EDGE ( 'NONE', *, *, #2069, .T. ) ;
#309 = CARTESIAN_POINT ( 'NONE',  ( -1.043609511939999956, 3.000000000000000000, 31.94095598657099444 ) ) ;
#310 = AXIS2_PLACEMENT_3D ( 'NONE', #1466, #2893, #2188 ) ;
#311 = CARTESIAN_POINT ( 'NONE',  ( 4.967267506577000447, 2.903225806451999791, 33.39999999999999858 ) ) ;
#312 = CIRCLE ( 'NONE', #1306, 2.500000000000000888 ) ;
#313 = ADVANCED_FACE ( 'NONE', ( #2996 ), #4422, .F. ) ;
#314 = CARTESIAN_POINT ( 'NONE',  ( 1.336101422605999067, 0.2623824583259999343, 31.24307455715501902 ) ) ;
#315 = ORIENTED_EDGE ( 'NONE', *, *, #1914, .T. ) ;
#316 = EDGE_CURVE ( 'NONE', #1028, #1232, #130, .T. ) ;
#317 = CARTESIAN_POINT ( 'NONE',  ( 5.600122928950999501, 17.56981051206399869, 33.96742548815200280 ) ) ;
#318 = CARTESIAN_POINT ( 'NONE',  ( 1.717615815317997896, 5.542080937807005725, 33.83758913555402614 ) ) ;
#319 = CIRCLE ( 'NONE', #4477, 5.000000000000000000 ) ;
#320 = CARTESIAN_POINT ( 'NONE',  ( 2.488626093098997849, -0.6933649590460003731, 32.17486494382399087 ) ) ;
#321 = LINE ( 'NONE', #2967, #2822 ) ;
#322 = CARTESIAN_POINT ( 'NONE',  ( 3.272579945013999847, -0.8109034641970001012, 32.24661832387299398 ) ) ;
#323 = EDGE_LOOP ( 'NONE', ( #1541, #4505, #4469, #1285 ) ) ;
#324 = CARTESIAN_POINT ( 'NONE',  ( 1.982298696510001346, 20.93859580024400202, 31.95311108744400030 ) ) ;
#325 = CARTESIAN_POINT ( 'NONE',  ( -1.026271965827999066, 16.90883108110097410, 31.96469224467501746 ) ) ;
#326 = CARTESIAN_POINT ( 'NONE',  ( 3.044266760973000974, 0.05963178055145997719, 31.62758672714499042 ) ) ;
#327 = ORIENTED_EDGE ( 'NONE', *, *, #291, .F. ) ;
#328 = CARTESIAN_POINT ( 'NONE',  ( 1.295665271429999876, -0.7832474879240002297, 31.84193391059599421 ) ) ;
#329 = CARTESIAN_POINT ( 'NONE',  ( 0.1635894077679999614, 3.417778834922002851, 31.79189294866502280 ) ) ;
#330 = CARTESIAN_POINT ( 'NONE',  ( 8.812565791296000484, 17.00000000000000000, 34.00000000000000000 ) ) ;
#331 = VECTOR ( 'NONE', #1093, 1000.000000000000000 ) ;
#332 = CARTESIAN_POINT ( 'NONE',  ( 0.3357988210210001156, 16.19949932756998834, 32.31436277618799835 ) ) ;
#333 = DIRECTION ( 'NONE',  ( 0.6499230723709481516, -0.7599999999999391687, 0.000000000000000000 ) ) ;
#334 =( BOUNDED_CURVE ( )  B_SPLINE_CURVE ( 3, ( #1381, #2827, #1688, #3453 ),
 .UNSPECIFIED., .F., .T. ) 
 B_SPLINE_CURVE_WITH_KNOTS ( ( 4, 4 ),
 ( 2.434109441810471619, 4.165538029688724109 ),
 .UNSPECIFIED. ) 
 CURVE ( )  GEOMETRIC_REPRESENTATION_ITEM ( )  RATIONAL_B_SPLINE_CURVE ( ( 1.000000000000000000, 0.7653975363504532670, 0.7653975363504532670, 1.000000000000000000 ) ) 
 REPRESENTATION_ITEM ( '' )  );
#335 = CARTESIAN_POINT ( 'NONE',  ( 19.78901133974490278, -0.1000000000000000194, 29.18751734988940783 ) ) ;
#336 = ORIENTED_EDGE ( 'NONE', *, *, #3525, .T. ) ;
#337 = CARTESIAN_POINT ( 'NONE',  ( 17.06191988660700076, 9.104583119462999363, 34.00000000000000000 ) ) ;
#338 = CARTESIAN_POINT ( 'NONE',  ( 4.607270015700999366, 1.153767203055000135, 30.55376720305500271 ) ) ;
#339 = CARTESIAN_POINT ( 'NONE',  ( 0.8666550135660006093, 0.5976045132300004115, 31.20582962774301095 ) ) ;
#340 = EDGE_LOOP ( 'NONE', ( #2870, #4221, #2373, #183, #61, #4482, #2150, #622 ) ) ;
#341 = CARTESIAN_POINT ( 'NONE',  ( -0.8905076659839997744, 17.04210454299201416, 32.15145438359702723 ) ) ;
#342 = B_SPLINE_CURVE_WITH_KNOTS ( 'NONE', 6,
 ( #1394, #2217, #4008, #1474, #2622, #1148, #4412, #4363, #3180, #1719, #762, #292 ),
 .UNSPECIFIED., .F., .F.,
 ( 7, 5, 7 ),
 ( 0.08439422560473348878, 0.8897678491730000028, 0.9168133726268523631 ),
 .UNSPECIFIED. ) ;
#343 = CARTESIAN_POINT ( 'NONE',  ( 2.710518333310998340, 5.595151034689997971, 33.99545437783800850 ) ) ;
#344 = EDGE_CURVE ( 'NONE', #2181, #503, #465, .T. ) ;
#345 = CARTESIAN_POINT ( 'NONE',  ( 5.421450430486999039, 18.03572454452098839, 33.90157350676999926 ) ) ;
#346 = ADVANCED_FACE ( 'NONE', ( #1920 ), #4465, .T. ) ;
#347 = CARTESIAN_POINT ( 'NONE',  ( 5.412960057636998279, 1.971265299199000953, 33.89586546009901014 ) ) ;
#348 = VERTEX_POINT ( 'NONE', #110 ) ;
#349 = CARTESIAN_POINT ( 'NONE',  ( -0.9311164585030000662, 18.10446031415000689, 31.93682502547499524 ) ) ;
#350 = CARTESIAN_POINT ( 'NONE',  ( -0.8650067525129999657, 16.35561739039799178, 32.17538059027499031 ) ) ;
#351 = CARTESIAN_POINT ( 'NONE',  ( 4.155071817997998629, 0.5876350304260001822, 32.34502104739698325 ) ) ;
#352 = FACE_OUTER_BOUND ( 'NONE', #617, .T. ) ;
#353 = CARTESIAN_POINT ( 'NONE',  ( 0.7742634005239996675, -0.7103120197410001113, 31.54819222093398778 ) ) ;
#354 = CARTESIAN_POINT ( 'NONE',  ( 2.583959233162000491, 5.004226155955000088, 33.54739569348199524 ) ) ;
#355 = CARTESIAN_POINT ( 'NONE',  ( 4.812034254781996090, 18.47826340196401418, 33.06076001539398845 ) ) ;
#356 = CARTESIAN_POINT ( 'NONE',  ( 0.05233619604251005253, 16.98840538480801499, 31.88727170046102088 ) ) ;
#357 = PLANE ( 'NONE',  #4596 ) ;
#358 = CARTESIAN_POINT ( 'NONE',  ( 5.600117238558000032, 17.42798435257400058, 33.98369428508799928 ) ) ;
#359 = CARTESIAN_POINT ( 'NONE',  ( 17.12500000000600053, 9.700689636854999520, 33.99739470206999670 ) ) ;
#360 = CARTESIAN_POINT ( 'NONE',  ( 3.000000000000000000, 22.00000000000000000, 29.00000000000000000 ) ) ;
#361 = ORIENTED_EDGE ( 'NONE', *, *, #1041, .F. ) ;
#362 = CARTESIAN_POINT ( 'NONE',  ( 4.970834133818999412, 19.71787609503902061, 33.20402767848802483 ) ) ;
#363 = CARTESIAN_POINT ( 'NONE',  ( 0.3507646305000002296, 5.033723496719004764, 33.26266623337198780 ) ) ;
#364 = CARTESIAN_POINT ( 'NONE',  ( 4.388467873066999481, 20.14519861861801076, 32.90620240927999873 ) ) ;
#365 = CARTESIAN_POINT ( 'NONE',  ( 5.305588824040002649, 1.454926563550999585, 33.75640978699197348 ) ) ;
#366 = EDGE_CURVE ( 'NONE', #199, #4562, #87, .T. ) ;
#367 = EDGE_LOOP ( 'NONE', ( #2773, #4578, #4630, #3733 ) ) ;
#368 = CARTESIAN_POINT ( 'NONE',  ( -1.029819911736998828, 18.39970774214501148, 31.66045831435001645 ) ) ;
#369 = CARTESIAN_POINT ( 'NONE',  ( 2.999999999999999556, 14.44058829184399251, 34.00000000000000711 ) ) ;
#370 = CARTESIAN_POINT ( 'NONE',  ( 4.730327774758004367, 1.340666031164999383, 32.96068294630602935 ) ) ;
#371 = EDGE_CURVE ( 'NONE', #4235, #3917, #946, .T. ) ;
#372 = PLANE ( 'NONE',  #78 ) ;
#373 = CARTESIAN_POINT ( 'NONE',  ( -0.7113057335230001943, 0.7724523865960003510, 31.54737892867700566 ) ) ;
#374 = CARTESIAN_POINT ( 'NONE',  ( 0.7600319527769999750, 4.317507751789000814, 32.51681571659202064 ) ) ;
#375 = AXIS2_PLACEMENT_3D ( 'NONE', #3981, #2869, #3168 ) ;
#376 = DIRECTION ( 'NONE',  ( 0.2000000000000528855, -0.9797958971132605388, 0.000000000000000000 ) ) ;
#377 = CARTESIAN_POINT ( 'NONE',  ( 0.03812749770921000647, 17.06504737905801150, 31.59310122062502302 ) ) ;
#378 = LINE ( 'NONE', #4033, #136 ) ;
#379 = VECTOR ( 'NONE', #3702, 1000.000000000000000 ) ;
#380 = EDGE_CURVE ( 'NONE', #3861, #2747, #3935, .T. ) ;
#381 = DIRECTION ( 'NONE',  ( 0.9859154929577559345, -0.1672442547469573382, 0.000000000000000000 ) ) ;
#382 = CARTESIAN_POINT ( 'NONE',  ( -0.9646904496529999928, 3.330846329613001089, 32.04655172276398645 ) ) ;
#383 = CARTESIAN_POINT ( 'NONE',  ( 19.78798538538464413, 20.10000000000000142, 29.22501446526420565 ) ) ;
#384 = VECTOR ( 'NONE', #566, 1000.000000000000000 ) ;
#385 = CARTESIAN_POINT ( 'NONE',  ( 1.171338407645000190, 0.3609208029080001601, 31.22471135564699196 ) ) ;
#386 = VERTEX_POINT ( 'NONE', #510 ) ;
#387 = CARTESIAN_POINT ( 'NONE',  ( 3.161069142419000944, 21.01102862716398789, 31.98534182158401507 ) ) ;
#388 = TOROIDAL_SURFACE ( 'NONE', #4172, 7.100000000000000533, 0.5999999999999999778 ) ;
#389 = CARTESIAN_POINT ( 'NONE',  ( -0.1247198110429999507, 4.432650432942002894, 32.92991369500302312 ) ) ;
#390 = AXIS2_PLACEMENT_3D ( 'NONE', #1245, #2691, #1622 ) ;
#391 = CARTESIAN_POINT ( 'NONE',  ( 3.262963197590999176, 20.81415165917900012, 32.24285580847902821 ) ) ;
#392 = CARTESIAN_POINT ( 'NONE',  ( 4.447774739174002789, 0.2385617101970001486, 33.09168572201900105 ) ) ;
#393 = VERTEX_POINT ( 'NONE', #2674 ) ;
#394 = CARTESIAN_POINT ( 'NONE',  ( -5.000000000000000000, 6.000000000000000000, 28.00000000000000000 ) ) ;
#395 = AXIS2_PLACEMENT_3D ( 'NONE', #1653, #4559, #2771 ) ;
#396 = CARTESIAN_POINT ( 'NONE',  ( -0.9730775327299996391, 16.69733043932499328, 32.03563217439702271 ) ) ;
#397 = CARTESIAN_POINT ( 'NONE',  ( 3.000000000000000000, 21.04359144897900080, 31.94098082172299513 ) ) ;
#398 = CARTESIAN_POINT ( 'NONE',  ( 4.730327774758003478, 1.340666031164999383, 32.96068294630602935 ) ) ;
#399 = CARTESIAN_POINT ( 'NONE',  ( 2.957980259017999103, -0.8905296329310004033, 32.15142910178602165 ) ) ;
#400 = CARTESIAN_POINT ( 'NONE',  ( 2.348906975741002157, 5.054769460692004834, 33.67468943072700682 ) ) ;
#401 = EDGE_CURVE ( 'NONE', #348, #3834, #4070, .T. ) ;
#402 = CARTESIAN_POINT ( 'NONE',  ( 4.262716319646001395, 19.29204960082099518, 32.46213112405798995 ) ) ;
#403 = CARTESIAN_POINT ( 'NONE',  ( 2.903225806452000679, 15.03273249342302442, 33.39999999999999147 ) ) ;
#404 = LINE ( 'NONE', #3429, #4047 ) ;
#405 = EDGE_CURVE ( 'NONE', #3149, #1499, #184, .T. ) ;
#406 = CARTESIAN_POINT ( 'NONE',  ( -1.095064499492999222, 2.016205098257002337, 31.73469506484702762 ) ) ;
#407 = DIRECTION ( 'NONE',  ( 0.000000000000000000, 0.000000000000000000, 1.000000000000000000 ) ) ;
#408 = CARTESIAN_POINT ( 'NONE',  ( 17.00000000000000000, 17.00000000000000000, 29.00000000000000000 ) ) ;
#409 = CARTESIAN_POINT ( 'NONE',  ( 4.710615978303000162, 19.36444616747199987, 30.03555383252800226 ) ) ;
#410 = LINE ( 'NONE', #2600, #156 ) ;
#411 = VERTEX_POINT ( 'NONE', #3749 ) ;
#412 = FACE_OUTER_BOUND ( 'NONE', #593, .T. ) ;
#413 = CARTESIAN_POINT ( 'NONE',  ( 0.1202384179029999944, 4.886854789552996792, 33.11078435344801107 ) ) ;
#414 = CARTESIAN_POINT ( 'NONE',  ( 5.340422521803003697, 18.47727780533900344, 33.79053377765502120 ) ) ;
#415 = CARTESIAN_POINT ( 'NONE',  ( -0.1000000000000000056, -0.1000000000000000056, 0.000000000000000000 ) ) ;
#416 = ORIENTED_EDGE ( 'NONE', *, *, #3372, .T. ) ;
#417 = CARTESIAN_POINT ( 'NONE',  ( 1.716165862989998736, 20.89835966106298315, 31.90575639910700545 ) ) ;
#418 = ORIENTED_EDGE ( 'NONE', *, *, #279, .T. ) ;
#419 = CARTESIAN_POINT ( 'NONE',  ( 0.9071060666820001117, 4.524595261378999922, 30.30710606668199958 ) ) ;
#420 = CARTESIAN_POINT ( 'NONE',  ( 4.991865168400000385, 2.268231466576001498, 33.49613460217500460 ) ) ;
#421 = CARTESIAN_POINT ( 'NONE',  ( 5.000000000000000000, 2.500000000000000000, 33.37134419545400021 ) ) ;
#422 = CARTESIAN_POINT ( 'NONE',  ( 1.774034062830998515, -0.9079230099860000625, 31.91631394867298610 ) ) ;
#423 = CARTESIAN_POINT ( 'NONE',  ( 2.566367294814999145, 5.153783276352004172, 33.83654275360198938 ) ) ;
#424 = CARTESIAN_POINT ( 'NONE',  ( -0.1503540539620000227, 2.528151434863999292, 32.00913659348200468 ) ) ;
#425 = CARTESIAN_POINT ( 'NONE',  ( -0.09590072552986997345, 17.04599963910599669, 32.11360145596398041 ) ) ;
#426 = DIRECTION ( 'NONE',  ( 0.000000000000000000, 0.000000000000000000, 1.000000000000000000 ) ) ;
#427 = CARTESIAN_POINT ( 'NONE',  ( 2.756371413405001469, -1.083649153345999538, 31.88590454474397617 ) ) ;
#428 = CARTESIAN_POINT ( 'NONE',  ( 4.792666841888002516, 18.52558054100500229, 33.23015148995997947 ) ) ;
#429 = CARTESIAN_POINT ( 'NONE',  ( 19.78983045599671797, 20.10000000000000142, 29.15001797786966264 ) ) ;
#430 = CARTESIAN_POINT ( 'NONE',  ( 2.500000000000000000, 17.50000000000000000, 33.39999999999999858 ) ) ;
#431 = DIRECTION ( 'NONE',  ( 0.000000000000000000, -0.7071067811865475727, 0.7071067811865475727 ) ) ;
#432 = TOROIDAL_SURFACE ( 'NONE', #3075, 7.100000000000000533, 0.5999999999999999778 ) ;
#433 = ORIENTED_EDGE ( 'NONE', *, *, #2321, .T. ) ;
#434 = CARTESIAN_POINT ( 'NONE',  ( -1.088885763348000468, 17.27534930389298751, 31.87870606311899735 ) ) ;
#435 = CARTESIAN_POINT ( 'NONE',  ( 1.179073882768999493, 15.35531763745897571, 32.85998979825601651 ) ) ;
#436 = CARTESIAN_POINT ( 'NONE',  ( 3.200331407537003070, 20.56900930692998131, 32.34819337379300919 ) ) ;
#437 = CARTESIAN_POINT ( 'NONE',  ( 5.600122900121994540, 2.430189913155999193, 33.96742553692895683 ) ) ;
#438 = VERTEX_POINT ( 'NONE', #3041 ) ;
#439 = CARTESIAN_POINT ( 'NONE',  ( 0.2500000000000000000, 0.2500000000000000000, 0.000000000000000000 ) ) ;
#440 = CARTESIAN_POINT ( 'NONE',  ( 0.7715204047980001034, 4.547354282706000284, 30.17152040479799879 ) ) ;
#441 = CARTESIAN_POINT ( 'NONE',  ( 4.935620610751999315, 1.923443278335000617, 33.40539624449202449 ) ) ;
#442 = VERTEX_POINT ( 'NONE', #4506 ) ;
#443 = CARTESIAN_POINT ( 'NONE',  ( 3.650604974962001759, 0.2546567495679999404, 31.92871197292499019 ) ) ;
#444 = APPROVAL_ROLE ( '' ) ;
#445 = CARTESIAN_POINT ( 'NONE',  ( -0.06607733788921994755, 3.088336954205998630, 32.15691760431202084 ) ) ;
#446 = CARTESIAN_POINT ( 'NONE',  ( 0.4864163660090000674, 0.7660656943679997610, 31.73943500054900468 ) ) ;
#447 = CARTESIAN_POINT ( 'NONE',  ( 0.1351355004250000269, 15.98425249367299017, 32.78857940141001848 ) ) ;
#448 = CARTESIAN_POINT ( 'NONE',  ( -1.043569825484000013, 17.00000000000000000, 31.94101055190799343 ) ) ;
#449 = AXIS2_PLACEMENT_3D ( 'NONE', #1094, #3930, #3192 ) ;
#450 = CARTESIAN_POINT ( 'NONE',  ( -0.7113057335230001943, 0.7724523865960004620, 31.54737892867700566 ) ) ;
#451 = CARTESIAN_POINT ( 'NONE',  ( 3.827476068890999894, 19.64103255531501802, 32.07144730607598859 ) ) ;
#452 = DIRECTION ( 'NONE',  ( -0.9859154929577559345, 0.1672442547469578100, 0.000000000000000000 ) ) ;
#453 = DIRECTION ( 'NONE',  ( 1.000000000000000000, 0.000000000000000000, 0.000000000000000000 ) ) ;
#454 = CARTESIAN_POINT ( 'NONE',  ( 19.96395477874442292, 0.7440693004633324170, 30.00000000000000000 ) ) ;
#455 = EDGE_LOOP ( 'NONE', ( #1175, #4101, #2423, #433, #2929 ) ) ;
#456 = CARTESIAN_POINT ( 'NONE',  ( 0.5999999999999999778, 20.10000000000000142, 0.000000000000000000 ) ) ;
#457 = AXIS2_PLACEMENT_3D ( 'NONE', #2484, #4011, #2876 ) ;
#458 = CARTESIAN_POINT ( 'NONE',  ( -2.000000000000000000, 17.00000000000000000, 34.00000000000000000 ) ) ;
#459 = AXIS2_PLACEMENT_3D ( 'NONE', #973, #4263, #208 ) ;
#460 = DIRECTION ( 'NONE',  ( 0.000000000000000000, 0.000000000000000000, -1.000000000000000000 ) ) ;
#461 = EDGE_CURVE ( 'NONE', #1431, #348, #2207, .T. ) ;
#462 = CARTESIAN_POINT ( 'NONE',  ( 4.558622551652995014, -0.2691609667120001270, 32.80878053507201031 ) ) ;
#463 = EDGE_CURVE ( 'NONE', #794, #133, #2249, .T. ) ;
#464 = EDGE_LOOP ( 'NONE', ( #1317, #1813, #2810, #1132, #1680, #4087, #1630 ) ) ;
#465 = LINE ( 'NONE', #795, #996 ) ;
#466 = CARTESIAN_POINT ( 'NONE',  ( 4.635415650406000232, 1.199999999999999956, 30.59999999999999787 ) ) ;
#467 = CARTESIAN_POINT ( 'NONE',  ( 3.788223751811999218, 0.2038461122380000046, 32.51962503677701477 ) ) ;
#468 = EDGE_CURVE ( 'NONE', #1074, #1842, #258, .T. ) ;
#469 = AXIS2_PLACEMENT_3D ( 'NONE', #1931, #1172, #4060 ) ;
#470 = ORIENTED_EDGE ( 'NONE', *, *, #3670, .T. ) ;
#471 = CARTESIAN_POINT ( 'NONE',  ( 1.178308169933999672, 19.81837434197301562, 31.76681920873101106 ) ) ;
#472 = CARTESIAN_POINT ( 'NONE',  ( 0.1335545236169999594, 4.014353516609002526, 32.78658722514401092 ) ) ;
#473 = CARTESIAN_POINT ( 'NONE',  ( 2.047800544650998145, 0.01806442359463001496, 31.36852726312798012 ) ) ;
#474 = CARTESIAN_POINT ( 'NONE',  ( 0.4263485365170002206, 15.66014253944299917, 33.03245727525498410 ) ) ;
#475 = B_SPLINE_CURVE_WITH_KNOTS ( 'NONE', 7,
 ( #1703, #3449, #926, #4541, #1376, #3828, #275, #3072 ),
 .UNSPECIFIED., .F., .F.,
 ( 8, 8 ),
 ( 0.08318672978829426412, 0.9156063022731684153 ),
 .UNSPECIFIED. ) ;
#476 = CARTESIAN_POINT ( 'NONE',  ( 1.595664346634001696, 14.48366953010899394, 33.80213785621499767 ) ) ;
#477 = CARTESIAN_POINT ( 'NONE',  ( 0.1265956269119999089, -0.2451260609239999111, 31.50662619778099582 ) ) ;
#478 = CARTESIAN_POINT ( 'NONE',  ( 3.634283108432998954, 19.75165094858799364, 31.91945394997402019 ) ) ;
#479 = CARTESIAN_POINT ( 'NONE',  ( 2.500000000000000000, 17.50000000000000000, 30.00000000000000000 ) ) ;
#480 = FACE_OUTER_BOUND ( 'NONE', #4665, .T. ) ;
#481 = ORIENTED_EDGE ( 'NONE', *, *, #3755, .F. ) ;
#482 = DIRECTION ( 'NONE',  ( 1.000000000000000000, 0.000000000000000000, 0.000000000000000000 ) ) ;
#483 = DIRECTION ( 'NONE',  ( 0.000000000000000000, 0.000000000000000000, -1.000000000000000000 ) ) ;
#484 = PRODUCT ( 'servo-back-hole.step_Default_sldprt', 'servo-back-hole.step_Default_sldprt', '', ( #1567 ) ) ;
#485 = PLANE ( 'NONE',  #3185 ) ;
#486 = CARTESIAN_POINT ( 'NONE',  ( 2.902251400735003539, 19.96764672294300880, 31.85456295567001561 ) ) ;
#487 = VERTEX_POINT ( 'NONE', #2101 ) ;
#488 = CARTESIAN_POINT ( 'NONE',  ( 0.4249999999999999889, 0.5999999999999999778, 29.82499999999999929 ) ) ;
#489 = EDGE_CURVE ( 'NONE', #4571, #3660, #1114, .T. ) ;
#490 =( BOUNDED_SURFACE ( )  B_SPLINE_SURFACE ( 6, 12, ( 
 ( #1042, #703, #1818, #2493, #678, #326, #2932, #3209, #4376, #3614, #1419, #4304, #2160, #2587, #3592, #3639, #351, #1462, #1798, #3230, #2542, #370, #3254, #2909, #2697, #3373, #3352, #89, #63, #2657, #1540, #1252, #132, #3397, #513 ),
 ( #2676, #4446, #1230, #112, #4120, #798, #1966, #1942, #869, #157, #3751, #3018, #3732, #2252, #4468, #2323, #1605, #1563, #3686, #3043, #4050, #1868, #822, #4491, #2303, #4137, #441, #2275, #1893, #4403, #2976, #420, #891, #2998, #2345 ),
 ( #4425, #1922, #1206, #2611, #3301, #4100, #1512, #2953, #3709, #1161, #3324, #1182, #2632, #4072, #467, #849, #493, #1582, #4189, #1371, #2418, #4234, #2395, #4210, #3445, #2817, #1629, #3093, #248, #3468, #4561, #4259, #582, #204, #1016 ),
 ( #4534, #1300, #627, #920, #943, #2371, #3067, #1654, #3774, #3158, #226, #1348, #4583, #2748, #182, #3873, #3824, #604, #2772, #967, #1274, #3494, #2059, #1992, #2036, #539, #1720, #4511, #2717, #2445, #3424, #3800, #270, #2795, #3847 ),
 ( #1699, #1678, #4159, #562, #3116, #3137, #1326, #993, #2015, #2083, #3518, #4604, #3565, #2155, #3204, #4646, #2467, #392, #650, #4325, #3274, #4371, #4299, #1414, #1057, #742, #1037, #2514, #3249, #1743, #2558, #3539, #1480, #2857, #2538 ),
 ( #12, #1105, #3632, #4627, #3992, #3588, #2925, #3607, #293, #2198, #1839, #322, #2837, #34, #3893, #4347, #3944, #3969, #2904, #2106, #1770, #3182, #1435, #365, #2129, #1395, #2881, #699, #4277, #347, #2489, #1792, #1458, #3225, #3916 ),
 ( #673, #4670, #1083, #722, #2180, #1812, #150, #2628, #4044, #1888, #4395, #1558, #4420, #4068, #3704, #2606, #462, #3368, #508, #1918, #770, #1202, #3680, #817, #3347, #3296, #1579, #108, #2224, #4115, #1535, #4016, #3657, #1600, #437 ) ),
 .UNSPECIFIED., .F., .F., .T. ) 
 B_SPLINE_SURFACE_WITH_KNOTS ( ( 7, 7 ),
 ( 13, 11, 11, 13 ),
 ( 0.000000000000000000, 3.648308786932999759 ),
 ( 27.87126951726000001, 28.14915686485199942, 30.71857287177800089, 31.51957830419300066 ),
 .UNSPECIFIED. ) 
 GEOMETRIC_REPRESENTATION_ITEM ( )  RATIONAL_B_SPLINE_SURFACE ( (
 ( 1.081505252924999994, 1.081298087345999859, 1.081079758567000004, 1.080850093882999907, 1.080608870990000137, 1.080355818042999960, 1.080090613551000001, 1.079812886523999982, 1.079522216308000049, 1.079218132739000025, 1.078900116021999978, 1.078567596807999962, 1.075005583639000006, 1.070473323726000014, 1.065259704163999954, 1.060543643983999917, 1.057440782196000129, 1.051961601232999977, 1.049882273206999894, 1.045740791025000060, 1.043150162933000002, 1.040386602334000044, 1.038067302982000006, 1.035479672191000011, 1.034899330300999898, 1.034355836467000023, 1.033851242381999880, 1.033387439703999933, 1.032966168928999950, 1.032589028063000125, 1.032257481545999944, 1.031972868907000018, 1.031736413661999974, 1.031549232029999930, 1.031412341758000117),
 ( 1.024203571448000005, 1.024149595492999998, 1.024092668298000053, 1.024032738554000010, 1.023969740792000094, 1.023903595444999981, 1.023834208740999951, 1.023761472854999965, 1.023685265730999827, 1.023605451252000087, 1.023521879106999988, 1.023434384877000003, 1.022495880728000017, 1.021291315845999970, 1.019887128715999847, 1.018562154163999978, 1.017701601344999984, 1.016140309590000124, 1.015527761330999867, 1.014330183068000046, 1.013559878331999897, 1.012739913647000112, 1.012044986028999949, 1.011265770011000154, 1.011090641628000109, 1.010926309435999926, 1.010773461649000060, 1.010632737691999905, 1.010504729490999898, 1.010389982560000011, 1.010288997339999995, 1.010202230280999869, 1.010130095140000073, 1.010072964129999917, 1.010031169149999908),
 ( 0.9948530013449999876, 0.9948647057489999890, 0.9948770519099999765, 0.9948900512370000282, 0.9949037182129999435, 0.9949180704500000250, 0.9949331285929999824, 0.9949489164570000099, 0.9949654608660000177, 0.9949827918079999778, 0.9950009423140000475, 0.9950199485350000872, 0.9952238608669999875, 0.9954859226689999341, 0.9957920401040000202, 0.9960818281280000575, 0.9962686899039999711, 0.9966092902259999775, 0.9967413809220000420, 0.9970012597630000251, 0.9971672132469999728, 0.9973437786119999648, 0.9974929365229999734, 0.9976598437979999900, 0.9976973249160000501, 0.9977324672439999986, 0.9977651288199999025, 0.9977951783990000045, 0.9978224950790000047, 0.9978469677429999685, 0.9978684947379999892, 0.9978869833010000079, 0.9979023492129999173, 0.9979145162779999856, 0.9979234159150000005),
 ( 0.9850478298210000316, 0.9850833753469999676, 0.9851208452959999695, 0.9851602706309999791, 0.9852016910930000426, 0.9852451552719999617, 0.9852907204899999938, 0.9853384529659999780, 0.9853884276209999848, 0.9854407282679999991, 0.9854954474610000403, 0.9855526865910000378, 0.9861661218989999922, 0.9869489941169999891, 0.9878536921989999886, 0.9886856009090000397, 0.9892319261199999936, 0.9902057187789999881, 0.9905830445019999653, 0.9913259214089999993, 0.9917982368380000580, 0.9923017236600000235, 0.9927268732999999790, 0.9932028050769999838, 0.9933096946200000721, 0.9934099298199999817, 0.9935031055520000542, 0.9935888458010000424, 0.9936668028089999938, 0.9937366560310000319, 0.9937981113430000013, 0.9938508999849999803, 0.9938947777319999677, 0.9939295239020000672, 0.9939549404619999473),
 ( 0.9948530013449999876, 0.9948647057489999890, 0.9948770519099999765, 0.9948900512370000282, 0.9949037182129999435, 0.9949180704500000250, 0.9949331285929999824, 0.9949489164570000099, 0.9949654608660000177, 0.9949827918079999778, 0.9950009423140000475, 0.9950199485350000872, 0.9952238608669999875, 0.9954859226689999341, 0.9957920401040000202, 0.9960818281280000575, 0.9962686899039999711, 0.9966092902259999775, 0.9967413809230000199, 0.9970012597630000251, 0.9971672132479999506, 0.9973437786109999870, 0.9974929365229999734, 0.9976598437979999900, 0.9976973249160000501, 0.9977324672439999986, 0.9977651288199999025, 0.9977951783999999824, 0.9978224950790000047, 0.9978469677429999685, 0.9978684947370000113, 0.9978869833010000079, 0.9979023492129999173, 0.9979145162779999856, 0.9979234159150000005),
 ( 1.024203571448000005, 1.024149595492999998, 1.024092668298000053, 1.024032738553000144, 1.023969740793000183, 1.023903595443999892, 1.023834208743000129, 1.023761472853999877, 1.023685265731999916, 1.023605451251000220, 1.023521879106999988, 1.023434384877000003, 1.022495880728000017, 1.021291315845000103, 1.019887128716999936, 1.018562154163000111, 1.017701601346999940, 1.016140309588000168, 1.015527761331999956, 1.014330183066999957, 1.013559878332999986, 1.012739913647000112, 1.012044986028999949, 1.011265770011000154, 1.011090641628000109, 1.010926309435999926, 1.010773461649000060, 1.010632737691999905, 1.010504729490999898, 1.010389982558999922, 1.010288997339999995, 1.010202230280999869, 1.010130095140000073, 1.010072964129999917, 1.010031169149999908),
 ( 1.081505252924999994, 1.081298087345999859, 1.081079758567000004, 1.080850093882999907, 1.080608870990000137, 1.080355818042999960, 1.080090613551000001, 1.079812886523999982, 1.079522216308000049, 1.079218132739000025, 1.078900116021999978, 1.078567596807999962, 1.075005583639000006, 1.070473323726000014, 1.065259704163999954, 1.060543643983999917, 1.057440782196000129, 1.051961601232999977, 1.049882273206999894, 1.045740791025000060, 1.043150162933000002, 1.040386602334000044, 1.038067302982000006, 1.035479672191000011, 1.034899330300999898, 1.034355836467000023, 1.033851242381999880, 1.033387439703999933, 1.032966168928999950, 1.032589028063000125, 1.032257481545999944, 1.031972868907000018, 1.031736413661999974, 1.031549232029999930, 1.031412341758000117) ) ) 
 REPRESENTATION_ITEM ( '' )  SURFACE ( )  );
#491 = ADVANCED_FACE ( 'NONE', ( #4600 ), #1695, .T. ) ;
#492 = CARTESIAN_POINT ( 'NONE',  ( -0.1000000000000000056, 5.000000000000000000, 9.000000000000000000 ) ) ;
#493 = CARTESIAN_POINT ( 'NONE',  ( 4.108564035064001807, 0.4255093734359999824, 32.75011669413400028 ) ) ;
#494 = ORIENTED_EDGE ( 'NONE', *, *, #2808, .F. ) ;
#495 = CARTESIAN_POINT ( 'NONE',  ( 0.4978120739509999115, 19.02523411491902650, 31.20814412854301167 ) ) ;
#496 = PERSON_AND_ORGANIZATION ( #296, #1152 ) ;
#497 = CARTESIAN_POINT ( 'NONE',  ( 0.006684522402293001896, 16.15568830348602702, 32.66904737327398323 ) ) ;
#498 = CARTESIAN_POINT ( 'NONE',  ( -0.03542684561967002904, 15.25191104122002095, 32.99775124780499880 ) ) ;
#499 = PLANE ( 'NONE',  #4680 ) ;
#500 = CARTESIAN_POINT ( 'NONE',  ( 2.902251400735003539, 19.96764672294301235, 31.85456295567001561 ) ) ;
#501 = DIRECTION ( 'NONE',  ( 0.000000000000000000, 0.000000000000000000, 1.000000000000000000 ) ) ;
#502 = CARTESIAN_POINT ( 'NONE',  ( 3.000000000000000000, -1.399999999999999911, 24.60000000000000142 ) ) ;
#503 = VERTEX_POINT ( 'NONE', #2032 ) ;
#504 = CYLINDRICAL_SURFACE ( 'NONE', #3938, 2.999999999999999112 ) ;
#505 = VERTEX_POINT ( 'NONE', #2437 ) ;
#506 = CARTESIAN_POINT ( 'NONE',  ( 2.495882572741997762, 14.99398709694300535, 33.37614447816198293 ) ) ;
#507 = DIRECTION ( 'NONE',  ( 1.000000000000000000, 0.000000000000000000, 0.000000000000000000 ) ) ;
#508 = CARTESIAN_POINT ( 'NONE',  ( 4.875060945751003239, 0.1095311224120000676, 33.10075165903000283 ) ) ;
#509 = ORIENTED_EDGE ( 'NONE', *, *, #2205, .F. ) ;
#510 = CARTESIAN_POINT ( 'NONE',  ( -0.1000000000000000056, 14.00000000000000000, 28.00000000000000000 ) ) ;
#511 = CARTESIAN_POINT ( 'NONE',  ( 0.6355538325279999068, 4.710615978303000162, 30.03555383252800226 ) ) ;
#512 = ADVANCED_FACE ( 'NONE', ( #4230 ), #3796, .T. ) ;
#513 = CARTESIAN_POINT ( 'NONE',  ( 4.999999999999999112, 2.499999999999999556, 33.37134419545400021 ) ) ;
#514 = ORIENTED_EDGE ( 'NONE', *, *, #4651, .F. ) ;
#515 = CARTESIAN_POINT ( 'NONE',  ( 0.03237594042472000805, 17.09760173105498282, 31.85462475161601503 ) ) ;
#516 = DIRECTION ( 'NONE',  ( 1.000000000000000000, 0.000000000000000000, 0.000000000000000000 ) ) ;
#517 = AXIS2_PLACEMENT_3D ( 'NONE', #1827, #3215, #1071 ) ;
#518 = CARTESIAN_POINT ( 'NONE',  ( 2.027808535330001938, 14.98336516808998731, 33.60770696554599368 ) ) ;
#519 = EDGE_CURVE ( 'NONE', #1894, #3558, #4184, .T. ) ;
#520 = CARTESIAN_POINT ( 'NONE',  ( 3.000000000000000000, 17.00000000000000000, 24.00000000000000000 ) ) ;
#521 = LINE ( 'NONE', #1975, #3773 ) ;
#522 = CARTESIAN_POINT ( 'NONE',  ( 3.051574302430997587, 19.93885933115997489, 31.63001789825498022 ) ) ;
#523 = DIRECTION ( 'NONE',  ( -0.1672442547469584762, -0.9859154929577557125, 0.000000000000000000 ) ) ;
#524 = DIRECTION ( 'NONE',  ( 1.000000000000000000, 0.000000000000000000, 0.000000000000000000 ) ) ;
#525 = EDGE_CURVE ( 'NONE', #3660, #2733, #4015, .T. ) ;
#526 = DIRECTION ( 'NONE',  ( 0.000000000000000000, 0.000000000000000000, 1.000000000000000000 ) ) ;
#527 = LINE ( 'NONE', #2969, #2955 ) ;
#528 = ORIENTED_EDGE ( 'NONE', *, *, #3736, .F. ) ;
#529 = CARTESIAN_POINT ( 'NONE',  ( 1.199999999999999956, 4.635415650406000232, 30.59999999999999787 ) ) ;
#530 = AXIS2_PLACEMENT_3D ( 'NONE', #2603, #1860, #1103 ) ;
#531 = DIRECTION ( 'NONE',  ( -1.000000000000000000, 0.000000000000000000, 0.000000000000000000 ) ) ;
#532 = DIRECTION ( 'NONE',  ( 1.224646799147353207E-16, -1.000000000000000000, 0.000000000000000000 ) ) ;
#533 = ORIENTED_EDGE ( 'NONE', *, *, #113, .F. ) ;
#534 = VECTOR ( 'NONE', #2651, 1000.000000000000000 ) ;
#535 = DIRECTION ( 'NONE',  ( -0.7071067811865474617, 0.000000000000000000, 0.7071067811865474617 ) ) ;
#536 = VECTOR ( 'NONE', #938, 1000.000000000000000 ) ;
#537 = CARTESIAN_POINT ( 'NONE',  ( 3.000000000000000000, 17.00000000000000000, 29.00000000000000000 ) ) ;
#538 = AXIS2_PLACEMENT_3D ( 'NONE', #4092, #844, #3039 ) ;
#539 = CARTESIAN_POINT ( 'NONE',  ( 5.058168026997999611, 1.744118054074999424, 33.67493075384100365 ) ) ;
#540 = ORIENTED_EDGE ( 'NONE', *, *, #2260, .F. ) ;
#541 = CARTESIAN_POINT ( 'NONE',  ( 0.1645998294130002482, 18.46952410355699215, 31.26969557878301842 ) ) ;
#542 = APPROVAL_DATE_TIME ( #2635, #4669 ) ;
#543 = AXIS2_PLACEMENT_3D ( 'NONE', #2524, #3619, #376 ) ;
#544 = CARTESIAN_POINT ( 'NONE',  ( 2.808600888979998711, 14.86733554568798965, 33.84994802699000616 ) ) ;
#545 = CARTESIAN_POINT ( 'NONE',  ( -1.012947292535000265, 16.84826403179601328, 31.98273177057200911 ) ) ;
#546 = CARTESIAN_POINT ( 'NONE',  ( -2.000000000000000000, 6.000000000000000000, 28.00000000000000000 ) ) ;
#547 = EDGE_CURVE ( 'NONE', #1028, #2272, #1648, .T. ) ;
#548 = CARTESIAN_POINT ( 'NONE',  ( 3.006202328307000737, 20.08547176067800777, 32.12883902475800113 ) ) ;
#549 = DIRECTION ( 'NONE',  ( 0.000000000000000000, 0.000000000000000000, 1.000000000000000000 ) ) ;
#550 = CARTESIAN_POINT ( 'NONE',  ( 10.00000000000000000, 10.00000000000000000, 33.39999999999999858 ) ) ;
#551 = ORIENTED_EDGE ( 'NONE', *, *, #4399, .T. ) ;
#552 = DIRECTION ( 'NONE',  ( 1.000000000000000000, 0.000000000000000000, 0.000000000000000000 ) ) ;
#553 = ORIENTED_EDGE ( 'NONE', *, *, #3145, .T. ) ;
#554 = CARTESIAN_POINT ( 'NONE',  ( 4.949489742783152124, 3.000000000000132783, 33.39999999999999858 ) ) ;
#555 = CARTESIAN_POINT ( 'NONE',  ( 11.08708765585600275, 3.591549295775004591, 34.00000000000000000 ) ) ;
#556 = CARTESIAN_POINT ( 'NONE',  ( 19.63306251687300019, 0.9366594118449006467, 32.52234270993700704 ) ) ;
#557 = VERTEX_POINT ( 'NONE', #3819 ) ;
#558 = DIRECTION ( 'NONE',  ( 0.000000000000000000, 0.000000000000000000, 1.000000000000000000 ) ) ;
#559 = CARTESIAN_POINT ( 'NONE',  ( 0.1000351019320000201, 3.595410743674001708, 32.38866719672302708 ) ) ;
#560 = CARTESIAN_POINT ( 'NONE',  ( 0.3590934914250002441, 1.175374440687000366, 31.22535222310600034 ) ) ;
#561 = CARTESIAN_POINT ( 'NONE',  ( 0.05464299557168002947, 3.021208428556001913, 31.61954484375701924 ) ) ;
#562 = CARTESIAN_POINT ( 'NONE',  ( 2.997895468668998920, -0.6230798295570000311, 32.28571585033800773 ) ) ;
#563 = ORIENTED_EDGE ( 'NONE', *, *, #3318, .T. ) ;
#564 = CARTESIAN_POINT ( 'NONE',  ( 1.920717843762997923, 20.10466128705702360, 31.87888321500798838 ) ) ;
#565 = CARTESIAN_POINT ( 'NONE',  ( 2.689101939242998895, 14.85416309980399951, 33.84517654886599303 ) ) ;
#566 = DIRECTION ( 'NONE',  ( 0.000000000000000000, 0.000000000000000000, 1.000000000000000000 ) ) ;
#567 = CARTESIAN_POINT ( 'NONE',  ( 16.40845068606400048, 11.08708776291899945, 33.39999999999999858 ) ) ;
#568 = CARTESIAN_POINT ( 'NONE',  ( 4.919561754311998492, 18.69001282043099010, 33.52724756674598439 ) ) ;
#569 = CARTESIAN_POINT ( 'NONE',  ( 3.060549897896999827, -1.032492050086000424, 31.95621027592899210 ) ) ;
#570 = DIRECTION ( 'NONE',  ( 0.7071067811865474617, -0.7071067811865474617, 0.000000000000000000 ) ) ;
#571 = EDGE_CURVE ( 'NONE', #4642, #158, #3933, .T. ) ;
#572 = DIRECTION ( 'NONE',  ( -1.000000000000000000, 0.000000000000000000, 0.000000000000000000 ) ) ;
#573 = CARTESIAN_POINT ( 'NONE',  ( 2.934711933021000085, 19.96191501382300260, 31.59302160561700035 ) ) ;
#574 = ORIENTED_EDGE ( 'NONE', *, *, #1650, .T. ) ;
#575 = CARTESIAN_POINT ( 'NONE',  ( 5.000000000000000000, 2.500000000000000000, 33.37134419545400021 ) ) ;
#576 = DIRECTION ( 'NONE',  ( 0.000000000000000000, 0.000000000000000000, 1.000000000000000000 ) ) ;
#577 = EDGE_LOOP ( 'NONE', ( #1776, #2194, #1967, #743 ) ) ;
#578 = CARTESIAN_POINT ( 'NONE',  ( 0.8921166188490000648, 15.47642118498099961, 30.29211661884899698 ) ) ;
#579 = CARTESIAN_POINT ( 'NONE',  ( -0.6287576769460002657, 2.971085809872000549, 32.27902333132199431 ) ) ;
#580 = CARTESIAN_POINT ( 'NONE',  ( 1.845194450468001124, 0.06297683595353004149, 31.60337211008600988 ) ) ;
#581 = CARTESIAN_POINT ( 'NONE',  ( 2.189701427486999474, 4.987002466903997622, 33.31542532506300347 ) ) ;
#582 = CARTESIAN_POINT ( 'NONE',  ( 5.047295022396000697, 2.315710320961999802, 33.66517436777400007 ) ) ;
#583 = ORIENTED_EDGE ( 'NONE', *, *, #1565, .F. ) ;
#584 = CARTESIAN_POINT ( 'NONE',  ( -0.6968033390500004698, 17.81282928314601222, 32.11508008906001521 ) ) ;
#585 = CARTESIAN_POINT ( 'NONE',  ( -0.6170186736260002691, 16.97526648803600224, 32.29283888636997801 ) ) ;
#586 = LINE ( 'NONE', #3523, #384 ) ;
#587 = EDGE_LOOP ( 'NONE', ( #3044, #3169, #2253, #2461 ) ) ;
#588 = CARTESIAN_POINT ( 'NONE',  ( 17.06192001519900003, 10.89541627601499840, 34.00000000000000000 ) ) ;
#589 = CARTESIAN_POINT ( 'NONE',  ( 4.971649151377996567, 18.96075692700598125, 33.53853799219599097 ) ) ;
#590 = CARTESIAN_POINT ( 'NONE',  ( -0.3524628243850002063, 2.891384671690999220, 32.24845071147297659 ) ) ;
#591 = EDGE_LOOP ( 'NONE', ( #2011, #1017, #4322, #7, #2607, #1249, #3243 ) ) ;
#592 = DIRECTION ( 'NONE',  ( -1.000000000000000000, 0.000000000000000000, 0.000000000000000000 ) ) ;
#593 = EDGE_LOOP ( 'NONE', ( #2612, #1123, #2750 ) ) ;
#594 = CARTESIAN_POINT ( 'NONE',  ( 0.000000000000000000, 17.50000000000000000, 29.39999999999999503 ) ) ;
#595 = CARTESIAN_POINT ( 'NONE',  ( 4.983618529452000345, 2.803176784803000032, 33.39999999999999858 ) ) ;
#596 = DIRECTION ( 'NONE',  ( 0.000000000000000000, 0.7071067811865474617, 0.7071067811865474617 ) ) ;
#597 = ORIENTED_EDGE ( 'NONE', *, *, #405, .F. ) ;
#598 = CARTESIAN_POINT ( 'NONE',  ( 0.8482946167520000191, 15.47449424444199906, 30.24829461675199838 ) ) ;
#599 = AXIS2_PLACEMENT_3D ( 'NONE', #1257, #3404, #1705 ) ;
#600 = CARTESIAN_POINT ( 'NONE',  ( 2.017623474208001255, 5.422785053707005254, 33.90853124672898389 ) ) ;
#601 = ADVANCED_FACE ( 'NONE', ( #412 ), #4367, .F. ) ;
#602 = CARTESIAN_POINT ( 'NONE',  ( 2.525426247117998457, -0.1504738844070001025, 32.00835632281297904 ) ) ;
#603 = CARTESIAN_POINT ( 'NONE',  ( 0.7600319527769999750, 4.317507751788999926, 32.51681571659202064 ) ) ;
#604 = CARTESIAN_POINT ( 'NONE',  ( 4.331402680773998704, 0.4160259967030000006, 33.02516433315399524 ) ) ;
#605 = ORIENTED_EDGE ( 'NONE', *, *, #4096, .T. ) ;
#606 = CARTESIAN_POINT ( 'NONE',  ( 2.475268990094999122, 20.95175966713701499, 32.04804052026199912 ) ) ;
#607 = VECTOR ( 'NONE', #1486, 1000.000000000000000 ) ;
#608 = CARTESIAN_POINT ( 'NONE',  ( 1.326845016112998987, 15.07556364374500468, 33.53277735841803064 ) ) ;
#609 = CARTESIAN_POINT ( 'NONE',  ( 3.500000018448750083, 9.781555943905500428, 33.39886439604437385 ) ) ;
#610 = CARTESIAN_POINT ( 'NONE',  ( 16.50000000000000000, 10.27305509152599150, 34.02345900382599808 ) ) ;
#611 = CARTESIAN_POINT ( 'NONE',  ( 2.885885328772001213, 20.10776108043001287, 32.09613656955101391 ) ) ;
#612 = CARTESIAN_POINT ( 'NONE',  ( 3.030299052063001763, -1.038222415486998784, 31.94836283182901937 ) ) ;
#613 = CARTESIAN_POINT ( 'NONE',  ( 2.903225806451999791, 15.03273249342299955, 33.39999999999999858 ) ) ;
#614 = CIRCLE ( 'NONE', #1154, 5.000000000000000888 ) ;
#615 = CARTESIAN_POINT ( 'NONE',  ( 9.343647102913999802, 3.518482268997000340, 33.39999999999999858 ) ) ;
#616 = DIRECTION ( 'NONE',  ( 1.000000000000000000, 0.000000000000000000, 0.000000000000000000 ) ) ;
#617 = EDGE_LOOP ( 'NONE', ( #240, #3398, #3419, #4414 ) ) ;
#618 = CARTESIAN_POINT ( 'NONE',  ( 16.40845070422600216, 8.912912344149999555, 33.39999999999999858 ) ) ;
#619 = FACE_OUTER_BOUND ( 'NONE', #4484, .T. ) ;
#620 = ORIENTED_EDGE ( 'NONE', *, *, #371, .F. ) ;
#621 = CARTESIAN_POINT ( 'NONE',  ( 18.84364015992499830, 2.999999999999999112, 33.39900052719499968 ) ) ;
#622 = ORIENTED_EDGE ( 'NONE', *, *, #3839, .F. ) ;
#623 = CARTESIAN_POINT ( 'NONE',  ( 0.6355538325289999957, 15.28938402169999833, 30.03555383252900057 ) ) ;
#624 = CARTESIAN_POINT ( 'NONE',  ( -0.5664045072849995810, 3.208414167106001358, 32.35112208477701046 ) ) ;
#625 = CARTESIAN_POINT ( 'NONE',  ( 2.704784356889999852, -0.1363142914029998876, 32.05077781295798900 ) ) ;
#626 = CARTESIAN_POINT ( 'NONE',  ( 2.492652193068002564, 5.006096244230005432, 33.37576042969202916 ) ) ;
#627 = CARTESIAN_POINT ( 'NONE',  ( 2.940156243041998518, -0.3436566343200002649, 32.25965204176497991 ) ) ;
#628 = EDGE_CURVE ( 'NONE', #1894, #1372, #4666, .T. ) ;
#629 = VERTEX_POINT ( 'NONE', #3939 ) ;
#630 = CARTESIAN_POINT ( 'NONE',  ( 0.6760523435990000163, 19.78484966940999357, 31.89573347988298124 ) ) ;
#631 = ADVANCED_FACE ( 'NONE', ( #3222 ), #1432, .T. ) ;
#632 = B_SPLINE_CURVE_WITH_KNOTS ( 'NONE', 4,
 ( #1805, #4639, #1471, #359, #2117 ),
 .UNSPECIFIED., .F., .F.,
 ( 5, 5 ),
 ( 39.74848421501599915, 40.84070449482099718 ),
 .UNSPECIFIED. ) ;
#633 = CARTESIAN_POINT ( 'NONE',  ( 1.003544189303000156, 15.03743745394199571, 33.52821932718599385 ) ) ;
#634 = CARTESIAN_POINT ( 'NONE',  ( 17.00000000000000000, 10.00000000000000000, 32.00000000000000000 ) ) ;
#635 = CARTESIAN_POINT ( 'NONE',  ( 2.698310330797000667, 4.996023804034997795, 33.39600585464201998 ) ) ;
#636 =( BOUNDED_CURVE ( )  B_SPLINE_CURVE ( 13, ( #4293, #3887, #4321, #2172, #1452, #2482, #3152, #2852, #4664, #3910, #4598, #1100, #1363, #339, #3985, #385, #314, #2121, #1763, #2899, #1735, #1052, #2193, #667, #4251, #3557 ),
 .UNSPECIFIED., .F., .F. ) 
 B_SPLINE_CURVE_WITH_KNOTS ( ( 14, 12, 14 ),
 ( 23.50764680764769921, 25.45615941971700025, 27.87126951726000001 ),
 .UNSPECIFIED. ) 
 CURVE ( )  GEOMETRIC_REPRESENTATION_ITEM ( )  RATIONAL_B_SPLINE_CURVE ( ( 1.083965808718104329, 1.084734376363783115, 1.085483507953280968, 1.086203016123945098, 1.086875307820627246, 1.087495603520155507, 1.088074333669531768, 1.088591988979054515, 1.088994647739057520, 1.089387262970963999, 1.089635472830479568, 1.089826333506258793, 1.089916770800740453, 1.089919103405999845, 1.089782091376999995, 1.089499353960999839, 1.089095479845999970, 1.088554065999999931, 1.087895565691999966, 1.087156143570000122, 1.086338704066000194, 1.085431201924000000, 1.084470455830999880, 1.083528190685999926, 1.082566168101000148, 1.081505252924999994 ) ) 
 REPRESENTATION_ITEM ( '' )  );
#637 = CARTESIAN_POINT ( 'NONE',  ( -1.043609511939999956, 3.000000000000000000, 31.94095598657099444 ) ) ;
#638 = CARTESIAN_POINT ( 'NONE',  ( 20.00000000000000000, 17.00000000000000000, 31.00000000000000000 ) ) ;
#639 = CARTESIAN_POINT ( 'NONE',  ( 17.00000000000000000, 19.00000000000000000, 25.19999999999999929 ) ) ;
#640 = VERTEX_POINT ( 'NONE', #3987 ) ;
#641 = CARTESIAN_POINT ( 'NONE',  ( 18.93713435832017566, -0.09999999999999999167, 24.40555089874846217 ) ) ;
#642 = CARTESIAN_POINT ( 'NONE',  ( 11.18743420870399952, 17.00000000000000000, 34.00000000000000000 ) ) ;
#643 = ORIENTED_EDGE ( 'NONE', *, *, #3521, .F. ) ;
#644 = FACE_OUTER_BOUND ( 'NONE', #4512, .T. ) ;
#645 = VERTEX_POINT ( 'NONE', #31 ) ;
#646 = CARTESIAN_POINT ( 'NONE',  ( 1.153767203056000001, 15.39272998429800055, 30.55376720305600102 ) ) ;
#647 = CARTESIAN_POINT ( 'NONE',  ( -0.3169360590430003177, 3.060868642651002780, 32.29328157830902057 ) ) ;
#648 = CARTESIAN_POINT ( 'NONE',  ( 1.381242958788000852, -0.5378322748260006003, 31.98070537872400365 ) ) ;
#649 = DIRECTION ( 'NONE',  ( 0.000000000000000000, 0.000000000000000000, 1.000000000000000000 ) ) ;
#650 = CARTESIAN_POINT ( 'NONE',  ( 4.582588901606001741, 0.3824518106079998758, 33.18998371807800396 ) ) ;
#651 = ORIENTED_EDGE ( 'NONE', *, *, #1650, .F. ) ;
#652 = CARTESIAN_POINT ( 'NONE',  ( 0.2551052318359998128, 18.94881844251102265, 31.75319927166801648 ) ) ;
#653 = CARTESIAN_POINT ( 'NONE',  ( 1.999325145822997918, 14.41527247757700003, 33.90535543709499677 ) ) ;
#654 = DIRECTION ( 'NONE',  ( 0.000000000000000000, 0.000000000000000000, 1.000000000000000000 ) ) ;
#655 = AXIS2_PLACEMENT_3D ( 'NONE', #550, #4436, #3697 ) ;
#656 = CARTESIAN_POINT ( 'NONE',  ( 0.7043158978110003465, 4.264908556596000544, 32.71045276059300733 ) ) ;
#657 = ADVANCED_FACE ( 'NONE', ( #1033 ), #2513, .T. ) ;
#658 = CARTESIAN_POINT ( 'NONE',  ( 20.00000000000000000, 1.267949192431000238, 30.00000000000000000 ) ) ;
#659 = DIRECTION ( 'NONE',  ( -1.141265444721583264E-16, 1.000000000000000000, 0.000000000000000000 ) ) ;
#660 = CARTESIAN_POINT ( 'NONE',  ( 19.93831521445600785, 18.63164808328274091, 31.78539750748199211 ) ) ;
#661 = EDGE_CURVE ( 'NONE', #2456, #2849, #820, .T. ) ;
#662 = MANIFOLD_SOLID_BREP ( 'Fillet003[1]', #3833 ) ;
#663 =( BOUNDED_SURFACE ( )  B_SPLINE_SURFACE ( 6, 12, ( 
 ( #377, #1754, #4658, #2594, #1491, #4635, #2498, #2211, #3190, #684, #44, #4356, #2189, #4381, #4002, #1402, #1092, #4032, #1116, #1140, #1446, #1780, #303, #732, #3576, #2867, #3547, #3236, #3620, #1046, #781, #2846, #1826, #2165, #403 ),
 ( #3262, #2525, #3597, #1850, #2141, #356, #2568, #4287, #3646, #4311, #1424, #3954, #3284, #3928, #332, #3214, #1070, #708, #1802, #4335, #23, #1467, #2914, #755, #2985, #4124, #2235, #1949, #2282, #4056, #3332, #4104, #4450, #3358, #4494 ),
 ( #1210, #138, #1900, #425, #2660, #4431, #3047, #97, #1610, #1926, #4473, #1568, #3023, #119, #1235, #2617, #3002, #3377, #874, #1255, #2326, #1586, #854, #804, #2679, #3756, #518, #2307, #2257, #1971, #1167, #3667, #2638, #3402, #3737 ),
 ( #828, #161, #1518, #2700, #1546, #1189, #4078, #4141, #2960, #1873, #3306, #68, #4409, #3692, #497, #447, #3716, #474, #3878, #1658, #2799, #897, #608, #947, #2723, #2018, #2775, #3119, #2039, #3162, #3851, #3827, #565, #544, #4564 ),
 ( #3096, #1723, #3448, #274, #585, #3140, #230, #1702, #3473, #4586, #1278, #1682, #2063, #4238, #4607, #998, #3500, #4214, #4163, #251, #1351, #633, #1329, #924, #2086, #4514, #2349, #1305, #2448, #972, #3522, #2375, #2753, #3803, #186 ),
 ( #4540, #1375, #2821, #1997, #2421, #207, #2398, #3779, #3071, #3428, #1633, #4192, #2562, #4652, #2471, #3896, #38, #2134, #3208, #1418, #2518, #1748, #3637, #2860, #1843, #2886, #16, #4303, #4673, #3920, #3278, #2109, #3569, #725, #3948 ),
 ( #1061, #677, #1485, #325, #702, #1774, #2183, #2159, #1439, #4632, #396, #3591, #350, #1086, #1797, #3229, #3996, #2842, #4350, #4329, #2541, #3973, #1109, #3542, #4262, #1021, #748, #653, #2907, #3613, #297, #3186, #1040, #2203, #369 ) ),
 .UNSPECIFIED., .F., .F., .T. ) 
 B_SPLINE_SURFACE_WITH_KNOTS ( ( 7, 7 ),
 ( 13, 11, 11, 13 ),
 ( 0.000000000000000000, 4.006045617872000086 ),
 ( 27.89548005018199817, 28.17253559271100016, 30.75266481214899983, 31.90152566805399914 ),
 .UNSPECIFIED. ) 
 GEOMETRIC_REPRESENTATION_ITEM ( )  RATIONAL_B_SPLINE_SURFACE ( (
 ( 1.081500360601999944, 1.081291186504000024, 1.081070738233999906, 1.080838889203999953, 1.080595482942000141, 1.080340333075000103, 1.080073223355999978, 1.079793907630000049, 1.079502109869000082, 1.079197524140000031, 1.078879814632000000, 1.078548615637000108, 1.074989874454999939, 1.070404269670999886, 1.065096384258999995, 1.060364906178999922, 1.057297828590000099, 1.051672103822999915, 1.049708887038000027, 1.045464050405000123, 1.042916432443999897, 1.040130745223999842, 1.037831015207000052, 1.035004274643000155, 1.034203352188999947, 1.033481255091000195, 1.032845608881999944, 1.032302821122000003, 1.031858097987000011, 1.031515460882999946, 1.031277763025000072, 1.031146706059999918, 1.031122856643000185, 1.031205663053999855, 1.031393471788000005),
 ( 1.024202296766999920, 1.024147796590000103, 1.024090315760000092, 1.024029814418999873, 1.023966243940999998, 1.023899546930000071, 1.023829657223999989, 1.023756499889000082, 1.023679991226000174, 1.023600038765000164, 1.023516541270000024, 1.023429388735000112, 1.022491694519999994, 1.021272994293000114, 1.019843544083999909, 1.018511324433000187, 1.017662334394999979, 1.016057472448999910, 1.015477411782000017, 1.014249576191000202, 1.013490854178999978, 1.012663781568000188, 1.011974194755000056, 1.011122420585000015, 1.010880330705999919, 1.010661458256999934, 1.010468316011000178, 1.010303041025000015, 1.010167391136000070, 1.010062741560999955, 1.009990081351999969, 1.009950010020000066, 1.009942733995999875, 1.009968063223000145, 1.010025407661000019),
 ( 0.9948532777530000315, 0.9948650958710000269, 0.9948775621509999834, 0.9948906855289999518, 0.9949044768660000315, 0.9949189489320000579, 0.9949341164260000481, 0.9949499959570000662, 0.9949666060619999364, 0.9949839671860000179, 0.9950021017019999858, 0.9950210338980000069, 0.9952247720210000148, 0.9954899063709999885, 0.9958015339889999540, 0.9960929594119999342, 0.9962772013869999332, 0.9966273651550000556, 0.9967522695000000654, 0.9970187265309999880, 0.9971821061650000262, 0.9973601603520000358, 0.9975081306960000838, 0.9976905327660000600, 0.9977423107930000201, 0.9977890688620000281, 0.9978302863890000651, 0.9978655237510000164, 0.9978944219070000621, 0.9979167020460000259, 0.9979321651950000538, 0.9979406918770000745, 0.9979422417149999003, 0.9979368530819999750, 0.9979246427249999218),
 ( 0.9850486692500000085, 0.9850845595889999862, 0.9851223934950000816, 0.9851621941330001020, 0.9852039900440000553, 0.9852478151350000379, 0.9852937086920000587, 0.9853417153660000150, 0.9853918851859999606, 0.9854442735470000381, 0.9854989412210000133, 0.9855559543479999185, 0.9861688378110000652, 0.9869609169010000738, 0.9878819341400000287, 0.9887172756039999122, 0.9892570144229999585, 0.9902572584159999858, 0.9906142599759999445, 0.9913757594489999159, 0.9918406849999999997, 0.9923484160090000339, 0.9927701855820000310, 0.9932903210360000124, 0.9934380001690000794, 0.9935713962450000158, 0.9936890199199999163, 0.9937896076489999286, 0.9938721226550000232, 0.9939357559099999406, 0.9939799270900000483, 0.9940042855690000012, 0.9940087113659999973, 0.9939933161369999270, 0.9939584441369999634),
 ( 0.9948532777530000315, 0.9948650958710000269, 0.9948775621509999834, 0.9948906855289999518, 0.9949044768660000315, 0.9949189489320000579, 0.9949341164260000481, 0.9949499959570000662, 0.9949666060619999364, 0.9949839671860000179, 0.9950021017019999858, 0.9950210338980000069, 0.9952247720210000148, 0.9954899063709999885, 0.9958015339889999540, 0.9960929594129999121, 0.9962772013859999554, 0.9966273651560000335, 0.9967522695000000654, 0.9970187265309999880, 0.9971821061650000262, 0.9973601603520000358, 0.9975081306960000838, 0.9976905327660000600, 0.9977423107930000201, 0.9977890688620000281, 0.9978302863890000651, 0.9978655237510000164, 0.9978944219070000621, 0.9979167020460000259, 0.9979321651950000538, 0.9979406918770000745, 0.9979422417149999003, 0.9979368530819999750, 0.9979246427249999218),
 ( 1.024202296766999920, 1.024147796590000103, 1.024090315760000092, 1.024029814418999873, 1.023966243940999998, 1.023899546930000071, 1.023829657223999989, 1.023756499889000082, 1.023679991226000174, 1.023600038765000164, 1.023516541270000024, 1.023429388735000112, 1.022491694519999994, 1.021272994293000114, 1.019843544083999909, 1.018511324433000187, 1.017662334394999979, 1.016057472448999910, 1.015477411782000017, 1.014249576191000202, 1.013490854178999978, 1.012663781568000188, 1.011974194755000056, 1.011122420585000015, 1.010880330705999919, 1.010661458256999934, 1.010468316011000178, 1.010303041025000015, 1.010167391136000070, 1.010062741560999955, 1.009990081351999969, 1.009950010020000066, 1.009942733995999875, 1.009968063223000145, 1.010025407661000019),
 ( 1.081500360601999944, 1.081291186504000024, 1.081070738233999906, 1.080838889203999953, 1.080595482942000141, 1.080340333075000103, 1.080073223355999978, 1.079793907630000049, 1.079502109869000082, 1.079197524140000031, 1.078879814632000000, 1.078548615637000108, 1.074989874454999939, 1.070404269670999886, 1.065096384258999995, 1.060364906178999922, 1.057297828590000099, 1.051672103822999915, 1.049708887038000027, 1.045464050405000123, 1.042916432443999897, 1.040130745223999842, 1.037831015207000052, 1.035004274643000155, 1.034203352188999947, 1.033481255091000195, 1.032845608881999944, 1.032302821122000003, 1.031858097987000011, 1.031515460882999946, 1.031277763025000072, 1.031146706059999918, 1.031122856643000185, 1.031205663053999855, 1.031393471788000005) ) ) 
 REPRESENTATION_ITEM ( '' )  SURFACE ( )  );
#664 = ORIENTED_EDGE ( 'NONE', *, *, #2062, .T. ) ;
#665 = CARTESIAN_POINT ( 'NONE',  ( 16.40845070422598440, 8.912912344145000887, 34.00000000000000000 ) ) ;
#666 = CARTESIAN_POINT ( 'NONE',  ( 11.08708765585600098, 16.40845070422500029, 33.39999999999999858 ) ) ;
#667 = CARTESIAN_POINT ( 'NONE',  ( 2.588300099983999125, -0.009044177117075998668, 31.49824666431101505 ) ) ;
#668 = ORIENTED_EDGE ( 'NONE', *, *, #2666, .T. ) ;
#669 = CARTESIAN_POINT ( 'NONE',  ( 5.284696644696005308, 19.14657071605000027, 33.52420493077701025 ) ) ;
#670 = CARTESIAN_POINT ( 'NONE',  ( -0.3389260509660000920, 2.964125149791997593, 32.26562537699897604 ) ) ;
#671 = CARTESIAN_POINT ( 'NONE',  ( -0.6743499035759997762, 2.704713655609999545, 32.22001364543898916 ) ) ;
#672 = CARTESIAN_POINT ( 'NONE',  ( 4.555238950102999951, 19.24402684336700275, 30.15597315663299938 ) ) ;
#673 = CARTESIAN_POINT ( 'NONE',  ( 3.000000000000000000, -1.043602535759001304, 31.94096557830900451 ) ) ;
#674 = ORIENTED_EDGE ( 'NONE', *, *, #2808, .T. ) ;
#675 = CARTESIAN_POINT ( 'NONE',  ( 1.555973669610000165, 20.59071413928898053, 32.00725845088101096 ) ) ;
#676 = CIRCLE ( 'NONE', #3258, 1.100000000000000311 ) ;
#677 = CARTESIAN_POINT ( 'NONE',  ( -1.038157923504000824, 16.96956119746202418, 31.94845132886501560 ) ) ;
#678 = CARTESIAN_POINT ( 'NONE',  ( 3.022218286051000291, 0.05485135271497999093, 31.61988293146198004 ) ) ;
#679 = PRODUCT_RELATED_PRODUCT_CATEGORY ( 'detail', '', ( #484 ) ) ;
#680 = AXIS2_PLACEMENT_3D ( 'NONE', #2575, #2554, #2152 ) ;
#681 = CARTESIAN_POINT ( 'NONE',  ( 2.013984621498998706, -1.092539634503999713, 31.73470335575500911 ) ) ;
#682 = CARTESIAN_POINT ( 'NONE',  ( 0.3343379857590002557, 3.797443890392999677, 32.31278706916002363 ) ) ;
#683 = CARTESIAN_POINT ( 'NONE',  ( 10.00000000000000000, 10.00000000000000000, 32.00000000000000000 ) ) ;
#684 = CARTESIAN_POINT ( 'NONE',  ( 0.08167433556890998925, 16.86513913963601752, 31.66293065714399901 ) ) ;
#685 = CARTESIAN_POINT ( 'NONE',  ( -0.1000000000000000056, 20.10000000000000142, 29.30000000000000071 ) ) ;
#686 = AXIS2_PLACEMENT_3D ( 'NONE', #4342, #6, #2552 ) ;
#687 = EDGE_CURVE ( 'NONE', #3917, #3894, #2097, .T. ) ;
#688 = CARTESIAN_POINT ( 'NONE',  ( 5.593418210857000084, 17.28432836896400104, 33.99468779566999643 ) ) ;
#689 = ORIENTED_EDGE ( 'NONE', *, *, #3900, .T. ) ;
#690 = CARTESIAN_POINT ( 'NONE',  ( -0.2586683177520001098, 4.569874139416005399, 32.81858695880301013 ) ) ;
#691 = CARTESIAN_POINT ( 'NONE',  ( 4.543497688262999823, 1.013483464321000005, 30.41348346432100058 ) ) ;
#692 = AXIS2_PLACEMENT_3D ( 'NONE', #1687, #4545, #659 ) ;
#693 = DIRECTION ( 'NONE',  ( 0.000000000000000000, 0.000000000000000000, 1.000000000000000000 ) ) ;
#694 = ORIENTED_EDGE ( 'NONE', *, *, #1469, .T. ) ;
#695 = DIRECTION ( 'NONE',  ( 0.000000000000000000, 0.000000000000000000, 1.000000000000000000 ) ) ;
#696 = CARTESIAN_POINT ( 'NONE',  ( -0.7123302811779996802, 3.565857788320001553, 32.36082312229198976 ) ) ;
#697 = AXIS2_PLACEMENT_3D ( 'NONE', #3731, #1561, #3750 ) ;
#698 = CARTESIAN_POINT ( 'NONE',  ( -0.6858625791739996203, 2.049259758834000689, 32.08927116620297681 ) ) ;
#699 = CARTESIAN_POINT ( 'NONE',  ( 5.385422476283002524, 1.793450695141000972, 33.85505815301701915 ) ) ;
#700 = ORIENTED_EDGE ( 'NONE', *, *, #2089, .F. ) ;
#701 = CARTESIAN_POINT ( 'NONE',  ( -0.7101432521960002742, 18.91076556845501244, 31.81327634342797950 ) ) ;
#702 = CARTESIAN_POINT ( 'NONE',  ( -1.019791484485000232, 16.87852955563798574, 31.97348806346500538 ) ) ;
#703 = CARTESIAN_POINT ( 'NONE',  ( 2.956443962389000202, 0.04192117877875999044, 31.59912241996702775 ) ) ;
#704 = CARTESIAN_POINT ( 'NONE',  ( 4.413961502939996784, 0.8571065932140001786, 32.60627783631298371 ) ) ;
#705 = CARTESIAN_POINT ( 'NONE',  ( 10.00000000000000000, 10.00000000000000000, 34.00000000000000000 ) ) ;
#706 = CARTESIAN_POINT ( 'NONE',  ( 2.266360860867001392, 4.996321277054998511, 33.49951816224398726 ) ) ;
#707 = DIRECTION ( 'NONE',  ( -8.673617379884034239E-17, 1.000000000000000000, 0.000000000000000000 ) ) ;
#708 = CARTESIAN_POINT ( 'NONE',  ( 0.7058313865519999508, 15.73220508757598246, 32.71552767334601697 ) ) ;
#709 = DIRECTION ( 'NONE',  ( 1.000000000000000000, 0.000000000000000000, 0.000000000000000000 ) ) ;
#710 = DIRECTION ( 'NONE',  ( 0.000000000000000000, 0.000000000000000000, 1.000000000000000000 ) ) ;
#711 = ORIENTED_EDGE ( 'NONE', *, *, #2824, .F. ) ;
#712 = CARTESIAN_POINT ( 'NONE',  ( -1.032586466971998851, 3.060191824732998889, 31.95608072867602090 ) ) ;
#713 = CARTESIAN_POINT ( 'NONE',  ( 0.5999999999999999778, 20.10000000000000142, 24.12045915678299934 ) ) ;
#714 = EDGE_CURVE ( 'NONE', #1074, #1242, #3083, .T. ) ;
#715 = DIRECTION ( 'NONE',  ( 0.000000000000000000, 0.000000000000000000, -1.000000000000000000 ) ) ;
#716 = EDGE_CURVE ( 'NONE', #438, #3094, #3053, .T. ) ;
#717 = ORIENTED_EDGE ( 'NONE', *, *, #2840, .F. ) ;
#718 = CARTESIAN_POINT ( 'NONE',  ( 5.367948279844000581, 18.94907676392297802, 33.61575453979200034 ) ) ;
#719 = CARTESIAN_POINT ( 'NONE',  ( -1.013414985950999547, 3.150236158985000312, 31.98209990593201724 ) ) ;
#720 = CARTESIAN_POINT ( 'NONE',  ( 4.025662592179001464, 20.44937375609802288, 32.63974771896002380 ) ) ;
#721 = EDGE_CURVE ( 'NONE', #1694, #3937, #1902, .T. ) ;
#722 = CARTESIAN_POINT ( 'NONE',  ( 3.090761227692000901, -1.026407894093999795, 31.96450678424903202 ) ) ;
#723 = ORIENTED_EDGE ( 'NONE', *, *, #571, .T. ) ;
#724 = CARTESIAN_POINT ( 'NONE',  ( -1.109127750169001336, 17.54982575463701266, 31.82046663085203164 ) ) ;
#725 = CARTESIAN_POINT ( 'NONE',  ( 2.838471805175996732, 14.57902853127599485, 33.99925946828901147 ) ) ;
#726 = CARTESIAN_POINT ( 'NONE',  ( 19.99637390162800088, 18.92132933434499975, 30.00000000000000000 ) ) ;
#727 = ADVANCED_FACE ( 'NONE', ( #3034 ), #504, .T. ) ;
#728 = CARTESIAN_POINT ( 'NONE',  ( 4.943104102370003972, 1.957991055568000016, 33.24241311009398459 ) ) ;
#729 = CARTESIAN_POINT ( 'NONE',  ( -0.2482711482299999051, 0.1302992848190000497, 31.50675414503900029 ) ) ;
#730 = CARTESIAN_POINT ( 'NONE',  ( 0.5873609993339999891, 4.158383297029001113, 32.34971276515300076 ) ) ;
#731 = CARTESIAN_POINT ( 'NONE',  ( 3.407340859743999140, 19.83934786911699533, 31.78726791172400823 ) ) ;
#732 = CARTESIAN_POINT ( 'NONE',  ( 1.819542871845999388, 15.09263827251000656, 33.19006346407800123 ) ) ;
#733 = DIRECTION ( 'NONE',  ( 1.000000000000000000, 0.000000000000000000, 0.000000000000000000 ) ) ;
#734 = CARTESIAN_POINT ( 'NONE',  ( 5.002252279400003054, 17.44198341199698987, 33.98169681202001868 ) ) ;
#735 = CARTESIAN_POINT ( 'NONE',  ( -2.000000000000000000, 5.000000000000000000, 21.00000000000000000 ) ) ;
#736 = DIRECTION ( 'NONE',  ( -0.1612903225809689811, 0.9869070026308087717, 0.000000000000000000 ) ) ;
#737 = EDGE_LOOP ( 'NONE', ( #227, #1203, #1671, #981 ) ) ;
#738 = CARTESIAN_POINT ( 'NONE',  ( 3.631470965092000291, 20.86923261915498529, 32.16994616896803905 ) ) ;
#739 = CARTESIAN_POINT ( 'NONE',  ( -0.8669350971390001881, 3.072404465124000783, 32.18017648416200416 ) ) ;
#740 = AXIS2_PLACEMENT_3D ( 'NONE', #1447, #3307, #2894 ) ;
#741 = CARTESIAN_POINT ( 'NONE',  ( 3.553879426369002115, 20.71634268451600036, 32.35615779285598848 ) ) ;
#742 = CARTESIAN_POINT ( 'NONE',  ( 5.192249008329002713, 1.680029174730000907, 33.76736550644002932 ) ) ;
#743 = ORIENTED_EDGE ( 'NONE', *, *, #2840, .T. ) ;
#744 = CARTESIAN_POINT ( 'NONE',  ( -1.043569825484000013, 17.00000000000000000, 31.94101055190801475 ) ) ;
#745 = EDGE_CURVE ( 'NONE', #3221, #2991, #3559, .T. ) ;
#746 = ORIENTED_EDGE ( 'NONE', *, *, #344, .F. ) ;
#747 = EDGE_CURVE ( 'NONE', #3894, #2849, #3260, .T. ) ;
#748 = CARTESIAN_POINT ( 'NONE',  ( 1.861711960145997935, 14.43339395509200429, 33.87453048883300966 ) ) ;
#749 = FACE_OUTER_BOUND ( 'NONE', #3461, .T. ) ;
#750 = CARTESIAN_POINT ( 'NONE',  ( 2.978323711321001266, 0.04600222332036998235, 31.60565263970199013 ) ) ;
#751 = CARTESIAN_POINT ( 'NONE',  ( -0.8587219351480002150, 1.551198728272002114, 31.88099164195901025 ) ) ;
#752 = CARTESIAN_POINT ( 'NONE',  ( 1.409648700025999624, 4.830981731679999669, 33.39525110319402756 ) ) ;
#753 = VECTOR ( 'NONE', #3758, 1000.000000000000000 ) ;
#754 = DIRECTION ( 'NONE',  ( -1.000000000000000000, 0.000000000000000000, 0.000000000000000000 ) ) ;
#755 = CARTESIAN_POINT ( 'NONE',  ( 1.780698295759000516, 15.10350610299799179, 33.35484126004600824 ) ) ;
#756 = LINE ( 'NONE', #2548, #3415 ) ;
#757 = CARTESIAN_POINT ( 'NONE',  ( 20.00000000000000000, 18.73205080756900287, 30.00000000000000000 ) ) ;
#758 = CARTESIAN_POINT ( 'NONE',  ( -0.1000000000000000056, 19.40000000000000213, 30.00000000000000000 ) ) ;
#759 = VECTOR ( 'NONE', #1322, 1000.000000000000000 ) ;
#760 = DIRECTION ( 'NONE',  ( -1.000000000000000000, 0.000000000000000000, 0.000000000000000000 ) ) ;
#761 = AXIS2_PLACEMENT_3D ( 'NONE', #1009, #693, #3626 ) ;
#762 = CARTESIAN_POINT ( 'NONE',  ( 19.93897053971726052, 19.40379528513653185, 29.99620471486348450 ) ) ;
#763 = CARTESIAN_POINT ( 'NONE',  ( 2.899999999999999911, 9.999999999999998224, 30.59999999999999787 ) ) ;
#764 = ORIENTED_EDGE ( 'NONE', *, *, #3839, .T. ) ;
#765 = CARTESIAN_POINT ( 'NONE',  ( 0.03237594042472000805, 17.09760173105498282, 31.85462475161601503 ) ) ;
#766 = CARTESIAN_POINT ( 'NONE',  ( 0.06493870853259002540, 16.93238405990301487, 31.63611910144100037 ) ) ;
#767 = VECTOR ( 'NONE', #1361, 1000.000000000000000 ) ;
#768 = CARTESIAN_POINT ( 'NONE',  ( 4.140671866095000375, 20.59534089749602259, 32.49229006007403342 ) ) ;
#769 = CC_DESIGN_PERSON_AND_ORGANIZATION_ASSIGNMENT ( #1896, #4075, ( #484 ) ) ;
#770 = CARTESIAN_POINT ( 'NONE',  ( 5.149906179580996834, 0.5507004127210004540, 33.37774259012898881 ) ) ;
#771 = ORIENTED_EDGE ( 'NONE', *, *, #2690, .T. ) ;
#772 = CARTESIAN_POINT ( 'NONE',  ( -0.07912804268047005096, 19.85381710972601610, 31.74449217805800316 ) ) ;
#773 = ORIENTED_EDGE ( 'NONE', *, *, #2786, .F. ) ;
#774 = CARTESIAN_POINT ( 'NONE',  ( 0.6010884037479999886, 4.890860245042000010, 30.00108840374799968 ) ) ;
#775 = EDGE_CURVE ( 'NONE', #1287, #1864, #4111, .T. ) ;
#776 = LINE ( 'NONE', #2229, #1747 ) ;
#777 = CARTESIAN_POINT ( 'NONE',  ( 4.892062308652000091, 1.770591710015000819, 33.16914690721098680 ) ) ;
#778 = CARTESIAN_POINT ( 'NONE',  ( 1.533535891239999893, -0.8553138504290004329, 31.87713793558399900 ) ) ;
#779 = CARTESIAN_POINT ( 'NONE',  ( 2.573906414289002687, 5.055752399751003878, 33.70269254563500283 ) ) ;
#780 = CARTESIAN_POINT ( 'NONE',  ( -0.01205877151517999700, 1.584672082890997258, 31.81940353134701382 ) ) ;
#781 = CARTESIAN_POINT ( 'NONE',  ( 2.495882572741998207, 14.99398709694300535, 33.37614447816198293 ) ) ;
#782 = CARTESIAN_POINT ( 'NONE',  ( 2.500000000000000000, 2.500000000000000000, 34.00000000000000000 ) ) ;
#783 = FACE_OUTER_BOUND ( 'NONE', #215, .T. ) ;
#784 = CARTESIAN_POINT ( 'NONE',  ( 5.000000000000000000, 17.67673692026102472, 33.34613785263502450 ) ) ;
#785 = CARTESIAN_POINT ( 'NONE',  ( 0.8022739024160000509, 20.10000000000000142, 24.00000000000000000 ) ) ;
#786 = CARTESIAN_POINT ( 'NONE',  ( 4.523578815018999499, 19.10788338115899876, 30.29211661884099982 ) ) ;
#787 = CARTESIAN_POINT ( 'NONE',  ( 19.94841270774632491, 0.6478978316517847169, 30.00000000000000000 ) ) ;
#788 = ORIENTED_EDGE ( 'NONE', *, *, #2089, .T. ) ;
#789 = CARTESIAN_POINT ( 'NONE',  ( 0.4571220966229996852, 20.50911908009501161, 31.52181156835699838 ) ) ;
#790 = CARTESIAN_POINT ( 'NONE',  ( 2.999999999999999556, 5.559411708155996834, 34.00000000000000711 ) ) ;
#791 =( BOUNDED_SURFACE ( )  B_SPLINE_SURFACE ( 6, 12, ( 
 ( #2980, #4493, #1254, #2634, #1233, #4074, #3045, #3399, #3426, #3734, #3020, #2277, #4161, #495, #2374, #159, #541, #824, #4122, #1945, #2678, #2017, #2699, #2720 ),
 ( #2659, #4139, #185, #4102, #92, #4470, #1968, #3802, #2325, #871, #3776, #3375, #1631, #3000, #852, #4448, #4427, #134, #1208, #1995, #2306, #1584, #3754, #515 ),
 ( #894, #3069, #2347, #4513, #922, #564, #1542, #1184, #3711, #471, #3355, #4629, #3139, #2751, #652, #3447, #3161, #3497, #228, #1722, #3184, #1745, #295, #945 ),
 ( #4236, #250, #4606, #2839, #4191, #4261, #3541, #2061, #2038, #1701, #4585, #630, #2774, #1373, #2819, #3849, #1350, #1018, #2108, #1039, #2491, #3876, #2469, #3826 ),
 ( #1397, #2798, #1302, #4280, #3918, #995, #675, #206, #3470, #1656, #2447, #1681, #3895, #3118, #1328, #3095, #4538, #2085, #2397, #4563, #584, #3520, #4213, #2420 ),
 ( #272, #969, #606, #2540, #324, #417, #1508, #14, #3207, #3252, #4648, #3659, #772, #2182, #2608, #3567, #701, #1158, #4349, #349, #1131, #2157, #4672, #2131 ),
 ( #60, #3298, #1417, #3635, #1437, #2906, #4301, #2581, #1460, #1773, #1865, #3972, #2859, #2950, #4398, #1107, #1059, #1085, #368, #2516, #4046, #724, #3946, #744 ) ),
 .UNSPECIFIED., .F., .F., .T. ) 
 B_SPLINE_SURFACE_WITH_KNOTS ( ( 7, 7 ),
 ( 13, 11, 13 ),
 ( 0.000000000000000000, 4.834072163473999595 ),
 ( 23.06140788670800035, 25.39465387234000104, 27.89548005018199817 ),
 .UNSPECIFIED. ) 
 GEOMETRIC_REPRESENTATION_ITEM ( )  RATIONAL_B_SPLINE_SURFACE ( (
 ( 1.081503655896999927, 1.082607062346999882, 1.083601580615999982, 1.084596319370999984, 1.085537679618999940, 1.086615520028000104, 1.087223976556999983, 1.088180484288000072, 1.088698743134999924, 1.089259566513999911, 1.089616245670999906, 1.089836565750999853, 1.089972937947000009, 1.089867881710999908, 1.089583186073999954, 1.089130086504999984, 1.088504234540999871, 1.087747873711000013, 1.086884274723999955, 1.085900833668999921, 1.084836778113999811, 1.083791443935000043, 1.082707694341999982, 1.081500360601999944),
 ( 1.024203155348999861, 1.024490643952000068, 1.024748587117999987, 1.025005696081999984, 1.025248326802000065, 1.025524474755000082, 1.025679735383999924, 1.025923764997999976, 1.026054959711000025, 1.026197309575999972, 1.026287550589999986, 1.026343317377000020, 1.026377827901999940, 1.026351243820999848, 1.026279195009000000, 1.026164590086000139, 1.026005874455000022, 1.025813592717000011, 1.025593419708999976, 1.025341615175000110, 1.025067867098000018, 1.024797808148999900, 1.024516866801999937, 1.024202296766999920),
 ( 0.9948530915739999259, 0.9947907511050000373, 0.9947348675780000038, 0.9946792076810000438, 0.9946267141900000386, 0.9945670557799999312, 0.9945335528410000903, 0.9944808949959998978, 0.9944526482759999952, 0.9944219777330000065, 0.9944025526510000823, 0.9943905469849999568, 0.9943831179120000696, 0.9943888406140000136, 0.9944043504970000447, 0.9944290182250000720, 0.9944632066810000781, 0.9945046558179999607, 0.9945521574289999389, 0.9946065471479998976, 0.9946657473309999942, 0.9947242049139999320, 0.9947850646589999624, 0.9948532777530000315),
 ( 0.9850481038399999667, 0.9848587807360000834, 0.9846883883010000282, 0.9845181388910000386, 0.9843571646759999849, 0.9841731794689999591, 0.9840694318579999988, 0.9839063500760000247, 0.9838181774489999087, 0.9837226910019999382, 0.9836620161030000808, 0.9836245325219999946, 0.9836013325960000220, 0.9836192046139999867, 0.9836676386439999753, 0.9837447099570000297, 0.9838512418579999919, 0.9839800732650000326, 0.9841272845650000933, 0.9842951268030000200, 0.9844769809349999123, 0.9846558633449999931, 0.9848415134950000427, 0.9850486692500000085),
 ( 0.9948530915739999259, 0.9947907511050000373, 0.9947348675780000038, 0.9946792076810000438, 0.9946267141890000607, 0.9945670557819999980, 0.9945335528390000235, 0.9944808949969999867, 0.9944526482750000174, 0.9944219777339999844, 0.9944025526510000823, 0.9943905469849999568, 0.9943831179120000696, 0.9943888406140000136, 0.9944043504960000668, 0.9944290182250000720, 0.9944632066799999892, 0.9945046558189999386, 0.9945521574279999610, 0.9946065471479998976, 0.9946657473309999942, 0.9947242049139999320, 0.9947850646589999624, 0.9948532777530000315),
 ( 1.024203155348999861, 1.024490643952000068, 1.024748587117999987, 1.025005696081000117, 1.025248326802000065, 1.025524474755000082, 1.025679735383999924, 1.025923764997000109, 1.026054959711000025, 1.026197309575999972, 1.026287550589999986, 1.026343317377000020, 1.026377827901999940, 1.026351243820999848, 1.026279195009000000, 1.026164590086000139, 1.026005874455999889, 1.025813592715000055, 1.025593419710000065, 1.025341615174000021, 1.025067867098999885, 1.024797808148999900, 1.024516866801999937, 1.024202296766999920),
 ( 1.081503655896999927, 1.082607062346999882, 1.083601580615999982, 1.084596319370999984, 1.085537679618999940, 1.086615520028000104, 1.087223976556999983, 1.088180484288000072, 1.088698743134999924, 1.089259566513999911, 1.089616245670999906, 1.089836565750999853, 1.089972937947000009, 1.089867881710999908, 1.089583186073999954, 1.089130086504999984, 1.088504234540999871, 1.087747873711000013, 1.086884274723999955, 1.085900833668999921, 1.084836778113999811, 1.083791443935000043, 1.082707694341999982, 1.081500360601999944) ) ) 
 REPRESENTATION_ITEM ( '' )  SURFACE ( )  );
#792 = CARTESIAN_POINT ( 'NONE',  ( 3.040374157552999002, 21.03642304130100626, 31.95083675542200297 ) ) ;
#793 = DIRECTION ( 'NONE',  ( 0.7071067811865474617, 0.000000000000000000, -0.7071067811865474617 ) ) ;
#794 = VERTEX_POINT ( 'NONE', #1529 ) ;
#795 = CARTESIAN_POINT ( 'NONE',  ( 17.00000000000000000, 22.00000000000000000, 25.19999999999999929 ) ) ;
#796 = ORIENTED_EDGE ( 'NONE', *, *, #3472, .F. ) ;
#797 = CARTESIAN_POINT ( 'NONE',  ( 1.107122888750000200, 4.582231706173999441, 30.50712288874900224 ) ) ;
#798 = CARTESIAN_POINT ( 'NONE',  ( 3.010728431210001332, 0.05216210958691004651, 31.88694756686899012 ) ) ;
#799 = ORIENTED_EDGE ( 'NONE', *, *, #3001, .T. ) ;
#800 = CARTESIAN_POINT ( 'NONE',  ( 3.000000000000000000, 17.00000000000000000, 29.00000000000000000 ) ) ;
#801 = DATE_TIME_ROLE ( 'creation_date' ) ;
#802 = CARTESIAN_POINT ( 'NONE',  ( 2.089948725972001764, 5.130667692178001005, 33.76571683465198248 ) ) ;
#803 = CARTESIAN_POINT ( 'NONE',  ( 1.687029598303000144, 0.1101437280319999823, 31.29728335545198448 ) ) ;
#804 = CARTESIAN_POINT ( 'NONE',  ( 1.724269011316000633, 15.06020970373198686, 33.51399057776102808 ) ) ;
#805 = DIRECTION ( 'NONE',  ( 1.000000000000000000, 0.000000000000000000, 0.000000000000000000 ) ) ;
#806 = DIRECTION ( 'NONE',  ( 1.000000000000000000, 0.000000000000000000, 0.000000000000000000 ) ) ;
#807 = EDGE_CURVE ( 'NONE', #1006, #505, #527, .T. ) ;
#808 = CARTESIAN_POINT ( 'NONE',  ( 4.919457735575996082, 18.18159191616702230, 33.20132153214301240 ) ) ;
#809 = EDGE_CURVE ( 'NONE', #2677, #393, #4166, .T. ) ;
#810 = PLANE ( 'NONE',  #2214 ) ;
#811 = CARTESIAN_POINT ( 'NONE',  ( 3.000000000000000000, 14.44058829184400139, 34.00000000000000000 ) ) ;
#812 = CARTESIAN_POINT ( 'NONE',  ( 19.99263843682500053, 1.015391319628000000, 30.00000000000000000 ) ) ;
#813 = ORIENTED_EDGE ( 'NONE', *, *, #3203, .F. ) ;
#814 = CARTESIAN_POINT ( 'NONE',  ( -0.1833790494280001793, 19.94701053917600930, 31.50391978088098099 ) ) ;
#815 = DIRECTION ( 'NONE',  ( -1.000000000000000000, 0.000000000000000000, 0.000000000000000000 ) ) ;
#816 = CARTESIAN_POINT ( 'NONE',  ( 11.18743420870399952, 3.000000000000000000, 34.00000000000000000 ) ) ;
#817 = CARTESIAN_POINT ( 'NONE',  ( 5.466002193639996953, 1.399160426074000707, 33.73765914521401754 ) ) ;
#818 = VERTEX_POINT ( 'NONE', #3412 ) ;
#819 = CARTESIAN_POINT ( 'NONE',  ( -0.1000000000000000056, 0.5999999999999999778, 24.12045915678299934 ) ) ;
#820 =( BOUNDED_CURVE ( )  B_SPLINE_CURVE ( 6, ( #1102, #765, #2221, #3912, #4344, #341, #3604 ),
 .UNSPECIFIED., .F., .T. ) 
 B_SPLINE_CURVE_WITH_KNOTS ( ( 7, 7 ),
 ( 0.000000000000000000, 4.834072163473999595 ),
 .UNSPECIFIED. ) 
 CURVE ( )  GEOMETRIC_REPRESENTATION_ITEM ( )  RATIONAL_B_SPLINE_CURVE ( ( 1.081500360601999944, 1.024202296766999920, 0.9948532777530000315, 0.9850486692500000085, 0.9948532777530000315, 1.024202296766999920, 1.081500360601999944 ) ) 
 REPRESENTATION_ITEM ( '' )  );
#821 = CARTESIAN_POINT ( 'NONE',  ( 0.8261801365359999760, 4.529353200199000007, 30.22618013653599789 ) ) ;
#822 = CARTESIAN_POINT ( 'NONE',  ( 4.788736399385004283, 1.471406074310000367, 33.22657125676197154 ) ) ;
#823 = VERTEX_POINT ( 'NONE', #4415 ) ;
#824 = CARTESIAN_POINT ( 'NONE',  ( 0.09133329942074004670, 18.26954930389300813, 31.30403289397099442 ) ) ;
#825 = DATE_TIME_ROLE ( 'classification_date' ) ;
#826 = CARTESIAN_POINT ( 'NONE',  ( 1.110487717495999060, 4.828908554638997153, 33.44081647901002441 ) ) ;
#827 = CARTESIAN_POINT ( 'NONE',  ( 2.588300099983999125, -0.009044177117075998668, 31.49824666431101505 ) ) ;
#828 = CARTESIAN_POINT ( 'NONE',  ( -0.3524565496760000971, 17.10867971553199141, 32.24848758640501956 ) ) ;
#829 = FACE_OUTER_BOUND ( 'NONE', #1933, .T. ) ;
#830 = CC_DESIGN_PERSON_AND_ORGANIZATION_ASSIGNMENT ( #4428, #1632, ( #4546 ) ) ;
#831 = CARTESIAN_POINT ( 'NONE',  ( 8.812565791296000484, 3.000000000000000000, 34.00000000000000000 ) ) ;
#832 = CARTESIAN_POINT ( 'NONE',  ( 3.770355370700002595, 19.67488393893298948, 32.29737315910100648 ) ) ;
#833 = DIRECTION ( 'NONE',  ( 1.000000000000000000, 0.000000000000000000, 0.000000000000000000 ) ) ;
#834 = CARTESIAN_POINT ( 'NONE',  ( 0.03804944354526999806, 2.934510595466000016, 31.59295520241300181 ) ) ;
#835 = EDGE_CURVE ( 'NONE', #393, #2305, #2132, .T. ) ;
#836 = CARTESIAN_POINT ( 'NONE',  ( 16.50000000000000000, 9.726944932758000206, 33.39791576165600162 ) ) ;
#837 = VERTEX_POINT ( 'NONE', #1176 ) ;
#838 = EDGE_CURVE ( 'NONE', #893, #3681, #301, .T. ) ;
#839 = CARTESIAN_POINT ( 'NONE',  ( -0.8471556858639999188, 18.95830052837200341, 31.57778311828402096 ) ) ;
#840 = AXIS2_PLACEMENT_3D ( 'NONE', #3420, #3349, #3682 ) ;
#841 = DIRECTION ( 'NONE',  ( 1.000000000000000000, 0.000000000000000000, 0.000000000000000000 ) ) ;
#842 = VECTOR ( 'NONE', #793, 1000.000000000000114 ) ;
#843 = CARTESIAN_POINT ( 'NONE',  ( 2.500000000000000000, 2.500000000000000000, 33.39999999999999858 ) ) ;
#844 = DIRECTION ( 'NONE',  ( 0.000000000000000000, 0.000000000000000000, 1.000000000000000000 ) ) ;
#845 = ORIENTED_EDGE ( 'NONE', *, *, #4278, .T. ) ;
#846 = CIRCLE ( 'NONE', #4542, 3.000000000000002665 ) ;
#847 = CARTESIAN_POINT ( 'NONE',  ( 3.000000000000000000, -1.399999999999999911, 24.60000000000000142 ) ) ;
#848 = CARTESIAN_POINT ( 'NONE',  ( 0.7559731566339999986, 4.555238950101999862, 30.15597315663400124 ) ) ;
#849 = CARTESIAN_POINT ( 'NONE',  ( 3.953805535702997975, 0.3186684791579998954, 32.64312516942898412 ) ) ;
#850 = CIRCLE ( 'NONE', #4619, 6.500000000000000888 ) ;
#851 = VERTEX_POINT ( 'NONE', #4572 ) ;
#852 = CARTESIAN_POINT ( 'NONE',  ( 0.3751083659730002351, 18.85828595026899279, 31.49811767950101427 ) ) ;
#853 = DATE_AND_TIME ( #3070, #1531 ) ;
#854 = CARTESIAN_POINT ( 'NONE',  ( 1.417110718717998541, 15.16561069176998267, 33.39867888899397741 ) ) ;
#855 = CARTESIAN_POINT ( 'NONE',  ( -1.019791484485000232, 16.87852955563798218, 31.97348806346500538 ) ) ;
#856 = CARTESIAN_POINT ( 'NONE',  ( 1.507174921517000499, -1.000926113797000250, 31.64636117896900203 ) ) ;
#857 = CARTESIAN_POINT ( 'NONE',  ( 5.000000000000000000, 17.50000000000000000, 33.37134415454903547 ) ) ;
#858 = DIRECTION ( 'NONE',  ( 0.000000000000000000, 0.000000000000000000, -1.000000000000000000 ) ) ;
#859 = FACE_OUTER_BOUND ( 'NONE', #4201, .T. ) ;
#860 = ORIENTED_EDGE ( 'NONE', *, *, #3264, .T. ) ;
#861 = CARTESIAN_POINT ( 'NONE',  ( 1.997262118454001589, 19.97346226954598691, 31.35712813427601020 ) ) ;
#862 = CARTESIAN_POINT ( 'NONE',  ( -0.1000000000000000056, 0.7027149495645936828, 24.05757981813960811 ) ) ;
#863 = CARTESIAN_POINT ( 'NONE',  ( -2.000000000000000000, 15.00000000000000000, 25.19999999999999929 ) ) ;
#864 = CARTESIAN_POINT ( 'NONE',  ( 2.891355455172001765, 20.35245994881798381, 32.24846749147597791 ) ) ;
#865 = ORIENTED_EDGE ( 'NONE', *, *, #4195, .F. ) ;
#866 = DIRECTION ( 'NONE',  ( 1.000000000000000000, 0.000000000000000000, 0.000000000000000000 ) ) ;
#867 = EDGE_CURVE ( 'NONE', #1327, #1372, #4593, .T. ) ;
#868 = CARTESIAN_POINT ( 'NONE',  ( 5.000000000000000000, 17.50000000000000000, 30.59999999999999787 ) ) ;
#869 = CARTESIAN_POINT ( 'NONE',  ( 3.076520552557000077, 0.06681416674799001143, 31.91083233241399952 ) ) ;
#870 = ORIENTED_EDGE ( 'NONE', *, *, #964, .T. ) ;
#871 = CARTESIAN_POINT ( 'NONE',  ( 1.264004535836000143, 19.69547494516500663, 31.51227415240998653 ) ) ;
#872 = APPROVAL_STATUS ( 'not_yet_approved' ) ;
#873 = EDGE_CURVE ( 'NONE', #2882, #4457, #3277, .T. ) ;
#874 = CARTESIAN_POINT ( 'NONE',  ( 0.7032712121610001921, 15.60487748377100736, 32.98651053053600180 ) ) ;
#875 = DIRECTION ( 'NONE',  ( -0.000000000000000000, 1.000000000000000000, 0.000000000000000000 ) ) ;
#876 = DESIGN_CONTEXT ( 'detailed design', #4296, 'design' ) ;
#877 = CARTESIAN_POINT ( 'NONE',  ( 16.48470567958499799, 10.54611136217000045, 33.39862034527100576 ) ) ;
#878 = CARTESIAN_POINT ( 'NONE',  ( 4.829515507919001749, 18.59908159219198964, 33.39300916822299570 ) ) ;
#879 = FACE_OUTER_BOUND ( 'NONE', #2200, .T. ) ;
#880 = CARTESIAN_POINT ( 'NONE',  ( 18.16598799718599722, 17.00000000000000000, 33.81494403636999380 ) ) ;
#881 = ORIENTED_EDGE ( 'NONE', *, *, #2263, .T. ) ;
#882 = DIRECTION ( 'NONE',  ( 0.9869070026308087717, 0.1612903225809689811, 0.000000000000000000 ) ) ;
#883 = ORIENTED_EDGE ( 'NONE', *, *, #3172, .T. ) ;
#884 = CARTESIAN_POINT ( 'NONE',  ( 0.4957185901889998858, 15.98180391974600667, 32.23756048136501562 ) ) ;
#885 = DIRECTION ( 'NONE',  ( 0.000000000000000000, -1.000000000000000000, 0.000000000000000000 ) ) ;
#886 = VECTOR ( 'NONE', #3147, 1000.000000000000114 ) ;
#887 = CARTESIAN_POINT ( 'NONE',  ( 17.00000000000000000, -2.000000000000003997, 31.92893218813452449 ) ) ;
#888 = EDGE_LOOP ( 'NONE', ( #2698, #283, #2390, #1528 ) ) ;
#889 = DIRECTION ( 'NONE',  ( -0.7071067811865474617, -2.119999999998643292E-15, -0.7071067811865474617 ) ) ;
#890 = SPHERICAL_SURFACE ( 'NONE', #1993, 5.000000000000000000 ) ;
#891 = CARTESIAN_POINT ( 'NONE',  ( 4.996847730840996427, 2.339885987300998060, 33.50952903712201447 ) ) ;
#892 = ADVANCED_FACE ( 'NONE', ( #2761 ), #3435, .T. ) ;
#893 = VERTEX_POINT ( 'NONE', #573 ) ;
#894 = CARTESIAN_POINT ( 'NONE',  ( 2.885885328772001213, 20.10776108043001287, 32.09613656955101391 ) ) ;
#895 = APPROVAL_DATE_TIME ( #1209, #1530 ) ;
#896 = ADVANCED_FACE ( 'NONE', ( #3860 ), #193, .F. ) ;
#897 = CARTESIAN_POINT ( 'NONE',  ( 1.117161200362999818, 15.16742233322101008, 33.44416228076500630 ) ) ;
#898 = CARTESIAN_POINT ( 'NONE',  ( -0.9818263819400000481, 16.72747724007000159, 32.02416302331899089 ) ) ;
#899 = LINE ( 'NONE', #3854, #753 ) ;
#900 = CARTESIAN_POINT ( 'NONE',  ( 5.147249453798996122, 17.75313229349301025, 33.79528368004399397 ) ) ;
#901 = B_SPLINE_CURVE_WITH_KNOTS ( 'NONE', 4,
 ( #2264, #3408, #2001, #3007, #1194 ),
 .UNSPECIFIED., .F., .F.,
 ( 5, 5 ),
 ( 31.51957830419300066, 31.90152567934000061 ),
 .UNSPECIFIED. ) ;
#902 = FACE_OUTER_BOUND ( 'NONE', #1293, .T. ) ;
#903 = FACE_OUTER_BOUND ( 'NONE', #2784, .T. ) ;
#904 = AXIS2_PLACEMENT_3D ( 'NONE', #259, #1286, #552 ) ;
#905 = ORIENTED_EDGE ( 'NONE', *, *, #4576, .F. ) ;
#906 = CARTESIAN_POINT ( 'NONE',  ( -0.1000000000000000056, 0.5999999999999999778, 30.00000000000000000 ) ) ;
#907 = ORIENTED_EDGE ( 'NONE', *, *, #4676, .T. ) ;
#908 = CARTESIAN_POINT ( 'NONE',  ( 0.2561197666719999266, 16.34515667537000994, 31.93096524568600003 ) ) ;
#909 = TOROIDAL_SURFACE ( 'NONE', #2877, 3.100000000000000089, 0.5999999999999999778 ) ;
#910 = DIRECTION ( 'NONE',  ( -0.000000000000000000, 1.000000000000000000, 0.000000000000000000 ) ) ;
#911 = CARTESIAN_POINT ( 'NONE',  ( 17.78539750748200277, -1.938315214456001856, 31.89279807735492867 ) ) ;
#912 = ORIENTED_EDGE ( 'NONE', *, *, #1592, .T. ) ;
#913 = ORIENTED_EDGE ( 'NONE', *, *, #1884, .T. ) ;
#914 = CARTESIAN_POINT ( 'NONE',  ( 16.50000000000000000, 10.27305509150200002, 33.39791576165700349 ) ) ;
#915 = CARTESIAN_POINT ( 'NONE',  ( -0.09170273700731992883, 2.975520460119997601, 32.11965881888200158 ) ) ;
#916 = CARTESIAN_POINT ( 'NONE',  ( 0.5953105243850003170, 0.8693638954980001943, 31.20594509002802042 ) ) ;
#917 = AXIS2_PLACEMENT_3D ( 'NONE', #2625, #3343, #1595 ) ;
#918 = CARTESIAN_POINT ( 'NONE',  ( 1.173340023892000206, 4.641318628208995101, 32.85631171515697702 ) ) ;
#919 = VECTOR ( 'NONE', #3852, 1000.000000000000000 ) ;
#920 = CARTESIAN_POINT ( 'NONE',  ( 2.964499724472999365, -0.3388347021339997989, 32.26576540862798481 ) ) ;
#921 = ORIENTED_EDGE ( 'NONE', *, *, #4401, .F. ) ;
#922 = CARTESIAN_POINT ( 'NONE',  ( 2.130188113882003353, 20.13876888947201849, 31.92148988870799897 ) ) ;
#923 = EDGE_CURVE ( 'NONE', #2677, #1509, #3079, .T. ) ;
#924 = CARTESIAN_POINT ( 'NONE',  ( 1.585888328477997877, 14.83263094771299784, 33.73908764387102366 ) ) ;
#925 = CIRCLE ( 'NONE', #1833, 2.500000000000000000 ) ;
#926 = CARTESIAN_POINT ( 'NONE',  ( 19.91458482545388620, 0.3995609853726392879, 29.79956098537264708 ) ) ;
#927 = CARTESIAN_POINT ( 'NONE',  ( -0.1000000000000000056, 0.5999999999999999778, 29.30000000000000071 ) ) ;
#928 = VECTOR ( 'NONE', #62, 1000.000000000000000 ) ;
#929 = CARTESIAN_POINT ( 'NONE',  ( 4.142401274271999334, 19.76132230822297586, 32.87900987013698284 ) ) ;
#930 = CARTESIAN_POINT ( 'NONE',  ( 5.029227402535996205, 0.3403091269880001990, 33.25749050037100574 ) ) ;
#931 = PLANE ( 'NONE',  #2487 ) ;
#932 = CARTESIAN_POINT ( 'NONE',  ( 11.08708765585600098, 16.40845070422500029, 33.39999999999999858 ) ) ;
#933 = ORIENTED_EDGE ( 'NONE', *, *, #1562, .T. ) ;
#934 = CARTESIAN_POINT ( 'NONE',  ( 16.50000000000000000, 9.726944932758000206, 33.39791576165600162 ) ) ;
#935 = DIRECTION ( 'NONE',  ( -1.000000000000000000, 0.000000000000000000, 0.000000000000000000 ) ) ;
#936 = LINE ( 'NONE', #177, #3251 ) ;
#937 = VERTEX_POINT ( 'NONE', #1641 ) ;
#938 = DIRECTION ( 'NONE',  ( 1.000000000000000000, 0.000000000000000000, 0.000000000000000000 ) ) ;
#939 = CARTESIAN_POINT ( 'NONE',  ( -0.5976164084759996165, 3.103027873521001734, 32.31541067963700442 ) ) ;
#940 = CIRCLE ( 'NONE', #1324, 3.100000000000001865 ) ;
#941 = CARTESIAN_POINT ( 'NONE',  ( 0.004347461494292001807, 2.730245363308002382, 31.80791819331898296 ) ) ;
#942 = CARTESIAN_POINT ( 'NONE',  ( -1.043569825484000013, 17.00000000000000000, 31.94101055190799698 ) ) ;
#943 = CARTESIAN_POINT ( 'NONE',  ( 2.988816777031998662, -0.3337309016369999770, 32.27221997121402808 ) ) ;
#944 = ORIENTED_EDGE ( 'NONE', *, *, #4017, .F. ) ;
#945 = CARTESIAN_POINT ( 'NONE',  ( -0.1077525189299999020, 17.11406898216002404, 32.09617562848499261 ) ) ;
#946 = B_SPLINE_CURVE_WITH_KNOTS ( 'NONE', 4,
 ( #1560, #2655, #1940, #2974, #3370 ),
 .UNSPECIFIED., .F., .F.,
 ( 5, 5 ),
 ( 19.01857285055900348, 19.40168485155899702 ),
 .UNSPECIFIED. ) ;
#947 = CARTESIAN_POINT ( 'NONE',  ( 1.656645229904999850, 14.96633349667299662, 33.64760436508998964 ) ) ;
#948 = LINE ( 'NONE', #3805, #919 ) ;
#949 = PLANE ( 'NONE',  #2201 ) ;
#950 = CARTESIAN_POINT ( 'NONE',  ( 4.986870561056997886, 18.52544280924801967, 33.59358475859202287 ) ) ;
#951 = CARTESIAN_POINT ( 'NONE',  ( 3.000000000000000000, -1.043602535759000194, 31.94096557830899741 ) ) ;
#952 = CARTESIAN_POINT ( 'NONE',  ( 19.93831521445600430, 19.78539750748199566, 29.00000000000000000 ) ) ;
#953 = EDGE_CURVE ( 'NONE', #411, #3106, #4237, .T. ) ;
#954 = ORIENTED_EDGE ( 'NONE', *, *, #1128, .T. ) ;
#955 = LINE ( 'NONE', #3835, #3545 ) ;
#956 = ORIENTED_EDGE ( 'NONE', *, *, #2296, .F. ) ;
#957 = CARTESIAN_POINT ( 'NONE',  ( -2.000000000000000000, 5.000000000000000000, 25.19999999999999929 ) ) ;
#958 = ADVANCED_FACE ( 'NONE', ( #2732 ), #3883, .F. ) ;
#959 = CARTESIAN_POINT ( 'NONE',  ( 9.343647102913999802, 16.48151773100299877, 33.39999999999999858 ) ) ;
#960 = CARTESIAN_POINT ( 'NONE',  ( 20.00000000000000000, 1.000000000000000000, 28.99999999999999645 ) ) ;
#961 = ORIENTED_EDGE ( 'NONE', *, *, #3238, .F. ) ;
#962 = CARTESIAN_POINT ( 'NONE',  ( 0.8626763684750000660, 15.47601409331699962, 30.26267636847499887 ) ) ;
#963 = CARTESIAN_POINT ( 'NONE',  ( 2.561775721166998920, 5.444174611822994336, 33.98545598554600389 ) ) ;
#964 = EDGE_CURVE ( 'NONE', #178, #2319, #3790, .T. ) ;
#965 = CARTESIAN_POINT ( 'NONE',  ( -0.08349848829842006215, 1.104363266305999014, 31.92574788743402436 ) ) ;
#966 = CYLINDRICAL_SURFACE ( 'NONE', #3570, 2.500000000000000000 ) ;
#967 = CARTESIAN_POINT ( 'NONE',  ( 4.598765488939006829, 0.7300131996709996463, 33.23835878827702572 ) ) ;
#968 = ORIENTED_EDGE ( 'NONE', *, *, #661, .F. ) ;
#969 = CARTESIAN_POINT ( 'NONE',  ( 2.716481358171999094, 20.93118976266302411, 32.09816997368598379 ) ) ;
#970 = APPROVAL_DATE_TIME ( #273, #2605 ) ;
#971 = VECTOR ( 'NONE', #171, 1000.000000000000000 ) ;
#972 = CARTESIAN_POINT ( 'NONE',  ( 2.309428598964001100, 14.71214585894398574, 33.90571376368799861 ) ) ;
#973 = CARTESIAN_POINT ( 'NONE',  ( -2.000000000000000000, -2.000000000000000000, 24.00000000000000000 ) ) ;
#974 = CARTESIAN_POINT ( 'NONE',  ( 16.45458715833997942, 10.81511035529699249, 34.01233508597498201 ) ) ;
#975 =( BOUNDED_CURVE ( )  B_SPLINE_CURVE ( 3, ( #1937, #2271, #128, #1505 ),
 .UNSPECIFIED., .F., .F. ) 
 B_SPLINE_CURVE_WITH_KNOTS ( ( 4, 4 ),
 ( 3.141592653589793116, 3.849075865369115057 ),
 .UNSPECIFIED. ) 
 CURVE ( )  GEOMETRIC_REPRESENTATION_ITEM ( )  RATIONAL_B_SPLINE_CURVE ( ( 1.000000000000000000, 0.9587221013097929623, 0.9587221013097929623, 1.000000000000000000 ) ) 
 REPRESENTATION_ITEM ( '' )  );
#976 = CARTESIAN_POINT ( 'NONE',  ( 4.841432960419997933, 18.84989139599797170, 33.45404851815700908 ) ) ;
#977 = CARTESIAN_POINT ( 'NONE',  ( 5.489041781341997606, 1.485746140273001892, 33.76678375646901031 ) ) ;
#978 = LINE ( 'NONE', #257, #4289 ) ;
#979 = DIRECTION ( 'NONE',  ( 0.9797958971132604278, 0.2000000000000528855, 0.000000000000000000 ) ) ;
#980 = DIRECTION ( 'NONE',  ( 1.000000000000000000, 0.000000000000000000, 0.000000000000000000 ) ) ;
#981 = ORIENTED_EDGE ( 'NONE', *, *, #807, .T. ) ;
#982 = DIRECTION ( 'NONE',  ( 0.9859154929577559345, 0.1672442547469573382, 0.000000000000000000 ) ) ;
#983 = CARTESIAN_POINT ( 'NONE',  ( 10.24072326167399893, 17.13664193937900393, 33.99793598499000069 ) ) ;
#984 = EDGE_CURVE ( 'NONE', #4073, #2181, #3396, .T. ) ;
#985 = DIRECTION ( 'NONE',  ( 0.000000000000000000, 0.000000000000000000, 1.000000000000000000 ) ) ;
#986 = EDGE_CURVE ( 'NONE', #3579, #2973, #955, .T. ) ;
#987 = ORIENTED_EDGE ( 'NONE', *, *, #2112, .T. ) ;
#988 = DIRECTION ( 'NONE',  ( 0.000000000000000000, 0.000000000000000000, 1.000000000000000000 ) ) ;
#989 = CARTESIAN_POINT ( 'NONE',  ( 0.4570611468990000148, 4.880373784395001913, 33.32537581311901675 ) ) ;
#990 = CARTESIAN_POINT ( 'NONE',  ( 2.156075330378002253, -0.1402521284019999093, 31.92677622337500409 ) ) ;
#991 = DIRECTION ( 'NONE',  ( 0.000000000000000000, 1.000000000000000000, 0.000000000000000000 ) ) ;
#992 = AXIS2_PLACEMENT_3D ( 'NONE', #3011, #1199, #4459 ) ;
#993 = CARTESIAN_POINT ( 'NONE',  ( 3.103794819657997639, -0.5973315487800003876, 32.31574920571699749 ) ) ;
#994 = ORIENTED_EDGE ( 'NONE', *, *, #1853, .F. ) ;
#995 = CARTESIAN_POINT ( 'NONE',  ( 1.770049537569999387, 20.64448432120302357, 32.03974173726498265 ) ) ;
#996 = VECTOR ( 'NONE', #2341, 1000.000000000000000 ) ;
#997 = VECTOR ( 'NONE', #576, 1000.000000000000000 ) ;
#998 = CARTESIAN_POINT ( 'NONE',  ( -0.07755625521030000413, 15.88075626351998082, 32.84188526681500520 ) ) ;
#999 = CARTESIAN_POINT ( 'NONE',  ( 3.000000000000000000, 8.812565791296000484, 34.00000000000000000 ) ) ;
#1000 = LOCAL_TIME ( 2, 32, 49.00000000000000000, #3356 ) ;
#1001 = CARTESIAN_POINT ( 'NONE',  ( 1.352048252501999226, 4.736109167524999108, 32.96746893955701552 ) ) ;
#1002 = CARTESIAN_POINT ( 'NONE',  ( 3.642573974815998650, -0.8656112222289996661, 32.17462088640201046 ) ) ;
#1003 = CARTESIAN_POINT ( 'NONE',  ( 19.81494403636999735, 20.16598799718600077, 30.85459283044112055 ) ) ;
#1004 =( BOUNDED_SURFACE ( )  B_SPLINE_SURFACE ( 2, 5, ( 
 ( #3528, #1804, #2115, #282, #2828, #4268 ),
 ( #2286, #3381, #1928, #2987, #4476, #3694 ),
 ( #1238, #3308, #1904, #2963, #4081, #140 ) ),
 .UNSPECIFIED., .F., .F., .T. ) 
 B_SPLINE_SURFACE_WITH_KNOTS ( ( 3, 3 ),
 ( 6, 6 ),
 ( 0.000000000000000000, 2.184440563304999916 ),
 ( 19.32813196668099920, 21.51257252998600222 ),
 .UNSPECIFIED. ) 
 GEOMETRIC_REPRESENTATION_ITEM ( )  RATIONAL_B_SPLINE_SURFACE ( (
 ( 1.000000000000000000, 1.000000000000000000, 1.000000000000000000, 1.000000000000000000, 1.000000000000000000, 1.000000000000000000),
 ( 0.7071067811869999886, 0.7008080202799999991, 0.6973263383459999964, 0.6973263383459999964, 0.7008080202799999991, 0.7071067811869999886),
 ( 1.000000000000000000, 1.000000000000000000, 1.000000000000000000, 1.000000000000000000, 1.000000000000000000, 1.000000000000000000) ) ) 
 REPRESENTATION_ITEM ( '' )  SURFACE ( )  );
#1005 = CARTESIAN_POINT ( 'NONE',  ( 9.780520724800998877, 16.51839603455799832, 33.39818303367099617 ) ) ;
#1006 = VERTEX_POINT ( 'NONE', #1619 ) ;
#1007 = CARTESIAN_POINT ( 'NONE',  ( 17.00000000000000000, 11.18743420870399952, 33.39999999999999858 ) ) ;
#1008 = DIRECTION ( 'NONE',  ( 1.000000000000000000, 0.000000000000000000, 0.000000000000000000 ) ) ;
#1009 = CARTESIAN_POINT ( 'NONE',  ( -5.000000000000000000, 5.000000000000000000, 28.00000000000000000 ) ) ;
#1010 = VERTEX_POINT ( 'NONE', #2783 ) ;
#1011 = CARTESIAN_POINT ( 'NONE',  ( 1.060259801963000070, 15.43926631524099946, 30.46025980196299798 ) ) ;
#1012 = EDGE_CURVE ( 'NONE', #442, #2490, #3316, .T. ) ;
#1013 = CARTESIAN_POINT ( 'NONE',  ( -0.3106999049020001125, 3.085085556074002255, 32.30105524647098747 ) ) ;
#1014 = CARTESIAN_POINT ( 'NONE',  ( -0.6966601801810001771, 2.272867536830000645, 32.13209435741596565 ) ) ;
#1015 = CARTESIAN_POINT ( 'NONE',  ( 16.40845070422500029, 8.912912344144000798, 33.39999999999999858 ) ) ;
#1016 = CARTESIAN_POINT ( 'NONE',  ( 5.051020518495005440, 2.469170616049002120, 33.68656230858702827 ) ) ;
#1017 = ORIENTED_EDGE ( 'NONE', *, *, #3672, .F. ) ;
#1018 = CARTESIAN_POINT ( 'NONE',  ( -0.2757430099239998600, 18.45922402080301694, 31.98201768778701393 ) ) ;
#1019 = EDGE_CURVE ( 'NONE', #263, #3374, #1511, .T. ) ;
#1020 = ADVANCED_FACE ( 'NONE', ( #4637 ), #2119, .T. ) ;
#1021 = CARTESIAN_POINT ( 'NONE',  ( 1.726994768825998783, 14.45631334517198674, 33.84000214820397900 ) ) ;
#1022 = FACE_OUTER_BOUND ( 'NONE', #1994, .T. ) ;
#1023 = CARTESIAN_POINT ( 'NONE',  ( 1.866104573144001577, 4.922169408630005627, 33.38694566427698618 ) ) ;
#1024 = CARTESIAN_POINT ( 'NONE',  ( 4.672880297140999062, 18.74515194760301995, 32.89687743950597820 ) ) ;
#1025 = CARTESIAN_POINT ( 'NONE',  ( 0.000000000000000000, 2.500000000000000444, 29.39999999999999503 ) ) ;
#1026 = CARTESIAN_POINT ( 'NONE',  ( 19.81494403636999735, 17.00000000000000000, 32.16598799718600077 ) ) ;
#1027 = CARTESIAN_POINT ( 'NONE',  ( 4.967267506577000447, 17.09677419354800065, 33.39999999999999858 ) ) ;
#1028 = VERTEX_POINT ( 'NONE', #1729 ) ;
#1029 = CARTESIAN_POINT ( 'NONE',  ( -0.9738602262960011080, 3.300598852436998243, 32.03460823244500943 ) ) ;
#1030 = CARTESIAN_POINT ( 'NONE',  ( 4.994618448548000522, 2.701933879557000040, 33.39532037317900404 ) ) ;
#1031 = FACE_OUTER_BOUND ( 'NONE', #3931, .T. ) ;
#1032 = ORIENTED_EDGE ( 'NONE', *, *, #4167, .F. ) ;
#1033 = FACE_OUTER_BOUND ( 'NONE', #1179, .T. ) ;
#1034 = CARTESIAN_POINT ( 'NONE',  ( 0.2432717454009998836, 4.450584406141000926, 33.09340365766102821 ) ) ;
#1035 = CARTESIAN_POINT ( 'NONE',  ( 2.917974769000002411, -0.6389282657950003941, 32.26699641400100660 ) ) ;
#1036 = DIRECTION ( 'NONE',  ( 0.000000000000000000, 1.000000000000000000, 0.000000000000000000 ) ) ;
#1037 = CARTESIAN_POINT ( 'NONE',  ( 5.211232302922005566, 1.760061783998001950, 33.78985486192199517 ) ) ;
#1038 = ORIENTED_EDGE ( 'NONE', *, *, #4453, .F. ) ;
#1039 = CARTESIAN_POINT ( 'NONE',  ( -0.3810225149220000107, 18.00390066448598603, 32.05930795541603118 ) ) ;
#1040 = CARTESIAN_POINT ( 'NONE',  ( 2.712844131968000561, 14.40508820184700234, 33.99552791276501296 ) ) ;
#1041 = EDGE_CURVE ( 'NONE', #2995, #3009, #3925, .T. ) ;
#1042 = CARTESIAN_POINT ( 'NONE',  ( 2.934587682303997802, 0.03806304987526998307, 31.59298142139298449 ) ) ;
#1043 = AXIS2_PLACEMENT_3D ( 'NONE', #4109, #1908, #3339 ) ;
#1044 = CARTESIAN_POINT ( 'NONE',  ( 1.120136854353998457, 4.609538750424997389, 33.03463492870697849 ) ) ;
#1045 = CARTESIAN_POINT ( 'NONE',  ( 4.746279807377000282, 18.61501592281599216, 32.98133346055897874 ) ) ;
#1046 = CARTESIAN_POINT ( 'NONE',  ( 2.394515775314998152, 14.99574385028602386, 33.36017037573098776 ) ) ;
#1047 = DIRECTION ( 'NONE',  ( 1.000000000000000000, 0.000000000000000000, 0.000000000000000000 ) ) ;
#1048 = LINE ( 'NONE', #2528, #4090 ) ;
#1049 = ORIENTED_EDGE ( 'NONE', *, *, #1592, .F. ) ;
#1050 = CARTESIAN_POINT ( 'NONE',  ( -0.5792411227890000847, 4.177273228803000116, 32.51301644982697781 ) ) ;
#1051 = CARTESIAN_POINT ( 'NONE',  ( 4.547354282707000372, 0.7715204047960000366, 30.17152040479599862 ) ) ;
#1052 = CARTESIAN_POINT ( 'NONE',  ( 2.231855951888999989, -0.005520543412334006500, 31.40996763155801830 ) ) ;
#1053 = ORIENTED_EDGE ( 'NONE', *, *, #2296, .T. ) ;
#1054 = DIRECTION ( 'NONE',  ( 1.000000000000000000, 0.000000000000000000, 0.000000000000000000 ) ) ;
#1055 = CARTESIAN_POINT ( 'NONE',  ( -0.8113226448490005183, 3.271653262162999898, 32.24613473542198960 ) ) ;
#1056 = CARTESIAN_POINT ( 'NONE',  ( 1.967653705897999927, -0.1131661956790000617, 31.88871850831101185 ) ) ;
#1057 = CARTESIAN_POINT ( 'NONE',  ( 5.171390338155999800, 1.601483972409001533, 33.74370338621301357 ) ) ;
#1058 = ORIENTED_EDGE ( 'NONE', *, *, #687, .T. ) ;
#1059 = CARTESIAN_POINT ( 'NONE',  ( -0.8471556858640000298, 18.95830052837200341, 31.57778311828402096 ) ) ;
#1060 = AXIS2_PLACEMENT_3D ( 'NONE', #4552, #284, #4524 ) ;
#1061 = CARTESIAN_POINT ( 'NONE',  ( -1.043569825484000013, 17.00000000000000000, 31.94101055190801475 ) ) ;
#1062 = DIRECTION ( 'NONE',  ( 0.000000000000000000, -1.000000000000000000, 0.000000000000000000 ) ) ;
#1063 = DIRECTION ( 'NONE',  ( -1.000000000000000000, 0.000000000000000000, 0.000000000000000000 ) ) ;
#1064 = VECTOR ( 'NONE', #1607, 1000.000000000000114 ) ;
#1065 = CARTESIAN_POINT ( 'NONE',  ( 3.000000000000000000, -1.043602535759001304, 31.94096557830900451 ) ) ;
#1066 = CARTESIAN_POINT ( 'NONE',  ( 0.3689053681250001882, 3.855913521033001334, 32.08808535746599233 ) ) ;
#1067 = VECTOR ( 'NONE', #3013, 1000.000000000000000 ) ;
#1068 = CARTESIAN_POINT ( 'NONE',  ( 18.09999999999999787, 10.00000000000000000, 32.00000000000000000 ) ) ;
#1069 = ADVANCED_FACE ( 'NONE', ( #25 ), #1976, .T. ) ;
#1070 = CARTESIAN_POINT ( 'NONE',  ( 0.5468973013969999908, 15.89035181340298131, 32.55848865328697883 ) ) ;
#1071 = DIRECTION ( 'NONE',  ( 0.000000000000000000, -1.000000000000000000, 0.000000000000000000 ) ) ;
#1072 = CIRCLE ( 'NONE', #9, 5.899999999999999467 ) ;
#1073 = CARTESIAN_POINT ( 'NONE',  ( 5.000000000000000000, 17.39963745846900167, 33.38565790698299196 ) ) ;
#1074 = VERTEX_POINT ( 'NONE', #3599 ) ;
#1075 = CARTESIAN_POINT ( 'NONE',  ( -0.9987908144909993791, 3.210265902670998539, 32.00169994150799369 ) ) ;
#1076 = CARTESIAN_POINT ( 'NONE',  ( 4.582231706173999441, 1.107122888749000111, 30.50712288874900224 ) ) ;
#1077 = AXIS2_PLACEMENT_3D ( 'NONE', #176, #149, #4091 ) ;
#1078 = DIRECTION ( 'NONE',  ( 0.000000000000000000, -1.000000000000000000, 0.000000000000000000 ) ) ;
#1079 = VERTEX_POINT ( 'NONE', #3239 ) ;
#1080 = CARTESIAN_POINT ( 'NONE',  ( 5.582808873820995998, 18.06442717815498966, 33.89647690119699064 ) ) ;
#1081 = CARTESIAN_POINT ( 'NONE',  ( -0.8529884566519999600, 3.129353685190998213, 32.19696010624502946 ) ) ;
#1082 = CARTESIAN_POINT ( 'NONE',  ( 5.367948279844000581, 18.94907676392297802, 33.61575453979200034 ) ) ;
#1083 = CARTESIAN_POINT ( 'NONE',  ( 3.060549897896999827, -1.032492050086000202, 31.95621027592898500 ) ) ;
#1084 = ORIENTED_EDGE ( 'NONE', *, *, #1771, .T. ) ;
#1085 = CARTESIAN_POINT ( 'NONE',  ( -0.9512110451509997455, 18.68160139601802072, 31.61614957493299016 ) ) ;
#1086 = CARTESIAN_POINT ( 'NONE',  ( -0.7365575368340006035, 16.06754217163299003, 32.33358329310999579 ) ) ;
#1087 = DIRECTION ( 'NONE',  ( 0.5773502691896258421, 0.5773502691896258421, -0.5773502691896258421 ) ) ;
#1088 = LINE ( 'NONE', #115, #1064 ) ;
#1089 = CARTESIAN_POINT ( 'NONE',  ( -0.8905336888049999455, 2.958003794488001326, 32.15142457478001603 ) ) ;
#1090 = CARTESIAN_POINT ( 'NONE',  ( 0.05656304285456001391, 3.031431918907998568, 31.89410293412798225 ) ) ;
#1091 = CARTESIAN_POINT ( 'NONE',  ( 10.00000000000000000, 10.00000000000000000, 32.00000000000000000 ) ) ;
#1092 = CARTESIAN_POINT ( 'NONE',  ( 0.5897659210590000534, 15.83834981719098423, 32.34958531551801286 ) ) ;
#1093 = DIRECTION ( 'NONE',  ( 1.000000000000000000, 0.000000000000000000, 0.000000000000000000 ) ) ;
#1094 = CARTESIAN_POINT ( 'NONE',  ( 3.000000000000000000, 3.000000000000000000, 25.19999999999999929 ) ) ;
#1095 = B_SPLINE_CURVE_WITH_KNOTS ( 'NONE', 6,
 ( #2843, #3974, #3662, #2563, #1134, #2887, #4653, #3187, #726, #1775, #2519, #1749 ),
 .UNSPECIFIED., .F., .F.,
 ( 7, 5, 7 ),
 ( 0.7682907813850489154, 0.8686752789870000324, 1.000000000000000000 ),
 .UNSPECIFIED. ) ;
#1096 = CARTESIAN_POINT ( 'NONE',  ( 1.717615815317998118, 5.542080937807005725, 33.83758913555401904 ) ) ;
#1097 = CARTESIAN_POINT ( 'NONE',  ( 19.79085274609781564, 20.10000000000000142, 29.07501324104629248 ) ) ;
#1098 = ORIENTED_EDGE ( 'NONE', *, *, #4058, .F. ) ;
#1099 = EDGE_CURVE ( 'NONE', #1079, #557, #1141, .T. ) ;
#1100 = CARTESIAN_POINT ( 'NONE',  ( 0.5191720017327441372, 0.9602040762327063161, 31.21002990624440443 ) ) ;
#1101 = ORIENTED_EDGE ( 'NONE', *, *, #26, .F. ) ;
#1102 = CARTESIAN_POINT ( 'NONE',  ( 0.03812749770920999259, 17.06504737905800084, 31.59310122062500525 ) ) ;
#1103 = DIRECTION ( 'NONE',  ( -1.000000000000000000, 2.282530889443167515E-16, 0.000000000000000000 ) ) ;
#1104 = CARTESIAN_POINT ( 'NONE',  ( 3.149083831017999380, 20.84792250831898386, 32.20304052683202656 ) ) ;
#1105 = CARTESIAN_POINT ( 'NONE',  ( 2.986813171826999014, -0.8851167848990003639, 32.15806207091901570 ) ) ;
#1106 = ORIENTED_EDGE ( 'NONE', *, *, #2008, .F. ) ;
#1107 = CARTESIAN_POINT ( 'NONE',  ( -0.7171616657580004439, 19.22714321448901842, 31.54640988648899835 ) ) ;
#1108 = ORIENTED_EDGE ( 'NONE', *, *, #3090, .T. ) ;
#1109 = CARTESIAN_POINT ( 'NONE',  ( 1.069315262447000148, 14.62812409692899784, 33.62145610616899205 ) ) ;
#1110 = DIRECTION ( 'NONE',  ( 0.000000000000000000, 0.000000000000000000, 1.000000000000000000 ) ) ;
#1111 = CARTESIAN_POINT ( 'NONE',  ( 4.012528260758998044, 0.4898637278380001403, 32.23163079171398948 ) ) ;
#1112 = DIRECTION ( 'NONE',  ( 0.000000000000000000, 0.000000000000000000, 1.000000000000000000 ) ) ;
#1113 = CARTESIAN_POINT ( 'NONE',  ( 1.715889226526998046, 4.937271381205996512, 33.51110759772098646 ) ) ;
#1114 = B_SPLINE_CURVE_WITH_KNOTS ( 'NONE', 6,
 ( #4253, #2768, #2742, #2414, #4206, #1344, #3462, #623, #3514, #4556, #3843, #3868, #2812, #1737, #4622, #4579, #2079, #1294, #266, #1716, #2462, #598, #962, #3154, #578, #2053, #1389, #3535, #1011, #244, #646, #1673 ),
 .UNSPECIFIED., .F., .F.,
 ( 7, 5, 5, 5, 5, 5, 7 ),
 ( 0.000000000000000000, 0.1510676429059999992, 0.3623763766579999879, 0.4974813335240000356, 0.5602968112319999250, 0.6709006142610000056, 1.000000000000000000 ),
 .UNSPECIFIED. ) ;
#1115 = CARTESIAN_POINT ( 'NONE',  ( 5.000000000000000000, 2.500000000000000000, 33.37134419545400021 ) ) ;
#1116 = CARTESIAN_POINT ( 'NONE',  ( 0.8606372336619998453, 15.57950632227202270, 32.61210537372799934 ) ) ;
#1117 = LINE ( 'NONE', #2569, #331 ) ;
#1118 = FACE_OUTER_BOUND ( 'NONE', #2130, .T. ) ;
#1119 = CARTESIAN_POINT ( 'NONE',  ( 2.565066228488001254, 5.604323752688995519, 33.98627768699502383 ) ) ;
#1120 = CARTESIAN_POINT ( 'NONE',  ( 19.79044398227134494, 20.10000000000000142, 29.11251658975326251 ) ) ;
#1121 = CARTESIAN_POINT ( 'NONE',  ( 17.00000000000000000, 8.812565791296000484, 34.00000000000000000 ) ) ;
#1122 = CARTESIAN_POINT ( 'NONE',  ( 3.000000000000000000, -1.043602535759000194, 31.94096557830899741 ) ) ;
#1123 = ORIENTED_EDGE ( 'NONE', *, *, #2379, .T. ) ;
#1124 = CARTESIAN_POINT ( 'NONE',  ( -1.043609511939999734, 3.000000000000000000, 31.94095598657099444 ) ) ;
#1125 = EDGE_CURVE ( 'NONE', #2319, #1130, #4529, .T. ) ;
#1126 =( BOUNDED_CURVE ( )  B_SPLINE_CURVE ( 6, ( #1475, #103, #2943, #4413, #3312, #75, #1122 ),
 .UNSPECIFIED., .F., .F. ) 
 B_SPLINE_CURVE_WITH_KNOTS ( ( 7, 7 ),
 ( 0.000000000000000000, 4.826669157023999901 ),
 .UNSPECIFIED. ) 
 CURVE ( )  GEOMETRIC_REPRESENTATION_ITEM ( )  RATIONAL_B_SPLINE_CURVE ( ( 1.081505252924999994, 1.024203571448000005, 0.9948530013449999876, 0.9850478298210000316, 0.9948530013449999876, 1.024203571448000005, 1.081505252924999994 ) ) 
 REPRESENTATION_ITEM ( '' )  );
#1127 = CARTESIAN_POINT ( 'NONE',  ( 3.024375461055002212, 20.61731956440299740, 32.29249133067801836 ) ) ;
#1128 = EDGE_CURVE ( 'NONE', #3660, #1730, #1762, .T. ) ;
#1129 = CARTESIAN_POINT ( 'NONE',  ( 0.2500000000003725353, 19.75000000000037659, 24.05796647666469212 ) ) ;
#1130 = VERTEX_POINT ( 'NONE', #757 ) ;
#1131 = CARTESIAN_POINT ( 'NONE',  ( -0.9543831036450001193, 17.83173434200499941, 31.98732056595898854 ) ) ;
#1132 = ORIENTED_EDGE ( 'NONE', *, *, #3288, .T. ) ;
#1133 = CARTESIAN_POINT ( 'NONE',  ( 10.65635289708600020, 3.518482268997000340, 33.39999999999999858 ) ) ;
#1134 = CARTESIAN_POINT ( 'NONE',  ( 19.97048697486264501, 19.20770532040184264, 30.00000000000000000 ) ) ;
#1135 = CARTESIAN_POINT ( 'NONE',  ( 3.111030124280001363, 0.07549754918508999602, 31.65309727654399907 ) ) ;
#1136 = CARTESIAN_POINT ( 'NONE',  ( -0.9292781892520003417, 2.727521541529000615, 32.10067196577298887 ) ) ;
#1137 = CARTESIAN_POINT ( 'NONE',  ( 0.9076302359339998294, 4.719217472897001997, 33.34039313006099547 ) ) ;
#1138 = CIRCLE ( 'NONE', #449, 5.000000000000000000 ) ;
#1139 = CARTESIAN_POINT ( 'NONE',  ( 0.1132303881820000413, 1.666135620788999683, 31.29207434875999994 ) ) ;
#1140 = CARTESIAN_POINT ( 'NONE',  ( 1.039216123853000440, 15.44859289026898708, 32.75801507469897444 ) ) ;
#1141 = B_SPLINE_CURVE_WITH_KNOTS ( 'NONE', 8,
 ( #1470, #2477, #2916, #335, #4359, #3551, #1404, #307, #4613 ),
 .UNSPECIFIED., .F., .F.,
 ( 9, 9 ),
 ( 0.9140250220964821759, 1.000000000000000000 ),
 .UNSPECIFIED. ) ;
#1142 = CARTESIAN_POINT ( 'NONE',  ( 17.00000000000000000, 3.000000000000000000, 34.00000000000000000 ) ) ;
#1143 = CIRCLE ( 'NONE', #3401, 0.6000000000000014211 ) ;
#1144 = CARTESIAN_POINT ( 'NONE',  ( 1.012410554006999641, -0.8276872274800001206, 31.57543300433802713 ) ) ;
#1145 = CARTESIAN_POINT ( 'NONE',  ( 4.909372546650001112, 18.22110204694298119, 33.36539335706299880 ) ) ;
#1146 = CARTESIAN_POINT ( 'NONE',  ( 19.79105714591275955, 20.10000000000000142, 29.03750780910139540 ) ) ;
#1147 = CIRCLE ( 'NONE', #3027, 2.000000000000000000 ) ;
#1148 = CARTESIAN_POINT ( 'NONE',  ( 19.92377655458385277, 19.53583292286397821, 29.86416707713601681 ) ) ;
#1149 = CARTESIAN_POINT ( 'NONE',  ( -0.1000000000000000056, 5.000000000000000000, 24.00000000000000000 ) ) ;
#1150 = ORIENTED_EDGE ( 'NONE', *, *, #50, .T. ) ;
#1151 = CARTESIAN_POINT ( 'NONE',  ( -0.9512110451509995235, 18.68160139601802072, 31.61614957493299727 ) ) ;
#1152 = ORGANIZATION ( 'UNSPECIFIED', 'UNSPECIFIED', '' ) ;
#1153 = CARTESIAN_POINT ( 'NONE',  ( 0.07025385297810998741, 16.91006588528102128, 31.64465994052901010 ) ) ;
#1154 = AXIS2_PLACEMENT_3D ( 'NONE', #408, #2599, #2941 ) ;
#1155 = CARTESIAN_POINT ( 'NONE',  ( 3.080662479837999790, 21.02861325108901269, 31.96151713012702444 ) ) ;
#1156 = CARTESIAN_POINT ( 'NONE',  ( 3.000000000000000000, 21.39999999999999858, 24.60000000000000142 ) ) ;
#1157 = ORIENTED_EDGE ( 'NONE', *, *, #2690, .F. ) ;
#1158 = CARTESIAN_POINT ( 'NONE',  ( -0.8085528822410004146, 18.64667295873998043, 31.84899920282501640 ) ) ;
#1159 = ORIENTED_EDGE ( 'NONE', *, *, #2861, .T. ) ;
#1160 = CARTESIAN_POINT ( 'NONE',  ( 0.8921166188419999976, 4.523578815018999499, 30.29211661884199813 ) ) ;
#1161 = CARTESIAN_POINT ( 'NONE',  ( 3.089447248044997707, -0.06578987288037001224, 32.15739511280398943 ) ) ;
#1162 = EDGE_CURVE ( 'NONE', #4562, #1232, #1138, .T. ) ;
#1163 = CARTESIAN_POINT ( 'NONE',  ( 3.000000000000000000, 11.18743420870399952, 34.00000000000000000 ) ) ;
#1164 = ADVANCED_FACE ( 'NONE', ( #1118 ), #3471, .T. ) ;
#1165 = CARTESIAN_POINT ( 'NONE',  ( 0.5859183996490002766, 4.270633972436997716, 32.89209051639703318 ) ) ;
#1166 = CARTESIAN_POINT ( 'NONE',  ( 0.1831759784230000410, 1.508433035251999010, 31.54624622709900095 ) ) ;
#1167 = CARTESIAN_POINT ( 'NONE',  ( 2.464620024556998690, 14.94218144314399588, 33.69093659501601934 ) ) ;
#1168 = CARTESIAN_POINT ( 'NONE',  ( -0.9639258489010003039, 16.66719690210199190, 32.04754590878299325 ) ) ;
#1169 = CARTESIAN_POINT ( 'NONE',  ( -0.1000000000000000056, -0.1000000000000000056, 30.00000000000000000 ) ) ;
#1170 = CIRCLE ( 'NONE', #3804, 0.6000000000000014211 ) ;
#1171 = CARTESIAN_POINT ( 'NONE',  ( 4.220618454876999159, 19.45813405377802141, 32.84938885778497308 ) ) ;
#1172 = DIRECTION ( 'NONE',  ( 1.000000000000000000, -6.000000000000000121E-17, 0.000000000000000000 ) ) ;
#1173 = CARTESIAN_POINT ( 'NONE',  ( 4.531047989914000595, 19.18174059314199908, 30.21825940685799949 ) ) ;
#1174 = DIRECTION ( 'NONE',  ( 0.9869070026308087717, 0.1612903225809687868, 0.000000000000000000 ) ) ;
#1175 = ORIENTED_EDGE ( 'NONE', *, *, #2752, .F. ) ;
#1176 = CARTESIAN_POINT ( 'NONE',  ( 8.912912344144000798, 3.591549295774999706, 33.39999999999999858 ) ) ;
#1177 = CARTESIAN_POINT ( 'NONE',  ( 2.801886284137002026, 15.01617056387900107, 33.39999999999999858 ) ) ;
#1178 = CARTESIAN_POINT ( 'NONE',  ( 3.704765215013999136, 20.37099853824200935, 32.56670084716601110 ) ) ;
#1179 = EDGE_LOOP ( 'NONE', ( #2400, #1835, #4523, #2433, #2944, #4093, #2267, #2074 ) ) ;
#1180 = CARTESIAN_POINT ( 'NONE',  ( 3.527529449802750516, 10.65481818130675151, 33.39954575841774442 ) ) ;
#1181 = DIRECTION ( 'NONE',  ( -1.000000000000000000, 0.000000000000000000, 0.000000000000000000 ) ) ;
#1182 = CARTESIAN_POINT ( 'NONE',  ( 3.135175389639998311, -0.05360565108022997266, 32.17485873445101419 ) ) ;
#1183 = ORIENTED_EDGE ( 'NONE', *, *, #3736, .T. ) ;
#1184 = CARTESIAN_POINT ( 'NONE',  ( 1.539328727278001185, 19.99486784532198769, 31.81291487252201833 ) ) ;
#1185 = PERSON_AND_ORGANIZATION ( #296, #1152 ) ;
#1186 = CARTESIAN_POINT ( 'NONE',  ( -0.08709021406604001980, 2.997967515529997851, 32.12640564895099260 ) ) ;
#1187 = EDGE_CURVE ( 'NONE', #2733, #3080, #1048, .T. ) ;
#1188 = CARTESIAN_POINT ( 'NONE',  ( 0.4753621582739999685, 1.011090865347000101, 31.48975443034099797 ) ) ;
#1189 = CARTESIAN_POINT ( 'NONE',  ( -0.3282117769680000796, 16.98644006775501225, 32.27921462896699012 ) ) ;
#1190 = CARTESIAN_POINT ( 'NONE',  ( -0.1000000000000000056, 15.00000000000000000, 24.00000000000000000 ) ) ;
#1191 = ADVANCED_FACE ( 'NONE', ( #4004 ), #1004, .T. ) ;
#1192 = DIRECTION ( 'NONE',  ( 1.000000000000000000, 0.000000000000000000, 0.000000000000000000 ) ) ;
#1193 = CARTESIAN_POINT ( 'NONE',  ( 2.934711933021002306, 19.96191501382301325, 31.59302160561700745 ) ) ;
#1194 = CARTESIAN_POINT ( 'NONE',  ( 5.559411708156000387, 3.000000000000000000, 34.00000000000000000 ) ) ;
#1195 = CARTESIAN_POINT ( 'NONE',  ( 17.39269908169899992, 17.00000000000000000, 34.00000000000000000 ) ) ;
#1196 = CARTESIAN_POINT ( 'NONE',  ( 4.967267506577000447, 17.09677419354800065, 33.39999999999999858 ) ) ;
#1197 = EDGE_LOOP ( 'NONE', ( #4045, #114, #987, #2553 ) ) ;
#1198 = CARTESIAN_POINT ( 'NONE',  ( 3.000000000000000000, 21.04359144897900080, 31.94098082172299513 ) ) ;
#1199 = DIRECTION ( 'NONE',  ( 6.000000000000000121E-17, 1.000000000000000000, 0.000000000000000000 ) ) ;
#1200 = LINE ( 'NONE', #2737, #3719 ) ;
#1201 = ADVANCED_FACE ( 'NONE', ( #3669 ), #2940, .F. ) ;
#1202 = CARTESIAN_POINT ( 'NONE',  ( 5.264778595638002656, 0.7904296052360000324, 33.50065471553201490 ) ) ;
#1203 = ORIENTED_EDGE ( 'NONE', *, *, #3752, .F. ) ;
#1204 = CARTESIAN_POINT ( 'NONE',  ( -1.399999999999999911, 3.000000000000000000, 24.60000000000000142 ) ) ;
#1205 = CARTESIAN_POINT ( 'NONE',  ( -1.050000000000000044, -0.1000000000000000056, 24.00000000000000000 ) ) ;
#1206 = CARTESIAN_POINT ( 'NONE',  ( 2.931007866597998390, -0.1001480756490000235, 32.10731086322699923 ) ) ;
#1207 = ORIENTED_EDGE ( 'NONE', *, *, #525, .T. ) ;
#1208 = CARTESIAN_POINT ( 'NONE',  ( 0.04243953188361998530, 18.08907429770198050, 31.61536213500002290 ) ) ;
#1209 = DATE_AND_TIME ( #4140, #1912 ) ;
#1210 = CARTESIAN_POINT ( 'NONE',  ( -0.1077525189299999020, 17.11406898216002404, 32.09617562848499261 ) ) ;
#1211 = LINE ( 'NONE', #4432, #2661 ) ;
#1212 = ADVANCED_FACE ( 'NONE', ( #3739, #783 ), #499, .F. ) ;
#1213 = CARTESIAN_POINT ( 'NONE',  ( 0.5465587750930001043, -0.5731115715090002727, 31.52763094927799870 ) ) ;
#1214 = CARTESIAN_POINT ( 'NONE',  ( 4.672880297140999062, 18.74515194760301995, 32.89687743950597820 ) ) ;
#1215 = CARTESIAN_POINT ( 'NONE',  ( 10.24072326167399893, 17.13664193937900393, 33.99793598499000069 ) ) ;
#1216 = TOROIDAL_SURFACE ( 'NONE', #1060, 3.100000000000000089, 0.5999999999999999778 ) ;
#1217 = CARTESIAN_POINT ( 'NONE',  ( 4.582231706173999441, 18.89287711125099989, 30.50712288874900224 ) ) ;
#1218 = EDGE_CURVE ( 'NONE', #4348, #2767, #2451, .T. ) ;
#1219 = ORIENTED_EDGE ( 'NONE', *, *, #50, .F. ) ;
#1220 = CARTESIAN_POINT ( 'NONE',  ( 2.934711933021000085, 19.96191501382300260, 31.59302160561700035 ) ) ;
#1221 = CIRCLE ( 'NONE', #4611, 5.000000000000000000 ) ;
#1222 = CARTESIAN_POINT ( 'NONE',  ( -0.1000000000000000056, 0.8022739024160000509, 24.00000000000000000 ) ) ;
#1223 = AXIS2_PLACEMENT_3D ( 'NONE', #2099, #2533, #3198 ) ;
#1224 = DIRECTION ( 'NONE',  ( 0.000000000000000000, 0.000000000000000000, 1.000000000000000000 ) ) ;
#1225 = CARTESIAN_POINT ( 'NONE',  ( 19.79105714739100108, 20.10000000000000142, 25.19999999999999929 ) ) ;
#1226 = ORIENTED_EDGE ( 'NONE', *, *, #2755, .T. ) ;
#1227 = AXIS2_PLACEMENT_3D ( 'NONE', #1091, #4001, #754 ) ;
#1228 = CARTESIAN_POINT ( 'NONE',  ( 3.500000018448750083, 9.999999999999998224, 33.39886439604437385 ) ) ;
#1229 = CARTESIAN_POINT ( 'NONE',  ( 11.08708765585600098, 3.591549295774999706, 33.39999999999999858 ) ) ;
#1230 = CARTESIAN_POINT ( 'NONE',  ( 2.945512625736001588, 0.03961110714771999552, 31.86639787010798841 ) ) ;
#1231 = AXIS2_PLACEMENT_3D ( 'NONE', #3082, #4525, #3793 ) ;
#1232 = VERTEX_POINT ( 'NONE', #1852 ) ;
#1233 = CARTESIAN_POINT ( 'NONE',  ( 2.209072848201001360, 20.00522036918501101, 31.40455024252699090 ) ) ;
#1234 = DATE_AND_TIME ( #3046, #3108 ) ;
#1235 = CARTESIAN_POINT ( 'NONE',  ( 0.2068167299459999497, 16.20576265398298332, 32.52362394877498275 ) ) ;
#1236 = CARTESIAN_POINT ( 'NONE',  ( 2.139332524531998292, 14.40224995273500319, 33.93217262899299413 ) ) ;
#1237 = ORIENTED_EDGE ( 'NONE', *, *, #2496, .T. ) ;
#1238 = CARTESIAN_POINT ( 'NONE',  ( 3.000000000000000000, 11.18743420870399952, 34.00000000000000000 ) ) ;
#1239 = CARTESIAN_POINT ( 'NONE',  ( 4.812034254781996978, 18.47826340196401063, 33.06076001539398135 ) ) ;
#1240 = DIRECTION ( 'NONE',  ( 0.000000000000000000, -1.000000000000000000, 0.000000000000000000 ) ) ;
#1241 = CARTESIAN_POINT ( 'NONE',  ( 18.16598799718599722, 19.82052891443809273, 33.81494403636999380 ) ) ;
#1242 = VERTEX_POINT ( 'NONE', #4433 ) ;
#1243 = CARTESIAN_POINT ( 'NONE',  ( 2.746376629256998658, 21.08527431962600573, 31.88367051963902554 ) ) ;
#1244 = ORIENTED_EDGE ( 'NONE', *, *, #1652, .F. ) ;
#1245 = CARTESIAN_POINT ( 'NONE',  ( 2.500000000000000000, 17.50000000000000000, 34.00000000000000000 ) ) ;
#1246 = EDGE_CURVE ( 'NONE', #937, #2601, #1734, .T. ) ;
#1247 = CARTESIAN_POINT ( 'NONE',  ( 19.39900052719500323, -0.8436401599250020755, 31.25155227680216896 ) ) ;
#1248 = EDGE_CURVE ( 'NONE', #2706, #1554, #2730, .T. ) ;
#1249 = ORIENTED_EDGE ( 'NONE', *, *, #1973, .F. ) ;
#1250 = DIRECTION ( 'NONE',  ( 0.000000000000000000, -1.000000000000000000, 0.000000000000000000 ) ) ;
#1251 = DIRECTION ( 'NONE',  ( 0.000000000000000000, 0.000000000000000000, 1.000000000000000000 ) ) ;
#1252 = CARTESIAN_POINT ( 'NONE',  ( 4.993602910539002515, 2.291079857720998536, 33.33579955435798325 ) ) ;
#1253 = EDGE_LOOP ( 'NONE', ( #3825, #125, #2156, #3566 ) ) ;
#1254 = CARTESIAN_POINT ( 'NONE',  ( 2.574899298687998161, 20.01038328579698344, 31.49469026612799638 ) ) ;
#1255 = CARTESIAN_POINT ( 'NONE',  ( 0.8798214618789997887, 15.46875111025000393, 33.11208081691300009 ) ) ;
#1256 = DIRECTION ( 'NONE',  ( 0.000000000000000000, 0.000000000000000000, 1.000000000000000000 ) ) ;
#1257 = CARTESIAN_POINT ( 'NONE',  ( -0.1000000000000000056, 0.2500000000000000000, 29.64999999999999858 ) ) ;
#1258 = CARTESIAN_POINT ( 'NONE',  ( 2.946041746489999280, 20.09749175484098060, 32.11122237138201996 ) ) ;
#1259 = DIRECTION ( 'NONE',  ( 1.000000000000000000, 0.000000000000000000, 0.000000000000000000 ) ) ;
#1260 = CARTESIAN_POINT ( 'NONE',  ( 10.00000000000000000, 10.00000000000000000, 30.59999999999999787 ) ) ;
#1261 = ORIENTED_EDGE ( 'NONE', *, *, #3259, .T. ) ;
#1262 = CARTESIAN_POINT ( 'NONE',  ( 9.343647102913999802, 16.48151773100299877, 33.39999999999999858 ) ) ;
#1263 = ORIENTED_EDGE ( 'NONE', *, *, #1917, .F. ) ;
#1264 = PLANE ( 'NONE',  #4383 ) ;
#1265 = CARTESIAN_POINT ( 'NONE',  ( 17.00000000000000000, 22.00000000000000000, 29.00000000000000000 ) ) ;
#1266 = CIRCLE ( 'NONE', #3906, 7.100000000000000533 ) ;
#1267 = CARTESIAN_POINT ( 'NONE',  ( 19.79105714739100108, -0.1000000000000000056, 25.19999999999999929 ) ) ;
#1268 = VERTEX_POINT ( 'NONE', #1876 ) ;
#1269 = CARTESIAN_POINT ( 'NONE',  ( -2.000000000000000000, 6.000000000000000000, 27.00000000000000000 ) ) ;
#1270 = CARTESIAN_POINT ( 'NONE',  ( 1.916401514856002075, 4.993333132123998652, 33.57696391193100283 ) ) ;
#1271 = ADVANCED_FACE ( 'NONE', ( #70 ), #3746, .T. ) ;
#1272 = CARTESIAN_POINT ( 'NONE',  ( 1.494004072938002414, 0.1858305043540000034, 31.54263988966400944 ) ) ;
#1273 = CARTESIAN_POINT ( 'NONE',  ( 17.00000000000000000, 1.000000000000000000, 25.19999999999999929 ) ) ;
#1274 = CARTESIAN_POINT ( 'NONE',  ( 4.713694208843999256, 0.9010219477509995301, 33.33576826981302332 ) ) ;
#1275 = ORIENTED_EDGE ( 'NONE', *, *, #838, .T. ) ;
#1276 = CARTESIAN_POINT ( 'NONE',  ( -0.8000000000000000444, 3.000000000000000000, 24.00000000000000000 ) ) ;
#1277 =( BOUNDED_CURVE ( )  B_SPLINE_CURVE ( 12, ( #3610, #3994, #1794, #2202, #3227, #1841, #4327, #3276, #36, #1814, #1482, #2928, #4373 ),
 .UNSPECIFIED., .F., .F. ) 
 B_SPLINE_CURVE_WITH_KNOTS ( ( 13, 13 ),
 ( 27.43671219833958475, 27.89548005018199817 ),
 .UNSPECIFIED. ) 
 CURVE ( )  GEOMETRIC_REPRESENTATION_ITEM ( )  RATIONAL_B_SPLINE_CURVE ( ( 1.083971884625678950, 1.083776765638563289, 1.083580046570316480, 1.083381742609203169, 1.083181824571882945, 1.082980210313808644, 1.082776756218077230, 1.082571249580213779, 1.082363403090026877, 1.082152853103006906, 1.081939164009914078, 1.081721841771408732, 1.081500360601999944 ) ) 
 REPRESENTATION_ITEM ( '' )  );
#1278 = CARTESIAN_POINT ( 'NONE',  ( -0.5741570009159998600, 16.81652659114600468, 32.34234125700501750 ) ) ;
#1279 = DIRECTION ( 'NONE',  ( 0.000000000000000000, 0.000000000000000000, 1.000000000000000000 ) ) ;
#1280 = DIRECTION ( 'NONE',  ( -0.000000000000000000, 1.000000000000000000, 0.000000000000000000 ) ) ;
#1281 = CARTESIAN_POINT ( 'NONE',  ( 4.549017995162998318, 19.31360277516797908, 33.19934272554002774 ) ) ;
#1282 = CARTESIAN_POINT ( 'NONE',  ( 5.529422931596005064, 1.664040542917001542, 33.82088574642798307 ) ) ;
#1283 = FACE_OUTER_BOUND ( 'NONE', #4183, .T. ) ;
#1284 = AXIS2_PLACEMENT_3D ( 'NONE', #4222, #980, #2429 ) ;
#1285 = ORIENTED_EDGE ( 'NONE', *, *, #1448, .F. ) ;
#1286 = DIRECTION ( 'NONE',  ( 0.000000000000000000, 0.000000000000000000, 1.000000000000000000 ) ) ;
#1287 = VERTEX_POINT ( 'NONE', #2756 ) ;
#1288 = CARTESIAN_POINT ( 'NONE',  ( 16.45411759589600109, 9.182121567992998834, 33.39999999999999858 ) ) ;
#1289 = AXIS2_PLACEMENT_3D ( 'NONE', #2027, #1385, #3457 ) ;
#1290 = CARTESIAN_POINT ( 'NONE',  ( -5.000000000000000000, 5.000000000000000000, 18.00000000000000000 ) ) ;
#1291 = CARTESIAN_POINT ( 'NONE',  ( 19.99999999999999645, 1.828427124746187626, 31.00000000000000355 ) ) ;
#1292 = ORIENTED_EDGE ( 'NONE', *, *, #4164, .T. ) ;
#1293 = EDGE_LOOP ( 'NONE', ( #700, #2502, #4199, #1459 ) ) ;
#1294 = CARTESIAN_POINT ( 'NONE',  ( 0.8027162990759999506, 15.46462947280399902, 30.20271629907600186 ) ) ;
#1295 = CARTESIAN_POINT ( 'NONE',  ( -0.6045170084610000938, 3.076689940752000307, 32.30740975071501708 ) ) ;
#1296 = CARTESIAN_POINT ( 'NONE',  ( -0.1077682745579998658, 2.885846932273999688, 32.09610397990100950 ) ) ;
#1297 = AXIS2_PLACEMENT_3D ( 'NONE', #4041, #882, #1555 ) ;
#1298 = CARTESIAN_POINT ( 'NONE',  ( 0.8561670687920005518, 4.418103050070996574, 32.61121129920702799 ) ) ;
#1299 = AXIS2_PLACEMENT_3D ( 'NONE', #2376, #3163, #4165 ) ;
#1300 = CARTESIAN_POINT ( 'NONE',  ( 2.915779804953001708, -0.3481989229960002485, 32.25388151442501083 ) ) ;
#1301 = VERTEX_POINT ( 'NONE', #927 ) ;
#1302 = CARTESIAN_POINT ( 'NONE',  ( 2.471213916912001096, 20.69480353658699912, 32.17128089485301246 ) ) ;
#1303 = B_SPLINE_CURVE_WITH_KNOTS ( 'NONE', 6,
 ( #3624, #72, #2851, #3289, #3934, #4037, #4386, #1806, #4663, #2240, #3673, #48, #4292, #4341, #2532, #1051, #3241, #2551, #4, #1495, #1451, #3267, #2898, #2504, #2872, #2192, #4318, #691, #1832, #1076, #338, #4361 ),
 .UNSPECIFIED., .F., .F.,
 ( 7, 5, 5, 5, 5, 5, 7 ),
 ( 0.000000000000000000, 0.1510676429070000049, 0.3623763766479999870, 0.4974813335140000348, 0.5602968112209999463, 0.6709006142500000269, 1.000000000000000000 ),
 .UNSPECIFIED. ) ;
#1304 = CIRCLE ( 'NONE', #1227, 8.099999999999999645 ) ;
#1305 = CARTESIAN_POINT ( 'NONE',  ( 2.058359472311002136, 14.73363891433300488, 33.86247311196397902 ) ) ;
#1306 = AXIS2_PLACEMENT_3D ( 'NONE', #2410, #241, #2764 ) ;
#1307 = ADVANCED_FACE ( 'NONE', ( #2020 ), #2067, .T. ) ;
#1308 = PLANE ( 'NONE',  #3103 ) ;
#1309 = CARTESIAN_POINT ( 'NONE',  ( 17.12499999999399947, 10.29931038995700021, 33.99739470207100567 ) ) ;
#1310 = VECTOR ( 'NONE', #1181, 1000.000000000000000 ) ;
#1311 = CARTESIAN_POINT ( 'NONE',  ( 5.119529896076003617, 18.61080438383597979, 33.68287501472699574 ) ) ;
#1312 = CARTESIAN_POINT ( 'NONE',  ( 4.558622551652995902, -0.2691609667120001270, 32.80878053507201031 ) ) ;
#1313 = CARTESIAN_POINT ( 'NONE',  ( 20.00000000000000000, 17.00000000000000000, 31.39269908169900347 ) ) ;
#1314 = ADVANCED_FACE ( 'NONE', ( #2378 ), #2725, .F. ) ;
#1315 = CARTESIAN_POINT ( 'NONE',  ( 3.591549295774999706, 8.912912344144000798, 33.39999999999999858 ) ) ;
#1316 = CARTESIAN_POINT ( 'NONE',  ( 0.01151563233379456798, 17.82670483069348677, 31.39874856928473079 ) ) ;
#1317 = ORIENTED_EDGE ( 'NONE', *, *, #3672, .T. ) ;
#1318 = CARTESIAN_POINT ( 'NONE',  ( 0.000000000000000000, 17.50000000000000000, 20.00000000000000000 ) ) ;
#1319 = CARTESIAN_POINT ( 'NONE',  ( 5.579742753991999926, 2.858634000749999959, 34.00000000000000000 ) ) ;
#1320 = DIRECTION ( 'NONE',  ( 1.000000000000000000, 0.000000000000000000, 0.000000000000000000 ) ) ;
#1321 = VERTEX_POINT ( 'NONE', #4143 ) ;
#1322 = DIRECTION ( 'NONE',  ( 0.000000000000000000, 1.000000000000000000, 0.000000000000000000 ) ) ;
#1323 = CARTESIAN_POINT ( 'NONE',  ( 2.699725472933000248, 5.435508707891998803, 33.99443395930800449 ) ) ;
#1324 = AXIS2_PLACEMENT_3D ( 'NONE', #782, #4312, #2499 ) ;
#1325 = CARTESIAN_POINT ( 'NONE',  ( 1.105365285008999887, -0.08269877374028003492, 31.92638787766298947 ) ) ;
#1326 = CARTESIAN_POINT ( 'NONE',  ( 3.077375962482999494, -0.6042738448559998865, 32.30770122220901186 ) ) ;
#1327 = VERTEX_POINT ( 'NONE', #3806 ) ;
#1328 = CARTESIAN_POINT ( 'NONE',  ( -0.2197631550589998484, 19.27152236835998877, 31.90753131241598339 ) ) ;
#1329 = CARTESIAN_POINT ( 'NONE',  ( 1.230685919261001127, 14.94364299488899661, 33.62025851364399642 ) ) ;
#1330 = CARTESIAN_POINT ( 'NONE',  ( 3.591549295774999706, 11.08708765585600098, 33.39999999999999858 ) ) ;
#1331 = CARTESIAN_POINT ( 'NONE',  ( 5.600122928950999501, 17.56981051206399869, 33.96742548815200280 ) ) ;
#1332 = ADVANCED_FACE ( 'NONE', ( #4194 ), #1613, .F. ) ;
#1333 = CARTESIAN_POINT ( 'NONE',  ( 5.148898074289998128, 17.54565248608000516, 33.82031447098598420 ) ) ;
#1334 = ADVANCED_FACE ( 'NONE', ( #2041 ), #949, .T. ) ;
#1335 = DIRECTION ( 'NONE',  ( 0.000000000000000000, -1.000000000000000000, 0.000000000000000000 ) ) ;
#1336 = ORIENTED_EDGE ( 'NONE', *, *, #1246, .T. ) ;
#1337 =( BOUNDED_CURVE ( )  B_SPLINE_CURVE ( 2, ( #1578, #555, #816 ),
 .UNSPECIFIED., .F., .F. ) 
 B_SPLINE_CURVE_WITH_KNOTS ( ( 3, 3 ),
 ( 0.000000000000000000, 2.184440563304999916 ),
 .UNSPECIFIED. ) 
 CURVE ( )  GEOMETRIC_REPRESENTATION_ITEM ( )  RATIONAL_B_SPLINE_CURVE ( ( 1.000000000000000000, 0.7071067811869999886, 1.000000000000000000 ) ) 
 REPRESENTATION_ITEM ( '' )  );
#1338 = CARTESIAN_POINT ( 'NONE',  ( 8.912912344144000798, 16.40845070422500029, 33.39999999999999858 ) ) ;
#1339 = ORIENTED_EDGE ( 'NONE', *, *, #3378, .F. ) ;
#1340 = CARTESIAN_POINT ( 'NONE',  ( 5.600122900121998981, 2.430189913156000081, 33.96742553692900657 ) ) ;
#1341 = CARTESIAN_POINT ( 'NONE',  ( -0.1000000000000000056, 6.000000000000000000, 27.00000000000000000 ) ) ;
#1342 = CARTESIAN_POINT ( 'NONE',  ( 20.00000000000000000, 2.999999999999999112, 31.39269908169900347 ) ) ;
#1343 = ORIENTED_EDGE ( 'NONE', *, *, #80, .F. ) ;
#1344 = CARTESIAN_POINT ( 'NONE',  ( 0.6112444545299999810, 15.19260479355599891, 30.01124445453000078 ) ) ;
#1345 = CARTESIAN_POINT ( 'NONE',  ( 1.131730124823999040, 5.208841576487003522, 33.64664587207798263 ) ) ;
#1346 = CARTESIAN_POINT ( 'NONE',  ( -0.3190886362859999825, 1.707107390890999943, 32.01033907669401657 ) ) ;
#1347 = LINE ( 'NONE', #3772, #2449 ) ;
#1348 = CARTESIAN_POINT ( 'NONE',  ( 3.158869291821998271, -0.2897812397140002161, 32.32691655376802231 ) ) ;
#1349 = EDGE_LOOP ( 'NONE', ( #494, #2419, #2006, #3496 ) ) ;
#1350 = CARTESIAN_POINT ( 'NONE',  ( -0.1922745401260000930, 18.68074027019901351, 31.95060458943698833 ) ) ;
#1351 = CARTESIAN_POINT ( 'NONE',  ( 0.7848514863680000619, 15.14862138521900725, 33.42454463235800688 ) ) ;
#1352 = CARTESIAN_POINT ( 'NONE',  ( 2.500000000000000000, 17.50000000000000000, 20.00000000000000000 ) ) ;
#1353 = CYLINDRICAL_SURFACE ( 'NONE', #4007, 5.000000000000000000 ) ;
#1354 = CARTESIAN_POINT ( 'NONE',  ( 5.546539932346997048, 1.755553031513000350, 33.84563692610601038 ) ) ;
#1355 = DIRECTION ( 'NONE',  ( 0.000000000000000000, -0.7071067811865475727, 0.7071067811865475727 ) ) ;
#1356 = ADVANCED_FACE ( 'NONE', ( #3450 ), #148, .T. ) ;
#1357 = DIRECTION ( 'NONE',  ( 0.000000000000000000, 0.000000000000000000, 1.000000000000000000 ) ) ;
#1358 = ORIENTED_EDGE ( 'NONE', *, *, #4313, .T. ) ;
#1359 = FACE_OUTER_BOUND ( 'NONE', #2446, .T. ) ;
#1360 = B_SPLINE_CURVE_WITH_KNOTS ( 'NONE', 6,
 ( #3651, #4626, #2265, #2816, #4276, #4388, #29, #409, #4603, #1769, #2488, #1369, #3915, #1856, #672, #4038, #2128, #3290, #3538, #1173, #3564, #3268, #1741, #2466, #786, #1880, #3892, #1526, #2729, #1217, #1574, #4173 ),
 .UNSPECIFIED., .F., .F.,
 ( 7, 5, 5, 5, 5, 5, 7 ),
 ( 0.000000000000000000, 0.1510676429070000049, 0.3623763766499999983, 0.4974813335150000126, 0.5602968112219999242, 0.6709006142510000048, 1.000000000000000000 ),
 .UNSPECIFIED. ) ;
#1361 = DIRECTION ( 'NONE',  ( 1.000000000000000000, 0.000000000000000000, 0.000000000000000000 ) ) ;
#1362 = EDGE_CURVE ( 'NONE', #3080, #3917, #3206, .T. ) ;
#1363 = CARTESIAN_POINT ( 'NONE',  ( 0.6213420103961796448, 0.8432926066383347186, 31.20593401313139026 ) ) ;
#1364 = ORIENTED_EDGE ( 'NONE', *, *, #1943, .T. ) ;
#1365 = CARTESIAN_POINT ( 'NONE',  ( 16.40845070422500029, 11.08708765585600098, 33.39999999999999858 ) ) ;
#1366 = AXIS2_PLACEMENT_3D ( 'NONE', #3123, #2801, #4566 ) ;
#1367 = CARTESIAN_POINT ( 'NONE',  ( 2.820710166464998725, 5.266262946581003135, 33.94783597638799222 ) ) ;
#1368 = CARTESIAN_POINT ( 'NONE',  ( -0.5368870160299995531, 1.370106748796001472, 31.97769867358199392 ) ) ;
#1369 = CARTESIAN_POINT ( 'NONE',  ( 4.588215421472999545, 19.28653498956899881, 30.11346501043099977 ) ) ;
#1370 = VECTOR ( 'NONE', #4151, 1000.000000000000000 ) ;
#1371 = CARTESIAN_POINT ( 'NONE',  ( 4.521079768302996627, 0.8650115014129999835, 33.10274875871701994 ) ) ;
#1372 = VERTEX_POINT ( 'NONE', #2777 ) ;
#1373 = CARTESIAN_POINT ( 'NONE',  ( 0.1792202808539998249, 19.29350880441099747, 31.89444860812103144 ) ) ;
#1374 = CIRCLE ( 'NONE', #1444, 6.500000000000000888 ) ;
#1375 = CARTESIAN_POINT ( 'NONE',  ( -0.8850652169709999351, 17.01315321157800753, 32.15812319179198653 ) ) ;
#1376 = CARTESIAN_POINT ( 'NONE',  ( 19.87652131417913282, 0.1987350593886863526, 29.59873505938872640 ) ) ;
#1377 = CARTESIAN_POINT ( 'NONE',  ( 2.797366720050999955, 4.984568068988997069, 33.55990651981397832 ) ) ;
#1378 = AXIS2_PLACEMENT_3D ( 'NONE', #1573, #523, #452 ) ;
#1379 = CARTESIAN_POINT ( 'NONE',  ( 3.171203609197999818, 19.90842456254901904, 31.67870655557502957 ) ) ;
#1380 = CARTESIAN_POINT ( 'NONE',  ( -1.872678696669495508E-13, 1.897791843537515399, 29.39999999999981384 ) ) ;
#1381 = CARTESIAN_POINT ( 'NONE',  ( 0.8751923190729999913, 19.40000000000000213, 30.00000000000000000 ) ) ;
#1382 = CIRCLE ( 'NONE', #3644, 6.500000000000000888 ) ;
#1383 = CARTESIAN_POINT ( 'NONE',  ( 1.199999999999999956, 15.36458434959399888, 30.59999999999999787 ) ) ;
#1384 = ORIENTED_EDGE ( 'NONE', *, *, #714, .T. ) ;
#1385 = DIRECTION ( 'NONE',  ( 1.000000000000000000, 0.000000000000000000, 0.000000000000000000 ) ) ;
#1386 = DIRECTION ( 'NONE',  ( 0.000000000000000000, -1.000000000000000000, 0.000000000000000000 ) ) ;
#1387 = LINE ( 'NONE', #2831, #1824 ) ;
#1388 = ORIENTED_EDGE ( 'NONE', *, *, #3032, .F. ) ;
#1389 = CARTESIAN_POINT ( 'NONE',  ( 0.9672562146310000886, 15.46838527348299941, 30.36725621463100211 ) ) ;
#1390 = CARTESIAN_POINT ( 'NONE',  ( 2.304423358467997396, 5.287736231950004751, 33.90507275197398229 ) ) ;
#1391 = ADVANCED_FACE ( 'NONE', ( #4216 ), #1353, .T. ) ;
#1392 = CARTESIAN_POINT ( 'NONE',  ( 0.9553514951499997299, -0.3503052298369999096, 31.92880204821696921 ) ) ;
#1393 = EDGE_CURVE ( 'NONE', #818, #3009, #899, .T. ) ;
#1394 = CARTESIAN_POINT ( 'NONE',  ( 19.78530594404200116, 20.10000000000000142, 29.30000000000000071 ) ) ;
#1395 = CARTESIAN_POINT ( 'NONE',  ( 5.349343549361001315, 1.621088236988998510, 33.80831339589399676 ) ) ;
#1396 = ORIENTED_EDGE ( 'NONE', *, *, #809, .T. ) ;
#1397 = CARTESIAN_POINT ( 'NONE',  ( 2.917945367970002035, 20.63892382601001074, 32.26700372221298352 ) ) ;
#1398 = CARTESIAN_POINT ( 'NONE',  ( -1.043609511939999956, 3.000000000000000000, 31.94095598657099799 ) ) ;
#1399 = DIRECTION ( 'NONE',  ( 0.000000000000000000, -0.7071067811865475727, -0.7071067811865475727 ) ) ;
#1400 = CARTESIAN_POINT ( 'NONE',  ( 0.04186583386259002532, 2.956134381774998765, 31.59902583004197396 ) ) ;
#1401 = CARTESIAN_POINT ( 'NONE',  ( 10.00000000000000000, 10.00000000000000000, 33.39999999999999858 ) ) ;
#1402 = CARTESIAN_POINT ( 'NONE',  ( 0.4957185901889998858, 15.98180391974600667, 32.23756048136501562 ) ) ;
#1403 = FACE_OUTER_BOUND ( 'NONE', #3636, .T. ) ;
#1404 = CARTESIAN_POINT ( 'NONE',  ( 19.79085274609781564, -0.1000000000000000194, 29.07501324104627471 ) ) ;
#1405 = ORIENTED_EDGE ( 'NONE', *, *, #1881, .T. ) ;
#1406 = CARTESIAN_POINT ( 'NONE',  ( 0.8052189173519996856, 5.271533699281998331, 33.50797009290202766 ) ) ;
#1407 = CARTESIAN_POINT ( 'NONE',  ( 4.997662970508997660, 2.674218110932003345, 33.99127197268303036 ) ) ;
#1408 = EDGE_LOOP ( 'NONE', ( #1793, #205, #4260, #1150 ) ) ;
#1409 = FACE_OUTER_BOUND ( 'NONE', #587, .T. ) ;
#1410 = ORIENTED_EDGE ( 'NONE', *, *, #2237, .F. ) ;
#1411 = CARTESIAN_POINT ( 'NONE',  ( -0.09999999999999999167, 19.29728505043501841, 24.05757981813942337 ) ) ;
#1412 = CARTESIAN_POINT ( 'NONE',  ( -0.8851590089350002133, 2.986691775033001761, 32.15801127175497953 ) ) ;
#1413 = CARTESIAN_POINT ( 'NONE',  ( -0.4022218570470000309, 2.303743383075000040, 32.12003468423498020 ) ) ;
#1414 = CARTESIAN_POINT ( 'NONE',  ( 5.148774760454999821, 1.524515982545000981, 33.71897073331997774 ) ) ;
#1415 = EDGE_CURVE ( 'NONE', #1957, #2973, #521, .T. ) ;
#1416 = ORIENTED_EDGE ( 'NONE', *, *, #1853, .T. ) ;
#1417 = CARTESIAN_POINT ( 'NONE',  ( 2.494067805318001430, 21.10571999024602619, 31.82994246886300260 ) ) ;
#1418 = CARTESIAN_POINT ( 'NONE',  ( 0.4617679045169994501, 15.11489907287701229, 33.32960391025999058 ) ) ;
#1419 = CARTESIAN_POINT ( 'NONE',  ( 3.156242684488999029, 0.08745517735594005027, 31.67216208389601562 ) ) ;
#1420 = CARTESIAN_POINT ( 'NONE',  ( 0.8751923190729999913, 19.40000000000000213, 30.00000000000000000 ) ) ;
#1421 = CARTESIAN_POINT ( 'NONE',  ( 2.017025579738000118, -0.9408429640720004095, 31.95936395442901912 ) ) ;
#1422 = CARTESIAN_POINT ( 'NONE',  ( 0.08342787935874006189, 3.141944969334001136, 31.93756690111398555 ) ) ;
#1423 = CARTESIAN_POINT ( 'NONE',  ( 0.03804944354530001571, 2.934510595466002236, 31.59295520240302224 ) ) ;
#1424 = CARTESIAN_POINT ( 'NONE',  ( 0.07811083076058003560, 16.87808421721302565, 31.92908935942100968 ) ) ;
#1425 = DIRECTION ( 'NONE',  ( -0.9859154929577557125, 0.1672442547469584762, 0.000000000000000000 ) ) ;
#1426 = CARTESIAN_POINT ( 'NONE',  ( 2.500000000000000000, 2.500000000000000000, 30.59999999999999787 ) ) ;
#1427 = ORIENTED_EDGE ( 'NONE', *, *, #1707, .F. ) ;
#1428 = CARTESIAN_POINT ( 'NONE',  ( 17.12500000000000000, 10.00000000000000000, 33.99739470206999670 ) ) ;
#1429 = LINE ( 'NONE', #735, #3410 ) ;
#1430 = CARTESIAN_POINT ( 'NONE',  ( 2.500000000000000000, 2.500000000000000000, 33.39999999999999858 ) ) ;
#1431 = VERTEX_POINT ( 'NONE', #546 ) ;
#1432 = SPHERICAL_SURFACE ( 'NONE', #680, 5.000000000000000000 ) ;
#1433 = CARTESIAN_POINT ( 'NONE',  ( -0.9825888970159999403, 3.270429717339001119, 32.02315917048800742 ) ) ;
#1434 = CARTESIAN_POINT ( 'NONE',  ( 5.600132949647001368, 17.81956423749202045, 33.93877638238999594 ) ) ;
#1435 = CARTESIAN_POINT ( 'NONE',  ( 5.202732666478000922, 1.116339140331999102, 33.64029119082299246 ) ) ;
#1436 = EDGE_LOOP ( 'NONE', ( #3062, #1484, #3742, #4501 ) ) ;
#1437 = CARTESIAN_POINT ( 'NONE',  ( 1.978343417943999150, 21.09031345510701883, 31.72808963278999528 ) ) ;
#1438 = AXIS2_PLACEMENT_3D ( 'NONE', #2709, #2993, #4485 ) ;
#1439 = CARTESIAN_POINT ( 'NONE',  ( -0.9901805958649989581, 16.75764046678801833, 32.01313818195600192 ) ) ;
#1440 = CARTESIAN_POINT ( 'NONE',  ( -0.1000000000000000056, 15.00000000000000000, 27.00000000000000000 ) ) ;
#1441 = DIRECTION ( 'NONE',  ( 1.000000000000000000, 0.000000000000000000, 0.000000000000000000 ) ) ;
#1442 = CARTESIAN_POINT ( 'NONE',  ( -0.9499026687730002250, 2.496833336393002867, 32.05264126416197712 ) ) ;
#1443 = CARTESIAN_POINT ( 'NONE',  ( 2.091750623907000950, 4.972100437333998535, 33.28792113111698114 ) ) ;
#1444 = AXIS2_PLACEMENT_3D ( 'NONE', #3572, #1110, #3997 ) ;
#1445 = ADVANCED_FACE ( 'NONE', ( #1999 ), #2280, .T. ) ;
#1446 = CARTESIAN_POINT ( 'NONE',  ( 1.179073882768999493, 15.35531763745897926, 32.85998979825601651 ) ) ;
#1447 = CARTESIAN_POINT ( 'NONE',  ( 8.812565791296000484, 3.000000000000000000, 33.39999999999999858 ) ) ;
#1448 = EDGE_CURVE ( 'NONE', #199, #1715, #2580, .T. ) ;
#1449 = CARTESIAN_POINT ( 'NONE',  ( 4.985798679351999496, 17.21016316745598829, 33.99727015397803598 ) ) ;
#1450 = LINE ( 'NONE', #4339, #2124 ) ;
#1451 = CARTESIAN_POINT ( 'NONE',  ( 4.529353200200000096, 0.8261801365340000203, 30.22618013653400126 ) ) ;
#1452 = CARTESIAN_POINT ( 'NONE',  ( 0.05496661856718344091, 1.918627104770281422, 31.34390556174313858 ) ) ;
#1453 = ORIENTED_EDGE ( 'NONE', *, *, #716, .F. ) ;
#1454 = CARTESIAN_POINT ( 'NONE',  ( 4.140671866095000375, 20.59534089749602614, 32.49229006007402631 ) ) ;
#1455 = CARTESIAN_POINT ( 'NONE',  ( -1.026553209728000793, 3.090225303882999874, 31.96430814411699828 ) ) ;
#1456 =( BOUNDED_SURFACE ( )  B_SPLINE_SURFACE ( 2, 4, ( 
 ( #618, #1288, #4179, #934, #3580 ),
 ( #665, #4662, #3932, #3194, #2168 ),
 ( #3218, #337, #1494, #2191, #1428 ) ),
 .UNSPECIFIED., .F., .F., .T. ) 
 B_SPLINE_SURFACE_WITH_KNOTS ( ( 3, 3 ),
 ( 5, 5 ),
 ( 0.000000000000000000, 1.092220279805000027 ),
 ( 39.74848421501599915, 40.84070449482099718 ),
 .UNSPECIFIED. ) 
 GEOMETRIC_REPRESENTATION_ITEM ( )  RATIONAL_B_SPLINE_SURFACE ( (
 ( 1.000000000000000000, 1.000000000000000000, 1.000000000000000000, 1.000000000000000000, 1.000000000000000000),
 ( 0.7071067811869999886, 0.6999122318449999547, 0.6947887560280000541, 0.6922186552419999916, 0.6922186552429999695),
 ( 1.000000000000000000, 1.000000000000000000, 1.000000000000000000, 1.000000000000000000, 1.000000000000000000) ) ) 
 REPRESENTATION_ITEM ( '' )  SURFACE ( )  );
#1457 = CARTESIAN_POINT ( 'NONE',  ( 5.582808873820995998, 18.06442717815498966, 33.89647690119699064 ) ) ;
#1458 = CARTESIAN_POINT ( 'NONE',  ( 5.436615321095005449, 2.246371944087001360, 33.94452340484599517 ) ) ;
#1459 = ORIENTED_EDGE ( 'NONE', *, *, #1019, .F. ) ;
#1460 = CARTESIAN_POINT ( 'NONE',  ( 0.9380299777830000130, 20.79081624262102324, 31.56710643243099668 ) ) ;
#1461 = CARTESIAN_POINT ( 'NONE',  ( 19.79105714739100108, 20.10000000000000142, 29.00000000000000000 ) ) ;
#1462 = CARTESIAN_POINT ( 'NONE',  ( 4.311993624271002190, 0.7500141891429995544, 32.51294610065200175 ) ) ;
#1463 = CARTESIAN_POINT ( 'NONE',  ( 10.65248151550800593, 3.517825553152001294, 34.01078542606401101 ) ) ;
#1464 = CARTESIAN_POINT ( 'NONE',  ( 0.5465587750930001043, -0.5731115715090001617, 31.52763094927799870 ) ) ;
#1465 = CARTESIAN_POINT ( 'NONE',  ( 2.289420006904999028, 4.997763789576006310, 33.33937063441902637 ) ) ;
#1466 = CARTESIAN_POINT ( 'NONE',  ( 10.00000000000000000, 10.00000000000000000, 34.00000000000000000 ) ) ;
#1467 = CARTESIAN_POINT ( 'NONE',  ( 1.306636815591999845, 15.28591510141301058, 33.14419390981599634 ) ) ;
#1468 = DIRECTION ( 'NONE',  ( 0.000000000000000000, 0.000000000000000000, 1.000000000000000000 ) ) ;
#1469 = EDGE_CURVE ( 'NONE', #2456, #3221, #2310, .T. ) ;
#1470 = CARTESIAN_POINT ( 'NONE',  ( 19.78530594404200116, -0.1000000000000000056, 29.30000000000000071 ) ) ;
#1471 = CARTESIAN_POINT ( 'NONE',  ( 17.10396720784700264, 9.401369199409000288, 33.99828233239600195 ) ) ;
#1472 = ADVANCED_FACE ( 'NONE', ( #2970 ), #2626, .T. ) ;
#1473 = CARTESIAN_POINT ( 'NONE',  ( 19.78675093672612206, 20.10000000000000142, 29.26250889186919935 ) ) ;
#1474 = CARTESIAN_POINT ( 'NONE',  ( 19.88556054042914667, 19.76250484351834302, 29.63749515648166621 ) ) ;
#1475 = CARTESIAN_POINT ( 'NONE',  ( 2.934587682304000023, 0.03806304987526999695, 31.59298142139299514 ) ) ;
#1476 = VERTEX_POINT ( 'NONE', #174 ) ;
#1477 = CARTESIAN_POINT ( 'NONE',  ( 3.080662479837999790, 21.02861325108901269, 31.96151713012702444 ) ) ;
#1478 = CARTESIAN_POINT ( 'NONE',  ( -0.9646904496529999928, 3.330846329613001089, 32.04655172276399355 ) ) ;
#1479 = CARTESIAN_POINT ( 'NONE',  ( 5.275965392555995948, 18.69013309199500839, 33.71756735359500823 ) ) ;
#1480 = CARTESIAN_POINT ( 'NONE',  ( 5.279895988870001666, 2.266254437999998483, 33.89525090308101340 ) ) ;
#1481 = ORIENTED_EDGE ( 'NONE', *, *, #3618, .F. ) ;
#1482 = CARTESIAN_POINT ( 'NONE',  ( 0.02588514902931917175, 17.13779245019830100, 31.57276019456118377 ) ) ;
#1483 =( BOUNDED_CURVE ( )  B_SPLINE_CURVE ( 12, ( #1854, #3623, #4005, #1119, #4291, #3266, #3650, #2871, #3908, #1096, #3982, #3240, #2479, #1406, #1759, #2917, #47, #2530, #690, #4316, #1050, #2215, #3600, #382, #1029, #2850, #3959, #1075, #4360, #2897, #2572, #2503, #712, #2146, #309 ),
 .UNSPECIFIED., .F., .F. ) 
 B_SPLINE_CURVE_WITH_KNOTS ( ( 13, 11, 11, 13 ),
 ( 19.01857285689800037, 20.18232807706700171, 22.76678283424899973, 23.04460036023499825 ),
 .UNSPECIFIED. ) 
 CURVE ( )  GEOMETRIC_REPRESENTATION_ITEM ( )  RATIONAL_B_SPLINE_CURVE ( ( 1.031393471788000005, 1.031204125761999935, 1.031121559100000029, 1.031147368163999989, 1.031282046350000092, 1.031524962618999952, 1.031874340070999985, 1.032327234453999987, 1.032879512749000028, 1.033525831680000007, 1.034259616289999961, 1.035073038465999851, 1.037920077518000195, 1.040223516673000059, 1.043000034693000178, 1.045621941574000013, 1.049619888779000032, 1.052008634119000030, 1.057155986855999874, 1.060542180812999780, 1.065132909029999908, 1.070403318294000039, 1.074991240291999883, 1.078595227122000066, 1.078928242563000017, 1.079245434586999952, 1.079547689426999968, 1.079835808689999954, 1.080110509323000123, 1.080372423663999992, 1.080622099381999934, 1.080859999535000116, 1.081086502523999959, 1.081301902123000147, 1.081506407463000086 ) ) 
 REPRESENTATION_ITEM ( '' )  );
#1484 = ORIENTED_EDGE ( 'NONE', *, *, #2442, .F. ) ;
#1485 = CARTESIAN_POINT ( 'NONE',  ( -1.032392932288998644, 16.93917330563001400, 31.95634599904698092 ) ) ;
#1486 = DIRECTION ( 'NONE',  ( 0.000000000000000000, -1.000000000000000000, 0.000000000000000000 ) ) ;
#1487 = CARTESIAN_POINT ( 'NONE',  ( 3.066406018097002306, 0.06465981720685996803, 31.63568719906399807 ) ) ;
#1488 = CARTESIAN_POINT ( 'NONE',  ( 1.257992784457999891, -0.9245023548769999433, 31.60856210475899530 ) ) ;
#1489 = CARTESIAN_POINT ( 'NONE',  ( 0.7418869910420003988, 4.605458923359998735, 33.24409548578297091 ) ) ;
#1490 = CARTESIAN_POINT ( 'NONE',  ( -0.004549647627377996321, 2.205980717122000723, 31.67876720926097533 ) ) ;
#1491 = CARTESIAN_POINT ( 'NONE',  ( 0.05505836486134994129, 16.97679347066801370, 31.62021581728396669 ) ) ;
#1492 = CARTESIAN_POINT ( 'NONE',  ( 0.0005024410518069675254, 2.568056636611383503, 31.49493579338116689 ) ) ;
#1493 = CARTESIAN_POINT ( 'NONE',  ( -0.8302690013490000576, 1.027691740965999134, 31.57873445672599644 ) ) ;
#1494 = CARTESIAN_POINT ( 'NONE',  ( 17.10396720784700264, 9.401369199409000288, 33.99828233239600195 ) ) ;
#1495 = CARTESIAN_POINT ( 'NONE',  ( 4.531047989914000595, 0.8182594068570000490, 30.21825940685700118 ) ) ;
#1496 = ADVANCED_FACE ( 'NONE', ( #106 ), #1264, .T. ) ;
#1497 = CYLINDRICAL_SURFACE ( 'NONE', #276, 0.9999999999999991118 ) ;
#1498 = DIRECTION ( 'NONE',  ( 0.5773502691896258421, -0.5773502691896258421, -0.5773502691896258421 ) ) ;
#1499 = VERTEX_POINT ( 'NONE', #529 ) ;
#1500 = CARTESIAN_POINT ( 'NONE',  ( 1.978343417943999150, 21.09031345510702238, 31.72808963278999528 ) ) ;
#1501 = CARTESIAN_POINT ( 'NONE',  ( -1.038270568813998596, 3.030121255601998964, 31.94829666127198564 ) ) ;
#1502 = PRODUCT_DEFINITION_SHAPE ( 'NONE', 'NONE',  #1964 ) ;
#1503 = CARTESIAN_POINT ( 'NONE',  ( 3.321772903395999954, 20.96749681756999806, 32.04292703122700914 ) ) ;
#1504 = EDGE_CURVE ( 'NONE', #629, #1957, #1984, .T. ) ;
#1505 = CARTESIAN_POINT ( 'NONE',  ( 0.5999999999999999778, 19.12480768092700245, 30.00000000000000000 ) ) ;
#1506 = EDGE_CURVE ( 'NONE', #4235, #4642, #2269, .T. ) ;
#1507 = ORIENTED_EDGE ( 'NONE', *, *, #1128, .F. ) ;
#1508 = CARTESIAN_POINT ( 'NONE',  ( 1.485465251210999149, 20.84035091616000557, 31.87072845079198657 ) ) ;
#1509 = VERTEX_POINT ( 'NONE', #3345 ) ;
#1510 = CARTESIAN_POINT ( 'NONE',  ( 5.000000000000000000, 2.500000000000000000, 20.00000000000000000 ) ) ;
#1511 = CIRCLE ( 'NONE', #1664, 0.5999999999999997558 ) ;
#1512 = CARTESIAN_POINT ( 'NONE',  ( 3.021347179530001092, -0.08203015611857000788, 32.13384935175701429 ) ) ;
#1513 = CARTESIAN_POINT ( 'NONE',  ( 4.968881168024004147, 2.088440433745999858, 33.28449242952302711 ) ) ;
#1514 = CARTESIAN_POINT ( 'NONE',  ( -0.5814572314030004296, 0.8330954393640001010, 31.78507900100401784 ) ) ;
#1515 = CARTESIAN_POINT ( 'NONE',  ( 0.2053903616989998238, 3.791373620828999425, 32.52211778184000224 ) ) ;
#1516 = AXIS2_PLACEMENT_3D ( 'NONE', #1831, #407, #27 ) ;
#1517 = CARTESIAN_POINT ( 'NONE',  ( 2.759452545632000042, 0.007147728046109998526, 31.54377338505499750 ) ) ;
#1518 = CARTESIAN_POINT ( 'NONE',  ( -0.3436049824120000484, 17.05967664619101498, 32.25974748722600793 ) ) ;
#1519 = LINE ( 'NONE', #2961, #3582 ) ;
#1520 = AXIS2_PLACEMENT_3D ( 'NONE', #18, #4404, #4677 ) ;
#1521 = CARTESIAN_POINT ( 'NONE',  ( 9.281272948981998283, 2.909649527126999757, 34.00000000000000000 ) ) ;
#1522 = CARTESIAN_POINT ( 'NONE',  ( 4.854868424311995945, 18.37808775149598972, 33.29990038353497539 ) ) ;
#1523 = AXIS2_PLACEMENT_3D ( 'NONE', #145, #3725, #482 ) ;
#1524 = FACE_OUTER_BOUND ( 'NONE', #4178, .T. ) ;
#1525 = VECTOR ( 'NONE', #3121, 1000.000000000000000 ) ;
#1526 = CARTESIAN_POINT ( 'NONE',  ( 4.543497688262999823, 18.98651653567799968, 30.41348346432199889 ) ) ;
#1527 = DIRECTION ( 'NONE',  ( 1.000000000000000000, 0.000000000000000000, 0.000000000000000000 ) ) ;
#1528 = ORIENTED_EDGE ( 'NONE', *, *, #2891, .F. ) ;
#1529 = CARTESIAN_POINT ( 'NONE',  ( 0.5999999999999999778, 19.40000000000000213, 30.00000000000000000 ) ) ;
#1530 = APPROVAL ( #3689, 'UNSPECIFIED' ) ;
#1531 = LOCAL_TIME ( 2, 32, 49.00000000000000000, #4103 ) ;
#1532 = CARTESIAN_POINT ( 'NONE',  ( 0.08779843256253999639, 16.84250455930699886, 31.67266662067400773 ) ) ;
#1533 = CIRCLE ( 'NONE', #1683, 2.500000000000000888 ) ;
#1534 = CARTESIAN_POINT ( 'NONE',  ( 3.059676462012002496, 20.60891632016002006, 32.30231669317701204 ) ) ;
#1535 = CARTESIAN_POINT ( 'NONE',  ( 5.584379711238003807, 2.038354994623001737, 33.90949852686198795 ) ) ;
#1536 = ORIENTED_EDGE ( 'NONE', *, *, #4535, .F. ) ;
#1537 = CARTESIAN_POINT ( 'NONE',  ( 0.2500000000003725353, 0.2499999999996274647, 24.05796647666469212 ) ) ;
#1538 = ADVANCED_FACE ( 'NONE', ( #1556 ), #909, .T. ) ;
#1539 = CARTESIAN_POINT ( 'NONE',  ( 0.8182594068590000047, 4.531047989914000595, 30.21825940685899781 ) ) ;
#1540 = CARTESIAN_POINT ( 'NONE',  ( 4.987316278549998039, 2.222703964165001711, 33.32036861806601991 ) ) ;
#1541 = ORIENTED_EDGE ( 'NONE', *, *, #3961, .F. ) ;
#1542 = CARTESIAN_POINT ( 'NONE',  ( 1.747088653775999756, 20.05986311617599682, 31.84915169520797562 ) ) ;
#1543 = SECURITY_CLASSIFICATION_LEVEL ( 'unclassified' ) ;
#1544 = CARTESIAN_POINT ( 'NONE',  ( 0.01351983929139000291, 3.372126962438002806, 32.27029750416601672 ) ) ;
#1545 = CARTESIAN_POINT ( 'NONE',  ( 0.4710226035220004825, 1.016183858127999384, 31.21220556255299527 ) ) ;
#1546 = CARTESIAN_POINT ( 'NONE',  ( -0.3336271203339998825, 17.01082177036597542, 32.27238550394402239 ) ) ;
#1547 = DIRECTION ( 'NONE',  ( 0.2000000000000529132, -0.9797958971132604278, 0.000000000000000000 ) ) ;
#1548 = CARTESIAN_POINT ( 'NONE',  ( -1.043609511939999956, 3.000000000000000000, 31.94095598657099444 ) ) ;
#1549 = CIRCLE ( 'NONE', #1929, 2.500000000000000000 ) ;
#1550 = CARTESIAN_POINT ( 'NONE',  ( 4.746279807377001170, 18.61501592281599216, 32.98133346055897874 ) ) ;
#1551 = CARTESIAN_POINT ( 'NONE',  ( 3.500000000000000444, 10.00000000000000000, 30.59999999999999787 ) ) ;
#1552 = CARTESIAN_POINT ( 'NONE',  ( 17.00000000000000000, 19.92893218813452449, 34.00000000000000000 ) ) ;
#1553 = DIRECTION ( 'NONE',  ( 0.000000000000000000, 0.000000000000000000, -1.000000000000000000 ) ) ;
#1554 = VERTEX_POINT ( 'NONE', #1597 ) ;
#1555 = DIRECTION ( 'NONE',  ( 0.1612903225809685370, -0.9869070026308087717, 0.000000000000000000 ) ) ;
#1556 = FACE_OUTER_BOUND ( 'NONE', #3153, .T. ) ;
#1557 = CARTESIAN_POINT ( 'NONE',  ( -2.000000000000000000, 17.00000000000000000, 25.19999999999999929 ) ) ;
#1558 = CARTESIAN_POINT ( 'NONE',  ( 3.332015375972000371, -0.9642358328769998765, 32.04714296123101747 ) ) ;
#1559 = ORIENTED_EDGE ( 'NONE', *, *, #3961, .T. ) ;
#1560 = CARTESIAN_POINT ( 'NONE',  ( 5.559411708156000387, 17.00000000000000000, 34.00000000000000000 ) ) ;
#1561 = DIRECTION ( 'NONE',  ( -0.7071067811865475727, -9.999999999993592761E-18, -0.7071067811865475727 ) ) ;
#1562 = EDGE_CURVE ( 'NONE', #2601, #4235, #2431, .T. ) ;
#1563 = CARTESIAN_POINT ( 'NONE',  ( 4.258809493247001754, 0.6944202125169999240, 32.70640764574300619 ) ) ;
#1564 = ORIENTED_EDGE ( 'NONE', *, *, #463, .T. ) ;
#1565 = EDGE_CURVE ( 'NONE', #2693, #2733, #3778, .T. ) ;
#1566 = FACE_OUTER_BOUND ( 'NONE', #2016, .T. ) ;
#1567 = MECHANICAL_CONTEXT ( 'NONE', #1878, 'mechanical' ) ;
#1568 = CARTESIAN_POINT ( 'NONE',  ( -0.05340087131297999862, 16.86409713898900975, 32.17518982711602149 ) ) ;
#1569 = EDGE_CURVE ( 'NONE', #1715, #4647, #4239, .T. ) ;
#1570 = DIRECTION ( 'NONE',  ( 1.000000000000000000, 0.000000000000000000, 0.000000000000000000 ) ) ;
#1571 = CARTESIAN_POINT ( 'NONE',  ( 10.24072326167399893, 2.863358060621000067, 33.99793598499000069 ) ) ;
#1572 = CARTESIAN_POINT ( 'NONE',  ( 3.017938353400000384, 19.94645201894897468, 31.88922213538496564 ) ) ;
#1573 = CARTESIAN_POINT ( 'NONE',  ( 3.000000000000000000, 11.18743420870399952, 33.39999999999999858 ) ) ;
#1574 = CARTESIAN_POINT ( 'NONE',  ( 4.607270015700999366, 18.84623279694499942, 30.55376720305500271 ) ) ;
#1575 = EDGE_LOOP ( 'NONE', ( #4281, #2243, #2838, #4492, #1101, #1647, #2276, #620 ) ) ;
#1576 = CARTESIAN_POINT ( 'NONE',  ( 1.837968896868998225, 19.93328793650799824, 31.32638458515198465 ) ) ;
#1577 = DIRECTION ( 'NONE',  ( -0.7599999999999389466, -0.6499230723709482627, 0.000000000000000000 ) ) ;
#1578 = CARTESIAN_POINT ( 'NONE',  ( 11.08708765585600098, 3.591549295774999706, 33.39999999999999858 ) ) ;
#1579 = CARTESIAN_POINT ( 'NONE',  ( 5.529422931596005952, 1.664040542917001542, 33.82088574642797596 ) ) ;
#1580 = ORIENTED_EDGE ( 'NONE', *, *, #3167, .T. ) ;
#1581 = CARTESIAN_POINT ( 'NONE',  ( 9.780520724802000743, 3.481603965441999904, 33.39818303367099617 ) ) ;
#1582 = CARTESIAN_POINT ( 'NONE',  ( 4.264828688196002915, 0.5770873226349999552, 32.88835965525500171 ) ) ;
#1583 = EDGE_LOOP ( 'NONE', ( #2515, #1292, #2483, #3434, #773, #1923, #3907, #4040 ) ) ;
#1584 = CARTESIAN_POINT ( 'NONE',  ( -0.01351671617672998635, 17.48731763045397969, 31.75193749223998907 ) ) ;
#1585 = CALENDAR_DATE ( 2026, 15, 6 ) ;
#1586 = CARTESIAN_POINT ( 'NONE',  ( 1.222908577864000756, 15.25398832751199407, 33.30977364486300729 ) ) ;
#1587 = CARTESIAN_POINT ( 'NONE',  ( 1.861711960145997935, 14.43339395509200429, 33.87453048883300966 ) ) ;
#1588 = AXIS2_PLACEMENT_3D ( 'NONE', #1426, #2167, #2848 ) ;
#1589 = CARTESIAN_POINT ( 'NONE',  ( -1.053277755879000521, 1.750978296055001548, 31.68695172785202274 ) ) ;
#1590 = ADVANCED_FACE ( 'NONE', ( #1958 ), #1216, .T. ) ;
#1591 = CARTESIAN_POINT ( 'NONE',  ( 4.721872628498999802, 18.66503059903702422, 33.15412685392701064 ) ) ;
#1592 = EDGE_CURVE ( 'NONE', #3413, #4147, #1609, .T. ) ;
#1593 = CARTESIAN_POINT ( 'NONE',  ( 2.909649527126999757, 9.281272948981998283, 34.00000000000000000 ) ) ;
#1594 = ORIENTED_EDGE ( 'NONE', *, *, #2721, .F. ) ;
#1595 = DIRECTION ( 'NONE',  ( 0.6499230723709480406, -0.7599999999999390576, 0.000000000000000000 ) ) ;
#1596 = ORIENTED_EDGE ( 'NONE', *, *, #984, .F. ) ;
#1597 = CARTESIAN_POINT ( 'NONE',  ( 3.000000000000000000, -1.043602535759000194, 31.94096557830900096 ) ) ;
#1598 = AXIS2_PLACEMENT_3D ( 'NONE', #2412, #3840, #3963 ) ;
#1599 = DIRECTION ( 'NONE',  ( 0.9797958971132605388, 0.2000000000000529965, 0.000000000000000000 ) ) ;
#1600 = CARTESIAN_POINT ( 'NONE',  ( 5.600127023270001558, 2.331089598309000088, 33.95605780557797715 ) ) ;
#1601 = EDGE_LOOP ( 'NONE', ( #213, #905, #2926, #1667 ) ) ;
#1602 = CARTESIAN_POINT ( 'NONE',  ( 1.199999999999999956, 4.635415650406000232, 30.59999999999999787 ) ) ;
#1603 = AXIS2_PLACEMENT_3D ( 'NONE', #1669, #3886, #1008 ) ;
#1604 = FACE_OUTER_BOUND ( 'NONE', #3676, .T. ) ;
#1605 = CARTESIAN_POINT ( 'NONE',  ( 4.102818913863998773, 0.5443466047570003630, 32.55396859670601373 ) ) ;
#1606 = ORIENTED_EDGE ( 'NONE', *, *, #2029, .T. ) ;
#1607 = DIRECTION ( 'NONE',  ( 3.999999999997436488E-17, 0.7071067811865474617, 0.7071067811865474617 ) ) ;
#1608 = PERSON_AND_ORGANIZATION ( #296, #1152 ) ;
#1609 =( BOUNDED_CURVE ( )  B_SPLINE_CURVE ( 2, ( #4595, #641, #3486 ),
 .UNSPECIFIED., .F., .T. ) 
 B_SPLINE_CURVE_WITH_KNOTS ( ( 3, 3 ),
 ( 0.000000000000000000, 1.000000000000000000 ),
 .UNSPECIFIED. ) 
 CURVE ( )  GEOMETRIC_REPRESENTATION_ITEM ( )  RATIONAL_B_SPLINE_CURVE ( ( 1.000000000000000000, 1.043150759293792085, 1.000000000000000000 ) ) 
 REPRESENTATION_ITEM ( '' )  );
#1610 = CARTESIAN_POINT ( 'NONE',  ( -0.07126932413060002580, 16.93251198644498601, 32.14953628647801764 ) ) ;
#1611 = CARTESIAN_POINT ( 'NONE',  ( -1.032392932288998866, 16.93917330563001400, 31.95634599904698092 ) ) ;
#1612 = ORIENTED_EDGE ( 'NONE', *, *, #867, .F. ) ;
#1613 = CYLINDRICAL_SURFACE ( 'NONE', #3770, 2.500000000000000000 ) ;
#1614 = CARTESIAN_POINT ( 'NONE',  ( 4.262716319646000507, 19.29204960082099873, 32.46213112405798995 ) ) ;
#1615 = CARTESIAN_POINT ( 'NONE',  ( -2.000000000000000000, 17.00000000000000000, 25.19999999999999929 ) ) ;
#1616 = CARTESIAN_POINT ( 'NONE',  ( 19.63306251687300019, 17.00000000000000000, 32.52234270993699994 ) ) ;
#1617 = ORIENTED_EDGE ( 'NONE', *, *, #4167, .T. ) ;
#1618 = EDGE_CURVE ( 'NONE', #4374, #3475, #2075, .T. ) ;
#1619 = CARTESIAN_POINT ( 'NONE',  ( 17.00000000000000000, -2.000000000000000000, 25.19999999999999929 ) ) ;
#1620 = ORIENTED_EDGE ( 'NONE', *, *, #2321, .F. ) ;
#1621 = CARTESIAN_POINT ( 'NONE',  ( 0.1636743081329998795, 16.58274965676402246, 31.79194778672400545 ) ) ;
#1622 = DIRECTION ( 'NONE',  ( 0.2000000000000529132, -0.9797958971132604278, 0.000000000000000000 ) ) ;
#1623 = FACE_OUTER_BOUND ( 'NONE', #591, .T. ) ;
#1624 = ORIENTED_EDGE ( 'NONE', *, *, #747, .F. ) ;
#1625 = DIRECTION ( 'NONE',  ( 0.000000000000000000, 0.000000000000000000, -1.000000000000000000 ) ) ;
#1626 = CARTESIAN_POINT ( 'NONE',  ( -0.2124142601569999067, 3.409701589956999790, 32.42138740446799261 ) ) ;
#1627 = CARTESIAN_POINT ( 'NONE',  ( 1.008625724400000534, 0.4771691280309997008, 31.48958079861500892 ) ) ;
#1628 = DIRECTION ( 'NONE',  ( 0.000000000000000000, 0.000000000000000000, 1.000000000000000000 ) ) ;
#1629 = CARTESIAN_POINT ( 'NONE',  ( 4.981481638329001704, 1.875187759275002586, 33.56317969833101245 ) ) ;
#1630 = ORIENTED_EDGE ( 'NONE', *, *, #923, .T. ) ;
#1631 = CARTESIAN_POINT ( 'NONE',  ( 0.6438450902899999218, 19.18801725452600238, 31.48132962575100535 ) ) ;
#1632 = PERSON_AND_ORGANIZATION_ROLE ( 'classification_officer' ) ;
#1633 = CARTESIAN_POINT ( 'NONE',  ( -0.8197598843499998011, 16.75520692998198768, 32.23628795771699629 ) ) ;
#1634 = CARTESIAN_POINT ( 'NONE',  ( 10.00000000000000000, 10.00000000000000000, 26.00000000000000000 ) ) ;
#1635 = EDGE_LOOP ( 'NONE', ( #3436, #907, #870, #813, #3469, #2365, #4366 ) ) ;
#1636 =( BOUNDED_CURVE ( )  B_SPLINE_CURVE ( 12, ( #3493, #2370, #3115, #2058, #626, #2716, #4582, #581, #4209, #4157, #2696, #2035, #3799, #2443, #918, #3872, #1298, #603, #3467, #2417, #2746, #247, #1698, #3042, #1991, #2343, #3136, #2082, #3092, #4510, #561, #181, #225, #203, #4532 ),
 .UNSPECIFIED., .F., .F. ) 
 B_SPLINE_CURVE_WITH_KNOTS ( ( 13, 11, 11, 13 ),
 ( 19.01857285689800037, 20.18232807706700171, 22.76678283424899973, 23.04460036023499825 ),
 .UNSPECIFIED. ) 
 CURVE ( )  GEOMETRIC_REPRESENTATION_ITEM ( )  RATIONAL_B_SPLINE_CURVE ( ( 1.031393471788000005, 1.031204125761999935, 1.031121559100000029, 1.031147368163999989, 1.031282046350000092, 1.031524962618999952, 1.031874340070999985, 1.032327234453999987, 1.032879512749000028, 1.033525831680000007, 1.034259616289999961, 1.035073038465999851, 1.037920077518000195, 1.040223516673000059, 1.043000034693000178, 1.045621941574000013, 1.049619888779000032, 1.052008634119000030, 1.057155986855999874, 1.060542180812999780, 1.065132909029999908, 1.070403318294000039, 1.074991240291999883, 1.078595227122000066, 1.078928242563000017, 1.079245434586999952, 1.079547689426999968, 1.079835808689999954, 1.080110509323000123, 1.080372423663999992, 1.080622099381999934, 1.080859999535000116, 1.081086502523999959, 1.081301902123000147, 1.081506407463000086 ) ) 
 REPRESENTATION_ITEM ( '' )  );
#1637 = CARTESIAN_POINT ( 'NONE',  ( 4.423743952455001072, 19.47419044715398329, 33.09608504257398209 ) ) ;
#1638 = CARTESIAN_POINT ( 'NONE',  ( 3.090761227692001345, -1.026407894093999795, 31.96450678424903202 ) ) ;
#1639 = CARTESIAN_POINT ( 'NONE',  ( 17.00000000000000000, 17.00000000000000000, 34.00000000000000000 ) ) ;
#1640 = ORIENTED_EDGE ( 'NONE', *, *, #4399, .F. ) ;
#1641 = CARTESIAN_POINT ( 'NONE',  ( 3.000000000000132783, 15.05051025721684788, 33.39999999999999858 ) ) ;
#1642 = EDGE_LOOP ( 'NONE', ( #3040, #2120, #2170, #2658, #85 ) ) ;
#1643 = CARTESIAN_POINT ( 'NONE',  ( 5.000000000000000000, 2.500000000000000000, 33.37134419545400021 ) ) ;
#1644 = PLANE ( 'NONE',  #15 ) ;
#1645 = VECTOR ( 'NONE', #4288, 1000.000000000000000 ) ;
#1646 = CARTESIAN_POINT ( 'NONE',  ( 19.93831521445600430, 0.2146024925180000098, 28.99999999999999645 ) ) ;
#1647 = ORIENTED_EDGE ( 'NONE', *, *, #4309, .T. ) ;
#1648 = LINE ( 'NONE', #3087, #536 ) ;
#1649 = CARTESIAN_POINT ( 'NONE',  ( 2.948931428460000337, 5.246932136778003297, 33.94899738962000413 ) ) ;
#1650 = EDGE_CURVE ( 'NONE', #4555, #4160, #1898, .T. ) ;
#1651 = CARTESIAN_POINT ( 'NONE',  ( 2.384951504007999823, -0.01277611621829999322, 31.72107411016200729 ) ) ;
#1652 = EDGE_CURVE ( 'NONE', #4457, #4642, #3571, .T. ) ;
#1653 = CARTESIAN_POINT ( 'NONE',  ( 10.00000000000000000, 10.00000000000000000, 30.59999999999999787 ) ) ;
#1654 = CARTESIAN_POINT ( 'NONE',  ( 3.061676427245001886, -0.3166957586280002568, 32.29362149136397875 ) ) ;
#1655 = ORIENTED_EDGE ( 'NONE', *, *, #3730, .T. ) ;
#1656 = CARTESIAN_POINT ( 'NONE',  ( 0.8804814520070001205, 20.30676510272800428, 31.92184606101898581 ) ) ;
#1657 = EDGE_CURVE ( 'NONE', #1842, #4343, #1143, .T. ) ;
#1658 = CARTESIAN_POINT ( 'NONE',  ( 0.7449847442950002785, 15.39107958724700431, 33.24721352574098887 ) ) ;
#1659 = CARTESIAN_POINT ( 'NONE',  ( -0.1000000000000000056, 5.000000000000000000, 27.00000000000000000 ) ) ;
#1660 = DIRECTION ( 'NONE',  ( -0.7071067811865475727, 0.000000000000000000, 0.7071067811865475727 ) ) ;
#1661 = CARTESIAN_POINT ( 'NONE',  ( 3.620379420529001191, 20.12174188931900787, 32.52800041622999316 ) ) ;
#1662 = CARTESIAN_POINT ( 'NONE',  ( 5.597461037875001821, 2.232636729699002842, 33.94257679769601310 ) ) ;
#1663 = DIRECTION ( 'NONE',  ( 0.000000000000000000, 0.000000000000000000, 1.000000000000000000 ) ) ;
#1664 = AXIS2_PLACEMENT_3D ( 'NONE', #2073, #3055, #4500 ) ;
#1665 = ORIENTED_EDGE ( 'NONE', *, *, #252, .F. ) ;
#1666 = DIRECTION ( 'NONE',  ( 1.000000000000000000, 0.000000000000000000, 0.000000000000000000 ) ) ;
#1667 = ORIENTED_EDGE ( 'NONE', *, *, #3638, .T. ) ;
#1668 = CARTESIAN_POINT ( 'NONE',  ( 5.000000000000000888, 2.484967309718998596, 33.53108988322002659 ) ) ;
#1669 = CARTESIAN_POINT ( 'NONE',  ( 2.500000000000000000, 17.50000000000000000, 30.59999999999999787 ) ) ;
#1670 = CARTESIAN_POINT ( 'NONE',  ( 19.39900052719500323, 0.7484477231978233780, 32.84364015992500185 ) ) ;
#1671 = ORIENTED_EDGE ( 'NONE', *, *, #1917, .T. ) ;
#1672 = AXIS2_PLACEMENT_3D ( 'NONE', #3743, #4130, #4065 ) ;
#1673 = CARTESIAN_POINT ( 'NONE',  ( 1.199999999999999956, 15.36458434959399888, 30.59999999999999787 ) ) ;
#1674 = AXIS2_PLACEMENT_3D ( 'NONE', #634, #2776, #2088 ) ;
#1675 = CARTESIAN_POINT ( 'NONE',  ( 0.9963433579199997281, 4.958817226591997418, 33.52475579085700730 ) ) ;
#1676 = CARTESIAN_POINT ( 'NONE',  ( 0.9231564235780000960, 0.02707416639159000715, 31.90954392933302941 ) ) ;
#1677 = CARTESIAN_POINT ( 'NONE',  ( 2.500000000000000000, 17.50000000000000000, 20.00000000000000000 ) ) ;
#1678 = CARTESIAN_POINT ( 'NONE',  ( 2.944672297218002388, -0.6339700266950001328, 32.27287005306597223 ) ) ;
#1679 = ADVANCED_FACE ( 'NONE', ( #2806 ), #3837, .T. ) ;
#1680 = ORIENTED_EDGE ( 'NONE', *, *, #3648, .F. ) ;
#1681 = CARTESIAN_POINT ( 'NONE',  ( 0.4829935314230002774, 20.02354500183498942, 31.89659196963102517 ) ) ;
#1682 = CARTESIAN_POINT ( 'NONE',  ( -0.5658036060010004364, 16.79022439619000551, 32.35181561513400084 ) ) ;
#1683 = AXIS2_PLACEMENT_3D ( 'NONE', #843, #2295, #1599 ) ;
#1684 = CARTESIAN_POINT ( 'NONE',  ( -2.000000000000000000, -2.000000000000000000, 29.00000000000000000 ) ) ;
#1685 = CARTESIAN_POINT ( 'NONE',  ( 5.000000000000000000, 17.55623865946598272, 33.96898230753402004 ) ) ;
#1686 = CARTESIAN_POINT ( 'NONE',  ( 4.671937306350003816, 19.46623759699197365, 33.27340422027498335 ) ) ;
#1687 = CARTESIAN_POINT ( 'NONE',  ( 3.000000000000000000, 17.00000000000000000, 24.00000000000000000 ) ) ;
#1688 = CARTESIAN_POINT ( 'NONE',  ( 3.773096085425956758, 20.21646976516203509, 29.18353023483796704 ) ) ;
#1689 = VERTEX_POINT ( 'NONE', #957 ) ;
#1690 = CARTESIAN_POINT ( 'NONE',  ( -1.368670350538581597E-06, 17.66239799899333462, 31.43745594040629499 ) ) ;
#1691 = ORIENTED_EDGE ( 'NONE', *, *, #2352, .T. ) ;
#1692 = CARTESIAN_POINT ( 'NONE',  ( 9.347518484491994073, 16.48217444684798494, 34.01078542606401101 ) ) ;
#1693 = CARTESIAN_POINT ( 'NONE',  ( 19.99999999999999645, 0.6073009183009978607, 30.40161067138162210 ) ) ;
#1694 = VERTEX_POINT ( 'NONE', #554 ) ;
#1695 = CYLINDRICAL_SURFACE ( 'NONE', #3631, 3.000000000000002665 ) ;
#1696 = CARTESIAN_POINT ( 'NONE',  ( 2.691618602464999732, 5.280046191580004766, 33.94291681784296344 ) ) ;
#1697 = CARTESIAN_POINT ( 'NONE',  ( 2.301882542923002539, -0.4024537530680002972, 32.11952815104600489 ) ) ;
#1698 = CARTESIAN_POINT ( 'NONE',  ( 0.1635894077679999614, 3.417778834922002851, 31.79189294866502280 ) ) ;
#1699 = CARTESIAN_POINT ( 'NONE',  ( 2.917974769000002411, -0.6389282657950003941, 32.26699641400100660 ) ) ;
#1700 = ORIENTED_EDGE ( 'NONE', *, *, #4568, .T. ) ;
#1701 = CARTESIAN_POINT ( 'NONE',  ( 1.037301489332000504, 20.04295159712597751, 31.91975469174600732 ) ) ;
#1702 = CARTESIAN_POINT ( 'NONE',  ( -0.5971192230610000706, 16.89568675259300790, 32.31600298080401501 ) ) ;
#1703 = CARTESIAN_POINT ( 'NONE',  ( 19.93938769134000211, 0.5999999999999999778, 30.00000000000000000 ) ) ;
#1704 =( BOUNDED_CURVE ( )  B_SPLINE_CURVE ( 9, ( #2497, #4681, #3596, #3953, #3645, #2546, #355, #1045, #1024, #1801, #3926, #402, #3978, #1849, #3283, #21, #731, #1379, #1753, #2474, #2826, #3189, #4265, #2113, #4634, #2845 ),
 .UNSPECIFIED., .F., .T. ) 
 B_SPLINE_CURVE_WITH_KNOTS ( ( 10, 8, 8, 10 ),
 ( 19.40168485155899702, 20.92016515183700065, 22.78222657188500122, 23.06140788670800035 ),
 .UNSPECIFIED. ) 
 CURVE ( )  GEOMETRIC_REPRESENTATION_ITEM ( )  RATIONAL_B_SPLINE_CURVE ( ( 1.031412346538999936, 1.031757372915000026, 1.032429035555999963, 1.033426954882000093, 1.034665513803999959, 1.036266303715000170, 1.037939114115000061, 1.039902452390000009, 1.042036569229999987, 1.047227110019999907, 1.050381796006999879, 1.053805003863999890, 1.057535575049999954, 1.061701233396999955, 1.065671468433999847, 1.070779703171999886, 1.075143853063999844, 1.078687194525000059, 1.079121758952999999, 1.079530461575000100, 1.079914680211999878, 1.080275605806999994, 1.080614242423999949, 1.080931407251999987, 1.081227730598999903, 1.081503655896999927 ) ) 
 REPRESENTATION_ITEM ( '' )  );
#1705 = DIRECTION ( 'NONE',  ( -1.000000000000000000, 0.000000000000000000, 1.414213562372190145E-17 ) ) ;
#1706 = CARTESIAN_POINT ( 'NONE',  ( 3.399419201021001591, 20.21554586070198667, 32.41752265856202087 ) ) ;
#1707 = EDGE_CURVE ( 'NONE', #1730, #3681, #3814, .T. ) ;
#1708 = CARTESIAN_POINT ( 'NONE',  ( 3.181242330147999287, -1.005981978978998992, 31.99208995851000026 ) ) ;
#1709 = CARTESIAN_POINT ( 'NONE',  ( 0.03804944354526999806, 2.934510595466000016, 31.59295520241300181 ) ) ;
#1710 = CARTESIAN_POINT ( 'NONE',  ( 0.03498590228717098072, 17.99307045564199115, 31.36189184438740085 ) ) ;
#1711 = ORIENTED_EDGE ( 'NONE', *, *, #747, .T. ) ;
#1712 = DIRECTION ( 'NONE',  ( -0.1672442547469584762, 0.9859154929577557125, 0.000000000000000000 ) ) ;
#1713 = CARTESIAN_POINT ( 'NONE',  ( 10.21947927519899935, 16.51839603455799832, 33.39818303367099617 ) ) ;
#1714 = CARTESIAN_POINT ( 'NONE',  ( 19.81494403636999735, 2.999999999999999112, 32.16598799718600787 ) ) ;
#1715 = VERTEX_POINT ( 'NONE', #4270 ) ;
#1716 = CARTESIAN_POINT ( 'NONE',  ( 0.8182594068649999830, 15.46895201008800136, 30.21825940686500189 ) ) ;
#1717 = CARTESIAN_POINT ( 'NONE',  ( 0.07784591596415003922, 4.593305055193996900, 33.07800894627702348 ) ) ;
#1718 = CARTESIAN_POINT ( 'NONE',  ( 2.098329611733998235, -0.3898005866279998788, 32.07916556509201200 ) ) ;
#1719 = CARTESIAN_POINT ( 'NONE',  ( 19.93854926181142062, 19.40759084466899509, 29.99240915533101770 ) ) ;
#1720 = CARTESIAN_POINT ( 'NONE',  ( 5.076887874210003204, 1.818546134308002493, 33.69667756474901665 ) ) ;
#1721 = ORIENTED_EDGE ( 'NONE', *, *, #2982, .T. ) ;
#1722 = CARTESIAN_POINT ( 'NONE',  ( -0.1319696911109999593, 17.93804821863099264, 31.90687917048100175 ) ) ;
#1723 = CARTESIAN_POINT ( 'NONE',  ( -0.6339337254969998892, 17.05532411638199264, 32.27291999169801073 ) ) ;
#1724 = CARTESIAN_POINT ( 'NONE',  ( 2.856863690088002006, 14.42000264258599529, 34.00000000000000000 ) ) ;
#1725 = CARTESIAN_POINT ( 'NONE',  ( 0.09341921913876988226, 3.177462806566002662, 31.68164940293801379 ) ) ;
#1726 = CARTESIAN_POINT ( 'NONE',  ( 4.875060945751004127, 0.1095311224120000676, 33.10075165903000283 ) ) ;
#1727 = DIRECTION ( 'NONE',  ( 0.000000000000000000, 0.000000000000000000, 1.000000000000000000 ) ) ;
#1728 = ADVANCED_FACE ( 'NONE', ( #3885 ), #2048, .T. ) ;
#1729 = CARTESIAN_POINT ( 'NONE',  ( 3.000000000000000000, -0.8000000000000000444, 24.00000000000000000 ) ) ;
#1730 = VERTEX_POINT ( 'NONE', #594 ) ;
#1731 = CARTESIAN_POINT ( 'NONE',  ( 10.00000000000000000, 10.00000000000000000, 32.00000000000000000 ) ) ;
#1732 = ADVANCED_FACE ( 'NONE', ( #195 ), #2007, .T. ) ;
#1733 = CARTESIAN_POINT ( 'NONE',  ( 4.994618448548000522, 2.701933879557000040, 33.39532037317900404 ) ) ;
#1734 = CIRCLE ( 'NONE', #4308, 2.500000000000002220 ) ;
#1735 = CARTESIAN_POINT ( 'NONE',  ( 2.047800544650998145, 0.01806442359463001496, 31.36852726312798012 ) ) ;
#1736 = ORIENTED_EDGE ( 'NONE', *, *, #3407, .T. ) ;
#1737 = CARTESIAN_POINT ( 'NONE',  ( 0.7410633786100000453, 15.43532637014399889, 30.14106337860999929 ) ) ;
#1738 = CIRCLE ( 'NONE', #4158, 5.899999999999999467 ) ;
#1739 = CARTESIAN_POINT ( 'NONE',  ( 0.05722888118972996319, 4.292911343619999265, 32.95957965337098727 ) ) ;
#1740 = CARTESIAN_POINT ( 'NONE',  ( -0.3998912110820000976, 2.502358870842000815, 32.16137203737299188 ) ) ;
#1741 = CARTESIAN_POINT ( 'NONE',  ( 4.523985906683999580, 19.13732363153300042, 30.26267636846699816 ) ) ;
#1742 = AXIS2_PLACEMENT_3D ( 'NONE', #107, #910, #127 ) ;
#1743 = CARTESIAN_POINT ( 'NONE',  ( 5.255835046300004976, 2.008189188720999496, 33.84935902165399568 ) ) ;
#1744 = ORIENTED_EDGE ( 'NONE', *, *, #2643, .F. ) ;
#1745 = CARTESIAN_POINT ( 'NONE',  ( -0.1538840318869998391, 17.52169742019001930, 31.99715654640103324 ) ) ;
#1746 = ORIENTED_EDGE ( 'NONE', *, *, #4568, .F. ) ;
#1747 = VECTOR ( 'NONE', #1062, 1000.000000000000000 ) ;
#1748 = CARTESIAN_POINT ( 'NONE',  ( 0.8975310918009995476, 14.88247947978298136, 33.55118562992198861 ) ) ;
#1749 = CARTESIAN_POINT ( 'NONE',  ( 20.00000000000000000, 18.73205080756900287, 30.00000000000000000 ) ) ;
#1750 = LOCAL_TIME ( 2, 32, 49.00000000000000000, #4471 ) ;
#1751 = CARTESIAN_POINT ( 'NONE',  ( 0.8049067204810002041, 4.375080624776002125, 32.80310280909402110 ) ) ;
#1752 = AXIS2_PLACEMENT_3D ( 'NONE', #4108, #858, #3741 ) ;
#1753 = CARTESIAN_POINT ( 'NONE',  ( 3.140872062812998244, 19.91681867494897418, 31.66539149266202458 ) ) ;
#1754 = CARTESIAN_POINT ( 'NONE',  ( 0.04201837989458996614, 17.04302462209399138, 31.59929305615699136 ) ) ;
#1755 = LINE ( 'NONE', #2023, #886 ) ;
#1756 = CONICAL_SURFACE ( 'NONE', #2372, 3.000000000000000000, 0.7853981633970000820 ) ;
#1757 = CARTESIAN_POINT ( 'NONE',  ( 0.4373879867152805634, 15.82884788399340614, 29.83738798671527803 ) ) ;
#1758 = ORIENTED_EDGE ( 'NONE', *, *, #279, .F. ) ;
#1759 = CARTESIAN_POINT ( 'NONE',  ( 0.5608585766260002492, 5.156868082211999216, 33.38442775696897513 ) ) ;
#1760 = CARTESIAN_POINT ( 'NONE',  ( 5.000000000000000000, 2.600367236135000315, 33.38565781182900594 ) ) ;
#1761 = ADVANCED_FACE ( 'NONE', ( #3531 ), #2585, .T. ) ;
#1762 =( BOUNDED_CURVE ( )  B_SPLINE_CURVE ( 3, ( #1383, #1757, #2571, #4660 ),
 .UNSPECIFIED., .F., .F. ) 
 B_SPLINE_CURVE_WITH_KNOTS ( ( 4, 4 ),
 ( 2.117647277490861235, 3.141592653589793116 ),
 .UNSPECIFIED. ) 
 CURVE ( )  GEOMETRIC_REPRESENTATION_ITEM ( )  RATIONAL_B_SPLINE_CURVE ( ( 1.000000000000000000, 0.9145198591387597720, 0.9145198591387597720, 1.000000000000000000 ) ) 
 REPRESENTATION_ITEM ( '' )  );
#1763 = CARTESIAN_POINT ( 'NONE',  ( 1.687029598303000366, 0.1101437280319999684, 31.29728335545198448 ) ) ;
#1764 = EDGE_CURVE ( 'NONE', #4442, #3995, #2615, .T. ) ;
#1765 = ORIENTED_EDGE ( 'NONE', *, *, #4481, .T. ) ;
#1766 = CARTESIAN_POINT ( 'NONE',  ( 17.12500000000000000, 10.00000000000000000, 33.99739470206999670 ) ) ;
#1767 = CARTESIAN_POINT ( 'NONE',  ( -0.5862964894639998148, 3.831190897451998367, 32.50042311814802787 ) ) ;
#1768 = CARTESIAN_POINT ( 'NONE',  ( 0.5871145499959999903, 0.2895454625689998784, 31.89233377534400304 ) ) ;
#1769 = CARTESIAN_POINT ( 'NONE',  ( 4.649735736893999771, 19.33630698563599637, 30.06369301436399866 ) ) ;
#1770 = CARTESIAN_POINT ( 'NONE',  ( 4.994513937012004412, 0.6469644067790003561, 33.42969755937497922 ) ) ;
#1771 = EDGE_CURVE ( 'NONE', #4457, #3861, #3853, .T. ) ;
#1772 = ORIENTED_EDGE ( 'NONE', *, *, #4136, .F. ) ;
#1773 = CARTESIAN_POINT ( 'NONE',  ( 0.6890926740859995014, 20.66064078736599541, 31.54008772302299235 ) ) ;
#1774 = CARTESIAN_POINT ( 'NONE',  ( -1.012947292535000043, 16.84826403179600973, 31.98273177057200911 ) ) ;
#1775 = CARTESIAN_POINT ( 'NONE',  ( 19.99881159798700025, 18.85810317487700161, 30.00000000000000000 ) ) ;
#1776 = ORIENTED_EDGE ( 'NONE', *, *, #2641, .F. ) ;
#1777 = CARTESIAN_POINT ( 'NONE',  ( 0.3294986942319999002, -0.4177226492859998364, 31.51354428105901917 ) ) ;
#1778 = CARTESIAN_POINT ( 'NONE',  ( 2.061543338734998621, 4.967524265196003874, 33.44942570707101481 ) ) ;
#1779 = CARTESIAN_POINT ( 'NONE',  ( -0.1000000000000000056, 0.5999999999999999778, 24.12045915678299934 ) ) ;
#1780 = CARTESIAN_POINT ( 'NONE',  ( 1.357931193143999904, 15.26072130784399583, 32.97117884042300062 ) ) ;
#1781 = LINE ( 'NONE', #685, #3962 ) ;
#1782 = CARTESIAN_POINT ( 'NONE',  ( 20.00000000000000000, 17.00000000000000000, 29.00000000000000000 ) ) ;
#1783 = ORIENTED_EDGE ( 'NONE', *, *, #4116, .F. ) ;
#1784 = DIRECTION ( 'NONE',  ( 1.000000000000000000, 0.000000000000000000, 0.000000000000000000 ) ) ;
#1785 = DIRECTION ( 'NONE',  ( 0.000000000000000000, 0.000000000000000000, 1.000000000000000000 ) ) ;
#1786 = CARTESIAN_POINT ( 'NONE',  ( 20.00000000000000000, 3.000000000000000000, 29.00000000000000000 ) ) ;
#1787 = ORIENTED_EDGE ( 'NONE', *, *, #2786, .T. ) ;
#1788 = DIRECTION ( 'NONE',  ( -2.119999999998643292E-15, -0.7071067811865474617, -0.7071067811865474617 ) ) ;
#1789 = CARTESIAN_POINT ( 'NONE',  ( 2.132693931989000369, 5.597381903177005569, 33.93110924765601766 ) ) ;
#1790 =( BOUNDED_SURFACE ( )  B_SPLINE_SURFACE ( 2, 5, ( 
 ( #666, #3171, #1713, #262, #959, #3816 ),
 ( #3838, #3109, #2076, #3195, #1692, #3487 ),
 ( #642, #4575, #983, #4640, #285, #2118 ) ),
 .UNSPECIFIED., .F., .F., .T. ) 
 B_SPLINE_SURFACE_WITH_KNOTS ( ( 3, 3 ),
 ( 6, 6 ),
 ( 0.000000000000000000, 2.184440563304999916 ),
 ( 9.117955842515000242, 11.30239640581899963 ),
 .UNSPECIFIED. ) 
 GEOMETRIC_REPRESENTATION_ITEM ( )  RATIONAL_B_SPLINE_SURFACE ( (
 ( 1.000000000000000000, 1.000000000000000000, 1.000000000000000000, 1.000000000000000000, 1.000000000000000000, 1.000000000000000000),
 ( 0.7071067811869999886, 0.7008080202799999991, 0.6973263383459999964, 0.6973263383459999964, 0.7008080202799999991, 0.7071067811869999886),
 ( 1.000000000000000000, 1.000000000000000000, 1.000000000000000000, 1.000000000000000000, 1.000000000000000000, 1.000000000000000000) ) ) 
 REPRESENTATION_ITEM ( '' )  SURFACE ( )  );
#1791 = CARTESIAN_POINT ( 'NONE',  ( 5.548198664271000169, 18.30381087528702011, 33.84039063178897777 ) ) ;
#1792 = CARTESIAN_POINT ( 'NONE',  ( 5.431194515134999179, 2.153712520503000327, 33.93007130501202795 ) ) ;
#1793 = ORIENTED_EDGE ( 'NONE', *, *, #170, .F. ) ;
#1794 = CARTESIAN_POINT ( 'NONE',  ( 0.0005794718742581545000, 17.42705580216572514, 31.49612117967564728 ) ) ;
#1795 = ADVANCED_FACE ( 'NONE', ( #1359 ), #1456, .T. ) ;
#1796 = EDGE_CURVE ( 'NONE', #3009, #1242, #632, .T. ) ;
#1797 = CARTESIAN_POINT ( 'NONE',  ( -0.5783303580119997234, 15.81951642027600613, 32.51454376135900048 ) ) ;
#1798 = CARTESIAN_POINT ( 'NONE',  ( 4.413961502939997672, 0.8571065932140001786, 32.60627783631299081 ) ) ;
#1799 = DIRECTION ( 'NONE',  ( 1.000000000000000000, 0.000000000000000000, 0.000000000000000000 ) ) ;
#1800 = CARTESIAN_POINT ( 'NONE',  ( 0.07185567935792000482, 3.097231042946998691, 31.91896469224500876 ) ) ;
#1801 = CARTESIAN_POINT ( 'NONE',  ( 4.493357331200003912, 19.01953999589301958, 32.69897034280302961 ) ) ;
#1802 = CARTESIAN_POINT ( 'NONE',  ( 0.8100410812779998970, 15.62172846814901561, 32.80454174056998795 ) ) ;
#1803 = DIRECTION ( 'NONE',  ( 0.000000000000000000, 0.000000000000000000, 1.000000000000000000 ) ) ;
#1804 = CARTESIAN_POINT ( 'NONE',  ( 3.518482268997000340, 10.65635289708600020, 33.39999999999999858 ) ) ;
#1805 = CARTESIAN_POINT ( 'NONE',  ( 17.00000000000000000, 8.812565791296000484, 34.00000000000000000 ) ) ;
#1806 = CARTESIAN_POINT ( 'NONE',  ( 4.710615978304000251, 0.6355538325279999068, 30.03555383252800226 ) ) ;
#1807 = PLANE ( 'NONE',  #1223 ) ;
#1808 = ORIENTED_EDGE ( 'NONE', *, *, #1012, .T. ) ;
#1809 = CARTESIAN_POINT ( 'NONE',  ( 4.683766309705996278, 20.10374670198501690, 32.93454504811599293 ) ) ;
#1810 = CARTESIAN_POINT ( 'NONE',  ( -0.8375326998009998691, 3.186244175572999104, 32.21537211509100018 ) ) ;
#1811 = CARTESIAN_POINT ( 'NONE',  ( 5.284696644696005308, 19.14657071605000027, 33.52420493077701735 ) ) ;
#1812 = CARTESIAN_POINT ( 'NONE',  ( 3.151099194822999383, -1.013158949339999948, 31.98244599363198759 ) ) ;
#1813 = ORIENTED_EDGE ( 'NONE', *, *, #1980, .F. ) ;
#1814 = CARTESIAN_POINT ( 'NONE',  ( 0.02069574273170268763, 17.17396772555208528, 31.56280867795396006 ) ) ;
#1815 = VECTOR ( 'NONE', #1784, 1000.000000000000000 ) ;
#1816 = CARTESIAN_POINT ( 'NONE',  ( -2.000000000000000000, 1.500000000000000000, 28.00000000000000000 ) ) ;
#1817 = EDGE_CURVE ( 'NONE', #3173, #1321, #3553, .T. ) ;
#1818 = CARTESIAN_POINT ( 'NONE',  ( 2.978323711321001266, 0.04600222332036997541, 31.60565263970199723 ) ) ;
#1819 = EDGE_CURVE ( 'NONE', #3374, #2706, #1483, .T. ) ;
#1820 = CARTESIAN_POINT ( 'NONE',  ( 9.759276738325999290, 2.863358060621000067, 33.99793598499000069 ) ) ;
#1821 = VECTOR ( 'NONE', #2301, 1000.000000000000114 ) ;
#1822 = CARTESIAN_POINT ( 'NONE',  ( 2.267597813173003019, -1.107673892527000215, 31.78393898499701109 ) ) ;
#1823 = CARTESIAN_POINT ( 'NONE',  ( 2.690798133810997861, 4.996910100648003450, 33.55560061206100642 ) ) ;
#1824 = VECTOR ( 'NONE', #4271, 1000.000000000000000 ) ;
#1825 = DIRECTION ( 'NONE',  ( 0.000000000000000000, 0.000000000000000000, 1.000000000000000000 ) ) ;
#1826 = CARTESIAN_POINT ( 'NONE',  ( 2.699961644031998453, 15.00416882343898628, 33.39607101186899740 ) ) ;
#1827 = CARTESIAN_POINT ( 'NONE',  ( 17.00000000000000000, 1.000000000000000000, 25.19999999999999929 ) ) ;
#1828 = PRODUCT_DEFINITION_FORMATION_WITH_SPECIFIED_SOURCE ( 'ANY', '', #484, .NOT_KNOWN. ) ;
#1829 = CARTESIAN_POINT ( 'NONE',  ( 17.00000000000000000, 8.812565791296000484, 33.39999999999999858 ) ) ;
#1830 = VECTOR ( 'NONE', #760, 1000.000000000000000 ) ;
#1831 = CARTESIAN_POINT ( 'NONE',  ( 10.00000000000000000, 10.00000000000000000, 34.00000000000000000 ) ) ;
#1832 = CARTESIAN_POINT ( 'NONE',  ( 4.560733684757000361, 1.060259801958000070, 30.46025980195799931 ) ) ;
#1833 = AXIS2_PLACEMENT_3D ( 'NONE', #3760, #2332, #833 ) ;
#1834 = CARTESIAN_POINT ( 'NONE',  ( 20.00000000000000000, 1.267949192431000238, 30.00000000000000000 ) ) ;
#1835 = ORIENTED_EDGE ( 'NONE', *, *, #1448, .T. ) ;
#1836 = CARTESIAN_POINT ( 'NONE',  ( 3.040374157552999002, 21.03642304130100626, 31.95083675542200297 ) ) ;
#1837 = CARTESIAN_POINT ( 'NONE',  ( -0.2586683177520000543, 4.569874139416004510, 32.81858695880301013 ) ) ;
#1838 = CARTESIAN_POINT ( 'NONE',  ( 5.436010382875993585, 18.75382471605598766, 33.69514584177597527 ) ) ;
#1839 = CARTESIAN_POINT ( 'NONE',  ( 3.244133856070000821, -0.8200567014640005592, 32.23594397387000754 ) ) ;
#1840 = ORIENTED_EDGE ( 'NONE', *, *, #2982, .F. ) ;
#1841 = CARTESIAN_POINT ( 'NONE',  ( 0.005774405640934339272, 17.31831808153103580, 31.52414548622075330 ) ) ;
#1842 = VERTEX_POINT ( 'NONE', #2 ) ;
#1843 = CARTESIAN_POINT ( 'NONE',  ( 1.641574163872002057, 14.64462374354999774, 33.81520211342001403 ) ) ;
#1844 = CARTESIAN_POINT ( 'NONE',  ( 5.600122928950999501, 17.56981051206399869, 33.96742548815200280 ) ) ;
#1845 = CARTESIAN_POINT ( 'NONE',  ( -2.000000000000000000, -2.000000000000000000, 34.00000000000000000 ) ) ;
#1846 = CARTESIAN_POINT ( 'NONE',  ( -0.4202777199850002976, 0.3329961263789998349, 31.51375412646400065 ) ) ;
#1847 = CARTESIAN_POINT ( 'NONE',  ( 0.4260788756350002981, 4.111994588836003217, 32.75386665149699894 ) ) ;
#1848 = EDGE_CURVE ( 'NONE', #1864, #3056, #1450, .T. ) ;
#1849 = CARTESIAN_POINT ( 'NONE',  ( 3.980246324770998712, 19.53427797706399360, 32.20027731488001166 ) ) ;
#1850 = CARTESIAN_POINT ( 'NONE',  ( 0.04368670408872000338, 17.03215041072098046, 31.87311194477500109 ) ) ;
#1851 = CARTESIAN_POINT ( 'NONE',  ( 0.004975437567687559376, 2.669137591811201027, 31.52092155234993953 ) ) ;
#1852 = CARTESIAN_POINT ( 'NONE',  ( 3.000000000000000000, -2.000000000000000000, 25.19999999999999929 ) ) ;
#1853 = EDGE_CURVE ( 'NONE', #2767, #3009, #4463, .T. ) ;
#1854 = CARTESIAN_POINT ( 'NONE',  ( 3.000000000000000000, 5.559411708156000387, 34.00000000000000000 ) ) ;
#1855 = CARTESIAN_POINT ( 'NONE',  ( 17.00000000000000000, 20.80000000000000071, 24.00000000000000000 ) ) ;
#1856 = CARTESIAN_POINT ( 'NONE',  ( 4.564673629859999693, 19.25893662139599982, 30.14106337860399876 ) ) ;
#1857 = CARTESIAN_POINT ( 'NONE',  ( 0.5999999999999999778, 20.10000000000000142, 29.30000000000000071 ) ) ;
#1858 = ORIENTED_EDGE ( 'NONE', *, *, #1504, .F. ) ;
#1859 = CARTESIAN_POINT ( 'NONE',  ( 5.548198664271000169, 18.30381087528702011, 33.84039063178897777 ) ) ;
#1860 = DIRECTION ( 'NONE',  ( 0.000000000000000000, 0.000000000000000000, 1.000000000000000000 ) ) ;
#1861 = ADVANCED_FACE ( 'NONE', ( #3287 ), #4062, .T. ) ;
#1862 = CARTESIAN_POINT ( 'NONE',  ( 3.094910526974000931, 20.59989777693700930, 32.31280035027199204 ) ) ;
#1863 = DIRECTION ( 'NONE',  ( -0.000000000000000000, 1.000000000000000000, 0.000000000000000000 ) ) ;
#1864 = VERTEX_POINT ( 'NONE', #196 ) ;
#1865 = CARTESIAN_POINT ( 'NONE',  ( 0.4571220966229996296, 20.50911908009501516, 31.52181156835699838 ) ) ;
#1866 = ORIENTED_EDGE ( 'NONE', *, *, #525, .F. ) ;
#1867 = DIRECTION ( 'NONE',  ( -1.000000000000000000, 0.000000000000000000, 0.000000000000000000 ) ) ;
#1868 = CARTESIAN_POINT ( 'NONE',  ( 4.704535268449003382, 1.289250252336999747, 33.13418852413698090 ) ) ;
#1869 = CARTESIAN_POINT ( 'NONE',  ( 2.934587682304000023, 0.03806304987526999695, 31.59298142139299514 ) ) ;
#1870 = CARTESIAN_POINT ( 'NONE',  ( 1.507174921517000499, -1.000926113797000472, 31.64636117896899492 ) ) ;
#1871 = CARTESIAN_POINT ( 'NONE',  ( 0.8772675230929998236, 4.528096267644002637, 33.10892820004497139 ) ) ;
#1872 = CARTESIAN_POINT ( 'NONE',  ( 0.1198301128689999023, 1.651652778596000681, 31.56650745187197771 ) ) ;
#1873 = CARTESIAN_POINT ( 'NONE',  ( -0.3036471641590000048, 16.88912680783101550, 32.30988026655698064 ) ) ;
#1874 = AXIS2_PLACEMENT_3D ( 'NONE', #4219, #212, #3548 ) ;
#1875 = FACE_OUTER_BOUND ( 'NONE', #3364, .T. ) ;
#1876 = CARTESIAN_POINT ( 'NONE',  ( 0.5999999999999999778, 4.949489742783000246, 30.00000000000000000 ) ) ;
#1877 = CARTESIAN_POINT ( 'NONE',  ( 4.953528311760998726, 18.27727610157699090, 33.52413496589399955 ) ) ;
#1879 = CARTESIAN_POINT ( 'NONE',  ( 0.7027149495649571698, 20.10000000000003340, 24.05757981813944824 ) ) ;
#1878 = APPLICATION_CONTEXT ( 'configuration controlled 3d designs of mechanical parts and assemblies' ) ;
#1880 = CARTESIAN_POINT ( 'NONE',  ( 4.524595261378999922, 19.09289393331900087, 30.30710606668100127 ) ) ;
#1881 = EDGE_CURVE ( 'NONE', #1689, #4562, #2710, .T. ) ;
#1882 = CARTESIAN_POINT ( 'NONE',  ( 19.97048697486184565, 0.7922946795941619991, 30.00000000000000000 ) ) ;
#1883 = ORIENTED_EDGE ( 'NONE', *, *, #1914, .F. ) ;
#1884 = EDGE_CURVE ( 'NONE', #1842, #2882, #3022, .T. ) ;
#1885 = CARTESIAN_POINT ( 'NONE',  ( 1.696968082694999325, 21.04641985304102647, 31.67685588075499581 ) ) ;
#1886 = CARTESIAN_POINT ( 'NONE',  ( 1.357931193143999904, 15.26072130784399405, 32.97117884042300062 ) ) ;
#1887 = CARTESIAN_POINT ( 'NONE',  ( 5.193789580718005894, 19.32989043556198183, 33.42858662137300740 ) ) ;
#1888 = CARTESIAN_POINT ( 'NONE',  ( 3.271663975066998464, -0.9821464052959998359, 32.02374183755801340 ) ) ;
#1889 = ORIENTED_EDGE ( 'NONE', *, *, #1565, .T. ) ;
#1890 = DIRECTION ( 'NONE',  ( 0.000000000000000000, 0.000000000000000000, 1.000000000000000000 ) ) ;
#1891 = CARTESIAN_POINT ( 'NONE',  ( 0.8772958723829999972, 4.523359263209999703, 30.27729587238300013 ) ) ;
#1892 = AXIS2_PLACEMENT_3D ( 'NONE', #1829, #2144, #381 ) ;
#1893 = CARTESIAN_POINT ( 'NONE',  ( 4.964072981081002034, 2.058284480449999343, 33.44616816444001017 ) ) ;
#1894 = VERTEX_POINT ( 'NONE', #3038 ) ;
#1895 = CARTESIAN_POINT ( 'NONE',  ( 8.812565791296000484, 3.000000000000000000, 34.00000000000000000 ) ) ;
#1896 = PERSON_AND_ORGANIZATION ( #296, #1152 ) ;
#1897 = CARTESIAN_POINT ( 'NONE',  ( -0.1002048260959999826, 2.930689208498000742, 32.10719682702798394 ) ) ;
#1898 = CIRCLE ( 'NONE', #4684, 8.099999999999999645 ) ;
#1899 = CARTESIAN_POINT ( 'NONE',  ( 0.7633259568809995788, 0.4887452251290002603, 31.73932949389701008 ) ) ;
#1900 = CARTESIAN_POINT ( 'NONE',  ( -0.1000901632780000217, 17.06867813264098999, 32.10744488153199683 ) ) ;
#1901 = CARTESIAN_POINT ( 'NONE',  ( -0.8650067525129999657, 16.35561739039799178, 32.17538059027498321 ) ) ;
#1902 = CIRCLE ( 'NONE', #1672, 0.5999999999999996447 ) ;
#1903 = CIRCLE ( 'NONE', #2438, 0.5999999999999997558 ) ;
#1904 = CARTESIAN_POINT ( 'NONE',  ( 2.863358060621000067, 10.24072326167399893, 33.99793598499000069 ) ) ;
#1905 = CARTESIAN_POINT ( 'NONE',  ( 3.081106929289002316, 19.93200321333099723, 31.64106543398400717 ) ) ;
#1906 = CARTESIAN_POINT ( 'NONE',  ( 9.281272948981998283, 17.09035047287300202, 34.00000000000000000 ) ) ;
#1907 = AXIS2_PLACEMENT_3D ( 'NONE', #763, #3291, #3341 ) ;
#1908 = DIRECTION ( 'NONE',  ( 1.000000000000000000, 0.000000000000000000, 0.000000000000000000 ) ) ;
#1909 = CARTESIAN_POINT ( 'NONE',  ( 8.812565791296000484, 3.000000000000000000, 34.00000000000000000 ) ) ;
#1910 = ORIENTED_EDGE ( 'NONE', *, *, #2896, .T. ) ;
#1911 = CARTESIAN_POINT ( 'NONE',  ( -1.081893022250999481, 18.11326189620298166, 31.71050166126300596 ) ) ;
#1912 = LOCAL_TIME ( 2, 32, 49.00000000000000000, #4449 ) ;
#1913 = CARTESIAN_POINT ( 'NONE',  ( 2.002563251201998185, 15.04540241921597854, 33.25925509611101205 ) ) ;
#1914 = EDGE_CURVE ( 'NONE', #4555, #4438, #4012, .T. ) ;
#1915 = CIRCLE ( 'NONE', #4328, 5.000000000000000000 ) ;
#1916 = DIRECTION ( 'NONE',  ( -1.000000000000000000, 0.000000000000000000, 0.000000000000000000 ) ) ;
#1917 = EDGE_CURVE ( 'NONE', #1232, #1006, #3416, .T. ) ;
#1918 = CARTESIAN_POINT ( 'NONE',  ( 5.029227402535997093, 0.3403091269880001990, 33.25749050037099863 ) ) ;
#1919 = ORIENTED_EDGE ( 'NONE', *, *, #1415, .T. ) ;
#1920 = FACE_OUTER_BOUND ( 'NONE', #4290, .T. ) ;
#1921 = LINE ( 'NONE', #492, #928 ) ;
#1922 = CARTESIAN_POINT ( 'NONE',  ( 2.908437360212000389, -0.1040752886009998768, 32.10153970780800847 ) ) ;
#1923 = ORIENTED_EDGE ( 'NONE', *, *, #3320, .F. ) ;
#1924 =( LENGTH_UNIT ( ) NAMED_UNIT ( * ) SI_UNIT ( .MILLI., .METRE. ) );
#1925 = CARTESIAN_POINT ( 'NONE',  ( -0.1138617075860001160, 3.639793011149001334, 32.53719352057998293 ) ) ;
#1926 = CARTESIAN_POINT ( 'NONE',  ( -0.06558033780371996802, 16.90974784783098528, 32.15774689516997853 ) ) ;
#1927 = CARTESIAN_POINT ( 'NONE',  ( 0.5690636852090003028, 14.83922215246699317, 33.38856130371697617 ) ) ;
#1928 = CARTESIAN_POINT ( 'NONE',  ( 3.481755102225003728, 10.21703664603300332, 34.01488215502602941 ) ) ;
#1929 = AXIS2_PLACEMENT_3D ( 'NONE', #2939, #426, #2190 ) ;
#1930 = CARTESIAN_POINT ( 'NONE',  ( 3.105863715156997440, 19.92608467061200983, 31.92233480525600342 ) ) ;
#1931 = CARTESIAN_POINT ( 'NONE',  ( 3.000000000000000000, 3.000000000000000000, 29.00000000000000000 ) ) ;
#1932 = DIRECTION ( 'NONE',  ( 9.999999999993592761E-18, -0.7071067811865475727, -0.7071067811865475727 ) ) ;
#1933 = EDGE_LOOP ( 'NONE', ( #4149, #4051, #4300, #771, #4638, #2922, #3387, #1772 ) ) ;
#1934 = CARTESIAN_POINT ( 'NONE',  ( 1.625776952769997674, 19.87164955710799674, 31.28551413459499386 ) ) ;
#1935 = CARTESIAN_POINT ( 'NONE',  ( 0.07582941709149002008, 16.88765521126599012, 31.65359621345799113 ) ) ;
#1936 = DIRECTION ( 'NONE',  ( 1.000000000000000000, 0.000000000000000000, 0.000000000000000000 ) ) ;
#1937 = CARTESIAN_POINT ( 'NONE',  ( 0.000000000000000000, 17.50000000000000000, 29.39999999999999503 ) ) ;
#1938 = ORIENTED_EDGE ( 'NONE', *, *, #4362, .F. ) ;
#1939 = ORIENTED_EDGE ( 'NONE', *, *, #3730, .F. ) ;
#1940 = CARTESIAN_POINT ( 'NONE',  ( 5.593418210857000084, 17.28432836896400104, 33.99468779566999643 ) ) ;
#1941 = CARTESIAN_POINT ( 'NONE',  ( 17.00000000000000000, 17.00000000000000000, 34.00000000000000000 ) ) ;
#1942 = CARTESIAN_POINT ( 'NONE',  ( 3.054501466908999596, 0.06168502036554995849, 31.90249519277202950 ) ) ;
#1943 = EDGE_CURVE ( 'NONE', #4438, #2220, #1738, .T. ) ;
#1944 = ORIENTED_EDGE ( 'NONE', *, *, #1970, .F. ) ;
#1945 = CARTESIAN_POINT ( 'NONE',  ( 0.0009311601156871991821, 17.85943644812402198, 31.38838655319000281 ) ) ;
#1946 = CARTESIAN_POINT ( 'NONE',  ( 0.000000000000000000, 0.000000000000000000, 0.000000000000000000 ) ) ;
#1947 = EDGE_CURVE ( 'NONE', #4160, #2220, #676, .T. ) ;
#1948 =( BOUNDED_CURVE ( )  B_SPLINE_CURVE ( 2, ( #2298, #1129, #4461 ),
 .UNSPECIFIED., .F., .F. ) 
 B_SPLINE_CURVE_WITH_KNOTS ( ( 3, 3 ),
 ( 0.000000000000000000, 1.000000000000000000 ),
 .UNSPECIFIED. ) 
 CURVE ( )  GEOMETRIC_REPRESENTATION_ITEM ( )  RATIONAL_B_SPLINE_CURVE ( ( 1.000000000000000000, 1.008066638227520073, 1.000000000000000000 ) ) 
 REPRESENTATION_ITEM ( '' )  );
#1949 = CARTESIAN_POINT ( 'NONE',  ( 2.168562030577997124, 15.01520655445801999, 33.47742065034901771 ) ) ;
#1950 = CARTESIAN_POINT ( 'NONE',  ( 0.3560731607570000179, 14.96068192275800612, 33.26784301282198442 ) ) ;
#1951 = CARTESIAN_POINT ( 'NONE',  ( -1.103861311045999827, 2.516879727968001301, 31.83492160918599012 ) ) ;
#1952 = CARTESIAN_POINT ( 'NONE',  ( 4.999312917487001684, 18.09965585350598261, 33.57948829056604012 ) ) ;
#1953 = DIRECTION ( 'NONE',  ( 1.000000000000000000, 0.000000000000000000, 0.000000000000000000 ) ) ;
#1954 = CARTESIAN_POINT ( 'NONE',  ( 17.39269908169899992, 22.00000000000000000, 29.00000000000000000 ) ) ;
#1955 = ORIENTED_EDGE ( 'NONE', *, *, #3238, .T. ) ;
#1956 = CARTESIAN_POINT ( 'NONE',  ( -0.7171616657580005549, 19.22714321448901842, 31.54640988648899835 ) ) ;
#1957 = VERTEX_POINT ( 'NONE', #863 ) ;
#1958 = FACE_OUTER_BOUND ( 'NONE', #1197, .T. ) ;
#1959 = DIRECTION ( 'NONE',  ( -0.000000000000000000, 1.000000000000000000, 0.000000000000000000 ) ) ;
#1960 = CARTESIAN_POINT ( 'NONE',  ( 2.957954502353002280, 20.89052183891999448, 32.15143815002801375 ) ) ;
#1961 = ORIENTED_EDGE ( 'NONE', *, *, #4313, .F. ) ;
#1962 = ORIENTED_EDGE ( 'NONE', *, *, #2668, .F. ) ;
#1963 = CARTESIAN_POINT ( 'NONE',  ( -1.874720999497354830E-13, 3.392814489230052022, 29.39999999999981384 ) ) ;
#1964 = PRODUCT_DEFINITION ( 'UNKNOWN', '', #1828, #876 ) ;
#1965 = CARTESIAN_POINT ( 'NONE',  ( 0.6000000022810001443, 4.919967007684999949, 30.00000000228099850 ) ) ;
#1966 = CARTESIAN_POINT ( 'NONE',  ( 3.032575772548998128, 0.05680366763477997377, 31.89453489073398984 ) ) ;
#1967 = ORIENTED_EDGE ( 'NONE', *, *, #953, .F. ) ;
#1968 = CARTESIAN_POINT ( 'NONE',  ( 1.814617569924999119, 19.92672959032497815, 31.59861180805598124 ) ) ;
#1969 = APPLICATION_PROTOCOL_DEFINITION ( 'international standard', 'config_control_design', 1994, #4296 ) ;
#1970 = EDGE_CURVE ( 'NONE', #4571, #2693, #3640, .T. ) ;
#1971 = CARTESIAN_POINT ( 'NONE',  ( 2.353277782154000519, 14.94510884329299749, 33.67530793337202510 ) ) ;
#1972 = CARTESIAN_POINT ( 'NONE',  ( 0.7027149495649571698, -0.09999999999999999167, 24.05757981813944824 ) ) ;
#1973 = EDGE_CURVE ( 'NONE', #505, #818, #3865, .T. ) ;
#1974 = AXIS2_PLACEMENT_3D ( 'NONE', #3005, #2309, #806 ) ;
#1975 = CARTESIAN_POINT ( 'NONE',  ( -0.6500000000000000222, 15.00000000000000000, 23.85000000000000142 ) ) ;
#1976 =( BOUNDED_SURFACE ( )  B_SPLINE_SURFACE ( 2, 4, ( 
 ( #1027, #2895, #2549, #1073, #4314 ),
 ( #4338, #1449, #3578, #734, #3622 ),
 ( #3905, #3265, #688, #358, #2501 ) ),
 .UNSPECIFIED., .F., .F., .T. ) 
 B_SPLINE_SURFACE_WITH_KNOTS ( ( 3, 3 ),
 ( 5, 5 ),
 ( 0.000000000000000000, 0.3831120009999999798 ),
 ( 19.01857285055900348, 19.40168485155899702 ),
 .UNSPECIFIED. ) 
 GEOMETRIC_REPRESENTATION_ITEM ( )  RATIONAL_B_SPLINE_SURFACE ( (
 ( 1.000000000000000000, 1.000000000000000000, 1.000000000000000000, 1.000000000000000000, 1.000000000000000000),
 ( 0.7071067811869999886, 0.7087190260310000101, 0.7092555043660000447, 0.7086447694539999009, 0.7069427557580000299),
 ( 1.000000000000000000, 1.000000000000000000, 1.000000000000000000, 1.000000000000000000, 1.000000000000000000) ) ) 
 REPRESENTATION_ITEM ( '' )  SURFACE ( )  );
#1977 = CARTESIAN_POINT ( 'NONE',  ( 3.047075143918998030, 19.94011752807199755, 31.89957052668101056 ) ) ;
#1978 = DIRECTION ( 'NONE',  ( 0.000000000000000000, 0.000000000000000000, -1.000000000000000000 ) ) ;
#1979 = CARTESIAN_POINT ( 'NONE',  ( 19.39900052719500323, 19.25155227680217607, 32.84364015992500185 ) ) ;
#1980 = EDGE_CURVE ( 'NONE', #1372, #1079, #2009, .T. ) ;
#1981 = CARTESIAN_POINT ( 'NONE',  ( 9.347518484491994073, 3.517825553152001294, 34.01078542606401101 ) ) ;
#1982 = DIRECTION ( 'NONE',  ( 0.000000000000000000, 0.000000000000000000, 1.000000000000000000 ) ) ;
#1983 = EDGE_LOOP ( 'NONE', ( #3552, #1559, #2712, #3884 ) ) ;
#1984 = LINE ( 'NONE', #3726, #379 ) ;
#1985 = CIRCLE ( 'NONE', #3782, 3.800000000000001155 ) ;
#1986 = CARTESIAN_POINT ( 'NONE',  ( 17.39269908169899992, 0.07106781186546869133, 34.00000000000000000 ) ) ;
#1987 = ORIENTED_EDGE ( 'NONE', *, *, #4320, .T. ) ;
#1988 = CARTESIAN_POINT ( 'NONE',  ( 3.500000018448750083, 10.21844405609449957, 33.39886439604437385 ) ) ;
#1989 = VECTOR ( 'NONE', #3338, 1000.000000000000114 ) ;
#1990 = CARTESIAN_POINT ( 'NONE',  ( -0.009924842340886991937, 2.561122964967001092, 31.76450010814699709 ) ) ;
#1991 = CARTESIAN_POINT ( 'NONE',  ( 0.08698154141682001850, 3.154505554714998272, 31.67146197268800023 ) ) ;
#1992 = CARTESIAN_POINT ( 'NONE',  ( 5.015368241908999991, 1.599655867689999678, 33.62816548123002036 ) ) ;
#1993 = AXIS2_PLACEMENT_3D ( 'NONE', #537, #3517, #3066 ) ;
#1994 = EDGE_LOOP ( 'NONE', ( #1427, #3993, #3389, #883, #1339, #3393, #3867, #1275 ) ) ;
#1995 = CARTESIAN_POINT ( 'NONE',  ( 0.005358470256567005215, 17.88546284028498334, 31.65823365616702390 ) ) ;
#1996 = PERSON_AND_ORGANIZATION_ROLE ( 'creator' ) ;
#1997 = CARTESIAN_POINT ( 'NONE',  ( -0.8731122260779997646, 16.95544335690500759, 32.17268913574502420 ) ) ;
#1998 = CARTESIAN_POINT ( 'NONE',  ( -0.4093560708710000107, 15.62418150465998501, 32.67385333473901454 ) ) ;
#1999 = FACE_OUTER_BOUND ( 'NONE', #888, .T. ) ;
#2000 = CARTESIAN_POINT ( 'NONE',  ( 2.915975093282001662, 20.10284219539800787, 32.10336164010102067 ) ) ;
#2001 = CARTESIAN_POINT ( 'NONE',  ( 5.593423177305000493, 2.715612650680999884, 33.99468493566499916 ) ) ;
#2002 = PLANE ( 'NONE',  #1043 ) ;
#2003 = ADVANCED_FACE ( 'NONE', ( #3438 ), #1644, .F. ) ;
#2004 = DIRECTION ( 'NONE',  ( 0.000000000000000000, 0.000000000000000000, 1.000000000000000000 ) ) ;
#2005 = DIRECTION ( 'NONE',  ( 1.000000000000000000, 0.000000000000000000, 0.000000000000000000 ) ) ;
#2006 = ORIENTED_EDGE ( 'NONE', *, *, #547, .F. ) ;
#2007 = CYLINDRICAL_SURFACE ( 'NONE', #4533, 3.000000000000000000 ) ;
#2008 = EDGE_CURVE ( 'NONE', #2559, #2767, #1337, .T. ) ;
#2009 = LINE ( 'NONE', #3727, #2064 ) ;
#2010 = CARTESIAN_POINT ( 'NONE',  ( 19.63306251687300019, 2.999999999999999112, 32.52234270993700704 ) ) ;
#2011 = ORIENTED_EDGE ( 'NONE', *, *, #1099, .F. ) ;
#2012 = CARTESIAN_POINT ( 'NONE',  ( 2.500000000000000000, 17.50000000000000000, 30.59999999999999787 ) ) ;
#2013 = CARTESIAN_POINT ( 'NONE',  ( -0.1041025960709999476, 2.908276181992001330, 32.10147913825997534 ) ) ;
#2014 = CARTESIAN_POINT ( 'NONE',  ( -0.01250213876177001110, 2.387134446198998727, 31.72172214008601898 ) ) ;
#2015 = CARTESIAN_POINT ( 'NONE',  ( 3.130184495750998330, -0.5900441599720001040, 32.32415614210802346 ) ) ;
#2016 = EDGE_LOOP ( 'NONE', ( #2107, #1711, #968, #1665, #4536 ) ) ;
#2017 = CARTESIAN_POINT ( 'NONE',  ( -0.01309964551298000227, 17.45740683529499648, 31.48610058070199358 ) ) ;
#2018 = CARTESIAN_POINT ( 'NONE',  ( 1.870525282055001348, 14.90924863910699294, 33.71242873047897604 ) ) ;
#2019 = CARTESIAN_POINT ( 'NONE',  ( 2.424463304011998943, 14.39240744213398315, 33.97288663682901699 ) ) ;
#2020 = FACE_OUTER_BOUND ( 'NONE', #464, .T. ) ;
#2021 = CARTESIAN_POINT ( 'NONE',  ( 2.891355455172001321, 20.35245994881798381, 32.24846749147598501 ) ) ;
#2022 = CARTESIAN_POINT ( 'NONE',  ( 5.574111795708001971, 1.942816310564000393, 33.89003286550897798 ) ) ;
#2023 = CARTESIAN_POINT ( 'NONE',  ( 0.2500000000000000000, 19.40000000000000213, 29.64999999999999858 ) ) ;
#2024 = DIRECTION ( 'NONE',  ( 0.000000000000000000, 0.000000000000000000, 1.000000000000000000 ) ) ;
#2025 = CARTESIAN_POINT ( 'NONE',  ( 20.00000000000000000, 3.000000000000000000, 31.00000000000000000 ) ) ;
#2026 = EDGE_LOOP ( 'NONE', ( #3753, #4021, #2031 ) ) ;
#2027 = CARTESIAN_POINT ( 'NONE',  ( -2.000000000000000000, 3.000000000000000000, 29.00000000000000000 ) ) ;
#2028 = CARTESIAN_POINT ( 'NONE',  ( 5.593423177305000493, 2.715612650680999884, 33.99468493566499916 ) ) ;
#2029 = EDGE_CURVE ( 'NONE', #2272, #1006, #3745, .T. ) ;
#2030 = CARTESIAN_POINT ( 'NONE',  ( 18.84364015992499830, -1.399000527194999899, 28.99999999999999645 ) ) ;
#2031 = ORIENTED_EDGE ( 'NONE', *, *, #3259, .F. ) ;
#2032 = CARTESIAN_POINT ( 'NONE',  ( 3.000000000000000000, 22.00000000000000000, 25.19999999999999929 ) ) ;
#2033 = CARTESIAN_POINT ( 'NONE',  ( 1.807621563443999824, 5.223694721461002999, 33.80406990073399243 ) ) ;
#2034 = CARTESIAN_POINT ( 'NONE',  ( -0.1422430226169999756, 2.157387845508997870, 31.92670066189099032 ) ) ;
#2035 = CARTESIAN_POINT ( 'NONE',  ( 1.811842786098000646, 4.905193273746002447, 33.18698755765099406 ) ) ;
#2036 = CARTESIAN_POINT ( 'NONE',  ( 5.037622457771004036, 1.671126237137998682, 33.65206026702200148 ) ) ;
#2037 = ORIENTED_EDGE ( 'NONE', *, *, #3059, .T. ) ;
#2038 = CARTESIAN_POINT ( 'NONE',  ( 1.236129835063000559, 20.14723258004999806, 31.94186222387198981 ) ) ;
#2039 = CARTESIAN_POINT ( 'NONE',  ( 2.212542646735999874, 14.85531154032000423, 33.78961107600002833 ) ) ;
#2040 = DIRECTION ( 'NONE',  ( 0.000000000000000000, 0.000000000000000000, 1.000000000000000000 ) ) ;
#2041 = FACE_OUTER_BOUND ( 'NONE', #3489, .T. ) ;
#2042 = CARTESIAN_POINT ( 'NONE',  ( 4.884305581114996464, 19.12304504598098731, 33.45899531233300905 ) ) ;
#2043 = CARTESIAN_POINT ( 'NONE',  ( 4.739827366879002746, -0.04580949277344001369, 32.98911947291599489 ) ) ;
#2044 = CARTESIAN_POINT ( 'NONE',  ( 4.949489742783000246, 19.40000000000000213, 30.00000000000000000 ) ) ;
#2045 = DIRECTION ( 'NONE',  ( 1.000000000000000000, 0.000000000000000000, 0.000000000000000000 ) ) ;
#2046 = CARTESIAN_POINT ( 'NONE',  ( 0.4416224366396945822, 18.94535559291682958, 31.21472010309650003 ) ) ;
#2047 = ORIENTED_EDGE ( 'NONE', *, *, #401, .F. ) ;
#2048 = CYLINDRICAL_SURFACE ( 'NONE', #4387, 5.000000000000000000 ) ;
#2049 = FACE_OUTER_BOUND ( 'NONE', #2539, .T. ) ;
#2050 = CARTESIAN_POINT ( 'NONE',  ( 18.52234270993699994, -1.633062516872999970, 28.99999999999999645 ) ) ;
#2051 = ORIENTED_EDGE ( 'NONE', *, *, #4080, .F. ) ;
#2052 = AXIS2_PLACEMENT_3D ( 'NONE', #1845, #4027, #1799 ) ;
#2053 = CARTESIAN_POINT ( 'NONE',  ( 0.9071060666889999569, 15.47540473862100008, 30.30710606668900198 ) ) ;
#2054 = ADVANCED_FACE ( 'NONE', ( #4440 ), #485, .T. ) ;
#2055 = AXIS2_PLACEMENT_3D ( 'NONE', #1634, #2283, #1570 ) ;
#2056 = CARTESIAN_POINT ( 'NONE',  ( 1.886097722049000058, 5.404230329931998256, 33.87974171393497613 ) ) ;
#2057 = CARTESIAN_POINT ( 'NONE',  ( 1.073301660223000553, 0.2463597590929999803, 31.75662124029298994 ) ) ;
#2058 = CARTESIAN_POINT ( 'NONE',  ( 2.595378007826998346, 5.003397599145995578, 33.38793201782301168 ) ) ;
#2059 = CARTESIAN_POINT ( 'NONE',  ( 4.915016263077996328, 1.305596177262999591, 33.52371609999902802 ) ) ;
#2060 = ORIENTED_EDGE ( 'NONE', *, *, #1817, .T. ) ;
#2061 = CARTESIAN_POINT ( 'NONE',  ( 1.430345088929999786, 20.23383739024499661, 31.96594298351700658 ) ) ;
#2062 = EDGE_CURVE ( 'NONE', #4190, #4348, #1200, .T. ) ;
#2063 = CARTESIAN_POINT ( 'NONE',  ( -0.4759843233079997238, 16.51943617855101820, 32.45305315206299923 ) ) ;
#2064 = VECTOR ( 'NONE', #3766, 1000.000000000000000 ) ;
#2065 = CARTESIAN_POINT ( 'NONE',  ( 3.527529449802750516, 9.345181818693250264, 33.39954575841774442 ) ) ;
#2066 = B_SPLINE_CURVE_WITH_KNOTS ( 'NONE', 4,
 ( #2646, #4086, #4389, #836, #4364 ),
 .UNSPECIFIED., .F., .F.,
 ( 5, 5 ),
 ( 39.74848421501599915, 40.84070449482099718 ),
 .UNSPECIFIED. ) ;
#2067 = PLANE ( 'NONE',  #599 ) ;
#2068 = CARTESIAN_POINT ( 'NONE',  ( 3.066569869511998281, 20.07162296788198219, 32.14898641807800317 ) ) ;
#2069 = EDGE_CURVE ( 'NONE', #2305, #1499, #3947, .T. ) ;
#2070 = CARTESIAN_POINT ( 'NONE',  ( 0.5999999999999999778, 0.8751923190729999913, 30.00000000000000000 ) ) ;
#2071 = CARTESIAN_POINT ( 'NONE',  ( -0.1000000000000000056, -1.050000000000000044, 24.00000000000000000 ) ) ;
#2072 = ORIENTED_EDGE ( 'NONE', *, *, #1569, .F. ) ;
#2073 = CARTESIAN_POINT ( 'NONE',  ( 3.000000000000000000, 5.559411708156000387, 33.39999999999999858 ) ) ;
#2074 = ORIENTED_EDGE ( 'NONE', *, *, #1162, .F. ) ;
#2075 = LINE ( 'NONE', #3437, #3549 ) ;
#2076 = CARTESIAN_POINT ( 'NONE',  ( 10.21703664603300332, 16.51824489777500560, 34.01488215502602941 ) ) ;
#2077 = CARTESIAN_POINT ( 'NONE',  ( 19.81494403636999735, -0.1659879971859999914, 28.99999999999999645 ) ) ;
#2078 = ORIENTED_EDGE ( 'NONE', *, *, #4340, .F. ) ;
#2079 = CARTESIAN_POINT ( 'NONE',  ( 0.7951093418350000386, 15.46198952893299960, 30.19510934183499984 ) ) ;
#2080 = CARTESIAN_POINT ( 'NONE',  ( 0.2362029131229998746, 4.738627031378004340, 33.19023047069399723 ) ) ;
#2081 = CARTESIAN_POINT ( 'NONE',  ( 1.894019498019999803, -0.3609521958380001450, 32.04124668736999837 ) ) ;
#2082 = CARTESIAN_POINT ( 'NONE',  ( 0.06956955345518001099, 3.087087585723000238, 31.64361122852198704 ) ) ;
#2083 = CARTESIAN_POINT ( 'NONE',  ( 3.156549810037998505, -0.5824056258950001119, 32.33292218243198590 ) ) ;
#2084 = EDGE_LOOP ( 'NONE', ( #3705, #1765, #912, #796 ) ) ;
#2085 = CARTESIAN_POINT ( 'NONE',  ( -0.5612155812790001752, 18.56554325256599469, 31.98722951928802516 ) ) ;
#2086 = CARTESIAN_POINT ( 'NONE',  ( 1.699185358105998356, 14.80176379386599628, 33.77378001301402577 ) ) ;
#2087 = EDGE_CURVE ( 'NONE', #4488, #2468, #850, .T. ) ;
#2088 = DIRECTION ( 'NONE',  ( 0.000000000000000000, 0.000000000000000000, 1.000000000000000000 ) ) ;
#2089 = EDGE_CURVE ( 'NONE', #1694, #263, #1533, .T. ) ;
#2090 = CARTESIAN_POINT ( 'NONE',  ( 2.595378007826998346, 5.003397599145994690, 33.38793201782301168 ) ) ;
#2091 = CARTESIAN_POINT ( 'NONE',  ( 10.00000000000000000, 10.00000000000000000, 33.39999999999999858 ) ) ;
#2092 = CARTESIAN_POINT ( 'NONE',  ( 20.00000000000000000, 18.99999999999999645, 29.00000000000000000 ) ) ;
#2093 = CARTESIAN_POINT ( 'NONE',  ( -2.000000000000000000, 22.00000000000000000, 24.00000000000000000 ) ) ;
#2094 = ORIENTED_EDGE ( 'NONE', *, *, #3927, .T. ) ;
#2095 = DIRECTION ( 'NONE',  ( 0.000000000000000000, -1.000000000000000000, 0.000000000000000000 ) ) ;
#2096 = CARTESIAN_POINT ( 'NONE',  ( 3.000000000000000000, 3.000000000000000000, 29.00000000000000000 ) ) ;
#2097 =( BOUNDED_CURVE ( )  B_SPLINE_CURVE ( 9, ( #317, #3654, #1080, #1859, #2535, #3966, #718, #669, #2174, #362, #3271, #1809, #3244, #8, #1454, #3293, #738, #2901, #3560, #2195, #3628, #387, #55, #1477, #1836, #2833 ),
 .UNSPECIFIED., .F., .T. ) 
 B_SPLINE_CURVE_WITH_KNOTS ( ( 10, 8, 8, 10 ),
 ( 19.40168485155899702, 20.92016515183700065, 22.78222657188500122, 23.06140788670800035 ),
 .UNSPECIFIED. ) 
 CURVE ( )  GEOMETRIC_REPRESENTATION_ITEM ( )  RATIONAL_B_SPLINE_CURVE ( ( 1.031412346538999936, 1.031757372915000026, 1.032429035555999963, 1.033426954882000093, 1.034665513803999959, 1.036266303715000170, 1.037939114115000061, 1.039902452390000009, 1.042036569229999987, 1.047227110019999907, 1.050381796006999879, 1.053805003863999890, 1.057535575049999954, 1.061701233396999955, 1.065671468433999847, 1.070779703171999886, 1.075143853063999844, 1.078687194525000059, 1.079121758952999999, 1.079530461575000100, 1.079914680211999878, 1.080275605806999994, 1.080614242423999949, 1.080931407251999987, 1.081227730598999903, 1.081503655896999927 ) ) 
 REPRESENTATION_ITEM ( '' )  );
#2098 = ORIENTED_EDGE ( 'NONE', *, *, #2304, .T. ) ;
#2099 = CARTESIAN_POINT ( 'NONE',  ( -0.1000000000000000056, 19.75000000000000000, 29.64999999999999858 ) ) ;
#2100 = ORIENTED_EDGE ( 'NONE', *, *, #463, .F. ) ;
#2101 = CARTESIAN_POINT ( 'NONE',  ( 3.000000000000000000, -2.000000000000000000, 29.00000000000000000 ) ) ;
#2102 = CARTESIAN_POINT ( 'NONE',  ( -0.2241716403580000794, 3.938211052542001323, 32.71556683631703066 ) ) ;
#2103 = CARTESIAN_POINT ( 'NONE',  ( 1.600886359967000683, -0.6045532380950005003, 32.01323899877200319 ) ) ;
#2104 = VECTOR ( 'NONE', #3832, 1000.000000000000000 ) ;
#2105 = DIRECTION ( 'NONE',  ( 1.000000000000000000, 0.000000000000000000, 0.000000000000000000 ) ) ;
#2106 = CARTESIAN_POINT ( 'NONE',  ( 4.875121536684004830, 0.4461092160660004025, 33.32019764358298630 ) ) ;
#2107 = ORIENTED_EDGE ( 'NONE', *, *, #4080, .T. ) ;
#2108 = CARTESIAN_POINT ( 'NONE',  ( -0.3388985087940000196, 18.23343250828701656, 32.01831428997201812 ) ) ;
#2109 = CARTESIAN_POINT ( 'NONE',  ( 2.565053269038997108, 14.55602960675600066, 33.98567051861902399 ) ) ;
#2110 = PLANE ( 'NONE',  #2883 ) ;
#2111 = CARTESIAN_POINT ( 'NONE',  ( 0.2560827234380001483, 3.654143082851001978, 31.93076333863700356 ) ) ;
#2112 = EDGE_CURVE ( 'NONE', #2430, #4235, #4474, .T. ) ;
#2113 = CARTESIAN_POINT ( 'NONE',  ( 2.992976021689001787, 19.95122685814100194, 31.61009203449197713 ) ) ;
#2114 = CARTESIAN_POINT ( 'NONE',  ( 17.00000000000000000, 21.39999999999999858, 24.60000000000000142 ) ) ;
#2115 = CARTESIAN_POINT ( 'NONE',  ( 3.481603965441999904, 10.21947927519899935, 33.39818303367099617 ) ) ;
#2116 = ORIENTED_EDGE ( 'NONE', *, *, #3378, .T. ) ;
#2117 = CARTESIAN_POINT ( 'NONE',  ( 17.12500000000000000, 10.00000000000000000, 33.99739470206999670 ) ) ;
#2118 = CARTESIAN_POINT ( 'NONE',  ( 8.812565791296000484, 17.00000000000000000, 34.00000000000000000 ) ) ;
#2119 = CONICAL_SURFACE ( 'NONE', #375, 2.999999999999999112, 0.7853981633970000820 ) ;
#2120 = ORIENTED_EDGE ( 'NONE', *, *, #2527, .T. ) ;
#2121 = CARTESIAN_POINT ( 'NONE',  ( 1.508904415206998140, 0.1785903491740000459, 31.26752857723899481 ) ) ;
#2122 = ORIENTED_EDGE ( 'NONE', *, *, #1764, .T. ) ;
#2123 = CARTESIAN_POINT ( 'NONE',  ( 16.50000000000000000, 10.00000000000000000, 34.02345900382798760 ) ) ;
#2124 = VECTOR ( 'NONE', #2550, 1000.000000000000114 ) ;
#2125 = CARTESIAN_POINT ( 'NONE',  ( -0.3338590139460001494, 2.988315668031002126, 32.27202864268500093 ) ) ;
#2126 =( BOUNDED_CURVE ( )  B_SPLINE_CURVE ( 12, ( #1869, #3950, #750, #3255, #2564, #3326, #1487, #4052, #1135, #2520, #2933, #2206, #2910, #443, #3975, #1111, #2185, #3302, #704, #3641, #3998, #398, #3593, #777, #40, #64, #728, #2230, #1513, #3615, #2863, #3280, #3663, #4305, #421 ),
 .UNSPECIFIED., .F., .F. ) 
 B_SPLINE_CURVE_WITH_KNOTS ( ( 13, 11, 11, 13 ),
 ( 27.87126951726000001, 28.14915686485199942, 30.71857287177800089, 31.51957830419300066 ),
 .UNSPECIFIED. ) 
 CURVE ( )  GEOMETRIC_REPRESENTATION_ITEM ( )  RATIONAL_B_SPLINE_CURVE ( ( 1.081505252924999994, 1.081298087345999859, 1.081079758567000004, 1.080850093882999907, 1.080608870990000137, 1.080355818042999960, 1.080090613551000001, 1.079812886523999982, 1.079522216308000049, 1.079218132739000025, 1.078900116021999978, 1.078567596807999962, 1.075005583639000006, 1.070473323726000014, 1.065259704163999954, 1.060543643983999917, 1.057440782196000129, 1.051961601232999977, 1.049882273206999894, 1.045740791025000060, 1.043150162933000002, 1.040386602334000044, 1.038067302982000006, 1.035479672191000011, 1.034899330300999898, 1.034355836467000023, 1.033851242381999880, 1.033387439703999933, 1.032966168928999950, 1.032589028063000125, 1.032257481545999944, 1.031972868907000018, 1.031736413661999974, 1.031549232029999930, 1.031412341758000117 ) ) 
 REPRESENTATION_ITEM ( '' )  );
#2127 = CARTESIAN_POINT ( 'NONE',  ( -0.2319845955919999647, 0.7587351584360002565, 31.91157847855902219 ) ) ;
#2128 = CARTESIAN_POINT ( 'NONE',  ( 4.538010471069999774, 19.20489065817200114, 30.19510934182799744 ) ) ;
#2129 = CARTESIAN_POINT ( 'NONE',  ( 5.328367727577002277, 1.537185400224001519, 33.78295341094202087 ) ) ;
#2130 = EDGE_LOOP ( 'NONE', ( #308, #1594, #3325, #2413 ) ) ;
#2131 = CARTESIAN_POINT ( 'NONE',  ( -0.8905076659839997744, 17.04210454299201416, 32.15145438359702013 ) ) ;
#2132 = CIRCLE ( 'NONE', #1523, 0.5999999999999998668 ) ;
#2133 = AXIS2_PLACEMENT_3D ( 'NONE', #415, #1863, #58 ) ;
#2134 = CARTESIAN_POINT ( 'NONE',  ( 0.08584228628997997435, 15.39925387751199715, 33.08531192479399863 ) ) ;
#2135 = DIRECTION ( 'NONE',  ( 0.000000000000000000, 0.000000000000000000, 1.000000000000000000 ) ) ;
#2136 = CC_DESIGN_SECURITY_CLASSIFICATION ( #4546, ( #1828 ) ) ;
#2137 = CARTESIAN_POINT ( 'NONE',  ( -0.9429396257910001022, 2.019073289894001366, 31.95938670959702677 ) ) ;
#2138 = CARTESIAN_POINT ( 'NONE',  ( 0.2317461770169998714, 3.601498817021002719, 32.16817940199999981 ) ) ;
#2139 = AXIS2_PLACEMENT_3D ( 'NONE', #3903, #3526, #2802 ) ;
#2140 = DIRECTION ( 'NONE',  ( 0.000000000000000000, 0.000000000000000000, -1.000000000000000000 ) ) ;
#2141 = CARTESIAN_POINT ( 'NONE',  ( 0.04789814631124001548, 17.01029535358502542, 31.88000884540000612 ) ) ;
#2142 = CARTESIAN_POINT ( 'NONE',  ( 0.02683521163949708840, 2.868135407498121126, 31.57441210673626131 ) ) ;
#2143 = VECTOR ( 'NONE', #2492, 1000.000000000000000 ) ;
#2144 = DIRECTION ( 'NONE',  ( 0.1672442547469584762, 0.9859154929577557125, 0.000000000000000000 ) ) ;
#2145 = ORIENTED_EDGE ( 'NONE', *, *, #4674, .T. ) ;
#2146 = CARTESIAN_POINT ( 'NONE',  ( -1.038270568813998596, 3.030121255601998964, 31.94829666127199275 ) ) ;
#2147 = CARTESIAN_POINT ( 'NONE',  ( 5.000000000000000000, 2.500000000000000000, 30.59999999999999787 ) ) ;
#2148 = EDGE_CURVE ( 'NONE', #3440, #2181, #3058, .T. ) ;
#2149 = CARTESIAN_POINT ( 'NONE',  ( 5.559411708156000387, 3.000000000000000000, 33.39999999999999858 ) ) ;
#2150 = ORIENTED_EDGE ( 'NONE', *, *, #2861, .F. ) ;
#2151 = ADVANCED_FACE ( 'NONE', ( #619 ), #2744, .T. ) ;
#2152 = DIRECTION ( 'NONE',  ( -1.000000000000000000, 0.000000000000000000, 0.000000000000000000 ) ) ;
#2153 = CARTESIAN_POINT ( 'NONE',  ( 2.419907977007001776, 5.607696709122003575, 33.97245131863000012 ) ) ;
#2154 = CARTESIAN_POINT ( 'NONE',  ( 5.439713025091002407, 17.56618282269301545, 33.96784161830700555 ) ) ;
#2155 = CARTESIAN_POINT ( 'NONE',  ( 3.721882528158003023, -0.3635332435350003277, 32.57468101822100692 ) ) ;
#2156 = ORIENTED_EDGE ( 'NONE', *, *, #137, .T. ) ;
#2157 = CARTESIAN_POINT ( 'NONE',  ( -0.9552032326409998220, 17.56639861189701790, 32.03925072612500458 ) ) ;
#2158 = CIRCLE ( 'NONE', #517, 3.000000000000000000 ) ;
#2159 = CARTESIAN_POINT ( 'NONE',  ( -0.9981476970419993489, 16.78782352722302207, 32.00255771073899780 ) ) ;
#2160 = CARTESIAN_POINT ( 'NONE',  ( 3.416364366448000123, 0.1633209482220000230, 31.79140154997599055 ) ) ;
#2161 = CARTESIAN_POINT ( 'NONE',  ( 10.24072326167399893, 2.863358060621000067, 33.99793598499000069 ) ) ;
#2162 = CARTESIAN_POINT ( 'NONE',  ( 0.1265956269119998812, -0.2451260609239999111, 31.50662619778099227 ) ) ;
#2163 = CARTESIAN_POINT ( 'NONE',  ( 2.162972728909998477, 4.984138933798002213, 33.47616102234201918 ) ) ;
#2164 = DIRECTION ( 'NONE',  ( 0.000000000000000000, -1.000000000000000000, 0.000000000000000000 ) ) ;
#2165 = CARTESIAN_POINT ( 'NONE',  ( 2.801886284137002026, 15.01617056387900284, 33.39999999999999858 ) ) ;
#2166 = CARTESIAN_POINT ( 'NONE',  ( 11.18743420870399952, 17.00000000000000000, 33.39999999999999858 ) ) ;
#2167 = DIRECTION ( 'NONE',  ( 0.000000000000000000, 0.000000000000000000, -1.000000000000000000 ) ) ;
#2168 = CARTESIAN_POINT ( 'NONE',  ( 16.50000000000000355, 10.00000000000000000, 34.02345900382798760 ) ) ;
#2169 = CARTESIAN_POINT ( 'NONE',  ( 3.591549295774999706, 8.912912344144000798, 33.39999999999999858 ) ) ;
#2170 = ORIENTED_EDGE ( 'NONE', *, *, #2299, .F. ) ;
#2171 = ADVANCED_BREP_SHAPE_REPRESENTATION ( 'servo-back-hole.step_Default_sldprt', ( #662, #2342, #2962 ), #3863 ) ;
#2172 = CARTESIAN_POINT ( 'NONE',  ( 0.02713358163506272500, 2.064605550629625252, 31.37471185208889324 ) ) ;
#2173 = ORIENTED_EDGE ( 'NONE', *, *, #4618, .F. ) ;
#2174 = CARTESIAN_POINT ( 'NONE',  ( 5.193789580718005894, 19.32989043556198538, 33.42858662137300740 ) ) ;
#2175 = CARTESIAN_POINT ( 'NONE',  ( 2.275602156765002437, 5.605339926053002131, 33.95402352282499692 ) ) ;
#2176 = EDGE_CURVE ( 'NONE', #4442, #2529, #3956, .T. ) ;
#2177 = CARTESIAN_POINT ( 'NONE',  ( 5.600122928951002166, 17.56981051206398448, 33.96742548815200990 ) ) ;
#2178 = B_SPLINE_CURVE_WITH_KNOTS ( 'NONE', 4,
 ( #2184, #4330, #4024, #17, #4675 ),
 .UNSPECIFIED., .F., .F.,
 ( 5, 5 ),
 ( 40.84070449482099718, 41.93292487165599880 ),
 .UNSPECIFIED. ) ;
#2179 = EDGE_CURVE ( 'NONE', #2529, #1694, #312, .T. ) ;
#2180 = CARTESIAN_POINT ( 'NONE',  ( 3.120941549105998636, -1.019965386958998410, 31.97325193082897954 ) ) ;
#2181 = VERTEX_POINT ( 'NONE', #2458 ) ;
#2182 = CARTESIAN_POINT ( 'NONE',  ( -0.2692586305760002463, 19.64141939423100069, 31.74941790989401369 ) ) ;
#2183 = CARTESIAN_POINT ( 'NONE',  ( -1.005734535489000603, 16.81803007859401333, 31.99242200074402120 ) ) ;
#2184 = CARTESIAN_POINT ( 'NONE',  ( 17.12500000000000000, 10.00000000000000000, 33.99739470206999670 ) ) ;
#2185 = CARTESIAN_POINT ( 'NONE',  ( 4.155071817997998629, 0.5876350304260001822, 32.34502104739698325 ) ) ;
#2186 = CARTESIAN_POINT ( 'NONE',  ( 0.6168746323669997977, -0.4500800713029999289, 31.76657818355699447 ) ) ;
#2187 = CARTESIAN_POINT ( 'NONE',  ( 2.390533364690000440, 5.004181224545996898, 33.35953745178000673 ) ) ;
#2188 = DIRECTION ( 'NONE',  ( 1.000000000000000000, 0.000000000000000000, 0.000000000000000000 ) ) ;
#2189 = CARTESIAN_POINT ( 'NONE',  ( 0.1636743081329998517, 16.58274965676402246, 31.79194778672400545 ) ) ;
#2190 = DIRECTION ( 'NONE',  ( 1.000000000000000000, 0.000000000000000000, 0.000000000000000000 ) ) ;
#2191 = CARTESIAN_POINT ( 'NONE',  ( 17.12500000000600053, 9.700689636854999520, 33.99739470206999670 ) ) ;
#2192 = CARTESIAN_POINT ( 'NONE',  ( 4.524595261377999833, 0.9071060666800000449, 30.30710606667999940 ) ) ;
#2193 = CARTESIAN_POINT ( 'NONE',  ( 2.414490397063001392, -0.01402454190184001734, 31.45401762377801447 ) ) ;
#2194 = ORIENTED_EDGE ( 'NONE', *, *, #2304, .F. ) ;
#2195 = CARTESIAN_POINT ( 'NONE',  ( 3.241387330997000937, 20.99071728352599209, 32.01246207069101501 ) ) ;
#2196 = CARTESIAN_POINT ( 'NONE',  ( -0.5792411227890000847, 4.177273228803000116, 32.51301644982697781 ) ) ;
#2197 = CARTESIAN_POINT ( 'NONE',  ( 3.130089816717999351, 20.59025119736599407, 32.32394075622000429 ) ) ;
#2198 = CARTESIAN_POINT ( 'NONE',  ( 3.215671921636997332, -0.8288041437559997560, 32.22567693069700567 ) ) ;
#2199 = ADVANCED_FACE ( 'NONE', ( #2049 ), #1790, .T. ) ;
#2200 = EDGE_LOOP ( 'NONE', ( #271, #3313, #3764, #2340, #913, #3513, #1084, #4294 ) ) ;
#2201 = AXIS2_PLACEMENT_3D ( 'NONE', #3503, #3477, #1660 ) ;
#2202 = CARTESIAN_POINT ( 'NONE',  ( 0.001739007024084880887, 17.39072590346260228, 31.50537809382877796 ) ) ;
#2203 = CARTESIAN_POINT ( 'NONE',  ( 2.856863690088002450, 14.42000264258599529, 34.00000000000000000 ) ) ;
#2204 = CARTESIAN_POINT ( 'NONE',  ( 0.5999999999999999778, 0.5999999999999999778, 30.00000000000000000 ) ) ;
#2205 = EDGE_CURVE ( 'NONE', #2561, #487, #1915, .T. ) ;
#2206 = CARTESIAN_POINT ( 'NONE',  ( 3.179119651317998230, 0.09388797529869007119, 31.68233501600298752 ) ) ;
#2207 = CIRCLE ( 'NONE', #3781, 1.000000000000000000 ) ;
#2208 = CARTESIAN_POINT ( 'NONE',  ( -1.107301682445998914, 2.270000095308000621, 31.78456997226600933 ) ) ;
#2209 = CARTESIAN_POINT ( 'NONE',  ( -0.06013839775790002368, 3.111161822729997972, 32.16545717313497477 ) ) ;
#2210 = CIRCLE ( 'NONE', #1907, 0.5999999999999998668 ) ;
#2211 = CARTESIAN_POINT ( 'NONE',  ( 0.07025385297810998741, 16.91006588528102128, 31.64465994052901721 ) ) ;
#2212 = DIRECTION ( 'NONE',  ( 0.000000000000000000, 1.000000000000000000, 0.000000000000000000 ) ) ;
#2213 = CARTESIAN_POINT ( 'NONE',  ( 1.759119165332001078, -1.057039610067998847, 31.68842379947498245 ) ) ;
#2214 = AXIS2_PLACEMENT_3D ( 'NONE', #3785, #549, #3051 ) ;
#2215 = CARTESIAN_POINT ( 'NONE',  ( -0.7368311565539996666, 3.931624619215000394, 32.33332224216601247 ) ) ;
#2216 = CARTESIAN_POINT ( 'NONE',  ( 19.79105714739100108, 20.10000000000000142, 29.00000000000000000 ) ) ;
#2217 = CARTESIAN_POINT ( 'NONE',  ( 19.82545980240209715, 19.98837670767657926, 29.41162329232344419 ) ) ;
#2218 = AXIS2_PLACEMENT_3D ( 'NONE', #430, #3674, #2919 ) ;
#2219 = CARTESIAN_POINT ( 'NONE',  ( 10.00000000000000000, 10.00000000000000000, 33.39999999999999858 ) ) ;
#2220 = VERTEX_POINT ( 'NONE', #3556 ) ;
#2221 = CARTESIAN_POINT ( 'NONE',  ( -0.1077525189299999159, 17.11406898216002404, 32.09617562848499972 ) ) ;
#2222 = CARTESIAN_POINT ( 'NONE',  ( -0.8204807504580000632, 3.243159578565999013, 32.23545206534000584 ) ) ;
#2223 = CARTESIAN_POINT ( 'NONE',  ( 5.387013573054999505, 18.26286023868800257, 33.85009361103600156 ) ) ;
#2224 = CARTESIAN_POINT ( 'NONE',  ( 5.561468451202000729, 1.848512333646000982, 33.86871713118600269 ) ) ;
#2225 = ORIENTED_EDGE ( 'NONE', *, *, #1504, .T. ) ;
#2226 = CARTESIAN_POINT ( 'NONE',  ( -0.8000000000000000444, 17.00000000000000000, 24.00000000000000000 ) ) ;
#2227 = EDGE_LOOP ( 'NONE', ( #2654, #994, #881 ) ) ;
#2228 = LINE ( 'NONE', #2675, #4407 ) ;
#2229 = CARTESIAN_POINT ( 'NONE',  ( -0.8000000000000000444, 17.00000000000000000, 24.00000000000000000 ) ) ;
#2230 = CARTESIAN_POINT ( 'NONE',  ( 4.956872648936998971, 2.022705576122998838, 33.26418886094899108 ) ) ;
#2231 = CARTESIAN_POINT ( 'NONE',  ( 2.258833865527999585, -0.9544026058109996713, 32.00515933869699836 ) ) ;
#2232 = CARTESIAN_POINT ( 'NONE',  ( 1.027521377144999359, 4.636132778201003113, 33.20471372089100015 ) ) ;
#2233 = ADVANCED_FACE ( 'NONE', ( #3532 ), #2464, .T. ) ;
#2234 = CARTESIAN_POINT ( 'NONE',  ( 0.05106669856720000289, 1.890790331161000370, 31.33655908395500589 ) ) ;
#2235 = CARTESIAN_POINT ( 'NONE',  ( 2.067798086979002026, 15.03145787740899308, 33.45106901247196163 ) ) ;
#2236 = CARTESIAN_POINT ( 'NONE',  ( 0.007433614372964344151, 2.702542632780209786, 31.52968586192025668 ) ) ;
#2237 = EDGE_CURVE ( 'NONE', #2435, #3834, #4250, .T. ) ;
#2238 = CARTESIAN_POINT ( 'NONE',  ( 3.000000000000000000, -1.043602535759000194, 31.94096557830899741 ) ) ;
#2239 = CARTESIAN_POINT ( 'NONE',  ( 3.365956036931998074, 19.85482079742702410, 32.03587982066699169 ) ) ;
#2240 = CARTESIAN_POINT ( 'NONE',  ( 4.649735736894999860, 0.6636930143639999669, 30.06369301436399866 ) ) ;
#2241 = CARTESIAN_POINT ( 'NONE',  ( 18.93713435832017566, 20.09999999999998010, 24.40555089874846217 ) ) ;
#2242 = CARTESIAN_POINT ( 'NONE',  ( 5.000000000000000000, 17.39963745846900167, 33.38565790698299196 ) ) ;
#2243 = ORIENTED_EDGE ( 'NONE', *, *, #2496, .F. ) ;
#2244 = CARTESIAN_POINT ( 'NONE',  ( -1.107254189114999843, 17.82726157542401779, 31.76479377001902549 ) ) ;
#2245 = CARTESIAN_POINT ( 'NONE',  ( 2.565066228488000810, 5.604323752688995519, 33.98627768699502383 ) ) ;
#2246 = CARTESIAN_POINT ( 'NONE',  ( 4.834744216748999790, 19.91734932427301530, 33.07290065711300997 ) ) ;
#2247 = CARTESIAN_POINT ( 'NONE',  ( 2.885885328772001213, 20.10776108043001287, 32.09613656955101391 ) ) ;
#2248 = ORIENTED_EDGE ( 'NONE', *, *, #4174, .T. ) ;
#2249 = LINE ( 'NONE', #3176, #3025 ) ;
#2250 = ORIENTED_EDGE ( 'NONE', *, *, #2721, .T. ) ;
#2251 = CARTESIAN_POINT ( 'NONE',  ( 0.6033020291059999485, 4.862295946830999860, 30.00330202910599908 ) ) ;
#2252 = CARTESIAN_POINT ( 'NONE',  ( 3.598226754912999592, 0.2304760393489998505, 32.16630625568603108 ) ) ;
#2253 = ORIENTED_EDGE ( 'NONE', *, *, #809, .F. ) ;
#2254 = DIRECTION ( 'NONE',  ( 0.000000000000000000, 0.000000000000000000, 1.000000000000000000 ) ) ;
#2255 = CARTESIAN_POINT ( 'NONE',  ( 2.128499032201999430, 5.033378700945996265, 33.63226916475601769 ) ) ;
#2256 = CARTESIAN_POINT ( 'NONE',  ( 1.013685760983000783, 0.4728519668740003290, 31.21202626606401509 ) ) ;
#2257 = CARTESIAN_POINT ( 'NONE',  ( 2.243051072132001167, 14.95308140881999570, 33.65611079182399124 ) ) ;
#2258 = CIRCLE ( 'NONE', #4365, 3.000000000000002665 ) ;
#2259 = CARTESIAN_POINT ( 'NONE',  ( 1.199999999999999956, 15.36458434959399888, 30.59999999999999787 ) ) ;
#2260 = EDGE_CURVE ( 'NONE', #645, #2818, #4225, .T. ) ;
#2261 = CARTESIAN_POINT ( 'NONE',  ( -1.107301682445998914, 2.270000095308000621, 31.78456997226600933 ) ) ;
#2262 = CARTESIAN_POINT ( 'NONE',  ( 3.022212221090000206, 19.94526032640902358, 31.61969624506600951 ) ) ;
#2263 = EDGE_CURVE ( 'NONE', #2767, #818, #2807, .T. ) ;
#2264 = CARTESIAN_POINT ( 'NONE',  ( 5.600122900121998981, 2.430189913156000081, 33.96742553692900657 ) ) ;
#2265 = CARTESIAN_POINT ( 'NONE',  ( 4.890860245042000010, 19.39891159625199890, 30.00108840374799968 ) ) ;
#2266 = CARTESIAN_POINT ( 'NONE',  ( 19.99637390162800088, 1.078670665651999983, 30.00000000000000000 ) ) ;
#2267 = ORIENTED_EDGE ( 'NONE', *, *, #316, .T. ) ;
#2268 = CARTESIAN_POINT ( 'NONE',  ( 1.458462775877002127, 20.98533160622799798, 31.63974393456203416 ) ) ;
#2269 = LINE ( 'NONE', #458, #73 ) ;
#2270 = DIRECTION ( 'NONE',  ( 1.000000000000000000, 0.000000000000000000, 0.000000000000000000 ) ) ;
#2271 = CARTESIAN_POINT ( 'NONE',  ( -1.874324011440408321E-13, 18.10220815646249193, 29.39999999999981384 ) ) ;
#2272 = VERTEX_POINT ( 'NONE', #28 ) ;
#2273 = PLANE ( 'NONE',  #2284 ) ;
#2274 = CARTESIAN_POINT ( 'NONE',  ( 0.9672562146240000214, 4.531614726515000413, 30.36725621462399971 ) ) ;
#2275 = CARTESIAN_POINT ( 'NONE',  ( 4.950782376498001014, 1.990297012170999968, 33.42647689200396854 ) ) ;
#2276 = ORIENTED_EDGE ( 'NONE', *, *, #687, .F. ) ;
#2277 = CARTESIAN_POINT ( 'NONE',  ( 0.9472206753930001444, 19.46956624004500469, 31.20955134522999330 ) ) ;
#2278 =( NAMED_UNIT ( * ) SI_UNIT ( $, .STERADIAN. ) SOLID_ANGLE_UNIT ( ) );
#2279 = CARTESIAN_POINT ( 'NONE',  ( 0.5511599871419995411, 4.467387681690999202, 33.12397465891299930 ) ) ;
#2280 =( BOUNDED_SURFACE ( )  B_SPLINE_SURFACE ( 6, 12, ( 
 ( #3073, #2495, #635, #2090, #3188, #2187, #1465, #3617, #1443, #3923, #4241, #4307, #3952, #1001, #4609, #300, #2522, #374, #730, #3524, #1066, #2111, #329, #1725, #4679, #3574, #3880, #2545, #4633, #2452, #277, #20, #3544, #1400, #2844 ),
 ( #3164, #1377, #1823, #354, #2865, #2825, #706, #2163, #1778, #4264, #1023, #2473, #2890, #3257, #1044, #3901, #1751, #656, #4656, #4285, #682, #2138, #3212, #1422, #3595, #1800, #3234, #4333, #1090, #3977, #2983, #2636, #4354, #3282, #3665 ),
 ( #4155, #4000, #4429, #779, #3690, #400, #3357, #2255, #2566, #1270, #3304, #1113, #752, #3442, #2232, #1871, #66, #1165, #1847, #2367, #1515, #559, #1544, #117, #2209, #445, #2957, #4053, #201, #1186, #915, #4076, #1897, #2013, #4406 ),
 ( #2912, #2614, #94, #423, #3797, #42, #2714, #802, #4507, #2935, #3329, #4379, #3643, #826, #1137, #1489, #2279, #2591, #3713, #472, #4029, #1925, #1626, #3064, #3913, #3820, #1013, #647, #3869, #2439, #2125, #670, #2814, #2743, #4623 ),
 ( #1649, #1367, #1696, #3113, #4601, #1390, #2834, #2463, #4185, #2033, #3515, #4274, #4254, #1675, #2392, #2485, #3890, #1034, #1739, #222, #2102, #3562, #4207, #624, #3089, #4530, #3536, #939, #1295, #3178, #2769, #3463, #579, #3491, #3155 ),
 ( #4557, #289, #1323, #963, #267, #2415, #3844, #600, #2056, #245, #3134, #4580, #1345, #2791, #4231, #989, #2080, #1717, #389, #3272, #4345, #1767, #696, #1055, #2222, #4042, #1810, #3223, #1081, #3586, #739, #3605, #3246, #1412, #2855 ),
 ( #790, #3200, #343, #2245, #2153, #2175, #1789, #4297, #2878, #318, #4392, #10, #4644, #4667, #56, #363, #413, #3967, #1837, #3988, #2196, #2511, #32, #1478, #3941, #1433, #4323, #2945, #2536, #719, #3655, #1455, #2902, #1501, #1124 ) ),
 .UNSPECIFIED., .F., .F., .T. ) 
 B_SPLINE_SURFACE_WITH_KNOTS ( ( 7, 7 ),
 ( 13, 11, 11, 13 ),
 ( 0.000000000000000000, 4.026027503337999747 ),
 ( 19.01857285689800037, 20.18232807706700171, 22.76678283424899973, 23.04460036023499825 ),
 .UNSPECIFIED. ) 
 GEOMETRIC_REPRESENTATION_ITEM ( )  RATIONAL_B_SPLINE_SURFACE ( (
 ( 1.031393471788000005, 1.031204125761999935, 1.031121559100000029, 1.031147368163999989, 1.031282046350000092, 1.031524962618999952, 1.031874340070999985, 1.032327234453999987, 1.032879512749000028, 1.033525831680000007, 1.034259616289999961, 1.035073038465999851, 1.037920077518000195, 1.040223516673000059, 1.043000034693000178, 1.045621941574000013, 1.049619888779000032, 1.052008634119000030, 1.057155986855999874, 1.060542180812999780, 1.065132909029999908, 1.070403318294000039, 1.074991240291999883, 1.078595227122000066, 1.078928242563000017, 1.079245434586999952, 1.079547689426999968, 1.079835808689999954, 1.080110509323000123, 1.080372423663999992, 1.080622099381999934, 1.080859999535000116, 1.081086502523999959, 1.081301902123000147, 1.081506407463000086),
 ( 1.010025407661000019, 1.009967593835000121, 1.009942336890000014, 1.009950211688000143, 1.009991390605999850, 1.010065645867000095, 1.010172351945999969, 1.010310487852999817, 1.010478639575000059, 1.010675002350999829, 1.010897383092000057, 1.011143202693000065, 1.012000885019999963, 1.012691298653999983, 1.013516109273000065, 1.014294130173999831, 1.015453942146999911, 1.016152001305999919, 1.017622417141999858, 1.018561499537000037, 1.019852360940000091, 1.021272880455999843, 1.022492175246999979, 1.023441656558000012, 1.023529273203000134, 1.023612620405999873, 1.023691946915999962, 1.023767477865000108, 1.023839414785000068, 1.023907935583000084, 1.023973194578000179, 1.024035322457000019, 1.024094426313999939, 1.024150589623999963, 1.024203872256999936),
 ( 0.9979246427249999218, 0.9979369530289999846, 0.9979423261750000052, 0.9979406488860000923, 0.9979318865640000036, 0.9979160839439999986, 0.9978933657510000721, 0.9978639373409999846, 0.9978280853700000064, 0.9977861784279999924, 0.9977386677099999712, 0.9976860876550001089, 0.9975024026729999438, 0.9973542355950000271, 0.9971766812340000508, 0.9970090190420000109, 0.9967574469970000850, 0.9966067414729999907, 0.9962859290100000154, 0.9960819883670000152, 0.9957996282869999716, 0.9954899305109999874, 0.9952246634700000483, 0.9950183688689999695, 0.9949993363460000184, 0.9949812349900000186, 0.9949640103050000350, 0.9949476129590000273, 0.9949319987710000257, 0.9949171287289999555, 0.9949029689670000343, 0.9948894907890000194, 0.9948766706500000723, 0.9948644901679999375, 0.9948529361160000084),
 ( 0.9939584441369999634, 0.9939936015789999635, 0.9940089526929999364, 0.9940041628410000163, 0.9939791311569999843, 0.9939339902990000919, 0.9938691062009999966, 0.9937850778289999409, 0.9936827369270000432, 0.9935631477780000331, 0.9934276069509999640, 0.9932776430559999703, 0.9927538572259999583, 0.9923315157490000260, 0.9918253091119999532, 0.9913477991840000669, 0.9906294753259999863, 0.9901978236080000162, 0.9892820575030000230, 0.9886858996530000221, 0.9878758500990000302, 0.9869610441330000095, 0.9861685756169999983, 0.9855479300499999651, 0.9854906073029999769, 0.9854360318139999686, 0.9853840474500000779, 0.9853345129749999654, 0.9852873020400000348, 0.9852423031910000351, 0.9851994198639999478, 0.9851585703890000101, 0.9851196879839999587, 0.9850827207619999859, 0.9850476317249999836),
 ( 0.9979246427249999218, 0.9979369530289999846, 0.9979423261750000052, 0.9979406488860000923, 0.9979318865640000036, 0.9979160839439999986, 0.9978933657510000721, 0.9978639373409999846, 0.9978280853700000064, 0.9977861784279999924, 0.9977386677099999712, 0.9976860876550001089, 0.9975024026729999438, 0.9973542355950000271, 0.9971766812340000508, 0.9970090190420000109, 0.9967574469970000850, 0.9966067414739999686, 0.9962859290090000375, 0.9960819883679999931, 0.9957996282869999716, 0.9954899305109999874, 0.9952246634700000483, 0.9950183688689999695, 0.9949993363460000184, 0.9949812349890000407, 0.9949640103050000350, 0.9949476129580000494, 0.9949319987720000036, 0.9949171287279999776, 0.9949029689670000343, 0.9948894907890000194, 0.9948766706500000723, 0.9948644901679999375, 0.9948529361160000084),
 ( 1.010025407661000019, 1.009967593835000121, 1.009942336890000014, 1.009950211688000143, 1.009991390605999850, 1.010065645867000095, 1.010172351945999969, 1.010310487852999817, 1.010478639575000059, 1.010675002350999829, 1.010897383092000057, 1.011143202693000065, 1.012000885019999963, 1.012691298653999983, 1.013516109273000065, 1.014294130173999831, 1.015453942146999911, 1.016152001307000008, 1.017622417140999991, 1.018561499538000126, 1.019852360939000002, 1.021272880455999843, 1.022492175246999979, 1.023441656558000012, 1.023529273203000134, 1.023612620405999873, 1.023691946917000051, 1.023767477864000019, 1.023839414785000068, 1.023907935583000084, 1.023973194578000179, 1.024035322457000019, 1.024094426313999939, 1.024150589623999963, 1.024203872256999936),
 ( 1.031393471788000005, 1.031204125761999935, 1.031121559100000029, 1.031147368163999989, 1.031282046350000092, 1.031524962618999952, 1.031874340070999985, 1.032327234453999987, 1.032879512749000028, 1.033525831680000007, 1.034259616289999961, 1.035073038465999851, 1.037920077518000195, 1.040223516673000059, 1.043000034693000178, 1.045621941574000013, 1.049619888779000032, 1.052008634119000030, 1.057155986855999874, 1.060542180812999780, 1.065132909029999908, 1.070403318294000039, 1.074991240291999883, 1.078595227122000066, 1.078928242563000017, 1.079245434586999952, 1.079547689426999968, 1.079835808689999954, 1.080110509323000123, 1.080372423663999992, 1.080622099381999934, 1.080859999535000116, 1.081086502523999959, 1.081301902123000147, 1.081506407463000086) ) ) 
 REPRESENTATION_ITEM ( '' )  SURFACE ( )  );
#2281 = CARTESIAN_POINT ( 'NONE',  ( 2.934587682303997802, 0.03806304987526998307, 31.59298142139298449 ) ) ;
#2282 = CARTESIAN_POINT ( 'NONE',  ( 2.271241073767001684, 15.00333073866002032, 33.50043601100897916 ) ) ;
#2283 = DIRECTION ( 'NONE',  ( 0.000000000000000000, 0.000000000000000000, 1.000000000000000000 ) ) ;
#2284 = AXIS2_PLACEMENT_3D ( 'NONE', #439, #4444, #3706 ) ;
#2285 = AXIS2_PLACEMENT_3D ( 'NONE', #187, #875, #805 ) ;
#2286 = CARTESIAN_POINT ( 'NONE',  ( 3.591549295775004591, 11.08708765585600275, 34.00000000000000000 ) ) ;
#2287 = CARTESIAN_POINT ( 'NONE',  ( 3.582551221047998169, 19.77516930160997433, 32.15783258083701668 ) ) ;
#2288 = CARTESIAN_POINT ( 'NONE',  ( 11.18743420870399952, 17.00000000000000000, 34.00000000000000000 ) ) ;
#2289 = CARTESIAN_POINT ( 'NONE',  ( 17.78539750748200277, 21.93831521445599364, 29.00000000000000000 ) ) ;
#2290 = CARTESIAN_POINT ( 'NONE',  ( 17.00000000000000000, 11.18743420870399952, 34.00000000000000000 ) ) ;
#2291 = ORIENTED_EDGE ( 'NONE', *, *, #1162, .T. ) ;
#2292 = CARTESIAN_POINT ( 'NONE',  ( -0.3829958039960001392, 19.72423243003999715, 31.50920451057802296 ) ) ;
#2293 = CARTESIAN_POINT ( 'NONE',  ( 2.195093327824000351, 15.01241954774599563, 33.31671661877397383 ) ) ;
#2294 = AXIS2_PLACEMENT_3D ( 'NONE', #4145, #1978, #2621 ) ;
#2295 = DIRECTION ( 'NONE',  ( 0.000000000000000000, 0.000000000000000000, 1.000000000000000000 ) ) ;
#2296 = EDGE_CURVE ( 'NONE', #1287, #640, #2936, .T. ) ;
#2297 = B_SPLINE_CURVE_WITH_KNOTS ( 'NONE', 6,
 ( #2623, #787, #3652, #454, #1882, #3675, #4063, #812, #2266, #3699, #51, #1834 ),
 .UNSPECIFIED., .F., .F.,
 ( 7, 5, 7 ),
 ( 0.7682907813851179712, 0.8686752789849999656, 1.000000000000000000 ),
 .UNSPECIFIED. ) ;
#2298 = CARTESIAN_POINT ( 'NONE',  ( -0.1000000000000000056, 19.40000000000000213, 24.12045915678299934 ) ) ;
#2299 = EDGE_CURVE ( 'NONE', #22, #3762, #3417, .T. ) ;
#2300 = ORIENTED_EDGE ( 'NONE', *, *, #3372, .F. ) ;
#2301 = DIRECTION ( 'NONE',  ( 0.000000000000000000, -0.7071067811865474617, 0.7071067811865474617 ) ) ;
#2302 = CARTESIAN_POINT ( 'NONE',  ( 1.199999999999999956, 4.635415650406000232, 30.59999999999999787 ) ) ;
#2303 = CARTESIAN_POINT ( 'NONE',  ( 4.900061018528004020, 1.793427467170000345, 33.35941826638298835 ) ) ;
#2304 = EDGE_CURVE ( 'NONE', #3106, #2405, #3219, .T. ) ;
#2305 = VERTEX_POINT ( 'NONE', #2147 ) ;
#2306 = CARTESIAN_POINT ( 'NONE',  ( -0.01238791590316000446, 17.68221779802599158, 31.70474798946198547 ) ) ;
#2307 = CARTESIAN_POINT ( 'NONE',  ( 2.134411013384002409, 14.96591434909100116, 33.63350593171598746 ) ) ;
#2308 = PLANE ( 'NONE',  #2285 ) ;
#2309 = DIRECTION ( 'NONE',  ( 0.000000000000000000, 0.000000000000000000, 1.000000000000000000 ) ) ;
#2310 =( BOUNDED_CURVE ( )  B_SPLINE_CURVE ( 12, ( #3294, #2555, #3629, #4368, #2576, #4013, #766, #1153, #1935, #79, #1532, #2649, #1621, #908, #3057, #884, #3366, #3678, #3744, #3390, #435, #1886, #4502, #126, #3315, #1913, #3414, #2293, #3765, #4089, #506, #2670, #4112, #1177, #147 ),
 .UNSPECIFIED., .F., .T. ) 
 B_SPLINE_CURVE_WITH_KNOTS ( ( 13, 11, 11, 13 ),
 ( 27.89548005018199817, 28.17253559271100016, 30.75266481214899983, 31.90152566805399914 ),
 .UNSPECIFIED. ) 
 CURVE ( )  GEOMETRIC_REPRESENTATION_ITEM ( )  RATIONAL_B_SPLINE_CURVE ( ( 1.081500360601999944, 1.081291186504000024, 1.081070738233999906, 1.080838889203999953, 1.080595482942000141, 1.080340333075000103, 1.080073223355999978, 1.079793907630000049, 1.079502109869000082, 1.079197524140000031, 1.078879814632000000, 1.078548615637000108, 1.074989874454999939, 1.070404269670999886, 1.065096384258999995, 1.060364906178999922, 1.057297828590000099, 1.051672103822999915, 1.049708887038000027, 1.045464050405000123, 1.042916432443999897, 1.040130745223999842, 1.037831015207000052, 1.035004274643000155, 1.034203352188999947, 1.033481255091000195, 1.032845608881999944, 1.032302821122000003, 1.031858097987000011, 1.031515460882999946, 1.031277763025000072, 1.031146706059999918, 1.031122856643000185, 1.031205663053999855, 1.031393471788000005 ) ) 
 REPRESENTATION_ITEM ( '' )  );
#2311 = CARTESIAN_POINT ( 'NONE',  ( 2.959992515172998218, 19.95785283031298007, 31.87055119180399387 ) ) ;
#2312 = CARTESIAN_POINT ( 'NONE',  ( 20.00000000000000000, -1.050000000000000044, 30.00000000000000000 ) ) ;
#2313 = FACE_OUTER_BOUND ( 'NONE', #91, .T. ) ;
#2314 = ORIENTED_EDGE ( 'NONE', *, *, #4651, .T. ) ;
#2315 = CARTESIAN_POINT ( 'NONE',  ( 1.274047119571000142, 19.70197274415200184, 31.23573664023101060 ) ) ;
#2316 = CARTESIAN_POINT ( 'NONE',  ( -0.1000000000000000056, 0.5999999999999999778, 24.12045915678299934 ) ) ;
#2317 = CARTESIAN_POINT ( 'NONE',  ( 3.000000000000000000, -2.000000000000000000, 25.19999999999999929 ) ) ;
#2318 = CARTESIAN_POINT ( 'NONE',  ( 2.917945367970002479, 20.63892382601001074, 32.26700372221298352 ) ) ;
#2319 = VERTEX_POINT ( 'NONE', #2918 ) ;
#2320 = EDGE_CURVE ( 'NONE', #2377, #2708, #4188, .T. ) ;
#2321 = EDGE_CURVE ( 'NONE', #1689, #348, #1429, .T. ) ;
#2322 = CARTESIAN_POINT ( 'NONE',  ( 0.8104355925070000355, 4.533051565193999544, 30.21043559250700028 ) ) ;
#2323 = CARTESIAN_POINT ( 'NONE',  ( 3.955702458499998464, 0.4459245008900000751, 32.44468683927898667 ) ) ;
#2324 = ORIENTED_EDGE ( 'NONE', *, *, #4096, .F. ) ;
#2325 = CARTESIAN_POINT ( 'NONE',  ( 1.442326700895999236, 19.78807461317700955, 31.53579599456002214 ) ) ;
#2326 = CARTESIAN_POINT ( 'NONE',  ( 1.033760622360998527, 15.35993044729801760, 33.20820819589599893 ) ) ;
#2327 = CARTESIAN_POINT ( 'NONE',  ( -1.005734535489000381, 16.81803007859401333, 31.99242200074402120 ) ) ;
#2328 = ORIENTED_EDGE ( 'NONE', *, *, #1218, .T. ) ;
#2329 = DIRECTION ( 'NONE',  ( 0.000000000000000000, 0.000000000000000000, 1.000000000000000000 ) ) ;
#2330 = CARTESIAN_POINT ( 'NONE',  ( 3.076370613344997729, 19.93333604110299007, 31.91060424279798013 ) ) ;
#2331 = CIRCLE ( 'NONE', #2703, 6.500000000000000888 ) ;
#2332 = DIRECTION ( 'NONE',  ( 0.000000000000000000, 0.000000000000000000, 1.000000000000000000 ) ) ;
#2333 = CARTESIAN_POINT ( 'NONE',  ( 18.84364015992499830, 17.00000000000000000, 33.39900052719499968 ) ) ;
#2334 = ORIENTED_EDGE ( 'NONE', *, *, #1980, .T. ) ;
#2335 = CARTESIAN_POINT ( 'NONE',  ( 0.9380299777830000130, 20.79081624262102324, 31.56710643243099668 ) ) ;
#2336 = VERTEX_POINT ( 'NONE', #360 ) ;
#2337 = CARTESIAN_POINT ( 'NONE',  ( 3.000000000000000000, -2.000000000000000000, 29.00000000000000000 ) ) ;
#2338 = CARTESIAN_POINT ( 'NONE',  ( 10.00000000000000000, 10.00000000000000000, 33.39999999999999858 ) ) ;
#2339 = CARTESIAN_POINT ( 'NONE',  ( 19.81494403637000090, -0.1659879971860020176, 30.85459283044112411 ) ) ;
#2340 = ORIENTED_EDGE ( 'NONE', *, *, #468, .T. ) ;
#2341 = DIRECTION ( 'NONE',  ( -1.000000000000000000, 0.000000000000000000, 0.000000000000000000 ) ) ;
#2342 = MANIFOLD_SOLID_BREP ( 'Torus[1]', #3004 ) ;
#2343 = CARTESIAN_POINT ( 'NONE',  ( 0.08087400234550000400, 3.131812128058001576, 31.66173702867198614 ) ) ;
#2344 = EDGE_CURVE ( 'NONE', #2818, #3440, #614, .T. ) ;
#2345 = CARTESIAN_POINT ( 'NONE',  ( 5.000000000000000000, 2.484967309718998596, 33.53108988322002659 ) ) ;
#2346 = EDGE_LOOP ( 'NONE', ( #4229, #3683, #2334, #104, #3958, #1049, #674 ) ) ;
#2347 = CARTESIAN_POINT ( 'NONE',  ( 2.511050904512998283, 20.15160105403898072, 32.00499630532802797 ) ) ;
#2348 = PERSON_AND_ORGANIZATION_ROLE ( 'creator' ) ;
#2349 = CARTESIAN_POINT ( 'NONE',  ( 1.935847932645998082, 14.75187240848199721, 33.83581703836598820 ) ) ;
#2350 = EDGE_CURVE ( 'NONE', #2677, #2741, #1303, .T. ) ;
#2351 = CARTESIAN_POINT ( 'NONE',  ( -0.5783303580119997234, 15.81951642027600258, 32.51454376135899338 ) ) ;
#2352 = EDGE_CURVE ( 'NONE', #1130, #4560, #3581, .T. ) ;
#2353 = DIRECTION ( 'NONE',  ( 0.7071067811865474617, 0.000000000000000000, -0.7071067811865474617 ) ) ;
#2354 = CARTESIAN_POINT ( 'NONE',  ( 5.129093829478003741, 17.95686598418200219, 33.75925690406101864 ) ) ;
#2355 = CARTESIAN_POINT ( 'NONE',  ( 2.863358060621000067, 10.24072326167399893, 33.99793598499000069 ) ) ;
#2356 = CARTESIAN_POINT ( 'NONE',  ( 17.00000000000000000, 22.00000000000000000, 31.92893218813452449 ) ) ;
#2357 = LINE ( 'NONE', #3127, #3609 ) ;
#2358 = CARTESIAN_POINT ( 'NONE',  ( 0.1817510038339660017, 18.48682628878843204, 31.26948776796911034 ) ) ;
#2359 = ORIENTED_EDGE ( 'NONE', *, *, #3386, .T. ) ;
#2360 = AXIS2_PLACEMENT_3D ( 'NONE', #2713, #1625, #2694 ) ;
#2361 = CARTESIAN_POINT ( 'NONE',  ( 17.00000000000000000, 1.000000000000000000, 24.00000000000000000 ) ) ;
#2362 = CIRCLE ( 'NONE', #686, 5.000000000000000888 ) ;
#2363 = CARTESIAN_POINT ( 'NONE',  ( 3.000000000000000000, 10.00000000000000000, 32.00000000000000000 ) ) ;
#2364 = CARTESIAN_POINT ( 'NONE',  ( 19.63306251687300019, -0.5223427099370000493, 28.99999999999999645 ) ) ;
#2365 = ORIENTED_EDGE ( 'NONE', *, *, #3971, .F. ) ;
#2366 = CARTESIAN_POINT ( 'NONE',  ( 0.5999999999999999778, -0.1000000000000000056, 30.00000000000000000 ) ) ;
#2367 = CARTESIAN_POINT ( 'NONE',  ( 0.3228855277060000417, 3.958811597637001523, 32.64589677541197688 ) ) ;
#2368 = VECTOR ( 'NONE', #1240, 1000.000000000000000 ) ;
#2369 = CARTESIAN_POINT ( 'NONE',  ( 0.1757645825810000006, 1.525925484798997589, 31.27158788801699885 ) ) ;
#2370 = CARTESIAN_POINT ( 'NONE',  ( 2.801053890059998164, 4.983965474379001392, 33.39999999999999858 ) ) ;
#2371 = CARTESIAN_POINT ( 'NONE',  ( 3.013114048190998595, -0.3283423222220000492, 32.27901455901400141 ) ) ;
#2372 = AXIS2_PLACEMENT_3D ( 'NONE', #1273, #1251, #3823 ) ;
#2373 = ORIENTED_EDGE ( 'NONE', *, *, #3618, .T. ) ;
#2374 = CARTESIAN_POINT ( 'NONE',  ( 0.3692911066630000239, 18.85054997962501844, 31.22096003954698773 ) ) ;
#2375 = CARTESIAN_POINT ( 'NONE',  ( 2.565263513318001287, 14.71198249963399007, 33.93436200077301379 ) ) ;
#2376 = CARTESIAN_POINT ( 'NONE',  ( 0.2500000000000000000, 19.75000000000000000, 0.000000000000000000 ) ) ;
#2377 = VERTEX_POINT ( 'NONE', #123 ) ;
#2378 = FACE_OUTER_BOUND ( 'NONE', #2762, .T. ) ;
#2379 = EDGE_CURVE ( 'NONE', #3558, #3199, #925, .T. ) ;
#2380 = CARTESIAN_POINT ( 'NONE',  ( 3.021143145952000175, 20.32665701440000916, 32.28115073755500219 ) ) ;
#2381 = CARTESIAN_POINT ( 'NONE',  ( 0.03233430489953999926, 2.902128442037000156, 31.85451140833701444 ) ) ;
#2382 = CARTESIAN_POINT ( 'NONE',  ( 20.00000000000000000, 18.17157287525381193, 30.99999999999999645 ) ) ;
#2383 = ORIENTED_EDGE ( 'NONE', *, *, #986, .T. ) ;
#2384 = AXIS2_PLACEMENT_3D ( 'NONE', #4336, #1468, #709 ) ;
#2385 = CARTESIAN_POINT ( 'NONE',  ( 0.3427721856348834306, 18.79881989614348825, 31.22799128403229219 ) ) ;
#2386 = EDGE_LOOP ( 'NONE', ( #3519, #3132, #4661, #1787, #4131, #3205, #788, #4279, #563 ) ) ;
#2387 = DIRECTION ( 'NONE',  ( -1.000000000000000000, 0.000000000000000000, 0.000000000000000000 ) ) ;
#2388 = CARTESIAN_POINT ( 'NONE',  ( 5.600122900121998981, 2.430189913156000081, 33.96742553692900657 ) ) ;
#2389 = CARTESIAN_POINT ( 'NONE',  ( 1.900000000000000133, 10.00000000000000000, 32.00000000000000000 ) ) ;
#2390 = ORIENTED_EDGE ( 'NONE', *, *, #2582, .F. ) ;
#2391 = DIRECTION ( 'NONE',  ( 0.7071067811865475727, 9.999999999993602006E-18, -0.7071067811865475727 ) ) ;
#2392 = CARTESIAN_POINT ( 'NONE',  ( 0.7775411885780001420, 4.847321378337000830, 33.42095707712602604 ) ) ;
#2393 = CARTESIAN_POINT ( 'NONE',  ( 0.5976772622220003495, 0.8669893572990002850, 31.48376238018999018 ) ) ;
#2394 = DIRECTION ( 'NONE',  ( -1.000000000000000000, 0.000000000000000000, 0.000000000000000000 ) ) ;
#2395 = CARTESIAN_POINT ( 'NONE',  ( 4.825326030217998330, 1.397438431647000545, 33.38958717863702930 ) ) ;
#2396 = ORIENTED_EDGE ( 'NONE', *, *, #873, .F. ) ;
#2397 = CARTESIAN_POINT ( 'NONE',  ( -0.6297011741870004453, 18.31708626908602255, 32.02537165988103141 ) ) ;
#2398 = CARTESIAN_POINT ( 'NONE',  ( -0.8524773484119994027, 16.86931788791401843, 32.19756593185798010 ) ) ;
#2399 = FACE_OUTER_BOUND ( 'NONE', #2481, .T. ) ;
#2400 = ORIENTED_EDGE ( 'NONE', *, *, #366, .F. ) ;
#2401 = CARTESIAN_POINT ( 'NONE',  ( 17.00000000000000000, 11.18743420870399952, 34.00000000000000000 ) ) ;
#2402 = CARTESIAN_POINT ( 'NONE',  ( 5.229780404721000586, 18.21123581717700191, 33.80638688364302169 ) ) ;
#2403 = CARTESIAN_POINT ( 'NONE',  ( 5.600122900121998981, 2.430189913156000081, 33.96742553692900657 ) ) ;
#2404 = CARTESIAN_POINT ( 'NONE',  ( -0.1000000000000000056, 0.5999999999999999778, 30.00000000000000000 ) ) ;
#2405 = VERTEX_POINT ( 'NONE', #4435 ) ;
#2406 = ADVANCED_FACE ( 'NONE', ( #902 ), #4548, .T. ) ;
#2407 = CARTESIAN_POINT ( 'NONE',  ( -2.000000000000000000, -2.000000000000000000, 24.00000000000000000 ) ) ;
#2408 = ORIENTED_EDGE ( 'NONE', *, *, #4576, .T. ) ;
#2409 = CARTESIAN_POINT ( 'NONE',  ( 5.148898062251997310, 2.454346916200000894, 33.82031441689601792 ) ) ;
#2410 = CARTESIAN_POINT ( 'NONE',  ( 2.500000000000000000, 2.500000000000000000, 33.39999999999999858 ) ) ;
#2411 = ADVANCED_FACE ( 'NONE', ( #1524 ), #810, .T. ) ;
#2412 = CARTESIAN_POINT ( 'NONE',  ( 10.00000000000000000, 10.00000000000000000, 30.00000000000000000 ) ) ;
#2413 = ORIENTED_EDGE ( 'NONE', *, *, #835, .T. ) ;
#2414 = CARTESIAN_POINT ( 'NONE',  ( 0.6033020291059999485, 15.13770405316900103, 30.00330202910599908 ) ) ;
#2415 = CARTESIAN_POINT ( 'NONE',  ( 2.287111978081003194, 5.444461263562004660, 33.95501108260800294 ) ) ;
#2416 = CARTESIAN_POINT ( 'NONE',  ( 1.416824560691000601, 0.05785573170998998399, 31.79590515628400382 ) ) ;
#2417 = CARTESIAN_POINT ( 'NONE',  ( 0.4945331068600002933, 4.017336616933002702, 32.23451209332998957 ) ) ;
#2418 = CARTESIAN_POINT ( 'NONE',  ( 4.631044876283002765, 1.022071487230999054, 33.20023186557604333 ) ) ;
#2419 = ORIENTED_EDGE ( 'NONE', *, *, #4481, .F. ) ;
#2420 = CARTESIAN_POINT ( 'NONE',  ( -0.6389172588200003888, 17.08212763088099706, 32.26701562734098161 ) ) ;
#2421 = CARTESIAN_POINT ( 'NONE',  ( -0.8665975266630003837, 16.92667892331099821, 32.18058034560298353 ) ) ;
#2422 = CARTESIAN_POINT ( 'NONE',  ( 3.500000018448750083, 9.999999999999998224, 33.39886439604437385 ) ) ;
#2423 = ORIENTED_EDGE ( 'NONE', *, *, #4026, .F. ) ;
#2424 = DIRECTION ( 'NONE',  ( 0.000000000000000000, 0.000000000000000000, 1.000000000000000000 ) ) ;
#2425 = CARTESIAN_POINT ( 'NONE',  ( 4.252516334701001988, 19.96101477750698550, 32.93850843737899936 ) ) ;
#2426 = CARTESIAN_POINT ( 'NONE',  ( 5.466002193639996953, 1.399160426074000707, 33.73765914521401754 ) ) ;
#2427 = DIRECTION ( 'NONE',  ( 0.000000000000000000, 1.000000000000000000, 0.000000000000000000 ) ) ;
#2428 = ORIENTED_EDGE ( 'NONE', *, *, #3172, .F. ) ;
#2429 = DIRECTION ( 'NONE',  ( 0.000000000000000000, 1.000000000000000000, 0.000000000000000000 ) ) ;
#2430 = VERTEX_POINT ( 'NONE', #2684 ) ;
#2431 = CIRCLE ( 'NONE', #1438, 0.5999999999999997558 ) ;
#2432 = CARTESIAN_POINT ( 'NONE',  ( 4.983618529452000345, 2.803176784803000032, 33.39999999999999858 ) ) ;
#2433 = ORIENTED_EDGE ( 'NONE', *, *, #291, .T. ) ;
#2434 = CARTESIAN_POINT ( 'NONE',  ( 17.78539750748200277, 2.999999999999999112, 33.93831521445600430 ) ) ;
#2435 = VERTEX_POINT ( 'NONE', #168 ) ;
#2436 = VECTOR ( 'NONE', #535, 1000.000000000000114 ) ;
#2437 = CARTESIAN_POINT ( 'NONE',  ( 17.00000000000000000, -2.000000000000000000, 29.00000000000000000 ) ) ;
#2438 = AXIS2_PLACEMENT_3D ( 'NONE', #2149, #736, #1174 ) ;
#2439 = CARTESIAN_POINT ( 'NONE',  ( -0.3285086829959998345, 3.012495556071000280, 32.27877124920301100 ) ) ;
#2440 = EDGE_CURVE ( 'NONE', #3995, #4190, #901, .T. ) ;
#2441 = CARTESIAN_POINT ( 'NONE',  ( 1.692087682976000762, -0.3157557868930000455, 32.00678114510402850 ) ) ;
#2442 = EDGE_CURVE ( 'NONE', #1554, #487, #162, .T. ) ;
#2444 = B_SPLINE_CURVE_WITH_KNOTS ( 'NONE', 5,
 ( #131, #4023, #1581, #3016, #1133, #1229 ),
 .UNSPECIFIED., .F., .F.,
 ( 6, 6 ),
 ( 29.53830809084800180, 31.72274865415299772 ),
 .UNSPECIFIED. ) ;
#2443 = CARTESIAN_POINT ( 'NONE',  ( 1.352048252501999226, 4.736109167524999997, 32.96746893955701552 ) ) ;
#2445 = CARTESIAN_POINT ( 'NONE',  ( 5.121008019520000509, 2.049590639874999898, 33.75427133713402839 ) ) ;
#2446 = EDGE_LOOP ( 'NONE', ( #151, #146, #3836, #921 ) ) ;
#2447 = CARTESIAN_POINT ( 'NONE',  ( 0.6760913853350001279, 20.17381167147502197, 31.90609064049498755 ) ) ;
#2448 = CARTESIAN_POINT ( 'NONE',  ( 2.183047391659999725, 14.72031307753599805, 33.88584426768800029 ) ) ;
#2449 = VECTOR ( 'NONE', #3422, 1000.000000000000000 ) ;
#2450 = CARTESIAN_POINT ( 'NONE',  ( 3.591549295774999706, 8.912912344144000798, 33.39999999999999858 ) ) ;
#2451 = B_SPLINE_CURVE_WITH_KNOTS ( 'NONE', 5,
 ( #831, #1521, #3360, #1571, #2619, #3335 ),
 .UNSPECIFIED., .F., .F.,
 ( 6, 6 ),
 ( 29.53830809084800180, 31.72274865415299772 ),
 .UNSPECIFIED. ) ;
#2452 = CARTESIAN_POINT ( 'NONE',  ( 0.05936640943916004359, 3.043044689998000596, 31.62716422925700499 ) ) ;
#2453 = CARTESIAN_POINT ( 'NONE',  ( 4.949489742783000246, 0.5999999999999999778, 30.00000000000000000 ) ) ;
#2454 = CARTESIAN_POINT ( 'NONE',  ( 20.00000000000000000, 18.99999999999999645, 30.17157287525380838 ) ) ;
#2455 = DIRECTION ( 'NONE',  ( 0.000000000000000000, 1.000000000000000000, 0.000000000000000000 ) ) ;
#2456 = VERTEX_POINT ( 'NONE', #3696 ) ;
#2457 = CARTESIAN_POINT ( 'NONE',  ( 8.912912344144000798, 16.40845070422500029, 33.39999999999999858 ) ) ;
#2458 = CARTESIAN_POINT ( 'NONE',  ( 17.00000000000000000, 22.00000000000000000, 25.19999999999999929 ) ) ;
#2459 = EDGE_LOOP ( 'NONE', ( #3842, #470, #3729, #2853 ) ) ;
#2460 = CARTESIAN_POINT ( 'NONE',  ( -0.1000000000000000056, -0.1000000000000000056, 29.30000000000000071 ) ) ;
#2461 = ORIENTED_EDGE ( 'NONE', *, *, #2350, .T. ) ;
#2462 = CARTESIAN_POINT ( 'NONE',  ( 0.8261801365430000432, 15.47064679980199919, 30.22618013654300029 ) ) ;
#2463 = CARTESIAN_POINT ( 'NONE',  ( 2.051578316906002009, 5.265627281144995564, 33.86119531696000706 ) ) ;
#2464 =( BOUNDED_SURFACE ( )  B_SPLINE_SURFACE ( 2, 4, ( 
 ( #3151, #1760, #1733, #2432, #311 ),
 ( #4203, #217, #1407, #4617, #4181 ),
 ( #2388, #4597, #2028, #1319, #3458 ) ),
 .UNSPECIFIED., .F., .F., .T. ) 
 B_SPLINE_SURFACE_WITH_KNOTS ( ( 3, 3 ),
 ( 5, 5 ),
 ( 0.000000000000000000, 0.3819473751470000011 ),
 ( 31.51957830419300066, 31.90152567934000061 ),
 .UNSPECIFIED. ) 
 GEOMETRIC_REPRESENTATION_ITEM ( )  RATIONAL_B_SPLINE_SURFACE ( (
 ( 1.000000000000000000, 1.000000000000000000, 1.000000000000000000, 1.000000000000000000, 1.000000000000000000),
 ( 0.7069427973040000035, 0.7086444603240000806, 0.7092554520499999571, 0.7087190530690000712, 0.7071067811869999886),
 ( 1.000000000000000000, 1.000000000000000000, 1.000000000000000000, 1.000000000000000000, 1.000000000000000000) ) ) 
 REPRESENTATION_ITEM ( '' )  SURFACE ( )  );
#2465 = CARTESIAN_POINT ( 'NONE',  ( 0.7547839113290001345, -0.2300019501229998153, 31.91109291670998260 ) ) ;
#2466 = CARTESIAN_POINT ( 'NONE',  ( 4.523359263209999703, 19.12270412761800031, 30.27729587238199827 ) ) ;
#2467 = CARTESIAN_POINT ( 'NONE',  ( 4.286292582234999315, 0.05152021499213996214, 32.95390155580697922 ) ) ;
#2468 = VERTEX_POINT ( 'NONE', #1551 ) ;
#2469 = CARTESIAN_POINT ( 'NONE',  ( -0.3880835988980001483, 17.33015249076901654, 32.19734726306101180 ) ) ;
#2470 = EDGE_CURVE ( 'NONE', #3861, #158, #2820, .T. ) ;
#2471 = CARTESIAN_POINT ( 'NONE',  ( -0.4324657759510001087, 15.93787653996000309, 32.65949495115998502 ) ) ;
#2472 = FACE_OUTER_BOUND ( 'NONE', #37, .T. ) ;
#2473 = CARTESIAN_POINT ( 'NONE',  ( 1.772769065025000979, 4.894126724719995991, 33.35187434340799228 ) ) ;
#2474 = CARTESIAN_POINT ( 'NONE',  ( 3.110856674940001731, 19.92466645888102050, 31.65285120304698196 ) ) ;
#2475 = CARTESIAN_POINT ( 'NONE',  ( -0.6389293359920005244, 2.918006257030000494, 32.26699376448301848 ) ) ;
#2476 = CARTESIAN_POINT ( 'NONE',  ( 20.00000000000000000, 19.39269908169899992, 29.00000000000000000 ) ) ;
#2477 = CARTESIAN_POINT ( 'NONE',  ( 19.78675093672596930, -0.1000000000000000194, 29.26250889186916737 ) ) ;
#2478 = ORIENTED_EDGE ( 'NONE', *, *, #234, .T. ) ;
#2479 = CARTESIAN_POINT ( 'NONE',  ( 1.059485008573998632, 5.368157793034003866, 33.61724054934801131 ) ) ;
#2480 = CARTESIAN_POINT ( 'NONE',  ( 5.000000000000000000, 2.600367236135000315, 33.38565781182900594 ) ) ;
#2481 = EDGE_LOOP ( 'NONE', ( #528, #2072, #860, #2978, #1410, #294, #3369, #643, #2314, #1453, #3801, #265 ) ) ;
#2482 = CARTESIAN_POINT ( 'NONE',  ( 0.09225762454084003583, 1.773938538231004003, 31.31552376601181109 ) ) ;
#2483 = ORIENTED_EDGE ( 'NONE', *, *, #4195, .T. ) ;
#2484 = CARTESIAN_POINT ( 'NONE',  ( 3.000000000000000000, 3.000000000000000000, 25.19999999999999929 ) ) ;
#2485 = CARTESIAN_POINT ( 'NONE',  ( 0.5942933836329995501, 4.729544683953997186, 33.31982087522100500 ) ) ;
#2486 = CARTESIAN_POINT ( 'NONE',  ( 1.781807303419002286, -0.07105053036020005097, 31.85419208708202277 ) ) ;
#2487 = AXIS2_PLACEMENT_3D ( 'NONE', #502, #1932, #4456 ) ;
#2488 = CARTESIAN_POINT ( 'NONE',  ( 4.624172068944999658, 19.31873289639899838, 30.08126710360100020 ) ) ;
#2489 = CARTESIAN_POINT ( 'NONE',  ( 5.423283519566998834, 2.061966703859000827, 33.91383048986101301 ) ) ;
#2490 = VERTEX_POINT ( 'NONE', #4497 ) ;
#2491 = CARTESIAN_POINT ( 'NONE',  ( -0.4019554865269999722, 17.77440690723899053, 32.10380291108400996 ) ) ;
#2492 = DIRECTION ( 'NONE',  ( 0.000000000000000000, -1.000000000000000000, 0.000000000000000000 ) ) ;
#2493 = CARTESIAN_POINT ( 'NONE',  ( 3.000242966028001668, 0.05031043756203996270, 31.61257236523797332 ) ) ;
#2494 = CARTESIAN_POINT ( 'NONE',  ( -1.103861311045999605, 2.516879727968001301, 31.83492160918599012 ) ) ;
#2495 = CARTESIAN_POINT ( 'NONE',  ( 2.801053890059998608, 4.983965474379001392, 33.39999999999999858 ) ) ;
#2496 = EDGE_CURVE ( 'NONE', #645, #4642, #3502, .T. ) ;
#2497 = CARTESIAN_POINT ( 'NONE',  ( 5.000000000000000000, 17.50000000000000000, 33.37134415454899283 ) ) ;
#2498 = CARTESIAN_POINT ( 'NONE',  ( 0.06493870853259003928, 16.93238405990301487, 31.63611910144100037 ) ) ;
#2499 = DIRECTION ( 'NONE',  ( 0.9797958971132604278, 0.2000000000000528855, 0.000000000000000000 ) ) ;
#2500 = EDGE_CURVE ( 'NONE', #243, #629, #3721, .T. ) ;
#2501 = CARTESIAN_POINT ( 'NONE',  ( 5.600122928950999501, 17.56981051206399869, 33.96742548815200280 ) ) ;
#2502 = ORIENTED_EDGE ( 'NONE', *, *, #721, .T. ) ;
#2503 = CARTESIAN_POINT ( 'NONE',  ( -1.026553209728001015, 3.090225303883000318, 31.96430814411699828 ) ) ;
#2504 = CARTESIAN_POINT ( 'NONE',  ( 4.523359263209999703, 0.8772958723810000414, 30.27729587238099995 ) ) ;
#2505 = AXIS2_PLACEMENT_3D ( 'NONE', #1782, #3216, #710 ) ;
#2506 = EDGE_CURVE ( 'NONE', #2693, #3173, #237, .T. ) ;
#2507 = DIRECTION ( 'NONE',  ( 0.6499230723709480406, -0.7599999999999391687, 0.000000000000000000 ) ) ;
#2508 = ORIENTED_EDGE ( 'NONE', *, *, #3145, .F. ) ;
#2509 = CARTESIAN_POINT ( 'NONE',  ( 0.5999999999999999778, 0.4249999999999999889, 29.82499999999999929 ) ) ;
#2510 = AXIS2_PLACEMENT_3D ( 'NONE', #2785, #3862, #4224 ) ;
#2511 = CARTESIAN_POINT ( 'NONE',  ( -0.7368311565539996666, 3.931624619215000394, 32.33332224216601247 ) ) ;
#2512 = CARTESIAN_POINT ( 'NONE',  ( 2.891364003341998501, -0.3524631066410002234, 32.24845594416000694 ) ) ;
#2513 = CONICAL_SURFACE ( 'NONE', #457, 5.000000000000000000, 0.7853981633970000820 ) ;
#2514 = CARTESIAN_POINT ( 'NONE',  ( 5.228227598684003219, 1.841493457396000011, 33.81107547509702727 ) ) ;
#2515 = ORIENTED_EDGE ( 'NONE', *, *, #2643, .T. ) ;
#2516 = CARTESIAN_POINT ( 'NONE',  ( -1.081893022250999481, 18.11326189620298166, 31.71050166126300240 ) ) ;
#2517 = CC_DESIGN_APPROVAL ( #2605, ( #4546 ) ) ;
#2518 = CARTESIAN_POINT ( 'NONE',  ( 0.6640090237209999025, 14.99503546354202044, 33.43931845571998451 ) ) ;
#2519 = CARTESIAN_POINT ( 'NONE',  ( 19.99999999688499841, 18.79498983517300204, 30.00000000000000000 ) ) ;
#2520 = CARTESIAN_POINT ( 'NONE',  ( 3.133552988973001607, 0.08132989897099995869, 31.66241910918997959 ) ) ;
#2521 = LINE ( 'NONE', #2934, #2596 ) ;
#2522 = CARTESIAN_POINT ( 'NONE',  ( 0.8561670687920005518, 4.418103050070996574, 32.61121129920702799 ) ) ;
#2523 = VECTOR ( 'NONE', #3346, 1000.000000000000114 ) ;
#2524 = CARTESIAN_POINT ( 'NONE',  ( 2.500000000000000000, 17.50000000000000000, 33.39999999999999858 ) ) ;
#2525 = CARTESIAN_POINT ( 'NONE',  ( 0.03592853640551998962, 17.07579418361700974, 31.86041864879798169 ) ) ;
#2526 = CARTESIAN_POINT ( 'NONE',  ( -2.000000000000000000, -2.000000000000000000, 24.00000000000000000 ) ) ;
#2527 = EDGE_CURVE ( 'NONE', #158, #3762, #118, .T. ) ;
#2528 = CARTESIAN_POINT ( 'NONE',  ( 5.000000000000000000, 17.50000000000000000, 20.00000000000000000 ) ) ;
#2529 = VERTEX_POINT ( 'NONE', #2989 ) ;
#2530 = CARTESIAN_POINT ( 'NONE',  ( -0.04532313550349002101, 4.738263600351997340, 32.98814111682900574 ) ) ;
#2531 = ADVANCED_FACE ( 'NONE', ( #3432 ), #3788, .T. ) ;
#2532 = CARTESIAN_POINT ( 'NONE',  ( 4.555238950102999951, 0.7559731566319999319, 30.15597315663200106 ) ) ;
#2533 = DIRECTION ( 'NONE',  ( -0.000000000000000000, 0.7071067811865475727, 0.7071067811865475727 ) ) ;
#2534 = EDGE_LOOP ( 'NONE', ( #1481, #1343, #2300, #664, #4223 ) ) ;
#2535 = CARTESIAN_POINT ( 'NONE',  ( 5.501924998505002939, 18.52842135005098001, 33.77581965567899402 ) ) ;
#2536 = CARTESIAN_POINT ( 'NONE',  ( -1.006293752050999579, 3.180241548645997174, 31.99167124738898593 ) ) ;
#2537 = CARTESIAN_POINT ( 'NONE',  ( 5.126712730768002046, 19.06423578595700974, 33.56227522471900215 ) ) ;
#2538 = CARTESIAN_POINT ( 'NONE',  ( 5.283461237370998376, 2.442131643252998696, 33.91743764344300871 ) ) ;
#2539 = EDGE_LOOP ( 'NONE', ( #76, #1237, #1244, #2396 ) ) ;
#2540 = CARTESIAN_POINT ( 'NONE',  ( 2.228618478553997750, 20.95396571152598497, 31.99922201770399610 ) ) ;
#2541 = CARTESIAN_POINT ( 'NONE',  ( 0.5690636852090003028, 14.83922215246699317, 33.38856130371698328 ) ) ;
#2542 = CARTESIAN_POINT ( 'NONE',  ( 4.636881979227003292, 1.168809986454000471, 32.85145843305298996 ) ) ;
#2543 = CARTESIAN_POINT ( 'NONE',  ( 11.08708765585600275, 3.591549295775004591, 34.00000000000000000 ) ) ;
#2544 = CARTESIAN_POINT ( 'NONE',  ( -1.095064499492999222, 2.016205098257002337, 31.73469506484702052 ) ) ;
#2545 = CARTESIAN_POINT ( 'NONE',  ( 0.06956955345518001099, 3.087087585723000238, 31.64361122852198704 ) ) ;
#2546 = CARTESIAN_POINT ( 'NONE',  ( 4.869742313881998186, 18.33355520611699063, 33.13346019482596461 ) ) ;
#2547 = DIRECTION ( 'NONE',  ( 0.000000000000000000, 0.000000000000000000, 1.000000000000000000 ) ) ;
#2548 = CARTESIAN_POINT ( 'NONE',  ( 0.5999999999999999778, -0.1000000000000000056, 30.00000000000000000 ) ) ;
#2549 = CARTESIAN_POINT ( 'NONE',  ( 4.994614242803000259, 17.29799030589200015, 33.39532671154799459 ) ) ;
#2550 = DIRECTION ( 'NONE',  ( -0.7071067811865474617, -0.7071067811865474617, 4.799999999996925512E-16 ) ) ;
#2551 = CARTESIAN_POINT ( 'NONE',  ( 4.535370527198000268, 0.8027162990679999055, 30.20271629906800115 ) ) ;
#2552 = DIRECTION ( 'NONE',  ( -8.673617379884034239E-17, 0.000000000000000000, 1.000000000000000000 ) ) ;
#2553 = ORIENTED_EDGE ( 'NONE', *, *, #1562, .F. ) ;
#2554 = DIRECTION ( 'NONE',  ( 0.000000000000000000, 1.000000000000000000, 0.000000000000000000 ) ) ;
#2555 = CARTESIAN_POINT ( 'NONE',  ( 0.04201837989458996614, 17.04302462209399494, 31.59929305615699136 ) ) ;
#2556 = CARTESIAN_POINT ( 'NONE',  ( 4.683766309705996278, 20.10374670198502045, 32.93454504811599293 ) ) ;
#2557 = ADVANCED_FACE ( 'NONE', ( #879 ), #2644, .F. ) ;
#2558 = CARTESIAN_POINT ( 'NONE',  ( 5.266254358986005357, 2.093255750254998215, 33.86626305037802354 ) ) ;
#2559 = VERTEX_POINT ( 'NONE', #142 ) ;
#2560 = DIRECTION ( 'NONE',  ( 1.000000000000000000, 0.000000000000000000, 0.000000000000000000 ) ) ;
#2561 = VERTEX_POINT ( 'NONE', #3030 ) ;
#2562 = CARTESIAN_POINT ( 'NONE',  ( -0.7121577889460000144, 16.43402235851102233, 32.36098355850198516 ) ) ;
#2563 = CARTESIAN_POINT ( 'NONE',  ( 19.96395477874504110, 19.25593069953365699, 30.00000000000000000 ) ) ;
#2564 = CARTESIAN_POINT ( 'NONE',  ( 3.022218286051000291, 0.05485135271497998399, 31.61988293146198004 ) ) ;
#2565 = DIRECTION ( 'NONE',  ( 1.000000000000000000, 0.000000000000000000, 0.000000000000000000 ) ) ;
#2566 = CARTESIAN_POINT ( 'NONE',  ( 2.021193501045997820, 5.015542335992005718, 33.60609862068800169 ) ) ;
#2567 = DIRECTION ( 'NONE',  ( 0.000000000000000000, 0.000000000000000000, -1.000000000000000000 ) ) ;
#2568 = CARTESIAN_POINT ( 'NONE',  ( 0.05700547182422004144, 16.96647072151799662, 31.89490043897102112 ) ) ;
#2569 = CARTESIAN_POINT ( 'NONE',  ( -5.000000000000000000, 14.00000000000000000, 28.00000000000000000 ) ) ;
#2570 = CIRCLE ( 'NONE', #3159, 0.6000000000000004219 ) ;
#2571 = CARTESIAN_POINT ( 'NONE',  ( -1.872281708612548494E-13, 16.60718551076994842, 29.39999999999981029 ) ) ;
#2572 = CARTESIAN_POINT ( 'NONE',  ( -1.020165150259999542, 3.120235443039001133, 31.97298027481300053 ) ) ;
#2573 = FACE_OUTER_BOUND ( 'NONE', #367, .T. ) ;
#2574 = EDGE_LOOP ( 'NONE', ( #2609, #2829, #4372, #2789 ) ) ;
#2575 = CARTESIAN_POINT ( 'NONE',  ( 3.000000000000000000, 3.000000000000000000, 29.00000000000000000 ) ) ;
#2576 = CARTESIAN_POINT ( 'NONE',  ( 0.05505836486134994129, 16.97679347066801370, 31.62021581728397379 ) ) ;
#2577 = CARTESIAN_POINT ( 'NONE',  ( 3.808784836434000010, 20.59634847559998860, 32.48936556223801375 ) ) ;
#2578 = CARTESIAN_POINT ( 'NONE',  ( 3.000000000000000000, 21.04359144897900080, 31.94098082172299513 ) ) ;
#2579 = ORIENTED_EDGE ( 'NONE', *, *, #3752, .T. ) ;
#2580 = CIRCLE ( 'NONE', #530, 3.799999999999999822 ) ;
#2581 = CARTESIAN_POINT ( 'NONE',  ( 1.179554693823000155, 20.89903898886499434, 31.59645640949099743 ) ) ;
#2582 = EDGE_CURVE ( 'NONE', #3086, #2706, #2908, .T. ) ;
#2583 = EDGE_LOOP ( 'NONE', ( #4117, #533, #1919, #2875, #4048 ) ) ;
#2584 = EDGE_CURVE ( 'NONE', #3970, #386, #3568, .T. ) ;
#2585 = TOROIDAL_SURFACE ( 'NONE', #3245, 7.000000000000000000, 1.100000000000000089 ) ;
#2586 = CARTESIAN_POINT ( 'NONE',  ( 0.8626763684679999988, 4.523985906683999580, 30.26267636846799647 ) ) ;
#2587 = CARTESIAN_POINT ( 'NONE',  ( 3.650604974962001759, 0.2546567495679999404, 31.92871197292499019 ) ) ;
#2588 = CARTESIAN_POINT ( 'NONE',  ( 9.281272948981998283, 2.909649527126999757, 34.00000000000000000 ) ) ;
#2589 = AXIS2_PLACEMENT_3D ( 'NONE', #2012, #558, #3441 ) ;
#2590 = CARTESIAN_POINT ( 'NONE',  ( -0.3047078507940000902, 0.4132183702540002113, 31.75366105574200049 ) ) ;
#2591 = CARTESIAN_POINT ( 'NONE',  ( 0.4230201124739997876, 4.336052788896001431, 33.02808785536799263 ) ) ;
#2592 = AXIS2_PLACEMENT_3D ( 'NONE', #2204, #1087, #1399 ) ;
#2593 = CARTESIAN_POINT ( 'NONE',  ( -0.1098586415470000910, 1.961297937739002295, 31.88735591574399919 ) ) ;
#2594 = CARTESIAN_POINT ( 'NONE',  ( 0.05047971116251003670, 16.99890948494898524, 31.61285092914299000 ) ) ;
#2595 = DIRECTION ( 'NONE',  ( 0.1672442547469573382, 0.9859154929577559345, 0.000000000000000000 ) ) ;
#2596 = VECTOR ( 'NONE', #3951, 1000.000000000000000 ) ;
#2597 = CARTESIAN_POINT ( 'NONE',  ( 2.013984621498998706, -1.092539634503999713, 31.73470335575500911 ) ) ;
#2598 = CARTESIAN_POINT ( 'NONE',  ( 5.000000000000000000, 17.51503231675200212, 33.53108989002797813 ) ) ;
#2599 = DIRECTION ( 'NONE',  ( -1.000000000000000000, 0.000000000000000000, 0.000000000000000000 ) ) ;
#2600 = CARTESIAN_POINT ( 'NONE',  ( 0.5999999999999999778, -0.1000000000000000056, 30.00000000000000000 ) ) ;
#2601 = VERTEX_POINT ( 'NONE', #4569 ) ;
#2602 = DIRECTION ( 'NONE',  ( 0.000000000000000000, 1.000000000000000000, 0.000000000000000000 ) ) ;
#2603 = CARTESIAN_POINT ( 'NONE',  ( 3.000000000000000000, 3.000000000000000000, 24.00000000000000000 ) ) ;
#2604 = CARTESIAN_POINT ( 'NONE',  ( 3.907653990685000522, 20.23834353946399744, 32.69954415958598304 ) ) ;
#2605 = APPROVAL ( #3376, 'UNSPECIFIED' ) ;
#2606 = CARTESIAN_POINT ( 'NONE',  ( 4.369525550799004066, -0.4150990153820003359, 32.66840531588302809 ) ) ;
#2607 = ORIENTED_EDGE ( 'NONE', *, *, #4676, .F. ) ;
#2608 = CARTESIAN_POINT ( 'NONE',  ( -0.4390164334480002872, 19.41162578536398797, 31.76272247583201036 ) ) ;
#2609 = ORIENTED_EDGE ( 'NONE', *, *, #807, .F. ) ;
#2610 = CARTESIAN_POINT ( 'NONE',  ( 0.6636930143649999447, 4.649735736893999771, 30.06369301436499697 ) ) ;
#2611 = CARTESIAN_POINT ( 'NONE',  ( 2.953574333700998533, -0.09598316188581998420, 32.11342781815402248 ) ) ;
#2612 = ORIENTED_EDGE ( 'NONE', *, *, #519, .T. ) ;
#2613 = CALENDAR_DATE ( 2026, 15, 6 ) ;
#2614 = CARTESIAN_POINT ( 'NONE',  ( 2.807629216702002495, 5.132815964896005667, 33.84993817470801503 ) ) ;
#2615 =( BOUNDED_CURVE ( )  B_SPLINE_CURVE ( 6, ( #1643, #1668, #3107, #2409, #3081, #3150, #1340 ),
 .UNSPECIFIED., .F., .T. ) 
 B_SPLINE_CURVE_WITH_KNOTS ( ( 7, 7 ),
 ( 0.000000000000000000, 3.648308786932999759 ),
 .UNSPECIFIED. ) 
 CURVE ( )  GEOMETRIC_REPRESENTATION_ITEM ( )  RATIONAL_B_SPLINE_CURVE ( ( 1.031412341758000117, 1.010031169149999908, 0.9979234159150000005, 0.9939549404619999473, 0.9979234159150000005, 1.010031169149999908, 1.031412341758000117 ) ) 
 REPRESENTATION_ITEM ( '' )  );
#2616 = CARTESIAN_POINT ( 'NONE',  ( 1.668626620491999502, 0.1171417033950000464, 31.57107079625700763 ) ) ;
#2617 = CARTESIAN_POINT ( 'NONE',  ( 0.3236570095779999212, 16.04030434058900312, 32.64788989769098748 ) ) ;
#2618 = CARTESIAN_POINT ( 'NONE',  ( 3.773096085425958091, -0.2164697651620332564, 29.18353023483796349 ) ) ;
#2619 = CARTESIAN_POINT ( 'NONE',  ( 10.71872705101799994, 2.909649527126999757, 34.00000000000000000 ) ) ;
#2620 = CARTESIAN_POINT ( 'NONE',  ( 4.338432072054002830, 19.21242308369902219, 32.77616642687400628 ) ) ;
#2621 = DIRECTION ( 'NONE',  ( 0.9797958971132604278, 0.2000000000000529132, 0.000000000000000000 ) ) ;
#2622 = CARTESIAN_POINT ( 'NONE',  ( 19.90696186160757719, 19.64911895585717971, 29.75088104414282597 ) ) ;
#2623 = CARTESIAN_POINT ( 'NONE',  ( 19.93938769134000211, 0.5999999999999999778, 30.00000000000000000 ) ) ;
#2624 = ORIENTED_EDGE ( 'NONE', *, *, #3318, .F. ) ;
#2625 = CARTESIAN_POINT ( 'NONE',  ( 2.500000000000000000, 2.500000000000000000, 30.00000000000000000 ) ) ;
#2626 = CYLINDRICAL_SURFACE ( 'NONE', #3476, 5.000000000000000000 ) ;
#2627 = CARTESIAN_POINT ( 'NONE',  ( 4.688690950482999220, 19.79888992763898869, 33.15624589007201450 ) ) ;
#2628 = CARTESIAN_POINT ( 'NONE',  ( 3.211378960540999472, -0.9984268461119998328, 32.00218552357399204 ) ) ;
#2629 = ORIENTED_EDGE ( 'NONE', *, *, #716, .T. ) ;
#2630 = DIRECTION ( 'NONE',  ( 1.000000000000000000, 0.000000000000000000, 0.000000000000000000 ) ) ;
#2631 = CARTESIAN_POINT ( 'NONE',  ( 0.6112444545299999810, 4.807395206444000202, 30.01124445453000078 ) ) ;
#2632 = CARTESIAN_POINT ( 'NONE',  ( 3.370768149073001485, 0.01322897690029999768, 32.26985446561297266 ) ) ;
#2633 = ORIENTED_EDGE ( 'NONE', *, *, #3167, .F. ) ;
#2634 = CARTESIAN_POINT ( 'NONE',  ( 2.391244811375999646, 20.01352222464502617, 31.44824769244998208 ) ) ;
#2635 = DATE_AND_TIME ( #2613, #1000 ) ;
#2636 = CARTESIAN_POINT ( 'NONE',  ( 0.04345981223548000399, 2.966586007248000367, 31.87266480443698313 ) ) ;
#2637 = CARTESIAN_POINT ( 'NONE',  ( -0.008463299008921001607, 2.233170005617998832, 31.40977027456001025 ) ) ;
#2638 = CARTESIAN_POINT ( 'NONE',  ( 2.688712483105002438, 14.95189115953599490, 33.71113368449702108 ) ) ;
#2639 = CARTESIAN_POINT ( 'NONE',  ( 1.468201264866000333, 14.51504115066898315, 33.76136717017197952 ) ) ;
#2640 = CARTESIAN_POINT ( 'NONE',  ( -0.5754266139629998777, 0.5512790366279999299, 31.52822486954702086 ) ) ;
#2641 = EDGE_CURVE ( 'NONE', #2405, #640, #90, .T. ) ;
#2642 = CARTESIAN_POINT ( 'NONE',  ( 2.963822911780999547, 19.95677475115098076, 31.60120071524800878 ) ) ;
#2643 = EDGE_CURVE ( 'NONE', #3558, #3149, #3898, .T. ) ;
#2644 = CYLINDRICAL_SURFACE ( 'NONE', #2892, 6.500000000000000888 ) ;
#2645 = CARTESIAN_POINT ( 'NONE',  ( 2.899999999999999911, 9.999999999999998224, 30.00000000000000000 ) ) ;
#2646 = CARTESIAN_POINT ( 'NONE',  ( 16.40845070422500029, 8.912912344144000798, 33.39999999999999858 ) ) ;
#2647 = EDGE_LOOP ( 'NONE', ( #327, #1183, #1955, #1612 ) ) ;
#2648 = CARTESIAN_POINT ( 'NONE',  ( 2.235800434293999217, 21.10701405474901904, 31.77754733177499347 ) ) ;
#2649 = CARTESIAN_POINT ( 'NONE',  ( 0.09421242578794991607, 16.81973814102299514, 31.68280806912500225 ) ) ;
#2650 = EDGE_CURVE ( 'NONE', #505, #557, #3336, .T. ) ;
#2651 = DIRECTION ( 'NONE',  ( 1.000000000000000000, 0.000000000000000000, 0.000000000000000000 ) ) ;
#2652 = CARTESIAN_POINT ( 'NONE',  ( -0.6500000000000000222, 5.000000000000000000, 23.85000000000000142 ) ) ;
#2653 = ORIENTED_EDGE ( 'NONE', *, *, #2440, .F. ) ;
#2654 = ORIENTED_EDGE ( 'NONE', *, *, #1393, .T. ) ;
#2655 = CARTESIAN_POINT ( 'NONE',  ( 5.579742413045999605, 17.14136362858100071, 34.00000000000000000 ) ) ;
#2656 = CARTESIAN_POINT ( 'NONE',  ( -2.000000000000000000, -2.000000000000000000, 29.00000000000000000 ) ) ;
#2657 = CARTESIAN_POINT ( 'NONE',  ( 4.979053127853997118, 2.155130431245001255, 33.30324366482101794 ) ) ;
#2658 = ORIENTED_EDGE ( 'NONE', *, *, #3877, .F. ) ;
#2659 = CARTESIAN_POINT ( 'NONE',  ( 2.902251400735003539, 19.96764672294301235, 31.85456295567001561 ) ) ;
#2660 = CARTESIAN_POINT ( 'NONE',  ( -0.09146974502276999930, 17.02332372554699447, 32.12010331585003087 ) ) ;
#2661 = VECTOR ( 'NONE', #4410, 1000.000000000000000 ) ;
#2662 = CARTESIAN_POINT ( 'NONE',  ( 0.7742634005239996675, -0.7103120197410001113, 31.54819222093398778 ) ) ;
#2663 = CARTESIAN_POINT ( 'NONE',  ( 4.982757552196996897, 17.87846648726501186, 33.46964764592600972 ) ) ;
#2664 = CARTESIAN_POINT ( 'NONE',  ( 10.00000000000000000, 10.00000000000000000, 26.00000000000000000 ) ) ;
#2665 = DIRECTION ( 'NONE',  ( 0.000000000000000000, 0.000000000000000000, 1.000000000000000000 ) ) ;
#2666 = EDGE_CURVE ( 'NONE', #1554, #3995, #4537, .T. ) ;
#2667 = ORIENTED_EDGE ( 'NONE', *, *, #1362, .F. ) ;
#2668 = EDGE_CURVE ( 'NONE', #1010, #4488, #4180, .T. ) ;
#2669 = CARTESIAN_POINT ( 'NONE',  ( 2.752474088666000629, 19.99409360859402085, 31.54181950348001706 ) ) ;
#2670 = CARTESIAN_POINT ( 'NONE',  ( 2.597830049358999638, 14.99677619813197893, 33.38812588887498833 ) ) ;
#2671 = VECTOR ( 'NONE', #2830, 1000.000000000000000 ) ;
#2672 = DIRECTION ( 'NONE',  ( 1.000000000000000000, 0.000000000000000000, 0.000000000000000000 ) ) ;
#2673 = EDGE_LOOP ( 'NONE', ( #2633, #2291, #2579, #509 ) ) ;
#2674 = CARTESIAN_POINT ( 'NONE',  ( 5.599999999999999645, 2.500000000000000000, 30.00000000000000000 ) ) ;
#2675 = CARTESIAN_POINT ( 'NONE',  ( -1.050000000000000044, 20.10000000000000142, 24.00000000000000000 ) ) ;
#2676 = CARTESIAN_POINT ( 'NONE',  ( 2.902170874510998200, 0.03234074843045001146, 31.85453117338201423 ) ) ;
#2677 = VERTEX_POINT ( 'NONE', #2453 ) ;
#2678 = CARTESIAN_POINT ( 'NONE',  ( -0.01441949016886001980, 17.65329427777800220, 31.43700426806200454 ) ) ;
#2679 = CARTESIAN_POINT ( 'NONE',  ( 1.822372236750998908, 15.03088346677799869, 33.54762148791103016 ) ) ;
#2680 = CARTESIAN_POINT ( 'NONE',  ( 2.281220550583999529, 14.39456763616500723, 33.95474162739501622 ) ) ;
#2681 = ORIENTED_EDGE ( 'NONE', *, *, #3059, .F. ) ;
#2682 = CARTESIAN_POINT ( 'NONE',  ( -0.2482711482299999606, 0.1302992848190000497, 31.50675414503900029 ) ) ;
#2683 = CARTESIAN_POINT ( 'NONE',  ( 4.985919933523003778, 17.85023606387699147, 33.30880087358101349 ) ) ;
#2684 = CARTESIAN_POINT ( 'NONE',  ( 3.120000000000164420, 14.46263271894889257, 34.00000000000000000 ) ) ;
#2685 = CARTESIAN_POINT ( 'NONE',  ( 18.52234270993699639, 21.63306251687300019, 31.71398518706177327 ) ) ;
#2686 = CARTESIAN_POINT ( 'NONE',  ( 11.08708765585600098, 3.591549295774999706, 33.39999999999999858 ) ) ;
#2687 = CARTESIAN_POINT ( 'NONE',  ( 0.6890926740859996125, 20.66064078736599186, 31.54008772302299235 ) ) ;
#2688 = ORIENTED_EDGE ( 'NONE', *, *, #252, .T. ) ;
#2689 = DIRECTION ( 'NONE',  ( 1.000000000000000000, 0.000000000000000000, 0.000000000000000000 ) ) ;
#2690 = EDGE_CURVE ( 'NONE', #22, #837, #1382, .T. ) ;
#2691 = DIRECTION ( 'NONE',  ( 0.000000000000000000, 0.000000000000000000, 1.000000000000000000 ) ) ;
#2692 = CARTESIAN_POINT ( 'NONE',  ( 17.78539750748200277, -1.938315214455999858, 28.99999999999999645 ) ) ;
#2693 = VERTEX_POINT ( 'NONE', #2938 ) ;
#2694 = DIRECTION ( 'NONE',  ( 1.000000000000000000, 0.000000000000000000, 0.000000000000000000 ) ) ;
#2695 = ADVANCED_FACE ( 'NONE', ( #4682 ), #663, .T. ) ;
#2696 = CARTESIAN_POINT ( 'NONE',  ( 1.902520555569999328, 4.930893649026002024, 33.22336372821799699 ) ) ;
#2697 = CARTESIAN_POINT ( 'NONE',  ( 4.910612885265000394, 1.831870735670001915, 33.19479656736102413 ) ) ;
#2698 = ORIENTED_EDGE ( 'NONE', *, *, #1019, .T. ) ;
#2699 = CARTESIAN_POINT ( 'NONE',  ( 0.003052618446399998561, 17.26357447516199883, 31.53728408884198586 ) ) ;
#2700 = CARTESIAN_POINT ( 'NONE',  ( -0.3387575404939998647, 17.03523265352599836, 32.26589561738798295 ) ) ;
#2701 = CARTESIAN_POINT ( 'NONE',  ( -0.9981476970419991268, 16.78782352722302207, 32.00255771073899780 ) ) ;
#2702 = CARTESIAN_POINT ( 'NONE',  ( 4.287536682296998691, 19.62291612802798824, 32.98863923730900893 ) ) ;
#2703 = AXIS2_PLACEMENT_3D ( 'NONE', #3787, #2665, #524 ) ;
#2704 = CARTESIAN_POINT ( 'NONE',  ( 8.812565791296000484, 17.00000000000000000, 34.00000000000000000 ) ) ;
#2705 = DIRECTION ( 'NONE',  ( 0.000000000000000000, 0.000000000000000000, -1.000000000000000000 ) ) ;
#2706 = VERTEX_POINT ( 'NONE', #1398 ) ;
#2707 = CARTESIAN_POINT ( 'NONE',  ( 0.5999999999999999778, -0.1000000000000000056, 0.000000000000000000 ) ) ;
#2708 = VERTEX_POINT ( 'NONE', #1461 ) ;
#2709 = CARTESIAN_POINT ( 'NONE',  ( 5.559411708156000387, 17.00000000000000000, 33.39999999999999858 ) ) ;
#2710 = LINE ( 'NONE', #1557, #1370 ) ;
#2711 = CARTESIAN_POINT ( 'NONE',  ( 19.39900052719500323, -0.8436401599249999661, 28.99999999999999645 ) ) ;
#2712 = ORIENTED_EDGE ( 'NONE', *, *, #366, .T. ) ;
#2713 = CARTESIAN_POINT ( 'NONE',  ( 10.00000000000000000, 10.00000000000000000, 32.00000000000000000 ) ) ;
#2714 = CARTESIAN_POINT ( 'NONE',  ( 2.207022349928998928, 5.144294334977997707, 33.78870258024598172 ) ) ;
#2715 = CARTESIAN_POINT ( 'NONE',  ( 2.023580428501999595, 0.02314326799186000247, 31.63927354125101488 ) ) ;
#2716 = CARTESIAN_POINT ( 'NONE',  ( 2.390533364690000440, 5.004181224545996010, 33.35953745178001384 ) ) ;
#2717 = CARTESIAN_POINT ( 'NONE',  ( 5.108410236916999025, 1.971371514107000067, 33.73643213597300416 ) ) ;
#2718 = EDGE_CURVE ( 'NONE', #2490, #1431, #4283, .T. ) ;
#2719 = ORIENTED_EDGE ( 'NONE', *, *, #953, .T. ) ;
#2720 = CARTESIAN_POINT ( 'NONE',  ( 0.03812749770921000647, 17.06504737905801150, 31.59310122062502302 ) ) ;
#2721 = EDGE_CURVE ( 'NONE', #1268, #1499, #4631, .T. ) ;
#2722 = AXIS2_PLACEMENT_3D ( 'NONE', #3105, #214, #3484 ) ;
#2723 = CARTESIAN_POINT ( 'NONE',  ( 1.761907595582001385, 14.93593726693199208, 33.68113194639101238 ) ) ;
#2724 = LINE ( 'NONE', #1684, #1525 ) ;
#2725 = PLANE ( 'NONE',  #3017 ) ;
#2726 = CARTESIAN_POINT ( 'NONE',  ( 3.118222982708999780, 20.30175497181499367, 32.31220204622400161 ) ) ;
#2727 = CARTESIAN_POINT ( 'NONE',  ( 5.561468451202000729, 1.848512333646000982, 33.86871713118600269 ) ) ;
#2728 = VECTOR ( 'NONE', #866, 1000.000000000000000 ) ;
#2729 = CARTESIAN_POINT ( 'NONE',  ( 4.560733684757000361, 18.93974019804099740, 30.46025980195899763 ) ) ;
#2730 =( BOUNDED_CURVE ( )  B_SPLINE_CURVE ( 13, ( #1548, #3286, #1951, #2261, #406, #1589, #3028, #99, #1493, #450, #2640, #4384, #2682, #477, #4126, #1213, #2662, #1144, #4106, #856, #2213, #2597, #3649, #4035, #427, #2238 ),
 .UNSPECIFIED., .F., .F. ) 
 B_SPLINE_CURVE_WITH_KNOTS ( ( 14, 12, 14 ),
 ( 23.04460036023600011, 25.45615941971700025, 27.87126951726000001 ),
 .UNSPECIFIED. ) 
 CURVE ( )  GEOMETRIC_REPRESENTATION_ITEM ( )  RATIONAL_B_SPLINE_CURVE ( ( 1.081506407463000086, 1.082548568140000000, 1.083497519160000033, 1.084449937747000048, 1.085442357475000064, 1.086396615703999924, 1.086992416663000061, 1.088057702851999986, 1.088432692056000128, 1.089134376297000051, 1.089482242181000204, 1.089778301826999973, 1.089916523275999971, 1.089919103405999845, 1.089782091376999995, 1.089499353960999839, 1.089095479845999970, 1.088554065999999931, 1.087895565691999966, 1.087156143570000122, 1.086338704066000194, 1.085431201924000000, 1.084470455830999880, 1.083528190685999926, 1.082566168101000148, 1.081505252924999994 ) ) 
 REPRESENTATION_ITEM ( '' )  );
#2731 = CARTESIAN_POINT ( 'NONE',  ( -2.000000000000000000, 22.00000000000000000, 29.00000000000000000 ) ) ;
#2732 = FACE_OUTER_BOUND ( 'NONE', #323, .T. ) ;
#2733 = VERTEX_POINT ( 'NONE', #868 ) ;
#2734 = AXIS2_PLACEMENT_3D ( 'NONE', #2093, #4148, #239 ) ;
#2735 = DIRECTION ( 'NONE',  ( -1.000000000000000000, 0.000000000000000000, 0.000000000000000000 ) ) ;
#2736 = CIRCLE ( 'NONE', #3482, 1.100000000000000311 ) ;
#2737 = CARTESIAN_POINT ( 'NONE',  ( -2.000000000000000000, 3.000000000000000000, 34.00000000000000000 ) ) ;
#2738 = CARTESIAN_POINT ( 'NONE',  ( 3.000000000000000000, 10.00000000000000000, 32.00000000000000000 ) ) ;
#2739 = ORIENTED_EDGE ( 'NONE', *, *, #113, .T. ) ;
#2740 = AXIS2_PLACEMENT_3D ( 'NONE', #1401, #2567, #3235 ) ;
#2741 = VERTEX_POINT ( 'NONE', #466 ) ;
#2742 = CARTESIAN_POINT ( 'NONE',  ( 0.6010884037479999886, 15.10913975495799910, 30.00108840374799968 ) ) ;
#2743 = CARTESIAN_POINT ( 'NONE',  ( -0.3482255446440002400, 2.915669714100999510, 32.25383554048099910 ) ) ;
#2744 = TOROIDAL_SURFACE ( 'NONE', #1603, 3.100000000000000089, 0.5999999999999999778 ) ;
#2745 = CARTESIAN_POINT ( 'NONE',  ( -0.1360804376110001657, 2.706236916968002060, 32.05122428655301547 ) ) ;
#2746 = CARTESIAN_POINT ( 'NONE',  ( 0.3689053681250001882, 3.855913521033001334, 32.08808535746599233 ) ) ;
#2747 = VERTEX_POINT ( 'NONE', #88 ) ;
#2748 = CARTESIAN_POINT ( 'NONE',  ( 3.636499675902997275, -0.1152878707160000654, 32.53552089433797079 ) ) ;
#2749 = VECTOR ( 'NONE', #4466, 1000.000000000000000 ) ;
#2750 = ORIENTED_EDGE ( 'NONE', *, *, #3288, .F. ) ;
#2751 = CARTESIAN_POINT ( 'NONE',  ( 0.3869009805320002271, 19.12652618954202310, 31.74145289174303386 ) ) ;
#2752 = EDGE_CURVE ( 'NONE', #4374, #3834, #1921, .T. ) ;
#2753 = CARTESIAN_POINT ( 'NONE',  ( 2.693687160505002343, 14.72017366421099283, 33.94299631997900946 ) ) ;
#2754 = CARTESIAN_POINT ( 'NONE',  ( -0.1000000000000000056, -0.1000000000000000056, 30.00000000000000000 ) ) ;
#2755 = EDGE_CURVE ( 'NONE', #487, #505, #4375, .T. ) ;
#2756 = CARTESIAN_POINT ( 'NONE',  ( 0.5999999999999999778, 20.10000000000000142, 24.12045915678299934 ) ) ;
#2757 = CARTESIAN_POINT ( 'NONE',  ( 4.080452744882999916, 19.58445692821699780, 32.73740427496996830 ) ) ;
#2758 = CARTESIAN_POINT ( 'NONE',  ( 5.592188484066002552, 2.135007132549998854, 33.92703642589798818 ) ) ;
#2759 = DIRECTION ( 'NONE',  ( 0.000000000000000000, 1.000000000000000000, 0.000000000000000000 ) ) ;
#2760 = CARTESIAN_POINT ( 'NONE',  ( -2.000000000000000000, 17.00000000000000000, 29.00000000000000000 ) ) ;
#2761 = FACE_OUTER_BOUND ( 'NONE', #3540, .T. ) ;
#2762 = EDGE_LOOP ( 'NONE', ( #717, #3138, #944, #3509, #4650, #4396, #1053 ) ) ;
#2763 = DIRECTION ( 'NONE',  ( 0.000000000000000000, 0.000000000000000000, 1.000000000000000000 ) ) ;
#2764 = DIRECTION ( 'NONE',  ( 0.9797958971132605388, 0.2000000000000529965, 0.000000000000000000 ) ) ;
#2765 =( BOUNDED_SURFACE ( )  B_SPLINE_SURFACE ( 6, 3, ( 
 ( #1639, #1552, #2356, #3031 ),
 ( #1195, #3363, #3433, #1954 ),
 ( #4085, #3409, #3384, #2289 ),
 ( #880, #1241, #143, #3722 ),
 ( #4480, #124, #2685, #4128 ),
 ( #2333, #4520, #3761, #3077 ),
 ( #191, #1979, #4498, #169 ),
 ( #1616, #3052, #3882, #3166 ),
 ( #1026, #281, #1003, #4198 ),
 ( #4612, #660, #3506, #952 ),
 ( #1313, #3809, #2780, #2476 ),
 ( #638, #2382, #2454, #2092 ) ),
 .UNSPECIFIED., .F., .F., .T. ) 
 B_SPLINE_SURFACE_WITH_KNOTS ( ( 7, 5, 7 ),
 ( 4, 4 ),
 ( 0.000000000000000000, 0.7853981633969999709, 1.570796326795000031 ),
 ( 0.000000000000000000, 1.000000000000000000 ),
 .UNSPECIFIED. ) 
 GEOMETRIC_REPRESENTATION_ITEM ( )  RATIONAL_B_SPLINE_SURFACE ( (
 ( 1.000000000000000000, 0.8047378541243649375, 0.8047378541243649375, 1.000000000000000000),
 ( 1.000000000000000000, 0.8047378541243649375, 0.8047378541243649375, 1.000000000000000000),
 ( 1.000000000000000000, 0.8047378541243649375, 0.8047378541243649375, 1.000000000000000000),
 ( 1.000000000000000000, 0.8047378541243649375, 0.8047378541243649375, 1.000000000000000000),
 ( 1.000000000000000000, 0.8047378541243649375, 0.8047378541243649375, 1.000000000000000000),
 ( 1.000000000000000000, 0.8047378541243649375, 0.8047378541243649375, 1.000000000000000000),
 ( 1.000000000000000000, 0.8047378541243649375, 0.8047378541243649375, 1.000000000000000000),
 ( 1.000000000000000000, 0.8047378541243649375, 0.8047378541243649375, 1.000000000000000000),
 ( 1.000000000000000000, 0.8047378541243649375, 0.8047378541243649375, 1.000000000000000000),
 ( 1.000000000000000000, 0.8047378541243649375, 0.8047378541243649375, 1.000000000000000000),
 ( 1.000000000000000000, 0.8047378541243649375, 0.8047378541243649375, 1.000000000000000000),
 ( 1.000000000000000000, 0.8047378541243649375, 0.8047378541243649375, 1.000000000000000000) ) ) 
 REPRESENTATION_ITEM ( '' )  SURFACE ( )  );
#2766 = ORIENTED_EDGE ( 'NONE', *, *, #2062, .F. ) ;
#2767 = VERTEX_POINT ( 'NONE', #2997 ) ;
#2768 = CARTESIAN_POINT ( 'NONE',  ( 0.6000000022810001443, 15.08003299231500094, 30.00000000228099850 ) ) ;
#2769 = CARTESIAN_POINT ( 'NONE',  ( -0.6172974664279997636, 3.023956772924999203, 32.29249588645799918 ) ) ;
#2770 = CARTESIAN_POINT ( 'NONE',  ( -0.6931358995429995895, 2.491110224044001065, 32.17552969614002478 ) ) ;
#2771 = DIRECTION ( 'NONE',  ( 1.000000000000000000, 0.000000000000000000, 0.000000000000000000 ) ) ;
#2772 = CARTESIAN_POINT ( 'NONE',  ( 4.461519376110001822, 0.5484218734520002192, 33.11919686337100899 ) ) ;
#2773 = ORIENTED_EDGE ( 'NONE', *, *, #4535, .T. ) ;
#2774 = CARTESIAN_POINT ( 'NONE',  ( 0.3389601639009998113, 19.47179477158201877, 31.89011479614699596 ) ) ;
#2775 = CARTESIAN_POINT ( 'NONE',  ( 1.982119296489001092, 14.88668212634698840, 33.74114037448602943 ) ) ;
#2776 = DIRECTION ( 'NONE',  ( -0.000000000000000000, 1.000000000000000000, 0.000000000000000000 ) ) ;
#2777 = CARTESIAN_POINT ( 'NONE',  ( 0.5999999999999999778, -0.1000000000000000056, 29.30000000000000071 ) ) ;
#2778 = CARTESIAN_POINT ( 'NONE',  ( 4.402302438210000446, 19.80707185254901503, 33.05301237587396912 ) ) ;
#2779 = CARTESIAN_POINT ( 'NONE',  ( 3.151099194822999383, -1.013158949339999948, 31.98244599363198759 ) ) ;
#2780 = CARTESIAN_POINT ( 'NONE',  ( 20.00000000000000000, 19.39269908169899992, 30.40161067138162565 ) ) ;
#2781 = ADVANCED_FACE ( 'NONE', ( #2975 ), #4119, .T. ) ;
#2782 = CARTESIAN_POINT ( 'NONE',  ( 8.912912344144000798, 3.591549295774999706, 33.39999999999999858 ) ) ;
#2783 = CARTESIAN_POINT ( 'NONE',  ( 17.10000000000000142, 10.00000000000000000, 30.00000000000000000 ) ) ;
#2784 = EDGE_LOOP ( 'NONE', ( #1938, #1032, #3748, #4549 ) ) ;
#2785 = CARTESIAN_POINT ( 'NONE',  ( 10.00000000000000000, 10.00000000000000000, 33.39999999999999858 ) ) ;
#2786 = EDGE_CURVE ( 'NONE', #2305, #4442, #111, .T. ) ;
#2787 = DIRECTION ( 'NONE',  ( 1.000000000000000000, 0.000000000000000000, 0.000000000000000000 ) ) ;
#2788 = CARTESIAN_POINT ( 'NONE',  ( 19.93831521445600430, 2.999999999999999112, 31.78539750748200632 ) ) ;
#2789 = ORIENTED_EDGE ( 'NONE', *, *, #2650, .F. ) ;
#2790 = DIRECTION ( 'NONE',  ( 0.000000000000000000, 0.000000000000000000, 1.000000000000000000 ) ) ;
#2791 = CARTESIAN_POINT ( 'NONE',  ( 0.8898393280380000325, 5.113715012209001820, 33.54744353306300297 ) ) ;
#2792 =( BOUNDED_SURFACE ( )  B_SPLINE_SURFACE ( 2, 5, ( 
 ( #2782, #615, #3507, #3789, #4654, #2686 ),
 ( #4129, #1981, #3411, #4499, #1463, #2543 ),
 ( #1895, #2588, #1820, #2161, #4377, #4352 ) ),
 .UNSPECIFIED., .F., .F., .F. ) 
 B_SPLINE_SURFACE_WITH_KNOTS ( ( 3, 3 ),
 ( 6, 6 ),
 ( 0.000000000000000000, 2.184440563304999916 ),
 ( 29.53830809084800180, 31.72274865415299772 ),
 .UNSPECIFIED. ) 
 GEOMETRIC_REPRESENTATION_ITEM ( )  RATIONAL_B_SPLINE_SURFACE ( (
 ( 1.000000000000000000, 1.000000000000000000, 1.000000000000000000, 1.000000000000000000, 1.000000000000000000, 1.000000000000000000),
 ( 0.7071067811869999886, 0.7008080202799999991, 0.6973263383459999964, 0.6973263383459999964, 0.7008080202799999991, 0.7071067811869999886),
 ( 1.000000000000000000, 1.000000000000000000, 1.000000000000000000, 1.000000000000000000, 1.000000000000000000, 1.000000000000000000) ) ) 
 REPRESENTATION_ITEM ( '' )  SURFACE ( )  );
#2793 = CARTESIAN_POINT ( 'NONE',  ( 1.492482359175999695, -0.2543707988259997776, 31.97581830512401524 ) ) ;
#2794 = DIRECTION ( 'NONE',  ( 1.000000000000000000, 0.000000000000000000, 0.000000000000000000 ) ) ;
#2795 = CARTESIAN_POINT ( 'NONE',  ( 5.148243808036995439, 2.372023593368998373, 33.81038280063599188 ) ) ;
#2796 = CIRCLE ( 'NONE', #740, 0.5999999999999997558 ) ;
#2797 = VERTEX_POINT ( 'NONE', #4445 ) ;
#2798 = CARTESIAN_POINT ( 'NONE',  ( 2.694527047188001845, 20.67608272962598193, 32.21770297319199017 ) ) ;
#2799 = CARTESIAN_POINT ( 'NONE',  ( 0.9143765953719995565, 15.27672793712898525, 33.34387670915702273 ) ) ;
#2800 = CYLINDRICAL_SURFACE ( 'NONE', #3858, 2.500000000000000000 ) ;
#2801 = DIRECTION ( 'NONE',  ( 0.000000000000000000, 0.000000000000000000, -1.000000000000000000 ) ) ;
#2802 = DIRECTION ( 'NONE',  ( 0.000000000000000000, 1.000000000000000000, 0.000000000000000000 ) ) ;
#2803 = LINE ( 'NONE', #4547, #2930 ) ;
#2804 = CARTESIAN_POINT ( 'NONE',  ( 0.2559512884787888964, 18.64537134533602725, 31.24640664121515599 ) ) ;
#2805 = ORIENTED_EDGE ( 'NONE', *, *, #3900, .F. ) ;
#2806 = FACE_OUTER_BOUND ( 'NONE', #4110, .T. ) ;
#2807 = LINE ( 'NONE', #4249, #3870 ) ;
#2808 = EDGE_CURVE ( 'NONE', #3413, #851, #3371, .T. ) ;
#2809 = CARTESIAN_POINT ( 'NONE',  ( 5.559411708156000387, 3.000000000000000000, 34.00000000000000000 ) ) ;
#2810 = ORIENTED_EDGE ( 'NONE', *, *, #628, .F. ) ;
#2811 = CONICAL_SURFACE ( 'NONE', #840, 5.000000000000000888, 0.7853981633970000820 ) ;
#2812 = CARTESIAN_POINT ( 'NONE',  ( 0.7268701651839999389, 15.42432722031700010, 30.12687016518400185 ) ) ;
#2813 = CIRCLE ( 'NONE', #4019, 5.000000000000000888 ) ;
#2814 = CARTESIAN_POINT ( 'NONE',  ( -0.3437139020999999128, 2.939913261472999473, 32.25956087975302466 ) ) ;
#2815 = CARTESIAN_POINT ( 'NONE',  ( 0.1493838572910000106, 0.7523053186810005899, 31.89817735499799056 ) ) ;
#2816 = CARTESIAN_POINT ( 'NONE',  ( 4.862295946830999860, 19.39669797089400305, 30.00330202910599908 ) ) ;
#2817 = CARTESIAN_POINT ( 'NONE',  ( 4.963420693493003633, 1.805781577764001389, 33.54138666525200563 ) ) ;
#2818 = VERTEX_POINT ( 'NONE', #1941 ) ;
#2819 = CARTESIAN_POINT ( 'NONE',  ( 0.03648140261900998521, 19.10077842469200959, 31.90614698915899083 ) ) ;
#2820 = CIRCLE ( 'NONE', #1378, 0.5999999999999997558 ) ;
#2821 = CARTESIAN_POINT ( 'NONE',  ( -0.8792673416210002868, 16.98426717077297354, 32.16520246354799895 ) ) ;
#2822 = VECTOR ( 'NONE', #2836, 1000.000000000000000 ) ;
#2823 = CARTESIAN_POINT ( 'NONE',  ( -0.1000000000000000056, 19.40000000000000213, 0.000000000000000000 ) ) ;
#2824 = EDGE_CURVE ( 'NONE', #837, #2559, #2444, .T. ) ;
#2825 = CARTESIAN_POINT ( 'NONE',  ( 2.371284921339999574, 5.003839586685002949, 33.51927728741598855 ) ) ;
#2826 = CARTESIAN_POINT ( 'NONE',  ( 3.081106929289002760, 19.93200321333099723, 31.64106543398400717 ) ) ;
#2827 = CARTESIAN_POINT ( 'NONE',  ( 2.135505529428619820, 20.47777188661077830, 28.92222811338922739 ) ) ;
#2828 = CARTESIAN_POINT ( 'NONE',  ( 3.518482268997000340, 9.343647102913999802, 33.39999999999999858 ) ) ;
#2829 = ORIENTED_EDGE ( 'NONE', *, *, #3472, .T. ) ;
#2830 = DIRECTION ( 'NONE',  ( 0.000000000000000000, 0.000000000000000000, -1.000000000000000000 ) ) ;
#2831 = CARTESIAN_POINT ( 'NONE',  ( -0.1000000000000000056, 2.449999999999999734, 28.00000000000000000 ) ) ;
#2832 = ORIENTED_EDGE ( 'NONE', *, *, #3589, .F. ) ;
#2833 = CARTESIAN_POINT ( 'NONE',  ( 3.000000000000000000, 21.04359144897900080, 31.94098082172299513 ) ) ;
#2834 = CARTESIAN_POINT ( 'NONE',  ( 2.177131977226999027, 5.279296325009995350, 33.88490820441097640 ) ) ;
#2835 = CARTESIAN_POINT ( 'NONE',  ( 2.270942357625002295, -0.6969400795820005490, 32.13159034907702960 ) ) ;
#2836 = DIRECTION ( 'NONE',  ( 1.000000000000000000, 0.000000000000000000, 0.000000000000000000 ) ) ;
#2837 = CARTESIAN_POINT ( 'NONE',  ( 3.564171279802998971, -0.7127731883680000768, 32.36028462146200013 ) ) ;
#2838 = ORIENTED_EDGE ( 'NONE', *, *, #2260, .T. ) ;
#2839 = CARTESIAN_POINT ( 'NONE',  ( 2.276421975749000737, 20.40189764347598000, 32.11428230007802398 ) ) ;
#2840 = EDGE_CURVE ( 'NONE', #411, #640, #2228, .T. ) ;
#2841 = ADVANCED_FACE ( 'NONE', ( #2952 ), #1756, .T. ) ;
#2842 = CARTESIAN_POINT ( 'NONE',  ( -0.03542684561967002904, 15.25191104122002095, 32.99775124780499880 ) ) ;
#2843 = CARTESIAN_POINT ( 'NONE',  ( 19.93938769134000211, 19.40000000000000213, 30.00000000000000000 ) ) ;
#2844 = CARTESIAN_POINT ( 'NONE',  ( 0.03804944354527000500, 2.934510595466002236, 31.59295520241301602 ) ) ;
#2845 = CARTESIAN_POINT ( 'NONE',  ( 2.934711933021000085, 19.96191501382300260, 31.59302160561700035 ) ) ;
#2846 = CARTESIAN_POINT ( 'NONE',  ( 2.597830049359000082, 14.99677619813198071, 33.38812588887498833 ) ) ;
#2847 = CARTESIAN_POINT ( 'NONE',  ( 0.8751923190729999913, 0.5999999999999999778, 30.00000000000000000 ) ) ;
#2848 = DIRECTION ( 'NONE',  ( 1.000000000000000000, 0.000000000000000000, 0.000000000000000000 ) ) ;
#2849 = VERTEX_POINT ( 'NONE', #942 ) ;
#2850 = CARTESIAN_POINT ( 'NONE',  ( -0.9825888970159999403, 3.270429717339001119, 32.02315917048800742 ) ) ;
#2851 = CARTESIAN_POINT ( 'NONE',  ( 4.890860245042000010, 0.6010884037479999886, 30.00108840374799968 ) ) ;
#2852 = CARTESIAN_POINT ( 'NONE',  ( 0.1969254900238947281, 1.485414028822848787, 31.26594968511724559 ) ) ;
#2853 = ORIENTED_EDGE ( 'NONE', *, *, #1469, .F. ) ;
#2854 = CARTESIAN_POINT ( 'NONE',  ( -0.1000000000000000056, -0.1000000000000000056, 30.00000000000000000 ) ) ;
#2855 = CARTESIAN_POINT ( 'NONE',  ( -0.8905336888049999455, 2.958003794489001415, 32.15142457478001603 ) ) ;
#2856 = CARTESIAN_POINT ( 'NONE',  ( 2.499902827071998956, -0.4000531122150002838, 32.16069204013399485 ) ) ;
#2857 = CARTESIAN_POINT ( 'NONE',  ( 5.282970097469996240, 2.353913474524001348, 33.90721869364098495 ) ) ;
#2858 = EDGE_LOOP ( 'NONE', ( #1384, #4252, #3585, #30 ) ) ;
#2859 = CARTESIAN_POINT ( 'NONE',  ( -0.1833790494280002070, 19.94701053917600930, 31.50391978088098099 ) ) ;
#2860 = CARTESIAN_POINT ( 'NONE',  ( 1.520519177491001850, 14.67567802550400202, 33.77800538401400843 ) ) ;
#2861 = EDGE_CURVE ( 'NONE', #823, #2849, #319, .T. ) ;
#2862 = CARTESIAN_POINT ( 'NONE',  ( 3.000000000000000000, 3.000000000000000000, 24.00000000000000000 ) ) ;
#2863 = CARTESIAN_POINT ( 'NONE',  ( 4.987316278549998039, 2.222703964165001711, 33.32036861806601991 ) ) ;
#2864 = CARTESIAN_POINT ( 'NONE',  ( 2.756371413405001469, -1.083649153345999760, 31.88590454474396907 ) ) ;
#2865 = CARTESIAN_POINT ( 'NONE',  ( 2.477302389244001368, 5.006515246627006199, 33.53527248302099650 ) ) ;
#2866 = CARTESIAN_POINT ( 'NONE',  ( 0.007505260135630999196, 2.761446301690999139, 31.54436940571902070 ) ) ;
#2867 = CARTESIAN_POINT ( 'NONE',  ( 2.002563251201998629, 15.04540241921597854, 33.25925509611101205 ) ) ;
#2868 = CARTESIAN_POINT ( 'NONE',  ( 0.01036608042979041133, 2.735813999837678256, 31.53850116542974291 ) ) ;
#2869 = DIRECTION ( 'NONE',  ( 0.000000000000000000, 0.000000000000000000, 1.000000000000000000 ) ) ;
#2870 = ORIENTED_EDGE ( 'NONE', *, *, #82, .F. ) ;
#2871 = CARTESIAN_POINT ( 'NONE',  ( 1.991715538105000238, 5.584010552909001390, 33.90388979799798364 ) ) ;
#2872 = CARTESIAN_POINT ( 'NONE',  ( 4.523578815018999499, 0.8921166188389999530, 30.29211661883899964 ) ) ;
#2873 = AXIS2_PLACEMENT_3D ( 'NONE', #2407, #4522, #616 ) ;
#2874 = LINE ( 'NONE', #2460, #5 ) ;
#2875 = ORIENTED_EDGE ( 'NONE', *, *, #986, .F. ) ;
#2876 = DIRECTION ( 'NONE',  ( -1.000000000000000000, 1.734723475976807094E-16, 0.000000000000000000 ) ) ;
#2877 = AXIS2_PLACEMENT_3D ( 'NONE', #4150, #483, #1577 ) ;
#2878 = CARTESIAN_POINT ( 'NONE',  ( 1.853186816013001614, 5.565473954559997161, 33.87261232153699098 ) ) ;
#2879 = CARTESIAN_POINT ( 'NONE',  ( 5.037839633893003821, 19.23864706874801200, 33.47602575946400094 ) ) ;
#2880 = VECTOR ( 'NONE', #2004, 1000.000000000000000 ) ;
#2881 = CARTESIAN_POINT ( 'NONE',  ( 5.368398923887000684, 1.706540731307002678, 33.83238193561602003 ) ) ;
#2882 = VERTEX_POINT ( 'NONE', #4490 ) ;
#2883 = AXIS2_PLACEMENT_3D ( 'NONE', #231, #3543, #4587 ) ;
#2884 = LINE ( 'NONE', #394, #4394 ) ;
#2885 = CIRCLE ( 'NONE', #310, 7.100000000000000533 ) ;
#2886 = CARTESIAN_POINT ( 'NONE',  ( 1.766282152413999329, 14.61746830902999683, 33.84983400760197014 ) ) ;
#2887 = CARTESIAN_POINT ( 'NONE',  ( 19.97620701787431585, 19.15941951176570157, 30.00000000000000000 ) ) ;
#2888 = DIRECTION ( 'NONE',  ( 0.000000000000000000, 1.000000000000000000, 0.000000000000000000 ) ) ;
#2889 = CARTESIAN_POINT ( 'NONE',  ( -0.9049909481969998781, 1.767580828123997749, 31.91508638857199642 ) ) ;
#2890 = CARTESIAN_POINT ( 'NONE',  ( 1.482922283647001516, 4.794060317138002070, 33.23241832881000590 ) ) ;
#2891 = EDGE_CURVE ( 'NONE', #263, #3086, #1636, .T. ) ;
#2892 = AXIS2_PLACEMENT_3D ( 'NONE', #2664, #501, #1953 ) ;
#2893 = DIRECTION ( 'NONE',  ( 0.000000000000000000, 0.000000000000000000, 1.000000000000000000 ) ) ;
#2894 = DIRECTION ( 'NONE',  ( -0.1672442547469578100, -0.9859154929577559345, 0.000000000000000000 ) ) ;
#2895 = CARTESIAN_POINT ( 'NONE',  ( 4.983618392760999605, 17.19682237881099951, 33.39999999999999858 ) ) ;
#2896 = EDGE_CURVE ( 'NONE', #503, #2336, #1347, .T. ) ;
#2897 = CARTESIAN_POINT ( 'NONE',  ( -1.013414985950999769, 3.150236158985000312, 31.98209990593201724 ) ) ;
#2898 = CARTESIAN_POINT ( 'NONE',  ( 4.523985906683999580, 0.8626763684659999321, 30.26267636846599984 ) ) ;
#2899 = CARTESIAN_POINT ( 'NONE',  ( 1.866644482584000286, 0.05672117273453996383, 31.33103590336498456 ) ) ;
#2900 = EDGE_LOOP ( 'NONE', ( #2122, #4426, #1961, #3530 ) ) ;
#2901 = CARTESIAN_POINT ( 'NONE',  ( 3.321772903395999510, 20.96749681756999806, 32.04292703122701624 ) ) ;
#2902 = CARTESIAN_POINT ( 'NONE',  ( -1.032586466971998851, 3.060191824732998889, 31.95608072867602090 ) ) ;
#2903 = CARTESIAN_POINT ( 'NONE',  ( 2.988995104691999583, 20.62511751077801847, 32.28332735838097278 ) ) ;
#2904 = CARTESIAN_POINT ( 'NONE',  ( 4.728940317094001422, 0.2276674404909999616, 33.18225891171697128 ) ) ;
#2905 = ORIENTED_EDGE ( 'NONE', *, *, #26, .T. ) ;
#2906 = CARTESIAN_POINT ( 'NONE',  ( 1.696968082694999325, 21.04641985304102647, 31.67685588075498870 ) ) ;
#2907 = CARTESIAN_POINT ( 'NONE',  ( 2.139332524531998292, 14.40224995273500319, 33.93217262899299413 ) ) ;
#2908 =( BOUNDED_CURVE ( )  B_SPLINE_CURVE ( 6, ( #3125, #2381, #4266, #590, #2475, #3505, #637 ),
 .UNSPECIFIED., .F., .T. ) 
 B_SPLINE_CURVE_WITH_KNOTS ( ( 7, 7 ),
 ( 0.000000000000000000, 4.026027503337999747 ),
 .UNSPECIFIED. ) 
 CURVE ( )  GEOMETRIC_REPRESENTATION_ITEM ( )  RATIONAL_B_SPLINE_CURVE ( ( 1.081506407463000086, 1.024203872256999936, 0.9948529361160000084, 0.9850476317249999836, 0.9948529361160000084, 1.024203872256999936, 1.081506407463000086 ) ) 
 REPRESENTATION_ITEM ( '' )  );
#2909 = CARTESIAN_POINT ( 'NONE',  ( 4.892062308652000091, 1.770591710015000597, 33.16914690721097969 ) ) ;
#2910 = CARTESIAN_POINT ( 'NONE',  ( 3.416364366448000123, 0.1633209482219999953, 31.79140154997599055 ) ) ;
#2911 = FACE_OUTER_BOUND ( 'NONE', #3226, .T. ) ;
#2912 = CARTESIAN_POINT ( 'NONE',  ( 2.927233595497000795, 5.114166928358998554, 33.85115170792099093 ) ) ;
#2913 = CARTESIAN_POINT ( 'NONE',  ( -2.000000000000000000, 3.000000000000000000, 25.19999999999999929 ) ) ;
#2914 = CARTESIAN_POINT ( 'NONE',  ( 1.489985086717000140, 15.20272403250299043, 33.23596477373097713 ) ) ;
#2915 = CARTESIAN_POINT ( 'NONE',  ( 3.120000000000164420, 14.46263271894889257, 33.39999999999999858 ) ) ;
#2916 = CARTESIAN_POINT ( 'NONE',  ( 19.78798538538453400, -0.1000000000000000194, 29.22501446526415592 ) ) ;
#2917 = CARTESIAN_POINT ( 'NONE',  ( 0.3507646305000002296, 5.033723496719004764, 33.26266623337198780 ) ) ;
#2918 = CARTESIAN_POINT ( 'NONE',  ( 20.00000000000000000, 17.00000000000000000, 31.00000000000000000 ) ) ;
#2919 = DIRECTION ( 'NONE',  ( 0.2000000000000529410, -0.9797958971132604278, 0.000000000000000000 ) ) ;
#2920 = ADVANCED_FACE ( 'NONE', ( #4187 ), #966, .F. ) ;
#2921 = PLANE ( 'NONE',  #4319 ) ;
#2922 = ORIENTED_EDGE ( 'NONE', *, *, #3965, .T. ) ;
#2923 = ADVANCED_FACE ( 'NONE', ( #4233 ), #890, .T. ) ;
#2924 = CARTESIAN_POINT ( 'NONE',  ( 3.165226231231001108, 20.57996110920901600, 32.33573791396099040 ) ) ;
#2925 = CARTESIAN_POINT ( 'NONE',  ( 3.130143446453000688, -0.8527009830079999020, 32.19730134223802054 ) ) ;
#2926 = ORIENTED_EDGE ( 'NONE', *, *, #745, .T. ) ;
#2927 = ADVANCED_FACE ( 'NONE', ( #1604 ), #4030, .T. ) ;
#2928 = CARTESIAN_POINT ( 'NONE',  ( 0.03168726916679197314, 17.10149967476492705, 31.58285243024226219 ) ) ;
#2929 = ORIENTED_EDGE ( 'NONE', *, *, #401, .T. ) ;
#2930 = VECTOR ( 'NONE', #570, 1000.000000000000114 ) ;
#2931 = CARTESIAN_POINT ( 'NONE',  ( 1.153767203055000135, 4.607270015700999366, 30.55376720305500271 ) ) ;
#2932 = CARTESIAN_POINT ( 'NONE',  ( 3.066406018097002306, 0.06465981720685996803, 31.63568719906399807 ) ) ;
#2933 = CARTESIAN_POINT ( 'NONE',  ( 3.156242684488999473, 0.08745517735594005027, 31.67216208389602272 ) ) ;
#2934 = CARTESIAN_POINT ( 'NONE',  ( -0.1000000000000000056, -1.050000000000000044, 24.00000000000000000 ) ) ;
#2935 = CARTESIAN_POINT ( 'NONE',  ( 1.862743652302001340, 5.089166830371998351, 33.71041864805698651 ) ) ;
#2936 =( BOUNDED_CURVE ( )  B_SPLINE_CURVE ( 2, ( #713, #1879, #785 ),
 .UNSPECIFIED., .F., .T. ) 
 B_SPLINE_CURVE_WITH_KNOTS ( ( 3, 3 ),
 ( 0.000000000000000000, 1.000000000000000000 ),
 .UNSPECIFIED. ) 
 CURVE ( )  GEOMETRIC_REPRESENTATION_ITEM ( )  RATIONAL_B_SPLINE_CURVE ( ( 1.000000000000000000, 1.000343389569670061, 1.000000000000000000 ) ) 
 REPRESENTATION_ITEM ( '' )  );
#2937 = CARTESIAN_POINT ( 'NONE',  ( 2.902170874510998200, 0.03234074843045001146, 31.85453117338201423 ) ) ;
#2938 = CARTESIAN_POINT ( 'NONE',  ( 5.599999999999999645, 17.50000000000000000, 30.00000000000000000 ) ) ;
#2939 = CARTESIAN_POINT ( 'NONE',  ( 2.500000000000000000, 17.50000000000000000, 30.00000000000000000 ) ) ;
#2940 = CYLINDRICAL_SURFACE ( 'NONE', #1974, 2.500000000000000000 ) ;
#2941 = DIRECTION ( 'NONE',  ( 0.000000000000000000, 0.000000000000000000, 1.000000000000000000 ) ) ;
#2942 = CARTESIAN_POINT ( 'NONE',  ( 18.42478068487799803, 20.10000000000000142, 24.00000000000000000 ) ) ;
#2943 = CARTESIAN_POINT ( 'NONE',  ( 2.885853473689999227, -0.1077668434919999280, 32.09611572575303029 ) ) ;
#2944 = ORIENTED_EDGE ( 'NONE', *, *, #3611, .T. ) ;
#2945 = CARTESIAN_POINT ( 'NONE',  ( -0.9987908144909993791, 3.210265902670998539, 32.00169994150798658 ) ) ;
#2946 = ADVANCED_FACE ( 'NONE', ( #3444 ), #3037, .T. ) ;
#2947 = CARTESIAN_POINT ( 'NONE',  ( 3.161069142419000944, 21.01102862716398789, 31.98534182158402217 ) ) ;
#2948 = LINE ( 'NONE', #1156, #3177 ) ;
#2949 = ORIENTED_EDGE ( 'NONE', *, *, #2506, .F. ) ;
#2950 = CARTESIAN_POINT ( 'NONE',  ( -0.3829958039960001392, 19.72423243004000071, 31.50920451057802296 ) ) ;
#2951 = EDGE_LOOP ( 'NONE', ( #723, #4462, #3724, #3299 ) ) ;
#2952 = FACE_OUTER_BOUND ( 'NONE', #2084, .T. ) ;
#2953 = CARTESIAN_POINT ( 'NONE',  ( 3.043996590551999670, -0.07687850341292999656, 32.14134857855898275 ) ) ;
#2954 = FACE_OUTER_BOUND ( 'NONE', #2227, .T. ) ;
#2955 = VECTOR ( 'NONE', #1982, 1000.000000000000000 ) ;
#2956 = CARTESIAN_POINT ( 'NONE',  ( 0.8341988537700002482, -0.5803758936670000423, 31.78574465474999400 ) ) ;
#2957 = CARTESIAN_POINT ( 'NONE',  ( -0.07173175959800003054, 3.065623284929999581, 32.14874995598501783 ) ) ;
#2958 = CIRCLE ( 'NONE', #4539, 1.800000000000000044 ) ;
#2959 = CARTESIAN_POINT ( 'NONE',  ( 1.508904415206997918, 0.1785903491740000737, 31.26752857723899481 ) ) ;
#2960 = CARTESIAN_POINT ( 'NONE',  ( -0.3102302818259998207, 16.91343089038798908, 32.30171530430300209 ) ) ;
#2961 = CARTESIAN_POINT ( 'NONE',  ( 3.000000000000000000, -2.000000000000000000, 34.00000000000000000 ) ) ;
#2962 = AXIS2_PLACEMENT_3D ( 'NONE', #1946, #3735, #516 ) ;
#2963 = CARTESIAN_POINT ( 'NONE',  ( 2.863358060621000067, 9.759276738325999290, 33.99793598499000069 ) ) ;
#2964 = AXIS2_PLACEMENT_3D ( 'NONE', #1341, #2787, #1386 ) ;
#2965 = CARTESIAN_POINT ( 'NONE',  ( 2.992976021689001787, 19.95122685814100194, 31.61009203449197713 ) ) ;
#2966 = CARTESIAN_POINT ( 'NONE',  ( 10.71872705101799994, 17.09035047287300202, 34.00000000000000000 ) ) ;
#2967 = CARTESIAN_POINT ( 'NONE',  ( -5.000000000000000000, 15.00000000000000000, 27.00000000000000000 ) ) ;
#2968 = ORIENTED_EDGE ( 'NONE', *, *, #197, .F. ) ;
#2969 = CARTESIAN_POINT ( 'NONE',  ( 17.00000000000000000, -2.000000000000000000, 24.00000000000000000 ) ) ;
#2970 = FACE_OUTER_BOUND ( 'NONE', #340, .T. ) ;
#2971 = CARTESIAN_POINT ( 'NONE',  ( 2.953522717051999535, 20.63231742293299575, 32.27482942279301170 ) ) ;
#2972 = PLANE ( 'NONE',  #2133 ) ;
#2973 = VERTEX_POINT ( 'NONE', #3311 ) ;
#2974 = CARTESIAN_POINT ( 'NONE',  ( 5.600117238558000032, 17.42798435257400058, 33.98369428508799928 ) ) ;
#2975 = FACE_OUTER_BOUND ( 'NONE', #1983, .T. ) ;
#2976 = CARTESIAN_POINT ( 'NONE',  ( 4.984693954594997756, 2.197342309341000721, 33.48106782766900835 ) ) ;
#2977 = EDGE_CURVE ( 'NONE', #4147, #557, #49, .T. ) ;
#2978 = ORIENTED_EDGE ( 'NONE', *, *, #2752, .T. ) ;
#2979 = VECTOR ( 'NONE', #3285, 1000.000000000000000 ) ;
#2980 = CARTESIAN_POINT ( 'NONE',  ( 2.934711933021002306, 19.96191501382301325, 31.59302160561700745 ) ) ;
#2981 = APPLICATION_PROTOCOL_DEFINITION ( 'international standard', 'config_control_design', 1994, #1878 ) ;
#2982 = EDGE_CURVE ( 'NONE', #2377, #1321, #342, .T. ) ;
#2983 = CARTESIAN_POINT ( 'NONE',  ( 0.04759990752876998299, 2.988132046149997834, 31.87944160851199626 ) ) ;
#2984 = CARTESIAN_POINT ( 'NONE',  ( 1.336101422605999289, 0.2623824583259999343, 31.24307455715501902 ) ) ;
#2985 = CARTESIAN_POINT ( 'NONE',  ( 1.873535920191002013, 15.07594678831700286, 33.38945196633299162 ) ) ;
#2986 = CARTESIAN_POINT ( 'NONE',  ( 0.1223228312889999836, 15.11397902130599569, 33.10999792098999706 ) ) ;
#2987 = CARTESIAN_POINT ( 'NONE',  ( 3.481755102225003728, 9.782963353966998454, 34.01488215502602941 ) ) ;
#2988 = CARTESIAN_POINT ( 'NONE',  ( 4.212706667081001832, 19.34172226666200345, 32.66188959255400448 ) ) ;
#2989 = CARTESIAN_POINT ( 'NONE',  ( 4.967267506577000447, 2.903225806451999791, 33.39999999999999858 ) ) ;
#2990 = CARTESIAN_POINT ( 'NONE',  ( 4.994614242803000259, 17.29799030589200015, 33.39532671154799459 ) ) ;
#2991 = VERTEX_POINT ( 'NONE', #811 ) ;
#2992 = CARTESIAN_POINT ( 'NONE',  ( 2.574899298687998161, 20.01038328579698344, 31.49469026612800349 ) ) ;
#2993 = DIRECTION ( 'NONE',  ( 0.1612903225809689811, 0.9869070026308087717, 0.000000000000000000 ) ) ;
#2994 = CARTESIAN_POINT ( 'NONE',  ( 17.00000000000000000, 3.000000000000000000, 29.00000000000000000 ) ) ;
#2995 = VERTEX_POINT ( 'NONE', #1015 ) ;
#2996 = FACE_OUTER_BOUND ( 'NONE', #1349, .T. ) ;
#2997 = CARTESIAN_POINT ( 'NONE',  ( 11.18743420870399952, 3.000000000000000000, 34.00000000000000000 ) ) ;
#2998 = CARTESIAN_POINT ( 'NONE',  ( 4.999578127349001200, 2.412179805600001448, 33.52119668635601357 ) ) ;
#2999 = ORIENTED_EDGE ( 'NONE', *, *, #4362, .T. ) ;
#3000 = CARTESIAN_POINT ( 'NONE',  ( 0.5018395628480004644, 19.02953527914098686, 31.48586602148798619 ) ) ;
#3001 = EDGE_CURVE ( 'NONE', #442, #3970, #321, .T. ) ;
#3002 = CARTESIAN_POINT ( 'NONE',  ( 0.4290845374930002953, 15.88407143199999005, 32.75480204765399606 ) ) ;
#3003 = CARTESIAN_POINT ( 'NONE',  ( 0.5999999999999999778, -0.1000000000000000056, 24.12045915678299934 ) ) ;
#3004 = CLOSED_SHELL ( 'NONE', ( #346, #1356, #1761, #2531 ) ) ;
#3005 = CARTESIAN_POINT ( 'NONE',  ( 2.500000000000000000, 2.500000000000000000, 20.00000000000000000 ) ) ;
#3006 = CARTESIAN_POINT ( 'NONE',  ( 4.131724375212000311, 19.41818113829702597, 32.33464764928699253 ) ) ;
#3007 = CARTESIAN_POINT ( 'NONE',  ( 5.579742753991999926, 2.858634000749999959, 34.00000000000000000 ) ) ;
#3008 = CARTESIAN_POINT ( 'NONE',  ( 17.00000000000000000, 20.80000000000000071, 24.00000000000000000 ) ) ;
#3009 = VERTEX_POINT ( 'NONE', #1121 ) ;
#3010 = CARTESIAN_POINT ( 'NONE',  ( 0.2377121081900002431, 20.33807435492601456, 31.51077343061999159 ) ) ;
#3011 = CARTESIAN_POINT ( 'NONE',  ( 5.599999999999999645, 17.50000000000000000, 30.59999999999999787 ) ) ;
#3012 = DIRECTION ( 'NONE',  ( -0.000000000000000000, 1.000000000000000000, 0.000000000000000000 ) ) ;
#3013 = DIRECTION ( 'NONE',  ( 0.000000000000000000, 0.000000000000000000, -1.000000000000000000 ) ) ;
#3014 = EDGE_LOOP ( 'NONE', ( #1746, #1783, #4134, #1655 ) ) ;
#3015 = CARTESIAN_POINT ( 'NONE',  ( 3.555015782386000023, 10.87172027647100059, 33.39999999999999858 ) ) ;
#3016 = CARTESIAN_POINT ( 'NONE',  ( 10.21947927519799926, 3.481603965441999904, 33.39818303367099617 ) ) ;
#3017 = AXIS2_PLACEMENT_3D ( 'NONE', #3829, #1280, #232 ) ;
#3018 = CARTESIAN_POINT ( 'NONE',  ( 3.143295084220001367, 0.08378328446258002937, 31.93815640998498395 ) ) ;
#3019 = EDGE_LOOP ( 'NONE', ( #551, #1564, #3848 ) ) ;
#3020 = CARTESIAN_POINT ( 'NONE',  ( 1.106381699401001617, 19.59300833136298436, 31.21947115559399322 ) ) ;
#3021 =( NAMED_UNIT ( * ) PLANE_ANGLE_UNIT ( ) SI_UNIT ( $, .RADIAN. ) );
#3022 = CIRCLE ( 'NONE', #152, 6.500000000000000888 ) ;
#3023 = CARTESIAN_POINT ( 'NONE',  ( 0.01364474744713000537, 16.62797130413099467, 32.27039213527099548 ) ) ;
#3024 = CARTESIAN_POINT ( 'NONE',  ( 1.069315262447000148, 14.62812409692899784, 33.62145610616899205 ) ) ;
#3025 = VECTOR ( 'NONE', #3889, 1000.000000000000000 ) ;
#3026 = ADVANCED_FACE ( 'NONE', ( #269 ), #1497, .F. ) ;
#3027 = AXIS2_PLACEMENT_3D ( 'NONE', #1786, #286, #1078 ) ;
#3028 = CARTESIAN_POINT ( 'NONE',  ( -1.005329297452000503, 1.528231237983998625, 31.65085024114499390 ) ) ;
#3029 = CARTESIAN_POINT ( 'NONE',  ( 4.351734628652002890, 19.32242618039498794, 32.95801781525501184 ) ) ;
#3030 = CARTESIAN_POINT ( 'NONE',  ( -2.000000000000000000, 3.000000000000000000, 29.00000000000000000 ) ) ;
#3031 = CARTESIAN_POINT ( 'NONE',  ( 17.00000000000000000, 22.00000000000000000, 29.00000000000000000 ) ) ;
#3032 = EDGE_CURVE ( 'NONE', #411, #4073, #154, .T. ) ;
#3033 = EDGE_LOOP ( 'NONE', ( #2047, #3818, #2478, #4010 ) ) ;
#3034 = FACE_OUTER_BOUND ( 'NONE', #1253, .T. ) ;
#3035 = ORIENTED_EDGE ( 'NONE', *, *, #4309, .F. ) ;
#3036 = DIRECTION ( 'NONE',  ( 0.000000000000000000, 0.000000000000000000, 1.000000000000000000 ) ) ;
#3037 = TOROIDAL_SURFACE ( 'NONE', #2218, 3.100000000000000089, 0.5999999999999999778 ) ;
#3038 = CARTESIAN_POINT ( 'NONE',  ( 0.5999999999999999778, 0.5999999999999999778, 30.00000000000000000 ) ) ;
#3039 = DIRECTION ( 'NONE',  ( 1.000000000000000000, 0.000000000000000000, 0.000000000000000000 ) ) ;
#3040 = ORIENTED_EDGE ( 'NONE', *, *, #2470, .T. ) ;
#3041 = CARTESIAN_POINT ( 'NONE',  ( -0.1000000000000000056, 19.40000000000000213, 24.12045915678299934 ) ) ;
#3042 = CARTESIAN_POINT ( 'NONE',  ( 0.09341921913876988226, 3.177462806566002662, 31.68164940293801379 ) ) ;
#3043 = CARTESIAN_POINT ( 'NONE',  ( 4.501744285939000889, 0.9675740696430000787, 32.92959708792899676 ) ) ;
#3044 = ORIENTED_EDGE ( 'NONE', *, *, #3320, .T. ) ;
#3045 = CARTESIAN_POINT ( 'NONE',  ( 1.837968896868998447, 19.93328793650799824, 31.32638458515199176 ) ) ;
#3046 = CALENDAR_DATE ( 2026, 15, 6 ) ;
#3047 = CARTESIAN_POINT ( 'NONE',  ( -0.08187196761937999556, 16.97795302438201404, 32.13413678389198935 ) ) ;
#3048 = DIRECTION ( 'NONE',  ( -1.141265444721583264E-16, 1.000000000000000000, 0.000000000000000000 ) ) ;
#3049 = CARTESIAN_POINT ( 'NONE',  ( 17.10396710265799669, 10.59863130393899944, 33.99828233247500009 ) ) ;
#3050 = CARTESIAN_POINT ( 'NONE',  ( 2.956355642817000806, 20.34058684602499056, 32.26355550800500538 ) ) ;
#3051 = DIRECTION ( 'NONE',  ( 1.000000000000000000, 0.000000000000000000, 0.000000000000000000 ) ) ;
#3052 = CARTESIAN_POINT ( 'NONE',  ( 19.63306251687299664, 19.06334058815509636, 32.52234270993700704 ) ) ;
#3053 =( BOUNDED_CURVE ( )  B_SPLINE_CURVE ( 2, ( #4643, #1411, #105 ),
 .UNSPECIFIED., .F., .F. ) 
 B_SPLINE_CURVE_WITH_KNOTS ( ( 3, 3 ),
 ( 0.000000000000000000, 1.000000000000000000 ),
 .UNSPECIFIED. ) 
 CURVE ( )  GEOMETRIC_REPRESENTATION_ITEM ( )  RATIONAL_B_SPLINE_CURVE ( ( 1.000000000000000000, 1.000343389569966046, 1.000000000000000000 ) ) 
 REPRESENTATION_ITEM ( '' )  );
#3054 = DIRECTION ( 'NONE',  ( 0.000000000000000000, 1.000000000000000000, 0.000000000000000000 ) ) ;
#3055 = DIRECTION ( 'NONE',  ( -0.9869070026308087717, 0.1612903225809689811, 0.000000000000000000 ) ) ;
#3056 = VERTEX_POINT ( 'NONE', #74 ) ;
#3057 = CARTESIAN_POINT ( 'NONE',  ( 0.3704097134169999639, 16.14075709642897749, 32.08971198081897569 ) ) ;
#3058 = LINE ( 'NONE', #1265, #2671 ) ;
#3059 = EDGE_CURVE ( 'NONE', #3173, #35, #1360, .T. ) ;
#3060 = CARTESIAN_POINT ( 'NONE',  ( 18.16598799718599722, 2.999999999999999112, 33.81494403637000090 ) ) ;
#3061 = ADVANCED_FACE ( 'NONE', ( #903 ), #432, .T. ) ;
#3062 = ORIENTED_EDGE ( 'NONE', *, *, #2205, .T. ) ;
#3063 = CARTESIAN_POINT ( 'NONE',  ( 3.591549295774999706, 11.08708765585600098, 33.39999999999999858 ) ) ;
#3064 = CARTESIAN_POINT ( 'NONE',  ( -0.2900852514589999376, 3.158009351539000864, 32.32650604685301943 ) ) ;
#3065 = CARTESIAN_POINT ( 'NONE',  ( 0.8643394668090002009, 0.5999277882309996812, 31.48365211127402574 ) ) ;
#3066 = DIRECTION ( 'NONE',  ( -1.000000000000000000, 0.000000000000000000, 0.000000000000000000 ) ) ;
#3067 = CARTESIAN_POINT ( 'NONE',  ( 3.037398303885999518, -0.3226653680340000885, 32.28614847426198509 ) ) ;
#3068 = VERTEX_POINT ( 'NONE', #2645 ) ;
#3069 = CARTESIAN_POINT ( 'NONE',  ( 2.697392193496000790, 20.13748090160200732, 32.04894845962802208 ) ) ;
#3070 = CALENDAR_DATE ( 2026, 15, 6 ) ;
#3071 = CARTESIAN_POINT ( 'NONE',  ( -0.8368774342219995610, 16.81216558500199199, 32.21614034683398131 ) ) ;
#3072 = CARTESIAN_POINT ( 'NONE',  ( 19.78530594404200116, -0.1000000000000000056, 29.30000000000000071 ) ) ;
#3073 = CARTESIAN_POINT ( 'NONE',  ( 2.903225806452000679, 4.967267506576996006, 33.39999999999999147 ) ) ;
#3074 = CARTESIAN_POINT ( 'NONE',  ( 3.980630392898000913, 19.89126540975600577, 32.76213898103201672 ) ) ;
#3075 = AXIS2_PLACEMENT_3D ( 'NONE', #1260, #2705, #453 ) ;
#3076 = CARTESIAN_POINT ( 'NONE',  ( 5.149906179580996834, 0.5507004127210003430, 33.37774259012899591 ) ) ;
#3077 = CARTESIAN_POINT ( 'NONE',  ( 18.84364015992499830, 21.39900052719499612, 29.00000000000000000 ) ) ;
#3078 = DIRECTION ( 'NONE',  ( 0.000000000000000000, -1.000000000000000000, 0.000000000000000000 ) ) ;
#3079 = LINE ( 'NONE', #906, #3850 ) ;
#3080 = VERTEX_POINT ( 'NONE', #4146 ) ;
#3081 = CARTESIAN_POINT ( 'NONE',  ( 5.283461237370999264, 2.442131643252998696, 33.91743764344300871 ) ) ;
#3082 = CARTESIAN_POINT ( 'NONE',  ( 2.500000000000000000, 17.50000000000000000, 30.00000000000000000 ) ) ;
#3083 =( BOUNDED_CURVE ( )  B_SPLINE_CURVE ( 2, ( #4273, #2123, #1766 ),
 .UNSPECIFIED., .F., .F. ) 
 B_SPLINE_CURVE_WITH_KNOTS ( ( 3, 3 ),
 ( 0.000000000000000000, 1.092220279805000027 ),
 .UNSPECIFIED. ) 
 CURVE ( )  GEOMETRIC_REPRESENTATION_ITEM ( )  RATIONAL_B_SPLINE_CURVE ( ( 1.000000000000000000, 0.6922186552429999695, 1.000000000000000000 ) ) 
 REPRESENTATION_ITEM ( '' )  );
#3084 = ORIENTED_EDGE ( 'NONE', *, *, #3405, .F. ) ;
#3085 = CARTESIAN_POINT ( 'NONE',  ( 19.93831521445600430, 1.368351916717253536, 31.78539750748200632 ) ) ;
#3086 = VERTEX_POINT ( 'NONE', #834 ) ;
#3087 = CARTESIAN_POINT ( 'NONE',  ( 3.000000000000000000, -0.8000000000000000444, 24.00000000000000000 ) ) ;
#3088 = ADVANCED_FACE ( 'NONE', ( #859 ), #931, .T. ) ;
#3089 = CARTESIAN_POINT ( 'NONE',  ( -0.5747703324900003130, 3.182042467155001386, 32.34162837431298954 ) ) ;
#3090 = EDGE_CURVE ( 'NONE', #2468, #4488, #2331, .T. ) ;
#3091 = CARTESIAN_POINT ( 'NONE',  ( 2.204746159453000232, -0.002122616883826999347, 31.67891545100203032 ) ) ;
#3092 = CARTESIAN_POINT ( 'NONE',  ( 0.06433778253391003732, 3.064995355698997948, 31.63518343456200199 ) ) ;
#3093 = CARTESIAN_POINT ( 'NONE',  ( 4.997674977361003634, 1.945887808816000097, 33.58373688971398963 ) ) ;
#3094 = VERTEX_POINT ( 'NONE', #102 ) ;
#3095 = CARTESIAN_POINT ( 'NONE',  ( -0.3562891685100000871, 19.04600367255901006, 31.92726078173098969 ) ) ;
#3096 = CARTESIAN_POINT ( 'NONE',  ( -0.6389172588200003888, 17.08212763088099706, 32.26701562734098161 ) ) ;
#3097 = FACE_OUTER_BOUND ( 'NONE', #577, .T. ) ;
#3098 = DIRECTION ( 'NONE',  ( -1.000000000000000000, 0.000000000000000000, 0.000000000000000000 ) ) ;
#3099 = CARTESIAN_POINT ( 'NONE',  ( 5.282223657618001944, 17.78021545433299622, 33.89168159596101049 ) ) ;
#3100 = CARTESIAN_POINT ( 'NONE',  ( 5.600127023270002447, 2.331089598309000088, 33.95605780557797715 ) ) ;
#3101 = AXIS2_PLACEMENT_3D ( 'NONE', #3483, #2024, #979 ) ;
#3102 = CARTESIAN_POINT ( 'NONE',  ( 17.00000000000000000, 17.00000000000000000, 31.00000000000000000 ) ) ;
#3103 = AXIS2_PLACEMENT_3D ( 'NONE', #2754, #2040, #4565 ) ;
#3104 = LINE ( 'NONE', #2731, #971 ) ;
#3105 = CARTESIAN_POINT ( 'NONE',  ( -5.000000000000000000, 6.000000000000000000, 27.00000000000000000 ) ) ;
#3106 = VERTEX_POINT ( 'NONE', #3008 ) ;
#3107 = CARTESIAN_POINT ( 'NONE',  ( 5.051020518495005440, 2.469170616049002120, 33.68656230858702827 ) ) ;
#3108 = LOCAL_TIME ( 2, 32, 49.00000000000000000, #3712 ) ;
#3109 = CARTESIAN_POINT ( 'NONE',  ( 10.65248151550800593, 16.48217444684798494, 34.01078542606401101 ) ) ;
#3110 = CARTESIAN_POINT ( 'NONE',  ( 18.52234270993699994, -1.633062516873001968, 31.71398518706177327 ) ) ;
#3111 = ORIENTED_EDGE ( 'NONE', *, *, #1506, .F. ) ;
#3112 = CARTESIAN_POINT ( 'NONE',  ( 0.2500000000000000000, -0.1000000000000000056, 29.64999999999999858 ) ) ;
#3113 = CARTESIAN_POINT ( 'NONE',  ( 2.562187752218001879, 5.288209736702000896, 33.93415254875301201 ) ) ;
#3114 = CARTESIAN_POINT ( 'NONE',  ( -0.3915637205650001618, 2.099846718834001535, 32.07915519799002624 ) ) ;
#3115 = CARTESIAN_POINT ( 'NONE',  ( 2.698310330797000667, 4.996023804034997795, 33.39600585464201288 ) ) ;
#3116 = CARTESIAN_POINT ( 'NONE',  ( 3.024431212991000706, -0.6171437450980000738, 32.29268363334900016 ) ) ;
#3117 = EDGE_LOOP ( 'NONE', ( #2324, #4326, #956, #1098, #2629, #13, #4594, #1038 ) ) ;
#3118 = CARTESIAN_POINT ( 'NONE',  ( -0.06306324016000004751, 19.48356698252198882, 31.89524199929202197 ) ) ;
#3119 = CARTESIAN_POINT ( 'NONE',  ( 2.096273878607002317, 14.86860043331398806, 33.76695588803299586 ) ) ;
#3120 = ADVANCED_FACE ( 'NONE', ( #1283 ), #52, .T. ) ;
#3121 = DIRECTION ( 'NONE',  ( 0.000000000000000000, 1.000000000000000000, 0.000000000000000000 ) ) ;
#3122 = ADVANCED_FACE ( 'NONE', ( #480 ), #2002, .F. ) ;
#3123 = CARTESIAN_POINT ( 'NONE',  ( 10.00000000000000000, 10.00000000000000000, 32.00000000000000000 ) ) ;
#3124 = CARTESIAN_POINT ( 'NONE',  ( 4.543123163264997544, 19.64255067189898440, 33.16565940836297699 ) ) ;
#3125 = CARTESIAN_POINT ( 'NONE',  ( 0.03804944354526999806, 2.934510595466000016, 31.59295520241300181 ) ) ;
#3126 = CARTESIAN_POINT ( 'NONE',  ( 10.00000000000000000, 10.00000000000000000, 30.00000000000000000 ) ) ;
#3127 = CARTESIAN_POINT ( 'NONE',  ( -2.000000000000000000, 17.00000000000000000, 24.00000000000000000 ) ) ;
#3128 = CARTESIAN_POINT ( 'NONE',  ( 10.65635289708600020, 16.48151773100299877, 33.39999999999999858 ) ) ;
#3129 = ORIENTED_EDGE ( 'NONE', *, *, #1187, .F. ) ;
#3130 = DIRECTION ( 'NONE',  ( 0.000000000000000000, 0.000000000000000000, -1.000000000000000000 ) ) ;
#3131 = CARTESIAN_POINT ( 'NONE',  ( 18.16598799718599722, -1.814944036370002012, 31.82052891443809273 ) ) ;
#3132 = ORIENTED_EDGE ( 'NONE', *, *, #405, .T. ) ;
#3133 = CARTESIAN_POINT ( 'NONE',  ( 17.00000000000000000, 3.000000000000000000, 31.00000000000000000 ) ) ;
#3134 = CARTESIAN_POINT ( 'NONE',  ( 1.631915491404001051, 5.353261244777996808, 33.81251060643100459 ) ) ;
#3135 = CARTESIAN_POINT ( 'NONE',  ( 0.05539468362376998023, 0.3884464547100002774, 31.89313106911998474 ) ) ;
#3136 = CARTESIAN_POINT ( 'NONE',  ( 0.07507615103958005520, 3.109349886991002343, 31.65245825227601983 ) ) ;
#3137 = CARTESIAN_POINT ( 'NONE',  ( 3.050923061900000732, -0.6108763760350002237, 32.30001246522600411 ) ) ;
#3138 = ORIENTED_EDGE ( 'NONE', *, *, #3032, .T. ) ;
#3139 = CARTESIAN_POINT ( 'NONE',  ( 0.5343686741710004240, 19.29101116154800621, 31.73710187022102147 ) ) ;
#3140 = CARTESIAN_POINT ( 'NONE',  ( -0.6107202561809995656, 16.94868988502500429, 32.30020344272502086 ) ) ;
#3141 = CARTESIAN_POINT ( 'NONE',  ( -2.414714541249066289E-06, 17.50000000000001066, 31.47786206557787736 ) ) ;
#3142 = DIRECTION ( 'NONE',  ( 1.000000000000000000, 0.000000000000000000, 0.000000000000000000 ) ) ;
#3143 = ADVANCED_FACE ( 'NONE', ( #2313 ), #2765, .T. ) ;
#3144 = CARTESIAN_POINT ( 'NONE',  ( 3.096898801633999110, 20.06397557041901081, 32.16001937026702251 ) ) ;
#3145 = EDGE_CURVE ( 'NONE', #3068, #1010, #1266, .T. ) ;
#3146 = DIRECTION ( 'NONE',  ( 0.000000000000000000, 0.000000000000000000, 1.000000000000000000 ) ) ;
#3147 = DIRECTION ( 'NONE',  ( 0.7071067811865474617, -2.499999999998399004E-15, 0.7071067811865474617 ) ) ;
#3148 = CARTESIAN_POINT ( 'NONE',  ( 0.1201185135260366965, 18.32474971771581806, 31.29666603849114281 ) ) ;
#3149 = VERTEX_POINT ( 'NONE', #4636 ) ;
#3150 = CARTESIAN_POINT ( 'NONE',  ( 5.439712997628000757, 2.433817116076001597, 33.96784161096901755 ) ) ;
#3151 = CARTESIAN_POINT ( 'NONE',  ( 5.000000000000000000, 2.500000000000000000, 33.37134419545400021 ) ) ;
#3152 = CARTESIAN_POINT ( 'NONE',  ( 0.1392845783019009964, 1.629022399656380626, 31.28930932608306037 ) ) ;
#3153 = EDGE_LOOP ( 'NONE', ( #1207, #583, #1944, #3813 ) ) ;
#3154 = CARTESIAN_POINT ( 'NONE',  ( 0.8772958723900000644, 15.47664073679000118, 30.27729587238999898 ) ) ;
#3155 = CARTESIAN_POINT ( 'NONE',  ( -0.6389293359920005244, 2.918006257030000050, 32.26699376448302559 ) ) ;
#3156 = CARTESIAN_POINT ( 'NONE',  ( 0.5637691699030003001, -0.09354591340869002070, 31.89898016406900894 ) ) ;
#3157 = CARTESIAN_POINT ( 'NONE',  ( -5.000000000000000000, 14.00000000000000000, 27.00000000000000000 ) ) ;
#3158 = CARTESIAN_POINT ( 'NONE',  ( 3.110242388034001770, -0.3038580335809999422, 32.30958628556098944 ) ) ;
#3159 = AXIS2_PLACEMENT_3D ( 'NONE', #2915, #3955, #3237 ) ;
#3160 = EDGE_LOOP ( 'NONE', ( #954, #3353, #2688, #694, #2408, #1336, #129, #3129, #1866 ) ) ;
#3161 = CARTESIAN_POINT ( 'NONE',  ( 0.04347224627639999228, 18.56155834235799418, 31.79784607771698646 ) ) ;
#3162 = CARTESIAN_POINT ( 'NONE',  ( 2.330454712775999138, 14.84706576792900634, 33.80889199399800304 ) ) ;
#3163 = DIRECTION ( 'NONE',  ( 0.7071067811865475727, -0.7071067811865475727, -9.999999999993602006E-18 ) ) ;
#3164 = CARTESIAN_POINT ( 'NONE',  ( 2.903225806451998015, 4.967267506576996894, 33.56040206989201380 ) ) ;
#3165 = CARTESIAN_POINT ( 'NONE',  ( 3.271663975066998020, -0.9821464052959998359, 32.02374183755801340 ) ) ;
#3166 = CARTESIAN_POINT ( 'NONE',  ( 19.63306251687300019, 20.52234270993699639, 29.00000000000000000 ) ) ;
#3167 = EDGE_CURVE ( 'NONE', #4562, #2561, #978, .T. ) ;
#3168 = DIRECTION ( 'NONE',  ( 1.000000000000000000, 0.000000000000000000, 0.000000000000000000 ) ) ;
#3169 = ORIENTED_EDGE ( 'NONE', *, *, #835, .F. ) ;
#3170 = DIRECTION ( 'NONE',  ( 1.000000000000000000, 0.000000000000000000, 0.000000000000000000 ) ) ;
#3171 = CARTESIAN_POINT ( 'NONE',  ( 10.65635289708600020, 16.48151773100299877, 33.39999999999999858 ) ) ;
#3172 = EDGE_CURVE ( 'NONE', #133, #35, #334, .T. ) ;
#3173 = VERTEX_POINT ( 'NONE', #2044 ) ;
#3174 = AXIS2_PLACEMENT_3D ( 'NONE', #220, #988, #1054 ) ;
#3175 = ADVANCED_FACE ( 'NONE', ( #1403 ), #3481, .F. ) ;
#3176 = CARTESIAN_POINT ( 'NONE',  ( -0.1000000000000000056, 19.40000000000000213, 30.00000000000000000 ) ) ;
#3177 = VECTOR ( 'NONE', #596, 1000.000000000000114 ) ;
#3178 = CARTESIAN_POINT ( 'NONE',  ( -0.6110750170649995594, 3.050336028000997679, 32.29977218400698291 ) ) ;
#3179 = CARTESIAN_POINT ( 'NONE',  ( -0.3513103205790001904, 0.9545662955110003622, 31.92821092174002118 ) ) ;
#3180 = CARTESIAN_POINT ( 'NONE',  ( 19.93812382653751314, 19.41138667420439035, 29.98861332579561534 ) ) ;
#3181 = CIRCLE ( 'NONE', #3943, 7.100000000000000533 ) ;
#3182 = CARTESIAN_POINT ( 'NONE',  ( 5.107007524200999349, 0.8756211661370000288, 33.54077173263499390 ) ) ;
#3183 = ORIENTED_EDGE ( 'NONE', *, *, #3386, .F. ) ;
#3184 = CARTESIAN_POINT ( 'NONE',  ( -0.1516459945740000204, 17.72644140190598705, 31.95153936342500955 ) ) ;
#3185 = AXIS2_PLACEMENT_3D ( 'NONE', #1290, #3012, #507 ) ;
#3186 = CARTESIAN_POINT ( 'NONE',  ( 2.568521930419999766, 14.39589255255999234, 33.98649706427701744 ) ) ;
#3187 = CARTESIAN_POINT ( 'NONE',  ( 19.99263843682500053, 18.98460868036800164, 30.00000000000000000 ) ) ;
#3188 = CARTESIAN_POINT ( 'NONE',  ( 2.492652193068002564, 5.006096244230005432, 33.37576042969202916 ) ) ;
#3189 = CARTESIAN_POINT ( 'NONE',  ( 3.051574302430998031, 19.93885933115997489, 31.63001789825498022 ) ) ;
#3190 = CARTESIAN_POINT ( 'NONE',  ( 0.07582941709149002008, 16.88765521126599012, 31.65359621345799113 ) ) ;
#3191 = LINE ( 'NONE', #2071, #3529 ) ;
#3192 = DIRECTION ( 'NONE',  ( -1.000000000000000000, 1.734723475976807094E-16, 0.000000000000000000 ) ) ;
#3193 = ORIENTED_EDGE ( 'NONE', *, *, #2500, .F. ) ;
#3194 = CARTESIAN_POINT ( 'NONE',  ( 16.50000000000000000, 9.726944932731001359, 34.02345900382903210 ) ) ;
#3195 = CARTESIAN_POINT ( 'NONE',  ( 9.782963353966998454, 16.51824489777500560, 34.01488215502602941 ) ) ;
#3196 = ORIENTED_EDGE ( 'NONE', *, *, #2666, .F. ) ;
#3197 = CIRCLE ( 'NONE', #3354, 2.500000000000000000 ) ;
#3198 = DIRECTION ( 'NONE',  ( 1.000000000000000000, 0.000000000000000000, 0.000000000000000000 ) ) ;
#3199 = VERTEX_POINT ( 'NONE', #2847 ) ;
#3200 = CARTESIAN_POINT ( 'NONE',  ( 2.855691844565999560, 5.580165890478002488, 34.00000000000000711 ) ) ;
#3201 = ADVANCED_FACE ( 'NONE', ( #3857 ), #3904, .T. ) ;
#3202 = CARTESIAN_POINT ( 'NONE',  ( 1.241143177556999877, 0.1448642136909999156, 31.77350299071198592 ) ) ;
#3203 = EDGE_CURVE ( 'NONE', #2818, #2319, #2258, .T. ) ;
#3204 = CARTESIAN_POINT ( 'NONE',  ( 3.934554970742000446, -0.2270177091639998812, 32.71273089485001151 ) ) ;
#3205 = ORIENTED_EDGE ( 'NONE', *, *, #2179, .T. ) ;
#3206 =( BOUNDED_CURVE ( )  B_SPLINE_CURVE ( 2, ( #4588, #1685, #1331 ),
 .UNSPECIFIED., .F., .F. ) 
 B_SPLINE_CURVE_WITH_KNOTS ( ( 3, 3 ),
 ( 0.000000000000000000, 0.3831120009999999798 ),
 .UNSPECIFIED. ) 
 CURVE ( )  GEOMETRIC_REPRESENTATION_ITEM ( )  RATIONAL_B_SPLINE_CURVE ( ( 1.000000000000000000, 0.7069427557580000299, 1.000000000000000000 ) ) 
 REPRESENTATION_ITEM ( '' )  );
#3207 = CARTESIAN_POINT ( 'NONE',  ( 0.9899744389100002540, 20.65667998384202519, 31.80327455942900983 ) ) ;
#3208 = CARTESIAN_POINT ( 'NONE',  ( 0.2391765646870001594, 15.26065160094498729, 33.19045526540999447 ) ) ;
#3209 = CARTESIAN_POINT ( 'NONE',  ( 3.088654230300998726, 0.06994484741430997965, 31.64418885654299984 ) ) ;
#3210 = CYLINDRICAL_SURFACE ( 'NONE', #3480, 5.000000000000000888 ) ;
#3211 = CARTESIAN_POINT ( 'NONE',  ( 2.513603155067999140, -1.104131590961999754, 31.83406938581397583 ) ) ;
#3212 = CARTESIAN_POINT ( 'NONE',  ( 0.1478303881709998324, 3.375911799745998199, 32.04014670239899942 ) ) ;
#3213 = FACE_OUTER_BOUND ( 'NONE', #3270, .T. ) ;
#3214 = CARTESIAN_POINT ( 'NONE',  ( 0.4511827135840001390, 16.03853005857199676, 32.45004753246501394 ) ) ;
#3215 = DIRECTION ( 'NONE',  ( 0.000000000000000000, 0.000000000000000000, 1.000000000000000000 ) ) ;
#3216 = DIRECTION ( 'NONE',  ( -1.000000000000000000, 0.000000000000000000, 0.000000000000000000 ) ) ;
#3217 = ORIENTED_EDGE ( 'NONE', *, *, #2506, .T. ) ;
#3218 = CARTESIAN_POINT ( 'NONE',  ( 17.00000000000000000, 8.812565791296000484, 34.00000000000000000 ) ) ;
#3219 = LINE ( 'NONE', #1855, #1830 ) ;
#3220 = FACE_OUTER_BOUND ( 'NONE', #3909, .T. ) ;
#3221 = VERTEX_POINT ( 'NONE', #613 ) ;
#3222 = FACE_OUTER_BOUND ( 'NONE', #1436, .T. ) ;
#3223 = CARTESIAN_POINT ( 'NONE',  ( -0.8454541167750004860, 3.157801085830000076, 32.20596050562900814 ) ) ;
#3224 = CARTESIAN_POINT ( 'NONE',  ( 3.225040533999001813, 20.82613457291698822, 32.22884319813901044 ) ) ;
#3225 = CARTESIAN_POINT ( 'NONE',  ( 5.439475672040003928, 2.339796571632999367, 33.95712989839898199 ) ) ;
#3226 = EDGE_LOOP ( 'NONE', ( #2145, #4390, #1157, #3687 ) ) ;
#3227 = CARTESIAN_POINT ( 'NONE',  ( 0.003471696303129451905, 17.35448389589400975, 31.51471905281597685 ) ) ;
#3228 = EDGE_CURVE ( 'NONE', #2468, #2747, #4591, .T. ) ;
#3229 = CARTESIAN_POINT ( 'NONE',  ( -0.4093560708710000107, 15.62418150465998146, 32.67385333473902165 ) ) ;
#3230 = CARTESIAN_POINT ( 'NONE',  ( 4.541634736423998397, 1.023598550600998802, 32.74717795036998780 ) ) ;
#3231 = B_SPLINE_CURVE_WITH_KNOTS ( 'NONE', 5,
 ( #2422, #609, #4240, #2065, #3501, #2450 ),
 .UNSPECIFIED., .F., .F.,
 ( 6, 6 ),
 ( 20.42035224833350071, 21.51257252998600222 ),
 .UNSPECIFIED. ) ;
#3232 = CARTESIAN_POINT ( 'NONE',  ( 20.00000000000000000, -2.000000000000000000, 24.00000000000000000 ) ) ;
#3233 = CARTESIAN_POINT ( 'NONE',  ( -1.043609511945000179, 3.000000000000000000, 31.94095598656401691 ) ) ;
#3234 = CARTESIAN_POINT ( 'NONE',  ( 0.06649669088487000779, 3.075153652625000511, 31.91028327661500796 ) ) ;
#3235 = DIRECTION ( 'NONE',  ( 1.000000000000000000, 0.000000000000000000, 0.000000000000000000 ) ) ;
#3236 = CARTESIAN_POINT ( 'NONE',  ( 2.195093327824000795, 15.01241954774599563, 33.31671661877397383 ) ) ;
#3237 = DIRECTION ( 'NONE',  ( -0.2000000000000524136, 0.9797958971132605388, 0.000000000000000000 ) ) ;
#3238 = EDGE_CURVE ( 'NONE', #1301, #1372, #2803, .T. ) ;
#3239 = CARTESIAN_POINT ( 'NONE',  ( 19.78530594404200116, -0.1000000000000000056, 29.30000000000000071 ) ) ;
#3240 = CARTESIAN_POINT ( 'NONE',  ( 1.457324472424000428, 5.482267154244997442, 33.75787575721201250 ) ) ;
#3241 = CARTESIAN_POINT ( 'NONE',  ( 4.538010471069999774, 0.7951093418270001045, 30.19510934182699913 ) ) ;
#3242 = DIRECTION ( 'NONE',  ( 0.9797958971132604278, 0.2000000000000529132, 0.000000000000000000 ) ) ;
#3243 = ORIENTED_EDGE ( 'NONE', *, *, #2650, .T. ) ;
#3244 = CARTESIAN_POINT ( 'NONE',  ( 4.523117447468001373, 20.27947624436102458, 32.79276697039399124 ) ) ;
#3245 = AXIS2_PLACEMENT_3D ( 'NONE', #1731, #3130, #3170 ) ;
#3246 = CARTESIAN_POINT ( 'NONE',  ( -0.8794365553000002000, 3.015314601763999125, 32.16499938550298765 ) ) ;
#3247 = CARTESIAN_POINT ( 'NONE',  ( 3.469378244636002417, 20.47979211300599189, 32.44877818222202137 ) ) ;
#3248 = AXIS2_PLACEMENT_3D ( 'NONE', #3859, #3078, #572 ) ;
#3249 = CARTESIAN_POINT ( 'NONE',  ( 5.243128470721000411, 1.924234189745001267, 33.83093782037200725 ) ) ;
#3250 = ORIENTED_EDGE ( 'NONE', *, *, #2582, .T. ) ;
#3251 = VECTOR ( 'NONE', #985, 1000.000000000000000 ) ;
#3252 = CARTESIAN_POINT ( 'NONE',  ( 0.7530259457169995452, 20.53322511068001788, 31.77821066502002623 ) ) ;
#3253 = CARTESIAN_POINT ( 'NONE',  ( 0.5999999999999999778, 4.949489742783000246, 30.00000000000000000 ) ) ;
#3254 = CARTESIAN_POINT ( 'NONE',  ( 4.808206232481005316, 1.518611968307000959, 33.05684731680699429 ) ) ;
#3255 = CARTESIAN_POINT ( 'NONE',  ( 3.000242966028001224, 0.05031043756203996270, 31.61257236523798042 ) ) ;
#3256 = DIRECTION ( 'NONE',  ( 1.000000000000000000, 0.000000000000000000, 0.000000000000000000 ) ) ;
#3257 = CARTESIAN_POINT ( 'NONE',  ( 1.300699091880000324, 4.710711142105000526, 33.14066201964101310 ) ) ;
#3258 = AXIS2_PLACEMENT_3D ( 'NONE', #2363, #4503, #4486 ) ;
#3259 = EDGE_CURVE ( 'NONE', #3056, #794, #1755, .T. ) ;
#3260 =( BOUNDED_CURVE ( )  B_SPLINE_CURVE ( 12, ( #1198, #1243, #3701, #2648, #1500, #1885, #2268, #4458, #2335, #2687, #789, #3010, #814, #2292, #3677, #1956, #839, #1151, #4483, #1911, #2244, #3388, #434, #77 ),
 .UNSPECIFIED., .F., .F. ) 
 B_SPLINE_CURVE_WITH_KNOTS ( ( 13, 11, 13 ),
 ( 23.06140788670800035, 25.39465387234000104, 27.89548005018199817 ),
 .UNSPECIFIED. ) 
 CURVE ( )  GEOMETRIC_REPRESENTATION_ITEM ( )  RATIONAL_B_SPLINE_CURVE ( ( 1.081503655896999927, 1.082607062346999882, 1.083601580615999982, 1.084596319370999984, 1.085537679618999940, 1.086615520028000104, 1.087223976556999983, 1.088180484288000072, 1.088698743134999924, 1.089259566513999911, 1.089616245670999906, 1.089836565750999853, 1.089972937947000009, 1.089867881710999908, 1.089583186073999954, 1.089130086504999984, 1.088504234540999871, 1.087747873711000013, 1.086884274723999955, 1.085900833668999921, 1.084836778113999811, 1.083791443935000043, 1.082707694341999982, 1.081500360601999944 ) ) 
 REPRESENTATION_ITEM ( '' )  );
#3261 = DIRECTION ( 'NONE',  ( 0.000000000000000000, 0.000000000000000000, 1.000000000000000000 ) ) ;
#3262 = CARTESIAN_POINT ( 'NONE',  ( 0.03237594042472000805, 17.09760173105498282, 31.85462475161601503 ) ) ;
#3263 = CARTESIAN_POINT ( 'NONE',  ( -3.283392516883644295E-07, 2.500000000000003997, 31.47790234642784668 ) ) ;
#3264 = EDGE_CURVE ( 'NONE', #1715, #4374, #3191, .T. ) ;
#3265 = CARTESIAN_POINT ( 'NONE',  ( 5.579742413045999605, 17.14136362858100071, 34.00000000000000000 ) ) ;
#3266 = CARTESIAN_POINT ( 'NONE',  ( 2.275602156765002437, 5.605339926053001243, 33.95402352282499692 ) ) ;
#3267 = CARTESIAN_POINT ( 'NONE',  ( 4.525505755559000143, 0.8482946167429999962, 30.24829461674299935 ) ) ;
#3268 = CARTESIAN_POINT ( 'NONE',  ( 4.525505755559000143, 19.15170538325600091, 30.24829461674399766 ) ) ;
#3269 = CARTESIAN_POINT ( 'NONE',  ( 5.000000000000000000, 17.50000000000000000, 33.37134415454899283 ) ) ;
#3270 = EDGE_LOOP ( 'NONE', ( #3250, #3342, #3590, #865, #2624 ) ) ;
#3271 = CARTESIAN_POINT ( 'NONE',  ( 4.834744216748999790, 19.91734932427301885, 33.07290065711300997 ) ) ;
#3272 = CARTESIAN_POINT ( 'NONE',  ( -0.2757467534920001739, 4.245134074921995015, 32.79566324596599003 ) ) ;
#3273 = CARTESIAN_POINT ( 'NONE',  ( 4.970834133818999412, 19.71787609503902061, 33.20402767848802483 ) ) ;
#3274 = CARTESIAN_POINT ( 'NONE',  ( 4.841337616109003150, 0.7695874886590002850, 33.41587774079000894 ) ) ;
#3275 = ORIENTED_EDGE ( 'NONE', *, *, #628, .T. ) ;
#3276 = CARTESIAN_POINT ( 'NONE',  ( 0.01208635482033003535, 17.24613798986693780, 31.54327067021588604 ) ) ;
#3277 = B_SPLINE_CURVE_WITH_KNOTS ( 'NONE', 5,
 ( #932, #3128, #4246, #1005, #1262, #1338 ),
 .UNSPECIFIED., .F., .F.,
 ( 6, 6 ),
 ( 9.117955842515000242, 11.30239640581899963 ),
 .UNSPECIFIED. ) ;
#3278 = CARTESIAN_POINT ( 'NONE',  ( 2.428380822099999836, 14.55295504941199525, 33.97271405403901667 ) ) ;
#3279 = DIRECTION ( 'NONE',  ( -1.000000000000000000, 2.282530889443167515E-16, 0.000000000000000000 ) ) ;
#3280 = CARTESIAN_POINT ( 'NONE',  ( 4.993602910539002515, 2.291079857720998536, 33.33579955435798325 ) ) ;
#3281 = CARTESIAN_POINT ( 'NONE',  ( -0.4522322496910001211, 0.6212203465109999989, 31.76710967123900531 ) ) ;
#3282 = CARTESIAN_POINT ( 'NONE',  ( 0.03583102549600003517, 2.923602464320998795, 31.86020096686600311 ) ) ;
#3283 = CARTESIAN_POINT ( 'NONE',  ( 3.827476068890999894, 19.64103255531501802, 32.07144730607598859 ) ) ;
#3284 = CARTESIAN_POINT ( 'NONE',  ( 0.1479324820319998790, 16.62440620805601199, 32.04021734281900535 ) ) ;
#3285 = DIRECTION ( 'NONE',  ( 0.000000000000000000, 1.000000000000000000, 0.000000000000000000 ) ) ;
#3286 = CARTESIAN_POINT ( 'NONE',  ( -1.083298180852000581, 2.758092534949001973, 31.88638683291298648 ) ) ;
#3287 = FACE_OUTER_BOUND ( 'NONE', #144, .T. ) ;
#3288 = EDGE_CURVE ( 'NONE', #1894, #3199, #236, .T. ) ;
#3289 = CARTESIAN_POINT ( 'NONE',  ( 4.862295946830999860, 0.6033020291059999485, 30.00330202910599908 ) ) ;
#3290 = CARTESIAN_POINT ( 'NONE',  ( 4.535370527198000268, 19.19728370093099912, 30.20271629906899946 ) ) ;
#3291 = DIRECTION ( 'NONE',  ( 1.224646799147353207E-16, -1.000000000000000000, 0.000000000000000000 ) ) ;
#3292 = ORIENTED_EDGE ( 'NONE', *, *, #2320, .T. ) ;
#3293 = CARTESIAN_POINT ( 'NONE',  ( 3.907376349605000243, 20.74713066608099155, 32.32072011098200903 ) ) ;
#3294 = CARTESIAN_POINT ( 'NONE',  ( 0.03812749770920999259, 17.06504737905800084, 31.59310122062500525 ) ) ;
#3295 = CARTESIAN_POINT ( 'NONE',  ( 4.523117447468001373, 20.27947624436102458, 32.79276697039399124 ) ) ;
#3296 = CARTESIAN_POINT ( 'NONE',  ( 5.510220469830004575, 1.574072632369000413, 33.79456495643998437 ) ) ;
#3297 = EDGE_LOOP ( 'NONE', ( #540, #1536, #1736 ) ) ;
#3298 = CARTESIAN_POINT ( 'NONE',  ( 2.746376629256998214, 21.08527431962600929, 31.88367051963902554 ) ) ;
#3299 = ORIENTED_EDGE ( 'NONE', *, *, #1652, .T. ) ;
#3300 = CARTESIAN_POINT ( 'NONE',  ( 0.8027162990699999723, 4.535370527198000268, 30.20271629906999777 ) ) ;
#3301 = CARTESIAN_POINT ( 'NONE',  ( 2.976146387325000475, -0.09157772901707997293, 32.11988983949501630 ) ) ;
#3302 = CARTESIAN_POINT ( 'NONE',  ( 4.311993624271002190, 0.7500141891429996654, 32.51294610065200175 ) ) ;
#3303 = CARTESIAN_POINT ( 'NONE',  ( 1.012410554006999641, -0.8276872274800000095, 31.57543300433802713 ) ) ;
#3304 = CARTESIAN_POINT ( 'NONE',  ( 1.814516624769001885, 4.967107741607004634, 33.54518085799001881 ) ) ;
#3305 = CARTESIAN_POINT ( 'NONE',  ( 1.866644482584000286, 0.05672117273453995689, 31.33103590336499167 ) ) ;
#3306 = CARTESIAN_POINT ( 'NONE',  ( -0.2967629285780002402, 16.86483240802297345, 32.31837492151200308 ) ) ;
#3307 = DIRECTION ( 'NONE',  ( 0.9859154929577557125, -0.1672442547469584762, 0.000000000000000000 ) ) ;
#3308 = CARTESIAN_POINT ( 'NONE',  ( 2.909649527126999757, 10.71872705101799994, 34.00000000000000000 ) ) ;
#3309 = CARTESIAN_POINT ( 'NONE',  ( 4.672036254472005545, 18.88502704588499981, 33.24235353972299123 ) ) ;
#3310 = CARTESIAN_POINT ( 'NONE',  ( 3.591549295775004591, 8.912912344143997245, 34.00000000000000000 ) ) ;
#3311 = CARTESIAN_POINT ( 'NONE',  ( -0.8000000000000000444, 15.00000000000000000, 24.00000000000000000 ) ) ;
#3312 = CARTESIAN_POINT ( 'NONE',  ( 2.917974769000002411, -0.6389282657950003941, 32.26699641400100660 ) ) ;
#3313 = ORIENTED_EDGE ( 'NONE', *, *, #2087, .F. ) ;
#3314 = DIRECTION ( 'NONE',  ( 0.000000000000000000, 0.000000000000000000, -1.000000000000000000 ) ) ;
#3315 = CARTESIAN_POINT ( 'NONE',  ( 1.909722008407000793, 15.06738993036401730, 33.22595586807202039 ) ) ;
#3316 = CIRCLE ( 'NONE', #1284, 0.9999999999999991118 ) ;
#3317 = CARTESIAN_POINT ( 'NONE',  ( 3.000000000000000444, 21.04359144897901501, 31.94098082172301289 ) ) ;
#3318 = EDGE_CURVE ( 'NONE', #3086, #2797, #3723, .T. ) ;
#3319 = CARTESIAN_POINT ( 'NONE',  ( 5.600122900121998981, 2.430189913156000081, 33.96742553692900657 ) ) ;
#3320 = EDGE_CURVE ( 'NONE', #2741, #2305, #3197, .T. ) ;
#3321 = ORIENTED_EDGE ( 'NONE', *, *, #316, .F. ) ;
#3322 = FACE_OUTER_BOUND ( 'NONE', #2647, .T. ) ;
#3323 = CARTESIAN_POINT ( 'NONE',  ( 1.060259801959000159, 4.560733684757000361, 30.46025980195899763 ) ) ;
#3324 = CARTESIAN_POINT ( 'NONE',  ( 3.112270864598002618, -0.05983873473428000245, 32.16594799464701282 ) ) ;
#3325 = ORIENTED_EDGE ( 'NONE', *, *, #4054, .F. ) ;
#3326 = CARTESIAN_POINT ( 'NONE',  ( 3.044266760973000974, 0.05963178055145997719, 31.62758672714499042 ) ) ;
#3327 = VECTOR ( 'NONE', #3763, 1000.000000000000000 ) ;
#3328 = PERSON_AND_ORGANIZATION ( #296, #1152 ) ;
#3329 = CARTESIAN_POINT ( 'NONE',  ( 1.753486989392998519, 5.061981395296001551, 33.67869691805197618 ) ) ;
#3330 = AXIS2_PLACEMENT_3D ( 'NONE', #2219, #1553, #1527 ) ;
#3331 = CARTESIAN_POINT ( 'NONE',  ( 2.231855951888999989, -0.005520543412334006500, 31.40996763155801830 ) ) ;
#3332 = CARTESIAN_POINT ( 'NONE',  ( 2.480654492971000380, 14.99355513151298780, 33.53565472708300632 ) ) ;
#3333 = CARTESIAN_POINT ( 'NONE',  ( -0.7365575368340004925, 16.06754217163299003, 32.33358329311000290 ) ) ;
#3334 = CIRCLE ( 'NONE', #543, 2.500000000000002220 ) ;
#3335 = CARTESIAN_POINT ( 'NONE',  ( 11.18743420870399952, 3.000000000000000000, 34.00000000000000000 ) ) ;
#3336 = CIRCLE ( 'NONE', #3340, 3.000000000000000000 ) ;
#3337 = CARTESIAN_POINT ( 'NONE',  ( 4.493357331200004801, 19.01953999589301958, 32.69897034280302961 ) ) ;
#3338 = DIRECTION ( 'NONE',  ( -0.7071067811865474617, -1.999999999998718552E-17, 0.7071067811865474617 ) ) ;
#3339 = DIRECTION ( 'NONE',  ( 0.000000000000000000, 1.000000000000000000, 0.000000000000000000 ) ) ;
#3340 = AXIS2_PLACEMENT_3D ( 'NONE', #190, #3146, #1335 ) ;
#3341 = DIRECTION ( 'NONE',  ( 1.000000000000000000, 0.000000000000000000, 0.000000000000000000 ) ) ;
#3342 = ORIENTED_EDGE ( 'NONE', *, *, #1248, .T. ) ;
#3343 = DIRECTION ( 'NONE',  ( 0.000000000000000000, 0.000000000000000000, 1.000000000000000000 ) ) ;
#3344 = CC_DESIGN_DATE_AND_TIME_ASSIGNMENT ( #853, #825, ( #4546 ) ) ;
#3345 = CARTESIAN_POINT ( 'NONE',  ( 19.93938769134000211, 0.5999999999999999778, 30.00000000000000000 ) ) ;
#3346 = DIRECTION ( 'NONE',  ( 0.000000000000000000, -0.7071067811865474617, 0.7071067811865474617 ) ) ;
#3347 = CARTESIAN_POINT ( 'NONE',  ( 5.489041781341997606, 1.485746140273001670, 33.76678375646900321 ) ) ;
#3348 = ORIENTED_EDGE ( 'NONE', *, *, #371, .T. ) ;
#3349 = DIRECTION ( 'NONE',  ( 0.000000000000000000, 0.000000000000000000, 1.000000000000000000 ) ) ;
#3350 = EDGE_CURVE ( 'NONE', #2882, #645, #1170, .T. ) ;
#3351 = CARTESIAN_POINT ( 'NONE',  ( 0.7951093418290000603, 4.538010471068999685, 30.19510934182899575 ) ) ;
#3352 = CARTESIAN_POINT ( 'NONE',  ( 4.943104102370003972, 1.957991055568000016, 33.24241311009399169 ) ) ;
#3353 = ORIENTED_EDGE ( 'NONE', *, *, #1707, .T. ) ;
#3354 = AXIS2_PLACEMENT_3D ( 'NONE', #3621, #69, #333 ) ;
#3355 = CARTESIAN_POINT ( 'NONE',  ( 1.007309027438999971, 19.70635533075000367, 31.75183014547397420 ) ) ;
#3356 = COORDINATED_UNIVERSAL_TIME_OFFSET ( 3, 0, .AHEAD. ) ;
#3357 = CARTESIAN_POINT ( 'NONE',  ( 2.237889108259998761, 5.046537526962001863, 33.65520593539599048 ) ) ;
#3358 = CARTESIAN_POINT ( 'NONE',  ( 2.798228206412997743, 15.01557272382401464, 33.55991054339298074 ) ) ;
#3359 = DIRECTION ( 'NONE',  ( 2.019999999998708721E-15, -0.7071067811865474617, 0.7071067811865474617 ) ) ;
#3360 = CARTESIAN_POINT ( 'NONE',  ( 9.759276738325999290, 2.863358060621000067, 33.99793598499000069 ) ) ;
#3361 = CARTESIAN_POINT ( 'NONE',  ( 3.110856674940002176, 19.92466645888102050, 31.65285120304697486 ) ) ;
#3362 = CARTESIAN_POINT ( 'NONE',  ( 3.000000000000000000, 11.18743420870399952, 34.00000000000000000 ) ) ;
#3363 = CARTESIAN_POINT ( 'NONE',  ( 17.39269908169899992, 19.92893218813452449, 34.00000000000000000 ) ) ;
#3364 = EDGE_LOOP ( 'NONE', ( #2832, #514, #2383, #2805 ) ) ;
#3365 = CARTESIAN_POINT ( 'NONE',  ( 1.456864190709999285, 19.79514836819399548, 31.26046884812300419 ) ) ;
#3366 = CARTESIAN_POINT ( 'NONE',  ( 0.5897659210590000534, 15.83834981719098067, 32.34958531551801286 ) ) ;
#3367 = DIRECTION ( 'NONE',  ( 1.000000000000000000, 0.000000000000000000, 0.000000000000000000 ) ) ;
#3368 = CARTESIAN_POINT ( 'NONE',  ( 4.739827366879002746, -0.04580949277344001369, 32.98911947291599489 ) ) ;
#3369 = ORIENTED_EDGE ( 'NONE', *, *, #2584, .F. ) ;
#3370 = CARTESIAN_POINT ( 'NONE',  ( 5.600122928950999501, 17.56981051206399869, 33.96742548815200280 ) ) ;
#3371 = LINE ( 'NONE', #1205, #1310 ) ;
#3372 = EDGE_CURVE ( 'NONE', #4190, #3937, #940, .T. ) ;
#3373 = CARTESIAN_POINT ( 'NONE',  ( 4.927656079573997872, 1.894358822487998584, 33.21925151281898536 ) ) ;
#3374 = VERTEX_POINT ( 'NONE', #24 ) ;
#3375 = CARTESIAN_POINT ( 'NONE',  ( 0.9433912462409997923, 19.46619316687901957, 31.48721140685001885 ) ) ;
#3376 = APPROVAL_STATUS ( 'not_yet_approved' ) ;
#3377 = CARTESIAN_POINT ( 'NONE',  ( 0.5877368516880006055, 15.72641299080800792, 32.89640624805702629 ) ) ;
#3378 = EDGE_CURVE ( 'NONE', #2733, #35, #4418, .T. ) ;
#3379 = CARTESIAN_POINT ( 'NONE',  ( 1.726994768825998783, 14.45631334517198674, 33.84000214820398611 ) ) ;
#3380 = UNCERTAINTY_MEASURE_WITH_UNIT (LENGTH_MEASURE( 1.000000000000000082E-05 ), #1924, 'distance_accuracy_value', 'NONE');
#3381 = CARTESIAN_POINT ( 'NONE',  ( 3.517825553152001294, 10.65248151550800593, 34.01078542606401101 ) ) ;
#3382 = CARTESIAN_POINT ( 'NONE',  ( 4.754437128312998695, 18.74671703845097070, 33.31956384050400999 ) ) ;
#3383 = CARTESIAN_POINT ( 'NONE',  ( 9.759276738325999290, 17.13664193937900393, 33.99793598499000069 ) ) ;
#3384 = CARTESIAN_POINT ( 'NONE',  ( 17.78539750748200277, 21.93831521445599364, 31.89279807735491801 ) ) ;
#3385 =( BOUNDED_CURVE ( )  B_SPLINE_CURVE ( 12, ( #448, #163, #1611, #4495, #855, #545, #2327, #2701, #4142, #898, #3738, #1168, #1901, #3333, #2351, #1998, #98, #498, #2986, #1950, #1927, #3757, #3024, #2639, #476, #3379, #1587, #4475, #1236, #2680, #2019, #4515, #3474, #1724, #253 ),
 .UNSPECIFIED., .F., .T. ) 
 B_SPLINE_CURVE_WITH_KNOTS ( ( 13, 11, 11, 13 ),
 ( 27.89548005018199817, 28.17253559271100016, 30.75266481214899983, 31.90152566805399914 ),
 .UNSPECIFIED. ) 
 CURVE ( )  GEOMETRIC_REPRESENTATION_ITEM ( )  RATIONAL_B_SPLINE_CURVE ( ( 1.081500360601999944, 1.081291186504000024, 1.081070738233999906, 1.080838889203999953, 1.080595482942000141, 1.080340333075000103, 1.080073223355999978, 1.079793907630000049, 1.079502109869000082, 1.079197524140000031, 1.078879814632000000, 1.078548615637000108, 1.074989874454999939, 1.070404269670999886, 1.065096384258999995, 1.060364906178999922, 1.057297828590000099, 1.051672103822999915, 1.049708887038000027, 1.045464050405000123, 1.042916432443999897, 1.040130745223999842, 1.037831015207000052, 1.035004274643000155, 1.034203352188999947, 1.033481255091000195, 1.032845608881999944, 1.032302821122000003, 1.031858097987000011, 1.031515460882999946, 1.031277763025000072, 1.031146706059999918, 1.031122856643000185, 1.031205663053999855, 1.031393471788000005 ) ) 
 REPRESENTATION_ITEM ( '' )  );
#3386 = EDGE_CURVE ( 'NONE', #2490, #386, #1117, .T. ) ;
#3387 = ORIENTED_EDGE ( 'NONE', *, *, #4401, .T. ) ;
#3388 = CARTESIAN_POINT ( 'NONE',  ( -1.109127750169001336, 17.54982575463701266, 31.82046663085203164 ) ) ;
#3389 = ORIENTED_EDGE ( 'NONE', *, *, #3466, .F. ) ;
#3390 = CARTESIAN_POINT ( 'NONE',  ( 1.039216123853000440, 15.44859289026898708, 32.75801507469897444 ) ) ;
#3391 = CARTESIAN_POINT ( 'NONE',  ( 17.00000000000000000, -1.399999999999999911, 24.60000000000000142 ) ) ;
#3392 = LINE ( 'NONE', #2652, #842 ) ;
#3393 = ORIENTED_EDGE ( 'NONE', *, *, #1187, .T. ) ;
#3394 = CARTESIAN_POINT ( 'NONE',  ( 0.4373879867152798417, 4.171152116006593857, 29.83738798671527803 ) ) ;
#3395 = CARTESIAN_POINT ( 'NONE',  ( 0.6812671036019999349, 4.624172068943999570, 30.08126710360200207 ) ) ;
#3396 = CIRCLE ( 'NONE', #3625, 2.999999999999999112 ) ;
#3397 = CARTESIAN_POINT ( 'NONE',  ( 5.000000000000000000, 2.429847200648000083, 33.36133953361201065 ) ) ;
#3398 = ORIENTED_EDGE ( 'NONE', *, *, #2352, .F. ) ;
#3399 = CARTESIAN_POINT ( 'NONE',  ( 1.625776952769997674, 19.87164955710799319, 31.28551413459499386 ) ) ;
#3400 = APPROVAL_ROLE ( '' ) ;
#3401 = AXIS2_PLACEMENT_3D ( 'NONE', #1007, #1712, #982 ) ;
#3402 = CARTESIAN_POINT ( 'NONE',  ( 2.800489698946000861, 14.96457686708800772, 33.71568087182000539 ) ) ;
#3403 = CIRCLE ( 'NONE', #538, 3.100000000000000089 ) ;
#3404 = DIRECTION ( 'NONE',  ( -9.999999999993602006E-18, 0.7071067811865475727, -0.7071067811865475727 ) ) ;
#3405 = EDGE_CURVE ( 'NONE', #158, #2991, #1519, .T. ) ;
#3406 = CARTESIAN_POINT ( 'NONE',  ( 4.643653309312001376, 18.79646601075902979, 33.07370024374798589 ) ) ;
#3407 = EDGE_CURVE ( 'NONE', #4343, #2818, #45, .T. ) ;
#3408 = CARTESIAN_POINT ( 'NONE',  ( 5.600117001156999841, 2.571972205423999736, 33.98368928958500135 ) ) ;
#3409 = CARTESIAN_POINT ( 'NONE',  ( 17.78539750748200277, 19.89279807735492156, 33.93831521445599719 ) ) ;
#3410 = VECTOR ( 'NONE', #1785, 1000.000000000000000 ) ;
#3411 = CARTESIAN_POINT ( 'NONE',  ( 9.782963353966998454, 3.481755102225003728, 34.01488215502602941 ) ) ;
#3412 = CARTESIAN_POINT ( 'NONE',  ( 17.00000000000000000, 3.000000000000000000, 34.00000000000000000 ) ) ;
#3413 = VERTEX_POINT ( 'NONE', #4003 ) ;
#3414 = CARTESIAN_POINT ( 'NONE',  ( 2.097791475453002263, 15.02698680766999928, 33.28961146605303156 ) ) ;
#3415 = VECTOR ( 'NONE', #3980, 1000.000000000000000 ) ;
#3416 = LINE ( 'NONE', #2317, #534 ) ;
#3417 =( BOUNDED_CURVE ( )  B_SPLINE_CURVE ( 2, ( #2169, #3310, #4006 ),
 .UNSPECIFIED., .F., .F. ) 
 B_SPLINE_CURVE_WITH_KNOTS ( ( 3, 3 ),
 ( 0.000000000000000000, 2.184440563304999916 ),
 .UNSPECIFIED. ) 
 CURVE ( )  GEOMETRIC_REPRESENTATION_ITEM ( )  RATIONAL_B_SPLINE_CURVE ( ( 1.000000000000000000, 0.7071067811869999886, 1.000000000000000000 ) ) 
 REPRESENTATION_ITEM ( '' )  );
#3418 = CARTESIAN_POINT ( 'NONE',  ( 18.16598799718599722, -1.814944036370000013, 28.99999999999999645 ) ) ;
#3419 = ORIENTED_EDGE ( 'NONE', *, *, #1125, .F. ) ;
#3420 = CARTESIAN_POINT ( 'NONE',  ( 3.000000000000000000, 17.00000000000000000, 25.19999999999999929 ) ) ;
#3421 = CARTESIAN_POINT ( 'NONE',  ( 0.2688537885099998581, 1.321963747685000579, 31.51825480912599886 ) ) ;
#3422 = DIRECTION ( 'NONE',  ( 0.000000000000000000, 0.000000000000000000, 1.000000000000000000 ) ) ;
#3423 = ORIENTED_EDGE ( 'NONE', *, *, #1415, .F. ) ;
#3424 = CARTESIAN_POINT ( 'NONE',  ( 5.131371470551999714, 2.128883701202001877, 33.77065021870102157 ) ) ;
#3425 = ORIENTED_EDGE ( 'NONE', *, *, #1125, .T. ) ;
#3426 = CARTESIAN_POINT ( 'NONE',  ( 1.456864190709999285, 19.79514836819399193, 31.26046884812300419 ) ) ;
#3427 = PERSON_AND_ORGANIZATION ( #296, #1152 ) ;
#3428 = CARTESIAN_POINT ( 'NONE',  ( -0.8285110664170002304, 16.78366286269998753, 32.22601835254098290 ) ) ;
#3429 = CARTESIAN_POINT ( 'NONE',  ( 0.5999999999999999778, 19.92499999999999716, 29.47500000000000142 ) ) ;
#3430 = CARTESIAN_POINT ( 'NONE',  ( 16.50000000000000000, 10.27305509150200002, 33.39791576165700349 ) ) ;
#3431 = CARTESIAN_POINT ( 'NONE',  ( 3.813258818793998195, 20.00662225465399402, 32.65291359406801774 ) ) ;
#3432 = FACE_OUTER_BOUND ( 'NONE', #3014, .T. ) ;
#3433 = CARTESIAN_POINT ( 'NONE',  ( 17.39269908169899992, 22.00000000000000000, 31.92893218813452449 ) ) ;
#3434 = ORIENTED_EDGE ( 'NONE', *, *, #164, .T. ) ;
#3435 = PLANE ( 'NONE',  #2734 ) ;
#3436 = ORIENTED_EDGE ( 'NONE', *, *, #1393, .F. ) ;
#3437 = CARTESIAN_POINT ( 'NONE',  ( -3.500000000000000000, 5.000000000000000000, 24.00000000000000000 ) ) ;
#3438 = FACE_OUTER_BOUND ( 'NONE', #2583, .T. ) ;
#3439 = CARTESIAN_POINT ( 'NONE',  ( 17.00000000000000000, 2.999999999999995559, 34.00000000000000000 ) ) ;
#3440 = VERTEX_POINT ( 'NONE', #3647 ) ;
#3441 = DIRECTION ( 'NONE',  ( -0.7599999999999393907, -0.6499230723709478186, 0.000000000000000000 ) ) ;
#3442 = CARTESIAN_POINT ( 'NONE',  ( 1.216687796037998925, 4.742464412739995971, 33.30638838665997525 ) ) ;
#3443 = CARTESIAN_POINT ( 'NONE',  ( -0.01365612542309000213, 2.416959339102000559, 31.45473646115501865 ) ) ;
#3444 = FACE_OUTER_BOUND ( 'NONE', #1601, .T. ) ;
#3445 = CARTESIAN_POINT ( 'NONE',  ( 4.943599023211004528, 1.737748201818002380, 33.51845031703697941 ) ) ;
#3446 = ORIENTED_EDGE ( 'NONE', *, *, #4116, .T. ) ;
#3447 = CARTESIAN_POINT ( 'NONE',  ( 0.1398305780739999560, 18.75991388785501002, 31.77204009156497833 ) ) ;
#3448 = CARTESIAN_POINT ( 'NONE',  ( -0.6286236119850001636, 17.02858115216602286, 32.27919413697300399 ) ) ;
#3449 = CARTESIAN_POINT ( 'NONE',  ( 19.92838254757515770, 0.4998741286561523278, 29.89987412865615823 ) ) ;
#3450 = FACE_OUTER_BOUND ( 'NONE', #3456, .T. ) ;
#3451 = CARTESIAN_POINT ( 'NONE',  ( 2.988767655085998953, 20.33388204162497814, 32.27204179916699900 ) ) ;
#3452 = CARTESIAN_POINT ( 'NONE',  ( 3.301827639724000285, -0.9734006520480004143, 32.03520958988099920 ) ) ;
#3453 = CARTESIAN_POINT ( 'NONE',  ( 4.635415650406000232, 18.80000000000000071, 30.59999999999999787 ) ) ;
#3454 = CARTESIAN_POINT ( 'NONE',  ( -2.000000000000000000, 15.00000000000000000, 21.00000000000000000 ) ) ;
#3455 = CARTESIAN_POINT ( 'NONE',  ( 0.07111594442269100758, 18.15983839832131608, 31.32759790338603167 ) ) ;
#3456 = EDGE_LOOP ( 'NONE', ( #1883, #574, #4443, #173 ) ) ;
#3457 = DIRECTION ( 'NONE',  ( 0.000000000000000000, -1.000000000000000000, 0.000000000000000000 ) ) ;
#3458 = CARTESIAN_POINT ( 'NONE',  ( 5.559411708156000387, 3.000000000000000000, 34.00000000000000000 ) ) ;
#3459 = B_SPLINE_CURVE_WITH_KNOTS ( 'NONE', 4,
 ( #1196, #4009, #2990, #2242, #3269 ),
 .UNSPECIFIED., .F., .F.,
 ( 5, 5 ),
 ( 19.01857285055900348, 19.40168485155899702 ),
 .UNSPECIFIED. ) ;
#3460 = CARTESIAN_POINT ( 'NONE',  ( 17.39269908169899992, -2.000000000000000000, 28.99999999999999289 ) ) ;
#3461 = EDGE_LOOP ( 'NONE', ( #1987, #668, #3608, #4605 ) ) ;
#3462 = CARTESIAN_POINT ( 'NONE',  ( 0.6251025915180000725, 15.25498802012200095, 30.02510259151800298 ) ) ;
#3463 = CARTESIAN_POINT ( 'NONE',  ( -0.6231901609509995499, 2.997543017725002201, 32.28557968588398097 ) ) ;
#3464 = EDGE_CURVE ( 'NONE', #1864, #2377, #1781, .T. ) ;
#3465 = CARTESIAN_POINT ( 'NONE',  ( -0.6075915340449998814, 1.616272361910997990, 32.01671025648300173 ) ) ;
#3466 = EDGE_CURVE ( 'NONE', #133, #1476, #1549, .T. ) ;
#3467 = CARTESIAN_POINT ( 'NONE',  ( 0.5873609993339999891, 4.158383297029001113, 32.34971276515300076 ) ) ;
#3468 = CARTESIAN_POINT ( 'NONE',  ( 5.024059109099005660, 2.090839489515000427, 33.62080353494500429 ) ) ;
#3469 = ORIENTED_EDGE ( 'NONE', *, *, #3407, .F. ) ;
#3470 = CARTESIAN_POINT ( 'NONE',  ( 1.098953173001999017, 20.42082863968498785, 31.94497675353300181 ) ) ;
#3471 = TOROIDAL_SURFACE ( 'NONE', #1588, 3.100000000000000089, 0.5999999999999999778 ) ;
#3472 = EDGE_CURVE ( 'NONE', #1006, #4147, #2158, .T. ) ;
#3473 = CARTESIAN_POINT ( 'NONE',  ( -0.5898103593090004981, 16.86925601973902999, 32.32443285945999634 ) ) ;
#3474 = CARTESIAN_POINT ( 'NONE',  ( 2.712844131968000561, 14.40508820184700234, 33.99552791276500585 ) ) ;
#3475 = VERTEX_POINT ( 'NONE', #3598 ) ;
#3476 = AXIS2_PLACEMENT_3D ( 'NONE', #2337, #4416, #815 ) ;
#3477 = DIRECTION ( 'NONE',  ( -0.7071067811865475727, -9.999999999993592761E-18, -0.7071067811865475727 ) ) ;
#3478 = CARTESIAN_POINT ( 'NONE',  ( 3.764318494904997703, 19.80462086943598266, 32.50754350473899734 ) ) ;
#3479 = CARTESIAN_POINT ( 'NONE',  ( 3.120941549105998636, -1.019965386958998632, 31.97325193082898664 ) ) ;
#3480 = AXIS2_PLACEMENT_3D ( 'NONE', #2760, #2045, #3054 ) ;
#3481 = PLANE ( 'NONE',  #3684 ) ;
#3482 = AXIS2_PLACEMENT_3D ( 'NONE', #2738, #532, #1320 ) ;
#3483 = CARTESIAN_POINT ( 'NONE',  ( 2.500000000000000000, 2.500000000000000000, 34.00000000000000000 ) ) ;
#3484 = DIRECTION ( 'NONE',  ( 0.000000000000000000, -1.000000000000000000, 0.000000000000000000 ) ) ;
#3485 = ORIENTED_EDGE ( 'NONE', *, *, #2112, .F. ) ;
#3486 = CARTESIAN_POINT ( 'NONE',  ( 19.79105714739100108, -0.1000000000000000056, 25.19999999999999929 ) ) ;
#3487 = CARTESIAN_POINT ( 'NONE',  ( 8.912912344143995469, 16.40845070422499319, 34.00000000000000000 ) ) ;
#3488 = CARTESIAN_POINT ( 'NONE',  ( 18.84364015992499830, 0.4231251520555620593, 33.39900052719499968 ) ) ;
#3489 = EDGE_LOOP ( 'NONE', ( #3193, #689, #3423, #1858 ) ) ;
#3490 = CARTESIAN_POINT ( 'NONE',  ( 16.50000000000000000, 10.00000000000000000, 33.39791576165600162 ) ) ;
#3491 = CARTESIAN_POINT ( 'NONE',  ( -0.6340033622600002028, 2.944576402877999932, 32.27282749337300771 ) ) ;
#3492 = CARTESIAN_POINT ( 'NONE',  ( 2.885853473689999671, -0.1077668434919999280, 32.09611572575302318 ) ) ;
#3493 = CARTESIAN_POINT ( 'NONE',  ( 2.903225806451999791, 4.967267506577000447, 33.39999999999999858 ) ) ;
#3494 = CARTESIAN_POINT ( 'NONE',  ( 4.822266277217996056, 1.097892597602000420, 33.43472942698399919 ) ) ;
#3495 = ADVANCED_FACE ( 'NONE', ( #1875 ), #357, .F. ) ;
#3496 = ORIENTED_EDGE ( 'NONE', *, *, #3924, .F. ) ;
#3497 = CARTESIAN_POINT ( 'NONE',  ( -0.03382175783935999214, 18.35754663322900626, 31.82936114589602283 ) ) ;
#3498 = SHAPE_DEFINITION_REPRESENTATION ( #1502, #2171 ) ;
#3499 = EDGE_CURVE ( 'NONE', #937, #2430, #2570, .T. ) ;
#3500 = CARTESIAN_POINT ( 'NONE',  ( 0.05795671920019999923, 15.70480825640598255, 32.95974156877102246 ) ) ;
#3501 = CARTESIAN_POINT ( 'NONE',  ( 3.555015782386000023, 9.128279723528999412, 33.39999999999999858 ) ) ;
#3502 = B_SPLINE_CURVE_WITH_KNOTS ( 'NONE', 5,
 ( #2288, #2966, #1215, #3383, #1906, #2704 ),
 .UNSPECIFIED., .F., .F.,
 ( 6, 6 ),
 ( 9.117955842515000242, 11.30239640581899963 ),
 .UNSPECIFIED. ) ;
#3503 = CARTESIAN_POINT ( 'NONE',  ( -1.399999999999999911, 17.00000000000000000, 24.60000000000000142 ) ) ;
#3504 = CARTESIAN_POINT ( 'NONE',  ( 5.095233591907998516, 18.15468671781597720, 33.71276172906900115 ) ) ;
#3505 = CARTESIAN_POINT ( 'NONE',  ( -0.8905336888049999455, 2.958003794489001859, 32.15142457478001603 ) ) ;
#3506 = CARTESIAN_POINT ( 'NONE',  ( 19.93831521445600785, 19.78539750748199921, 30.63164808328273381 ) ) ;
#3507 = CARTESIAN_POINT ( 'NONE',  ( 9.780520724802000743, 3.481603965441999904, 33.39818303367099617 ) ) ;
#3508 = CARTESIAN_POINT ( 'NONE',  ( 1.106381699401001617, 19.59300833136298081, 31.21947115559399322 ) ) ;
#3509 = ORIENTED_EDGE ( 'NONE', *, *, #2320, .F. ) ;
#3510 = CARTESIAN_POINT ( 'NONE',  ( 3.000000000000000000, 3.000000000000000000, 24.00000000000000000 ) ) ;
#3511 = DIRECTION ( 'NONE',  ( 0.000000000000000000, 0.000000000000000000, 1.000000000000000000 ) ) ;
#3512 = CARTESIAN_POINT ( 'NONE',  ( 17.78539750748200277, 0.1072019226450700718, 33.93831521445601140 ) ) ;
#3513 = ORIENTED_EDGE ( 'NONE', *, *, #873, .T. ) ;
#3514 = CARTESIAN_POINT ( 'NONE',  ( 0.6484211382500000287, 15.32130786132299960, 30.04842113824999927 ) ) ;
#3515 = CARTESIAN_POINT ( 'NONE',  ( 1.690135101081002178, 5.196127121280997407, 33.77126319202501037 ) ) ;
#3516 = CARTESIAN_POINT ( 'NONE',  ( 2.695382227654000484, -0.3839729634859999630, 32.20326208970197968 ) ) ;
#3517 = DIRECTION ( 'NONE',  ( -0.000000000000000000, -0.000000000000000000, -1.000000000000000000 ) ) ;
#3518 = CARTESIAN_POINT ( 'NONE',  ( 3.182895538337998431, -0.5744091695899997685, 32.34204790215198244 ) ) ;
#3519 = ORIENTED_EDGE ( 'NONE', *, *, #4164, .F. ) ;
#3520 = CARTESIAN_POINT ( 'NONE',  ( -0.6979151518629997941, 17.56727996144402226, 32.16315353594199422 ) ) ;
#3521 = EDGE_CURVE ( 'NONE', #3579, #3970, #378, .T. ) ;
#3522 = CARTESIAN_POINT ( 'NONE',  ( 2.437004261374002390, 14.70932689431999485, 33.92192057240500702 ) ) ;
#3523 = CARTESIAN_POINT ( 'NONE',  ( 3.000000000000000000, -2.000000000000000000, 24.00000000000000000 ) ) ;
#3524 = CARTESIAN_POINT ( 'NONE',  ( 0.4945331068600004043, 4.017336616933002702, 32.23451209332998957 ) ) ;
#3525 = EDGE_CURVE ( 'NONE', #837, #4348, #2796, .T. ) ;
#3526 = DIRECTION ( 'NONE',  ( 1.000000000000000000, 0.000000000000000000, 0.000000000000000000 ) ) ;
#3527 = DIRECTION ( 'NONE',  ( 0.000000000000000000, 0.000000000000000000, 1.000000000000000000 ) ) ;
#3528 = CARTESIAN_POINT ( 'NONE',  ( 3.591549295774999706, 11.08708765585600098, 33.39999999999999858 ) ) ;
#3529 = VECTOR ( 'NONE', #2759, 1000.000000000000000 ) ;
#3530 = ORIENTED_EDGE ( 'NONE', *, *, #2176, .F. ) ;
#3531 = FACE_OUTER_BOUND ( 'NONE', #4064, .T. ) ;
#3532 = FACE_OUTER_BOUND ( 'NONE', #2900, .T. ) ;
#3533 = DIRECTION ( 'NONE',  ( 0.000000000000000000, 1.000000000000000000, 0.000000000000000000 ) ) ;
#3534 = ORIENTED_EDGE ( 'NONE', *, *, #4058, .T. ) ;
#3535 = CARTESIAN_POINT ( 'NONE',  ( 1.013483464326999872, 15.45650231173499911, 30.41348346432699756 ) ) ;
#3536 = CARTESIAN_POINT ( 'NONE',  ( -0.5903649576970001478, 3.129359392402997653, 32.32377798427798155 ) ) ;
#3537 = CARTESIAN_POINT ( 'NONE',  ( -0.3582614907819999805, 1.888682670517999762, 32.04011059393102556 ) ) ;
#3538 = CARTESIAN_POINT ( 'NONE',  ( 4.533051565193999544, 19.18956440749300185, 30.21043559250700028 ) ) ;
#3539 = CARTESIAN_POINT ( 'NONE',  ( 5.274300703138999680, 2.179320133897001188, 33.88158092366898444 ) ) ;
#3540 = EDGE_LOOP ( 'NONE', ( #3633, #3768, #1910, #2905 ) ) ;
#3541 = CARTESIAN_POINT ( 'NONE',  ( 1.652088455723998095, 20.30328437521897911, 32.00130652096903106 ) ) ;
#3542 = CARTESIAN_POINT ( 'NONE',  ( 1.468201264866000333, 14.51504115066898315, 33.76136717017198663 ) ) ;
#3543 = DIRECTION ( 'NONE',  ( 1.000000000000000000, 0.000000000000000000, 0.000000000000000000 ) ) ;
#3544 = CARTESIAN_POINT ( 'NONE',  ( 0.04590020077432000606, 2.977777128966998088, 31.60547976826200411 ) ) ;
#3545 = VECTOR ( 'NONE', #592, 1000.000000000000000 ) ;
#3546 = CARTESIAN_POINT ( 'NONE',  ( 3.000000000000000000, 17.00000000000000000, 25.19999999999999929 ) ) ;
#3547 = CARTESIAN_POINT ( 'NONE',  ( 2.097791475453002263, 15.02698680766999928, 33.28961146605303156 ) ) ;
#3548 = DIRECTION ( 'NONE',  ( 1.000000000000000000, 0.000000000000000000, 0.000000000000000000 ) ) ;
#3549 = VECTOR ( 'NONE', #2735, 1000.000000000000000 ) ;
#3550 = EDGE_CURVE ( 'NONE', #1268, #4571, #756, .T. ) ;
#3551 = CARTESIAN_POINT ( 'NONE',  ( 19.79044398227133428, -0.1000000000000000194, 29.11251658975321988 ) ) ;
#3552 = ORIENTED_EDGE ( 'NONE', *, *, #4026, .T. ) ;
#3553 = LINE ( 'NONE', #758, #1815 ) ;
#3554 = EDGE_CURVE ( 'NONE', #1864, #794, #404, .T. ) ;
#3555 = CIRCLE ( 'NONE', #3101, 3.100000000000001865 ) ;
#3556 = CARTESIAN_POINT ( 'NONE',  ( 4.100000000000000533, 10.00000000000000000, 32.00000000000000000 ) ) ;
#3557 = CARTESIAN_POINT ( 'NONE',  ( 2.934587682304000023, 0.03806304987526999695, 31.59298142139299514 ) ) ;
#3558 = VERTEX_POINT ( 'NONE', #4079 ) ;
#3559 = CIRCLE ( 'NONE', #1297, 0.6000000000000006439 ) ;
#3560 = CARTESIAN_POINT ( 'NONE',  ( 3.281562368766000937, 20.97948453982998274, 32.02727172864400274 ) ) ;
#3561 = VECTOR ( 'NONE', #654, 1000.000000000000000 ) ;
#3562 = CARTESIAN_POINT ( 'NONE',  ( -0.3619029090870001242, 3.725465180860997982, 32.57647018031199337 ) ) ;
#3563 = CARTESIAN_POINT ( 'NONE',  ( 2.047466279176997972, -0.6840540099119996054, 32.08924540862103214 ) ) ;
#3564 = CARTESIAN_POINT ( 'NONE',  ( 4.529353200200000096, 19.17381986346499900, 30.22618013653499958 ) ) ;
#3565 = CARTESIAN_POINT ( 'NONE',  ( 3.478865111085001072, -0.4765574377810000151, 32.45242585119201095 ) ) ;
#3566 = ORIENTED_EDGE ( 'NONE', *, *, #4017, .T. ) ;
#3567 = CARTESIAN_POINT ( 'NONE',  ( -0.5868904212089995909, 19.16723090517600525, 31.78407865076500016 ) ) ;
#3568 = CIRCLE ( 'NONE', #2139, 0.9999999999999991118 ) ;
#3569 = CARTESIAN_POINT ( 'NONE',  ( 2.701930468340002722, 14.56472066857200609, 33.99451184084698951 ) ) ;
#3570 = AXIS2_PLACEMENT_3D ( 'NONE', #1677, #1628, #2794 ) ;
#3571 =( BOUNDED_CURVE ( )  B_SPLINE_CURVE ( 2, ( #2457, #261, #4202 ),
 .UNSPECIFIED., .F., .T. ) 
 B_SPLINE_CURVE_WITH_KNOTS ( ( 3, 3 ),
 ( 0.000000000000000000, 2.184440563304999916 ),
 .UNSPECIFIED. ) 
 CURVE ( )  GEOMETRIC_REPRESENTATION_ITEM ( )  RATIONAL_B_SPLINE_CURVE ( ( 1.000000000000000000, 0.7071067811869999886, 1.000000000000000000 ) ) 
 REPRESENTATION_ITEM ( '' )  );
#3572 = CARTESIAN_POINT ( 'NONE',  ( 10.00000000000000000, 10.00000000000000000, 33.39999999999999858 ) ) ;
#3573 = CARTESIAN_POINT ( 'NONE',  ( -0.9540658354250000084, 2.260961482592003247, 32.00571377583698762 ) ) ;
#3574 = CARTESIAN_POINT ( 'NONE',  ( 0.08087400234550000400, 3.131812128058001576, 31.66173702867198614 ) ) ;
#3575 = DIRECTION ( 'NONE',  ( -1.000000000000000000, 0.000000000000000000, 0.000000000000000000 ) ) ;
#3576 = CARTESIAN_POINT ( 'NONE',  ( 1.909722008407000793, 15.06738993036401730, 33.22595586807202039 ) ) ;
#3577 = CARTESIAN_POINT ( 'NONE',  ( -7.607418841747566346E-07, 2.534088090607316435, 31.48638673715570846 ) ) ;
#3578 = CARTESIAN_POINT ( 'NONE',  ( 4.997659009360999605, 17.32570210385797793, 33.99127808356900005 ) ) ;
#3579 = VERTEX_POINT ( 'NONE', #1190 ) ;
#3580 = CARTESIAN_POINT ( 'NONE',  ( 16.50000000000000000, 10.00000000000000000, 33.39791576165600162 ) ) ;
#3581 = LINE ( 'NONE', #2312, #2368 ) ;
#3582 = VECTOR ( 'NONE', #2212, 1000.000000000000000 ) ;
#3583 = CARTESIAN_POINT ( 'NONE',  ( 2.500000000000000000, 2.500000000000000000, 30.59999999999999787 ) ) ;
#3584 = ADVANCED_FACE ( 'NONE', ( #139 ), #2308, .F. ) ;
#3585 = ORIENTED_EDGE ( 'NONE', *, *, #1657, .F. ) ;
#3586 = CARTESIAN_POINT ( 'NONE',  ( -0.8601458790160005918, 3.100891575118001509, 32.18836652714902158 ) ) ;
#3587 = CARTESIAN_POINT ( 'NONE',  ( 5.208185124003000155, 18.87696476064999374, 33.64494746237799205 ) ) ;
#3588 = CARTESIAN_POINT ( 'NONE',  ( 3.101569817675000618, -0.8599101991499999986, 32.18864783321098599 ) ) ;
#3589 = EDGE_CURVE ( 'NONE', #3094, #243, #1985, .T. ) ;
#3590 = ORIENTED_EDGE ( 'NONE', *, *, #4320, .F. ) ;
#3591 = CARTESIAN_POINT ( 'NONE',  ( -0.9639258489010003039, 16.66719690210199190, 32.04754590878299325 ) ) ;
#3592 = CARTESIAN_POINT ( 'NONE',  ( 3.852783137647999734, 0.3672962204699999900, 32.08501460957801044 ) ) ;
#3593 = CARTESIAN_POINT ( 'NONE',  ( 4.808206232481005316, 1.518611968307000959, 33.05684731680698718 ) ) ;
#3594 = CARTESIAN_POINT ( 'NONE',  ( -1.005329297452000281, 1.528231237983998403, 31.65085024114499390 ) ) ;
#3595 = CARTESIAN_POINT ( 'NONE',  ( 0.07749423597598997793, 3.119486047015002317, 31.92805491955298791 ) ) ;
#3596 = CARTESIAN_POINT ( 'NONE',  ( 4.985919933523003778, 17.85023606387698791, 33.30880087358101349 ) ) ;
#3597 = CARTESIAN_POINT ( 'NONE',  ( 0.03969792464024998052, 17.05398019123798647, 31.86658154130200060 ) ) ;
#3598 = CARTESIAN_POINT ( 'NONE',  ( -0.8000000000000000444, 5.000000000000000000, 24.00000000000000000 ) ) ;
#3599 = CARTESIAN_POINT ( 'NONE',  ( 16.50000000000000000, 10.00000000000000000, 33.39791576165600162 ) ) ;
#3600 = CARTESIAN_POINT ( 'NONE',  ( -0.8651750354340004279, 3.644389999647000611, 32.17521767418499223 ) ) ;
#3601 = CARTESIAN_POINT ( 'NONE',  ( 19.78530594404200116, 20.10000000000000142, 29.30000000000000071 ) ) ;
#3602 = PLANE ( 'NONE',  #761 ) ;
#3603 = EDGE_LOOP ( 'NONE', ( #933, #3348, #2667, #4272 ) ) ;
#3604 = CARTESIAN_POINT ( 'NONE',  ( -1.043569825484000013, 17.00000000000000000, 31.94101055190799343 ) ) ;
#3605 = CARTESIAN_POINT ( 'NONE',  ( -0.8733633802310004635, 3.043882169103001800, 32.17238779661901305 ) ) ;
#3606 = CARTESIAN_POINT ( 'NONE',  ( 3.281562368766000937, 20.97948453982998274, 32.02727172864400274 ) ) ;
#3607 = CARTESIAN_POINT ( 'NONE',  ( 3.158681618591001605, -0.8451182226910001205, 32.20635692293100050 ) ) ;
#3608 = ORIENTED_EDGE ( 'NONE', *, *, #1764, .F. ) ;
#3609 = VECTOR ( 'NONE', #526, 1000.000000000000000 ) ;
#3610 = CARTESIAN_POINT ( 'NONE',  ( -2.414714541249066289E-06, 17.50000000000001066, 31.47786206557787736 ) ) ;
#3611 = EDGE_CURVE ( 'NONE', #1327, #851, #4212, .T. ) ;
#3612 = ADVANCED_FACE ( 'NONE', ( #829 ), #4057, .F. ) ;
#3613 = CARTESIAN_POINT ( 'NONE',  ( 2.281220550583999529, 14.39456763616500545, 33.95474162739500912 ) ) ;
#3614 = CARTESIAN_POINT ( 'NONE',  ( 3.133552988973001607, 0.08132989897099995869, 31.66241910918998670 ) ) ;
#3615 = CARTESIAN_POINT ( 'NONE',  ( 4.979053127853997118, 2.155130431245000810, 33.30324366482101794 ) ) ;
#3616 = CARTESIAN_POINT ( 'NONE',  ( 2.494042179878997789, -0.9501788731469997806, 32.05190639158097810 ) ) ;
#3617 = CARTESIAN_POINT ( 'NONE',  ( 2.189701427486999474, 4.987002466903998510, 33.31542532506301058 ) ) ;
#3618 = EDGE_CURVE ( 'NONE', #3374, #3762, #1211, .T. ) ;
#3619 = DIRECTION ( 'NONE',  ( 0.000000000000000000, 0.000000000000000000, 1.000000000000000000 ) ) ;
#3620 = CARTESIAN_POINT ( 'NONE',  ( 2.294124273937998115, 15.00193930203101900, 33.34030751797300240 ) ) ;
#3621 = CARTESIAN_POINT ( 'NONE',  ( 2.500000000000000000, 2.500000000000000000, 30.59999999999999787 ) ) ;
#3622 = CARTESIAN_POINT ( 'NONE',  ( 5.000000000000000000, 17.55623865946598272, 33.96898230753402004 ) ) ;
#3623 = CARTESIAN_POINT ( 'NONE',  ( 2.855691844565999560, 5.580165890478001600, 34.00000000000000000 ) ) ;
#3624 = CARTESIAN_POINT ( 'NONE',  ( 4.949489742783000246, 0.5999999999999999778, 30.00000000000000000 ) ) ;
#3625 = AXIS2_PLACEMENT_3D ( 'NONE', #639, #4200, #2005 ) ;
#3626 = DIRECTION ( 'NONE',  ( 1.000000000000000000, 0.000000000000000000, 0.000000000000000000 ) ) ;
#3627 = ORIENTED_EDGE ( 'NONE', *, *, #3550, .T. ) ;
#3628 = CARTESIAN_POINT ( 'NONE',  ( 3.201229299767000658, 21.00122373050401237, 31.99848792201400727 ) ) ;
#3629 = CARTESIAN_POINT ( 'NONE',  ( 0.04613456214752999912, 17.02098256578399926, 31.60587658309902181 ) ) ;
#3630 = CARTESIAN_POINT ( 'NONE',  ( 4.543195005603999803, 19.97731250277198001, 33.03243441352402243 ) ) ;
#3631 = AXIS2_PLACEMENT_3D ( 'NONE', #3133, #288, #2790 ) ;
#3632 = CARTESIAN_POINT ( 'NONE',  ( 3.015582786577001517, -0.8793513135190000884, 32.16510222409598185 ) ) ;
#3633 = ORIENTED_EDGE ( 'NONE', *, *, #2148, .T. ) ;
#3634 = CIRCLE ( 'NONE', #1598, 7.100000000000000533 ) ;
#3635 = CARTESIAN_POINT ( 'NONE',  ( 2.235800434293999217, 21.10701405474901549, 31.77754733177499347 ) ) ;
#3636 = EDGE_LOOP ( 'NONE', ( #2968, #2098, #605, #746 ) ) ;
#3637 = CARTESIAN_POINT ( 'NONE',  ( 1.141068429782000404, 14.78750348669799664, 33.65046664177899771 ) ) ;
#3638 = EDGE_CURVE ( 'NONE', #2991, #2430, #3936, .T. ) ;
#3639 = CARTESIAN_POINT ( 'NONE',  ( 4.012528260758998044, 0.4898637278380001403, 32.23163079171399659 ) ) ;
#3640 = CIRCLE ( 'NONE', #1231, 3.099999999999999645 ) ;
#3641 = CARTESIAN_POINT ( 'NONE',  ( 4.541634736423998397, 1.023598550600998802, 32.74717795036998780 ) ) ;
#3642 = CARTESIAN_POINT ( 'NONE',  ( 1.061394808288000702, -0.6916525916140000563, 31.81110461002401379 ) ) ;
#3643 = CARTESIAN_POINT ( 'NONE',  ( 1.318801405752000999, 4.920900361930003797, 33.52936655423098955 ) ) ;
#3644 = AXIS2_PLACEMENT_3D ( 'NONE', #2091, #2547, #3979 ) ;
#3645 = CARTESIAN_POINT ( 'NONE',  ( 4.919457735575996082, 18.18159191616702230, 33.20132153214301240 ) ) ;
#3646 = CARTESIAN_POINT ( 'NONE',  ( 0.06705954902113997473, 16.92242743283997441, 31.91125764530299591 ) ) ;
#3647 = CARTESIAN_POINT ( 'NONE',  ( 17.00000000000000000, 22.00000000000000000, 29.00000000000000000 ) ) ;
#3648 = EDGE_CURVE ( 'NONE', #2741, #3199, #1, .T. ) ;
#3649 = CARTESIAN_POINT ( 'NONE',  ( 2.267597813173003019, -1.107673892527000215, 31.78393898499701109 ) ) ;
#3650 = CARTESIAN_POINT ( 'NONE',  ( 2.132693931988999925, 5.597381903177005569, 33.93110924765601766 ) ) ;
#3651 = CARTESIAN_POINT ( 'NONE',  ( 4.949489742783000246, 19.40000000000000213, 30.00000000000000000 ) ) ;
#3652 = CARTESIAN_POINT ( 'NONE',  ( 19.95659954947974413, 0.6959289305841487305, 30.00000000000000000 ) ) ;
#3653 = ORIENTED_EDGE ( 'NONE', *, *, #1973, .T. ) ;
#3654 = CARTESIAN_POINT ( 'NONE',  ( 5.600132949647001368, 17.81956423749201690, 33.93877638238998884 ) ) ;
#3655 = CARTESIAN_POINT ( 'NONE',  ( -1.020165150259999542, 3.120235443039001133, 31.97298027481300053 ) ) ;
#3656 = CARTESIAN_POINT ( 'NONE',  ( 2.957954502353001836, 20.89052183891999093, 32.15143815002801375 ) ) ;
#3657 = CARTESIAN_POINT ( 'NONE',  ( 5.597461037875001821, 2.232636729699002842, 33.94257679769602021 ) ) ;
#3658 = ORIENTED_EDGE ( 'NONE', *, *, #2263, .F. ) ;
#3659 = CARTESIAN_POINT ( 'NONE',  ( 0.3223463931900001356, 20.22642979188900370, 31.75087954536699186 ) ) ;
#3660 = VERTEX_POINT ( 'NONE', #2259 ) ;
#3661 = DIRECTION ( 'NONE',  ( 1.000000000000000000, 0.000000000000000000, 0.000000000000000000 ) ) ;
#3662 = CARTESIAN_POINT ( 'NONE',  ( 19.95659954948015979, 19.30407106941383333, 30.00000000000000000 ) ) ;
#3663 = CARTESIAN_POINT ( 'NONE',  ( 4.997850108425001991, 2.360164203717002529, 33.34947495835300657 ) ) ;
#3664 = CARTESIAN_POINT ( 'NONE',  ( -0.1409153509979999275, 0.2199062625869998844, 31.74713380104402916 ) ) ;
#3665 = CARTESIAN_POINT ( 'NONE',  ( 0.03233430489953999926, 2.902128442037000156, 31.85451140833702155 ) ) ;
#3666 = CARTESIAN_POINT ( 'NONE',  ( 0.05549922339242999852, 1.429063076220999040, 31.79894839848100574 ) ) ;
#3667 = CARTESIAN_POINT ( 'NONE',  ( 2.576594291716001184, 14.94442269299799619, 33.70289286429598974 ) ) ;
#3668 = CARTESIAN_POINT ( 'NONE',  ( 0.001503637712330269365, 2.601893211745301748, 31.50354413380649277 ) ) ;
#3669 = FACE_OUTER_BOUND ( 'NONE', #2386, .T. ) ;
#3670 = EDGE_CURVE ( 'NONE', #2849, #2991, #3385, .T. ) ;
#3671 = CARTESIAN_POINT ( 'NONE',  ( 3.135594920452999812, 19.91833677503898414, 31.93477693453400335 ) ) ;
#3672 = EDGE_CURVE ( 'NONE', #1509, #1079, #475, .T. ) ;
#3673 = CARTESIAN_POINT ( 'NONE',  ( 4.624172068944999658, 0.6812671036009999570, 30.08126710360100020 ) ) ;
#3674 = DIRECTION ( 'NONE',  ( 0.000000000000000000, 0.000000000000000000, -1.000000000000000000 ) ) ;
#3675 = CARTESIAN_POINT ( 'NONE',  ( 19.97620701787336728, 0.8405804882293139713, 30.00000000000000000 ) ) ;
#3676 = EDGE_LOOP ( 'NONE', ( #2508, #2999, #1108, #1962 ) ) ;
#3677 = CARTESIAN_POINT ( 'NONE',  ( -0.5614174273289997963, 19.48331220647501283, 31.52348654749502188 ) ) ;
#3678 = CARTESIAN_POINT ( 'NONE',  ( 0.7625837061020004359, 15.67889257186902441, 32.52307401661401087 ) ) ;
#3679 = CARTESIAN_POINT ( 'NONE',  ( 2.996376838277002186, 20.88330989405899984, 32.16027575485401258 ) ) ;
#3680 = CARTESIAN_POINT ( 'NONE',  ( 5.361935973338998629, 1.043275828316999831, 33.61022523377502580 ) ) ;
#3681 = VERTEX_POINT ( 'NONE', #3141 ) ;
#3682 = DIRECTION ( 'NONE',  ( -8.673617379884034239E-17, 1.000000000000000000, 0.000000000000000000 ) ) ;
#3683 = ORIENTED_EDGE ( 'NONE', *, *, #867, .T. ) ;
#3684 = AXIS2_PLACEMENT_3D ( 'NONE', #2114, #1355, #4267 ) ;
#3685 = CARTESIAN_POINT ( 'NONE',  ( 0.7410633786040000670, 4.564673629858999604, 30.14106337860399876 ) ) ;
#3686 = CARTESIAN_POINT ( 'NONE',  ( 4.371082649854002966, 0.8058830321030001631, 32.79877708132999459 ) ) ;
#3687 = ORIENTED_EDGE ( 'NONE', *, *, #2299, .T. ) ;
#3688 = PLANE ( 'NONE',  #2052 ) ;
#3689 = APPROVAL_STATUS ( 'not_yet_approved' ) ;
#3690 = CARTESIAN_POINT ( 'NONE',  ( 2.461075813953998104, 5.057883898485997065, 33.69055415826398558 ) ) ;
#3691 = CARTESIAN_POINT ( 'NONE',  ( 0.3593409044359997528, 0.9156742507580004631, 31.74518919999799138 ) ) ;
#3692 = CARTESIAN_POINT ( 'NONE',  ( -0.1136515515340000837, 16.35928035377500578, 32.53744540900098769 ) ) ;
#3693 = CARTESIAN_POINT ( 'NONE',  ( 0.8022739024160000509, -0.1000000000000000056, 24.00000000000000000 ) ) ;
#3694 = CARTESIAN_POINT ( 'NONE',  ( 3.591549295775004591, 8.912912344143995469, 34.00000000000000000 ) ) ;
#3695 = CARTESIAN_POINT ( 'NONE',  ( 5.051020522835997006, 17.53082880188699733, 33.68656234932799265 ) ) ;
#3696 = CARTESIAN_POINT ( 'NONE',  ( 0.03812749770920999259, 17.06504737905800084, 31.59310122062500170 ) ) ;
#3697 = DIRECTION ( 'NONE',  ( 1.000000000000000000, 0.000000000000000000, 0.000000000000000000 ) ) ;
#3698 = ADVANCED_FACE ( 'NONE', ( #2472 ), #3879, .T. ) ;
#3699 = CARTESIAN_POINT ( 'NONE',  ( 19.99881159798700025, 1.141896825120999992, 30.00000000000000000 ) ) ;
#3700 = ORIENTED_EDGE ( 'NONE', *, *, #571, .F. ) ;
#3701 = CARTESIAN_POINT ( 'NONE',  ( 2.494067805318001430, 21.10571999024602619, 31.82994246886300260 ) ) ;
#3702 = DIRECTION ( 'NONE',  ( 0.000000000000000000, -1.000000000000000000, 0.000000000000000000 ) ) ;
#3703 = DIRECTION ( 'NONE',  ( 0.000000000000000000, 0.000000000000000000, 1.000000000000000000 ) ) ;
#3704 = CARTESIAN_POINT ( 'NONE',  ( 4.172729860668002111, -0.5832287771930003695, 32.50888738184598736 ) ) ;
#3705 = ORIENTED_EDGE ( 'NONE', *, *, #2029, .F. ) ;
#3706 = DIRECTION ( 'NONE',  ( -0.7071067811865475727, 0.7071067811865475727, 0.000000000000000000 ) ) ;
#3707 = CARTESIAN_POINT ( 'NONE',  ( 0.6251025915180000725, 4.745011979879999231, 30.02510259151800298 ) ) ;
#3708 = TOROIDAL_SURFACE ( 'NONE', #2740, 7.100000000000000533, 0.5999999999999999778 ) ;
#3709 = CARTESIAN_POINT ( 'NONE',  ( 3.066692932081998446, -0.07146730668244001550, 32.14919634306199470 ) ) ;
#3710 = ORIENTED_EDGE ( 'NONE', *, *, #4054, .T. ) ;
#3711 = CARTESIAN_POINT ( 'NONE',  ( 1.362338992535998994, 19.91490754829201748, 31.78919214590897013 ) ) ;
#3712 = COORDINATED_UNIVERSAL_TIME_OFFSET ( 3, 0, .AHEAD. ) ;
#3713 = CARTESIAN_POINT ( 'NONE',  ( 0.2532598510090002808, 4.178278386374000952, 32.89747036211400655 ) ) ;
#3714 = APPROVAL_PERSON_ORGANIZATION ( #1608, #1530, #444 ) ;
#3715 = CARTESIAN_POINT ( 'NONE',  ( 0.03233430489947999864, 2.902128442035999178, 31.85451140833702155 ) ) ;
#3716 = CARTESIAN_POINT ( 'NONE',  ( 0.2554022515709999941, 15.81834571006699797, 32.89830093058699134 ) ) ;
#3717 = CARTESIAN_POINT ( 'NONE',  ( 4.635415650406000232, 1.199999999999999956, 30.59999999999999787 ) ) ;
#3718 = DIRECTION ( 'NONE',  ( 0.000000000000000000, 0.000000000000000000, 1.000000000000000000 ) ) ;
#3719 = VECTOR ( 'NONE', #2270, 1000.000000000000000 ) ;
#3720 = CARTESIAN_POINT ( 'NONE',  ( 4.952566307662995548, 18.05236423855699357, 33.42237538478199355 ) ) ;
#3721 = LINE ( 'NONE', #1615, #1989 ) ;
#3722 = CARTESIAN_POINT ( 'NONE',  ( 18.16598799718599722, 21.81494403636999380, 29.00000000000000000 ) ) ;
#3723 =( BOUNDED_CURVE ( )  B_SPLINE_CURVE ( 13, ( #1709, #4244, #2142, #4659, #4382, #3929, #2868, #2236, #1851, #4357, #3668, #1492, #3577, #3263 ),
 .UNSPECIFIED., .F., .F. ) 
 B_SPLINE_CURVE_WITH_KNOTS ( ( 14, 14 ),
 ( 23.04460036023600011, 23.50764680764769921 ),
 .UNSPECIFIED. ) 
 CURVE ( )  GEOMETRIC_REPRESENTATION_ITEM ( )  RATIONAL_B_SPLINE_CURVE ( ( 1.081506407463000086, 1.081706514027763522, 1.081903184109381133, 1.082097102098607655, 1.082288870634572131, 1.082478996366796231, 1.082667872064677628, 1.082855770380835025, 1.083042850468409757, 1.083229173594671968, 1.083414723078772735, 1.083599424763513008, 1.083783165549298211, 1.083965808718104329 ) ) 
 REPRESENTATION_ITEM ( '' )  );
#3724 = ORIENTED_EDGE ( 'NONE', *, *, #1771, .F. ) ;
#3725 = DIRECTION ( 'NONE',  ( 1.700000000000000014E-16, 1.000000000000000000, 0.000000000000000000 ) ) ;
#3726 = CARTESIAN_POINT ( 'NONE',  ( -2.000000000000000000, 17.00000000000000000, 25.19999999999999929 ) ) ;
#3727 = CARTESIAN_POINT ( 'NONE',  ( -0.1000000000000000056, -0.1000000000000000056, 29.30000000000000071 ) ) ;
#3728 = CARTESIAN_POINT ( 'NONE',  ( 2.934711933021000085, 19.96191501382300260, 31.59302160561700035 ) ) ;
#3729 = ORIENTED_EDGE ( 'NONE', *, *, #745, .F. ) ;
#3730 = EDGE_CURVE ( 'NONE', #4438, #4555, #4245, .T. ) ;
#3731 = CARTESIAN_POINT ( 'NONE',  ( -1.399999999999999911, 17.00000000000000000, 24.60000000000000142 ) ) ;
#3732 = CARTESIAN_POINT ( 'NONE',  ( 3.374557621520002382, 0.1475700421670002316, 32.03968324030901016 ) ) ;
#3733 = ORIENTED_EDGE ( 'NONE', *, *, #1657, .T. ) ;
#3734 = CARTESIAN_POINT ( 'NONE',  ( 1.274047119571000142, 19.70197274415200184, 31.23573664023101060 ) ) ;
#3735 = DIRECTION ( 'NONE',  ( 0.000000000000000000, 0.000000000000000000, 1.000000000000000000 ) ) ;
#3736 = EDGE_CURVE ( 'NONE', #4647, #1301, #948, .T. ) ;
#3737 = CARTESIAN_POINT ( 'NONE',  ( 2.911452033932000028, 14.98239766008600427, 33.71662514354901674 ) ) ;
#3738 = CARTESIAN_POINT ( 'NONE',  ( -0.9730775327299996391, 16.69733043932499683, 32.03563217439702271 ) ) ;
#3739 = FACE_BOUND ( 'NONE', #3795, .T. ) ;
#3740 = CARTESIAN_POINT ( 'NONE',  ( 4.383662191624001281, 19.16069607060699909, 32.58324274502099627 ) ) ;
#3741 = DIRECTION ( 'NONE',  ( 1.000000000000000000, 0.000000000000000000, 0.000000000000000000 ) ) ;
#3742 = ORIENTED_EDGE ( 'NONE', *, *, #1248, .F. ) ;
#3743 = CARTESIAN_POINT ( 'NONE',  ( 5.537367281051109202, 3.120000000000164420, 33.39999999999999858 ) ) ;
#3744 = CARTESIAN_POINT ( 'NONE',  ( 0.8606372336619998453, 15.57950632227201915, 32.61210537372799934 ) ) ;
#3745 = LINE ( 'NONE', #3391, #2523 ) ;
#3746 =( BOUNDED_SURFACE ( )  B_SPLINE_SURFACE ( 2, 4, ( 
 ( #165, #3430, #877, #255, #567 ),
 ( #3783, #610, #4169, #974, #4517 ),
 ( #4543, #1309, #3049, #588, #2401 ) ),
 .UNSPECIFIED., .F., .F., .T. ) 
 B_SPLINE_SURFACE_WITH_KNOTS ( ( 3, 3 ),
 ( 5, 5 ),
 ( 0.000000000000000000, 1.092220376835000062 ),
 ( 40.84070449482099718, 41.93292487165599880 ),
 .UNSPECIFIED. ) 
 GEOMETRIC_REPRESENTATION_ITEM ( )  RATIONAL_B_SPLINE_SURFACE ( (
 ( 1.000000000000000000, 1.000000000000000000, 1.000000000000000000, 1.000000000000000000, 1.000000000000000000),
 ( 0.6922186552429999695, 0.6922186552440000584, 0.6947887684469999936, 0.6999122167129999683, 0.7071067811869999886),
 ( 1.000000000000000000, 1.000000000000000000, 1.000000000000000000, 1.000000000000000000, 1.000000000000000000) ) ) 
 REPRESENTATION_ITEM ( '' )  SURFACE ( )  );
#3747 = CARTESIAN_POINT ( 'NONE',  ( 19.79105714739100108, 20.10000000000000142, 29.00000000000000000 ) ) ;
#3748 = ORIENTED_EDGE ( 'NONE', *, *, #2668, .T. ) ;
#3749 = CARTESIAN_POINT ( 'NONE',  ( 18.42478068487799803, 20.10000000000000142, 24.00000000000000000 ) ) ;
#3750 = DIRECTION ( 'NONE',  ( -0.7071067811865475727, 0.000000000000000000, 0.7071067811865475727 ) ) ;
#3751 = CARTESIAN_POINT ( 'NONE',  ( 3.120901229827998336, 0.07785281057757002798, 31.92865690684702429 ) ) ;
#3752 = EDGE_CURVE ( 'NONE', #1232, #487, #586, .T. ) ;
#3753 = ORIENTED_EDGE ( 'NONE', *, *, #1848, .F. ) ;
#3754 = CARTESIAN_POINT ( 'NONE',  ( 0.0003457664453721002117, 17.29423062364698183, 31.80118214866299908 ) ) ;
#3755 = EDGE_CURVE ( 'NONE', #438, #3056, #3899, .T. ) ;
#3756 = CARTESIAN_POINT ( 'NONE',  ( 1.923666570325001546, 15.00513725503899209, 33.57897636712800704 ) ) ;
#3757 = CARTESIAN_POINT ( 'NONE',  ( 0.8132664210880002909, 14.72457704719799132, 33.51210889711600771 ) ) ;
#3758 = DIRECTION ( 'NONE',  ( 0.000000000000000000, 1.000000000000000000, 0.000000000000000000 ) ) ;
#3759 = CARTESIAN_POINT ( 'NONE',  ( 3.140872062812998244, 19.91681867494897062, 31.66539149266202102 ) ) ;
#3760 = CARTESIAN_POINT ( 'NONE',  ( 2.500000000000000000, 2.500000000000000000, 30.00000000000000000 ) ) ;
#3761 = CARTESIAN_POINT ( 'NONE',  ( 18.84364015992499830, 21.39900052719499612, 31.57687484794443478 ) ) ;
#3762 = VERTEX_POINT ( 'NONE', #999 ) ;
#3763 = DIRECTION ( 'NONE',  ( 0.000000000000000000, 0.000000000000000000, 1.000000000000000000 ) ) ;
#3764 = ORIENTED_EDGE ( 'NONE', *, *, #4136, .T. ) ;
#3765 = CARTESIAN_POINT ( 'NONE',  ( 2.294124273937998115, 15.00193930203101900, 33.34030751797299530 ) ) ;
#3766 = DIRECTION ( 'NONE',  ( 1.000000000000000000, 0.000000000000000000, 0.000000000000000000 ) ) ;
#3767 = CARTESIAN_POINT ( 'NONE',  ( 19.99999999999999645, 1.598389328618372351, 31.39269908169900702 ) ) ;
#3768 = ORIENTED_EDGE ( 'NONE', *, *, #344, .T. ) ;
#3769 = CARTESIAN_POINT ( 'NONE',  ( 2.903225806451999791, 4.967267506577000447, 33.39999999999999858 ) ) ;
#3770 = AXIS2_PLACEMENT_3D ( 'NONE', #188, #2329, #3142 ) ;
#3771 = CC_DESIGN_PERSON_AND_ORGANIZATION_ASSIGNMENT ( #160, #1996, ( #1964 ) ) ;
#3772 = CARTESIAN_POINT ( 'NONE',  ( 3.000000000000000000, 22.00000000000000000, 24.00000000000000000 ) ) ;
#3773 = VECTOR ( 'NONE', #2353, 1000.000000000000114 ) ;
#3774 = CARTESIAN_POINT ( 'NONE',  ( 3.085955417370998433, -0.3104285296389997506, 32.30143385622597663 ) ) ;
#3775 = ORIENTED_EDGE ( 'NONE', *, *, #519, .F. ) ;
#3776 = CARTESIAN_POINT ( 'NONE',  ( 1.099467839840000183, 19.58781659642600914, 31.49669330234002373 ) ) ;
#3777 = DIRECTION ( 'NONE',  ( 0.000000000000000000, 0.000000000000000000, 1.000000000000000000 ) ) ;
#3778 = CIRCLE ( 'NONE', #992, 0.5999999999999998668 ) ;
#3779 = CARTESIAN_POINT ( 'NONE',  ( -0.8448645268409997744, 16.84071666680901558, 32.20665558906701165 ) ) ;
#3780 = CARTESIAN_POINT ( 'NONE',  ( 2.135505529428621152, -0.4777718866107728002, 28.92222811338922028 ) ) ;
#3781 = AXIS2_PLACEMENT_3D ( 'NONE', #1269, #4489, #1250 ) ;
#3782 = AXIS2_PLACEMENT_3D ( 'NONE', #520, #1256, #3048 ) ;
#3783 = CARTESIAN_POINT ( 'NONE',  ( 16.50000000000000355, 10.00000000000000000, 34.02345900382798760 ) ) ;
#3784 = CARTESIAN_POINT ( 'NONE',  ( 3.924525700619000634, 19.70071549284900314, 32.61929310108201463 ) ) ;
#3785 = CARTESIAN_POINT ( 'NONE',  ( -2.000000000000000000, -2.000000000000000000, 34.00000000000000000 ) ) ;
#3786 = APPROVAL_PERSON_ORGANIZATION ( #3328, #4669, #3400 ) ;
#3787 = CARTESIAN_POINT ( 'NONE',  ( 10.00000000000000000, 10.00000000000000000, 30.59999999999999787 ) ) ;
#3788 = TOROIDAL_SURFACE ( 'NONE', #1752, 7.000000000000000000, 1.100000000000000089 ) ;
#3789 = CARTESIAN_POINT ( 'NONE',  ( 10.21947927519799926, 3.481603965441999904, 33.39818303367099617 ) ) ;
#3790 = LINE ( 'NONE', #2025, #221 ) ;
#3791 = ORIENTED_EDGE ( 'NONE', *, *, #2584, .T. ) ;
#3792 = CARTESIAN_POINT ( 'NONE',  ( 10.00000000000000000, 10.00000000000000000, 32.00000000000000000 ) ) ;
#3793 = DIRECTION ( 'NONE',  ( -0.7599999999999391687, -0.6499230723709480406, 0.000000000000000000 ) ) ;
#3794 = CARTESIAN_POINT ( 'NONE',  ( 17.00000000000000000, -2.000000000000000000, 28.99999999999999289 ) ) ;
#3795 = EDGE_LOOP ( 'NONE', ( #1617, #553 ) ) ;
#3796 = PLANE ( 'NONE',  #4243 ) ;
#3797 = CARTESIAN_POINT ( 'NONE',  ( 2.445733093101000399, 5.156015634621995858, 33.82425139926201751 ) ) ;
#3798 = CARTESIAN_POINT ( 'NONE',  ( 0.2620831061419998664, 1.332390496817999592, 31.24189545395302403 ) ) ;
#3799 = CARTESIAN_POINT ( 'NONE',  ( 1.529847939702002169, 4.813129966151003636, 33.06293649501400012 ) ) ;
#3800 = CARTESIAN_POINT ( 'NONE',  ( 5.139415501576001688, 2.209139767221000916, 33.78550102266500943 ) ) ;
#3801 = ORIENTED_EDGE ( 'NONE', *, *, #3755, .T. ) ;
#3802 = CARTESIAN_POINT ( 'NONE',  ( 1.610155149865999391, 19.86444795148397802, 31.56004171082099674 ) ) ;
#3803 = CARTESIAN_POINT ( 'NONE',  ( 2.821751381443998508, 14.73389403097899297, 33.94784540574099907 ) ) ;
#3804 = AXIS2_PLACEMENT_3D ( 'NONE', #2166, #1425, #2595 ) ;
#3805 = CARTESIAN_POINT ( 'NONE',  ( -0.1000000000000000056, 0.5999999999999999778, 0.000000000000000000 ) ) ;
#3806 = CARTESIAN_POINT ( 'NONE',  ( 0.5999999999999999778, -0.1000000000000000056, 24.12045915678299934 ) ) ;
#3807 = CARTESIAN_POINT ( 'NONE',  ( 2.923890371930003340, 20.34677811503501843, 32.25569558830600414 ) ) ;
#3808 = CARTESIAN_POINT ( 'NONE',  ( 0.2086110247449042832, 1.332870517984342973, 29.60861102474490281 ) ) ;
#3809 = CARTESIAN_POINT ( 'NONE',  ( 20.00000000000000000, 18.40161067138162920, 31.39269908169899992 ) ) ;
#3810 = ADVANCED_FACE ( 'NONE', ( #2399 ), #2110, .T. ) ;
#3811 = VERTEX_POINT ( 'NONE', #4215 ) ;
#3812 = CARTESIAN_POINT ( 'NONE',  ( -2.414714541249066289E-06, 17.50000000000001066, 31.47786206557787736 ) ) ;
#3813 = ORIENTED_EDGE ( 'NONE', *, *, #489, .T. ) ;
#3814 = LINE ( 'NONE', #1318, #4094 ) ;
#3815 = ADVANCED_FACE ( 'NONE', ( #3097 ), #4608, .F. ) ;
#3816 = CARTESIAN_POINT ( 'NONE',  ( 8.912912344144000798, 16.40845070422500029, 33.39999999999999858 ) ) ;
#3817 = CARTESIAN_POINT ( 'NONE',  ( 0.000000000000000000, 2.500000000000000444, 20.00000000000000000 ) ) ;
#3818 = ORIENTED_EDGE ( 'NONE', *, *, #461, .F. ) ;
#3819 = CARTESIAN_POINT ( 'NONE',  ( 19.79105714739100108, -0.1000000000000000056, 29.00000000000000000 ) ) ;
#3820 = CARTESIAN_POINT ( 'NONE',  ( -0.3041527369069998432, 3.109339264630001765, 32.30918014420398521 ) ) ;
#3821 = ADVANCED_FACE ( 'NONE', ( #1022 ), #2800, .F. ) ;
#3822 = CARTESIAN_POINT ( 'NONE',  ( 1.171338407645000412, 0.3609208029080001601, 31.22471135564699196 ) ) ;
#3823 = DIRECTION ( 'NONE',  ( 0.000000000000000000, -1.000000000000000000, 0.000000000000000000 ) ) ;
#3824 = CARTESIAN_POINT ( 'NONE',  ( 4.173569574147000694, 0.2504233255960000570, 32.89317486822697845 ) ) ;
#3825 = ORIENTED_EDGE ( 'NONE', *, *, #984, .T. ) ;
#3826 = CARTESIAN_POINT ( 'NONE',  ( -0.3524565496760000971, 17.10867971553199141, 32.24848758640501956 ) ) ;
#3827 = CARTESIAN_POINT ( 'NONE',  ( 2.569239164118002794, 14.84639877572700684, 33.83674735932997635 ) ) ;
#3828 = CARTESIAN_POINT ( 'NONE',  ( 19.85114864891313147, 0.09856851704617289323, 29.49856851704633343 ) ) ;
#3829 = CARTESIAN_POINT ( 'NONE',  ( -0.1000000000000000056, 20.10000000000000142, 0.000000000000000000 ) ) ;
#3830 = CARTESIAN_POINT ( 'NONE',  ( 3.576615962187998932, 19.90696999848302440, 32.37918905022098670 ) ) ;
#3831 = CARTESIAN_POINT ( 'NONE',  ( 3.211378960540999472, -0.9984268461119998328, 32.00218552357399204 ) ) ;
#3832 = DIRECTION ( 'NONE',  ( 1.000000000000000000, 0.000000000000000000, 0.000000000000000000 ) ) ;
#3833 = CLOSED_SHELL ( 'NONE', ( #1332, #2927, #2406, #2920, #3612, #1590, #1334, #1391, #3175, #3122, #4657, #1191, #4508, #3120, #4337, #2923, #2199, #2411, #892, #1020, #3815, #2054, #896, #4227, #3026, #2003, #3495, #254, #3698, #1069, #2946, #2695, #223, #1861, #958, #3088, #1728, #2781, #1472, #116, #3201, #631, #1496, #1271, #1795, #120, #3584, #2557, #54, #727, #1314, #3810, #4424, #3841, #3821, #278, #2841, #313, #657, #3989, #4649, #1445, #4282, #2233, #1679, #491, #1732, #3061, #175, #3143, #4255, #2151, #1538, #1164, #512, #601, #3897, #4083, #1201, #4114, #4257, #1212, #1307 ) ) ;
#3834 = VERTEX_POINT ( 'NONE', #1659 ) ;
#3835 = CARTESIAN_POINT ( 'NONE',  ( -3.500000000000000000, 15.00000000000000000, 24.00000000000000000 ) ) ;
#3836 = ORIENTED_EDGE ( 'NONE', *, *, #714, .F. ) ;
#3837 = CYLINDRICAL_SURFACE ( 'NONE', #1289, 5.000000000000000000 ) ;
#3838 = CARTESIAN_POINT ( 'NONE',  ( 11.08708765585600275, 16.40845070422499319, 34.00000000000000000 ) ) ;
#3839 = EDGE_CURVE ( 'NONE', #2561, #823, #2724, .T. ) ;
#3840 = DIRECTION ( 'NONE',  ( 0.000000000000000000, 0.000000000000000000, 1.000000000000000000 ) ) ;
#3841 = ADVANCED_FACE ( 'NONE', ( #298 ), #1308, .F. ) ;
#3842 = ORIENTED_EDGE ( 'NONE', *, *, #661, .T. ) ;
#3843 = CARTESIAN_POINT ( 'NONE',  ( 0.6812671036049999795, 15.37582793106099999, 30.08126710360500056 ) ) ;
#3844 = CARTESIAN_POINT ( 'NONE',  ( 2.151461997117002589, 5.436280036092998813, 33.93369800882902609 ) ) ;
#3845 = CARTESIAN_POINT ( 'NONE',  ( -0.3524628243850002063, 2.891384671689998687, 32.24845071147297659 ) ) ;
#3846 = CARTESIAN_POINT ( 'NONE',  ( 3.000000000000000000, 17.00000000000000000, 29.00000000000000000 ) ) ;
#3847 = CARTESIAN_POINT ( 'NONE',  ( 5.148898062251997310, 2.454346916200000894, 33.82031441689601792 ) ) ;
#3848 = ORIENTED_EDGE ( 'NONE', *, *, #3466, .T. ) ;
#3849 = CARTESIAN_POINT ( 'NONE',  ( -0.08812179147549006886, 18.89585298032801930, 31.92492303485999727 ) ) ;
#3850 = VECTOR ( 'NONE', #1666, 1000.000000000000000 ) ;
#3851 = CARTESIAN_POINT ( 'NONE',  ( 2.449520770675003067, 14.84405281652199093, 33.82463842181702063 ) ) ;
#3852 = DIRECTION ( 'NONE',  ( 0.000000000000000000, 0.000000000000000000, 1.000000000000000000 ) ) ;
#3853 = CIRCLE ( 'NONE', #2510, 6.500000000000000888 ) ;
#3854 = CARTESIAN_POINT ( 'NONE',  ( 17.00000000000000000, 3.000000000000000000, 34.00000000000000000 ) ) ;
#3855 = CARTESIAN_POINT ( 'NONE',  ( 4.083099691197999981, 20.10802653148099850, 32.81434488669399485 ) ) ;
#3856 = CARTESIAN_POINT ( 'NONE',  ( 17.10000000000000142, 10.00000000000000000, 30.59999999999999787 ) ) ;
#3857 = FACE_OUTER_BOUND ( 'NONE', #2534, .T. ) ;
#3858 = AXIS2_PLACEMENT_3D ( 'NONE', #1352, #1279, #4193 ) ;
#3859 = CARTESIAN_POINT ( 'NONE',  ( 3.000000000000000000, 3.000000000000000000, 29.00000000000000000 ) ) ;
#3860 = FACE_OUTER_BOUND ( 'NONE', #3033, .T. ) ;
#3861 = VERTEX_POINT ( 'NONE', #1330 ) ;
#3862 = DIRECTION ( 'NONE',  ( 0.000000000000000000, 0.000000000000000000, 1.000000000000000000 ) ) ;
#3863 =( GEOMETRIC_REPRESENTATION_CONTEXT ( 3 ) GLOBAL_UNCERTAINTY_ASSIGNED_CONTEXT ( ( #3380 ) ) GLOBAL_UNIT_ASSIGNED_CONTEXT ( ( #1924, #3021, #2278 ) ) REPRESENTATION_CONTEXT ( 'NONE', 'WORKASPACE' ) );
#3864 = CARTESIAN_POINT ( 'NONE',  ( -2.000000000000000000, 17.00000000000000000, 34.00000000000000000 ) ) ;
#3865 = CIRCLE ( 'NONE', #4175, 5.000000000000000000 ) ;
#3866 = CARTESIAN_POINT ( 'NONE',  ( 18.52234270993699994, 0.2860148129382208970, 33.63306251687299664 ) ) ;
#3867 = ORIENTED_EDGE ( 'NONE', *, *, #4592, .T. ) ;
#3868 = CARTESIAN_POINT ( 'NONE',  ( 0.7134650104370000578, 15.41178457853200001, 30.11346501043699675 ) ) ;
#3869 = CARTESIAN_POINT ( 'NONE',  ( -0.3228698202710001408, 3.036676002525999785, 32.28585472995399641 ) ) ;
#3870 = VECTOR ( 'NONE', #3960, 1000.000000000000000 ) ;
#3871 = CARTESIAN_POINT ( 'NONE',  ( 0.7494973706150003245, 0.1514280963269999114, 31.89800507169398358 ) ) ;
#3872 = CARTESIAN_POINT ( 'NONE',  ( 1.036359140149001323, 4.548102175378001988, 32.75399639424299636 ) ) ;
#3873 = CARTESIAN_POINT ( 'NONE',  ( 4.009753400726999928, 0.1300854312569999505, 32.78418986318099115 ) ) ;
#3874 = ORIENTED_EDGE ( 'NONE', *, *, #3638, .F. ) ;
#3875 =( BOUNDED_CURVE ( )  B_SPLINE_CURVE ( 6, ( #3728, #486, #2247, #864, #2318, #1960, #2578 ),
 .UNSPECIFIED., .F., .T. ) 
 B_SPLINE_CURVE_WITH_KNOTS ( ( 7, 7 ),
 ( 0.000000000000000000, 3.659723035149999859 ),
 .UNSPECIFIED. ) 
 CURVE ( )  GEOMETRIC_REPRESENTATION_ITEM ( )  RATIONAL_B_SPLINE_CURVE ( ( 1.081503655896999927, 1.024203155348999861, 0.9948530915739999259, 0.9850481038399999667, 0.9948530915739999259, 1.024203155348999861, 1.081503655896999927 ) ) 
 REPRESENTATION_ITEM ( '' )  );
#3876 = CARTESIAN_POINT ( 'NONE',  ( -0.4039270386780002831, 17.55111942894297883, 32.14952279579298278 ) ) ;
#3877 = EDGE_CURVE ( 'NONE', #2747, #22, #3231, .T. ) ;
#3878 = CARTESIAN_POINT ( 'NONE',  ( 0.5559537053969998421, 15.52958153739999680, 33.12559601003898280 ) ) ;
#3879 = PLANE ( 'NONE',  #1299 ) ;
#3880 = CARTESIAN_POINT ( 'NONE',  ( 0.07507615103958004132, 3.109349886991001899, 31.65245825227601983 ) ) ;
#3881 = CARTESIAN_POINT ( 'NONE',  ( 5.361935973338998629, 1.043275828316999831, 33.61022523377501869 ) ) ;
#3882 = CARTESIAN_POINT ( 'NONE',  ( 19.63306251687299664, 20.52234270993699283, 31.06334058815509636 ) ) ;
#3883 = PLANE ( 'NONE',  #2873 ) ;
#3884 = ORIENTED_EDGE ( 'NONE', *, *, #1881, .F. ) ;
#3885 = FACE_OUTER_BOUND ( 'NONE', #2673, .T. ) ;
#3886 = DIRECTION ( 'NONE',  ( 0.000000000000000000, 0.000000000000000000, -1.000000000000000000 ) ) ;
#3887 = CARTESIAN_POINT ( 'NONE',  ( 1.489627729613328298E-06, 2.356682132522253781, 31.44223109690045703 ) ) ;
#3888 = ORIENTED_EDGE ( 'NONE', *, *, #2008, .T. ) ;
#3889 = DIRECTION ( 'NONE',  ( 1.000000000000000000, 0.000000000000000000, 0.000000000000000000 ) ) ;
#3890 = CARTESIAN_POINT ( 'NONE',  ( 0.3881394447620001853, 4.590223804997997981, 33.19608283752499744 ) ) ;
#3891 = CARTESIAN_POINT ( 'NONE',  ( 1.165017579803000025, -0.4531188414189999403, 31.95222717474800334 ) ) ;
#3892 = CARTESIAN_POINT ( 'NONE',  ( 4.531614726515000413, 19.03274378537600242, 30.36725621462399971 ) ) ;
#3893 = CARTESIAN_POINT ( 'NONE',  ( 4.055072508258001029, -0.4371487746089999793, 32.65457579081302697 ) ) ;
#3894 = VERTEX_POINT ( 'NONE', #397 ) ;
#3895 = CARTESIAN_POINT ( 'NONE',  ( 0.1124260559909999180, 19.67959158644500661, 31.89069024686798315 ) ) ;
#3896 = CARTESIAN_POINT ( 'NONE',  ( -0.2716266879829998260, 15.75175256892699771, 32.79916325256198206 ) ) ;
#3897 = ADVANCED_FACE ( 'NONE', ( #4351 ), #3921, .T. ) ;
#3898 =( BOUNDED_CURVE ( )  B_SPLINE_CURVE ( 3, ( #2070, #3808, #1380, #1025 ),
 .UNSPECIFIED., .F., .F. ) 
 B_SPLINE_CURVE_WITH_KNOTS ( ( 4, 4 ),
 ( 2.434109441810471619, 3.141592653589793116 ),
 .UNSPECIFIED. ) 
 CURVE ( )  GEOMETRIC_REPRESENTATION_ITEM ( )  RATIONAL_B_SPLINE_CURVE ( ( 1.000000000000000000, 0.9587221013097929623, 0.9587221013097929623, 1.000000000000000000 ) ) 
 REPRESENTATION_ITEM ( '' )  );
#3899 = LINE ( 'NONE', #2823, #3561 ) ;
#3900 = EDGE_CURVE ( 'NONE', #243, #2973, #776, .T. ) ;
#3901 = CARTESIAN_POINT ( 'NONE',  ( 0.9801338014760007100, 4.508681644311005599, 32.93617993458703808 ) ) ;
#3902 = CARTESIAN_POINT ( 'NONE',  ( 16.50000000000000000, 10.00000000000000000, 30.59999999999999787 ) ) ;
#3903 = CARTESIAN_POINT ( 'NONE',  ( -0.1000000000000000056, 14.00000000000000000, 27.00000000000000000 ) ) ;
#3904 = PLANE ( 'NONE',  #1874 ) ;
#3905 = CARTESIAN_POINT ( 'NONE',  ( 5.559411708156000387, 17.00000000000000000, 34.00000000000000000 ) ) ;
#3906 = AXIS2_PLACEMENT_3D ( 'NONE', #3126, #1727, #4570 ) ;
#3907 = ORIENTED_EDGE ( 'NONE', *, *, #3648, .T. ) ;
#3908 = CARTESIAN_POINT ( 'NONE',  ( 1.853186816013001614, 5.565473954559996272, 33.87261232153699098 ) ) ;
#3909 = EDGE_LOOP ( 'NONE', ( #2359, #845, #4628, #3911 ) ) ;
#3910 = CARTESIAN_POINT ( 'NONE',  ( 0.3398394177218105883, 1.211676886491927174, 31.23003145849658679 ) ) ;
#3911 = ORIENTED_EDGE ( 'NONE', *, *, #2718, .F. ) ;
#3912 = CARTESIAN_POINT ( 'NONE',  ( -0.3524565496760001526, 17.10867971553198785, 32.24848758640501245 ) ) ;
#3913 = CARTESIAN_POINT ( 'NONE',  ( -0.2972848089970001051, 3.133642730028999956, 32.31766163745800213 ) ) ;
#3914 = CARTESIAN_POINT ( 'NONE',  ( 0.02522660321648000081, 0.9268205463179999271, 31.91002481920397571 ) ) ;
#3915 = CARTESIAN_POINT ( 'NONE',  ( 4.575672779688000347, 19.27312983482200082, 30.12687016517800132 ) ) ;
#3916 = CARTESIAN_POINT ( 'NONE',  ( 5.439712997628000757, 2.433817116076001597, 33.96784161096901755 ) ) ;
#3917 = VERTEX_POINT ( 'NONE', #1844 ) ;
#3918 = CARTESIAN_POINT ( 'NONE',  ( 2.015121893335002135, 20.68188654366900892, 32.08344207444999086 ) ) ;
#3919 = CC_DESIGN_PERSON_AND_ORGANIZATION_ASSIGNMENT ( #1185, #93, ( #1828 ) ) ;
#3920 = CARTESIAN_POINT ( 'NONE',  ( 2.292444406002001944, 14.55543400428499012, 33.95568475378700413 ) ) ;
#3921 = PLANE ( 'NONE',  #2592 ) ;
#3922 = CARTESIAN_POINT ( 'NONE',  ( 1.759119165332001078, -1.057039610067998625, 31.68842379947498955 ) ) ;
#3923 = CARTESIAN_POINT ( 'NONE',  ( 1.995917227924002724, 4.953302786175002304, 33.25712825561802788 ) ) ;
#3924 = EDGE_CURVE ( 'NONE', #851, #1028, #4168, .T. ) ;
#3925 = CIRCLE ( 'NONE', #1892, 0.6000000000000014211 ) ;
#3926 = CARTESIAN_POINT ( 'NONE',  ( 4.383662191624001281, 19.16069607060699909, 32.58324274502099627 ) ) ;
#3927 = EDGE_CURVE ( 'NONE', #1321, #1130, #1095, .T. ) ;
#3928 = CARTESIAN_POINT ( 'NONE',  ( 0.2318366377339997619, 16.39770568146900942, 32.16839723938500128 ) ) ;
#3929 = CARTESIAN_POINT ( 'NONE',  ( 0.01376963376559276267, 2.768972277306978480, 31.54737169161883870 ) ) ;
#3930 = DIRECTION ( 'NONE',  ( 0.000000000000000000, 0.000000000000000000, 1.000000000000000000 ) ) ;
#3931 = EDGE_LOOP ( 'NONE', ( #4421, #4400, #1358, #416 ) ) ;
#3932 = CARTESIAN_POINT ( 'NONE',  ( 16.48477705003798732, 9.455978192299001606, 34.01971118889500900 ) ) ;
#3933 = CIRCLE ( 'NONE', #3174, 7.100000000000000533 ) ;
#3934 = CARTESIAN_POINT ( 'NONE',  ( 4.834420663122999784, 0.6066773083490000218, 30.00667730834899771 ) ) ;
#3935 = B_SPLINE_CURVE_WITH_KNOTS ( 'NONE', 5,
 ( #3063, #3015, #1180, #4464, #1988, #1228 ),
 .UNSPECIFIED., .F., .F.,
 ( 6, 6 ),
 ( 19.32813196668099920, 20.42035224833350071 ),
 .UNSPECIFIED. ) ;
#3936 = CIRCLE ( 'NONE', #229, 3.100000000000001421 ) ;
#3937 = VERTEX_POINT ( 'NONE', #3949 ) ;
#3938 = AXIS2_PLACEMENT_3D ( 'NONE', #4391, #3314, #2602 ) ;
#3939 = CARTESIAN_POINT ( 'NONE',  ( -2.000000000000000000, 17.00000000000000000, 25.19999999999999929 ) ) ;
#3940 = AXIS2_PLACEMENT_3D ( 'NONE', #1430, #715, #3242 ) ;
#3941 = CARTESIAN_POINT ( 'NONE',  ( -0.9738602262960011080, 3.300598852436998243, 32.03460823244500233 ) ) ;
#3942 = CARTESIAN_POINT ( 'NONE',  ( 1.295919169064998933, -0.1767085053500002945, 31.94869316497099376 ) ) ;
#3943 = AXIS2_PLACEMENT_3D ( 'NONE', #705, #1112, #2565 ) ;
#3944 = CARTESIAN_POINT ( 'NONE',  ( 4.423747796378998842, -0.1331926380350001993, 32.92225046028602975 ) ) ;
#3945 = EDGE_LOOP ( 'NONE', ( #194, #2250, #597, #1744, #3775, #418, #2248, #1261, #1640, #4516, #1507, #53 ) ) ;
#3946 = CARTESIAN_POINT ( 'NONE',  ( -1.088885763348000690, 17.27534930389298751, 31.87870606311899735 ) ) ;
#3947 = CIRCLE ( 'NONE', #1077, 2.500000000000000000 ) ;
#3948 = CARTESIAN_POINT ( 'NONE',  ( 2.974128698405000382, 14.59889021785699903, 34.00000000000000000 ) ) ;
#3949 = CARTESIAN_POINT ( 'NONE',  ( 5.537367281051109202, 3.120000000000164420, 34.00000000000000000 ) ) ;
#3950 = CARTESIAN_POINT ( 'NONE',  ( 2.956443962389000202, 0.04192117877875999044, 31.59912241996702775 ) ) ;
#3951 = DIRECTION ( 'NONE',  ( 0.000000000000000000, 1.000000000000000000, 0.000000000000000000 ) ) ;
#3952 = CARTESIAN_POINT ( 'NONE',  ( 1.529847939702002169, 4.813129966151003636, 33.06293649501400012 ) ) ;
#3953 = CARTESIAN_POINT ( 'NONE',  ( 4.958871110908003921, 18.01790029963502349, 33.26019429956198792 ) ) ;
#3954 = CARTESIAN_POINT ( 'NONE',  ( 0.08402915118130002692, 16.85577407043900067, 31.93856301380301232 ) ) ;
#3955 = DIRECTION ( 'NONE',  ( 0.9797958971132605388, 0.2000000000000529410, 0.000000000000000000 ) ) ;
#3956 = B_SPLINE_CURVE_WITH_KNOTS ( 'NONE', 4,
 ( #575, #2480, #1030, #595, #4553 ),
 .UNSPECIFIED., .F., .F.,
 ( 5, 5 ),
 ( 31.51957830419300066, 31.90152567934000061 ),
 .UNSPECIFIED. ) ;
#3957 = DIRECTION ( 'NONE',  ( 0.000000000000000000, 0.000000000000000000, 1.000000000000000000 ) ) ;
#3958 = ORIENTED_EDGE ( 'NONE', *, *, #2977, .F. ) ;
#3959 = CARTESIAN_POINT ( 'NONE',  ( -0.9908938619609998222, 3.240323719091002364, 32.01219307142900306 ) ) ;
#3960 = DIRECTION ( 'NONE',  ( 1.000000000000000000, 0.000000000000000000, 0.000000000000000000 ) ) ;
#3961 = EDGE_CURVE ( 'NONE', #3475, #199, #4284, .T. ) ;
#3962 = VECTOR ( 'NONE', #1047, 1000.000000000000000 ) ;
#3963 = DIRECTION ( 'NONE',  ( 1.000000000000000000, 0.000000000000000000, 0.000000000000000000 ) ) ;
#3964 = ORIENTED_EDGE ( 'NONE', *, *, #461, .T. ) ;
#3965 = EDGE_CURVE ( 'NONE', #2559, #2995, #1374, .T. ) ;
#3966 = CARTESIAN_POINT ( 'NONE',  ( 5.436010382875993585, 18.75382471605598766, 33.69514584177597527 ) ) ;
#3967 = CARTESIAN_POINT ( 'NONE',  ( -0.04532313550349002101, 4.738263600351997340, 32.98814111682900574 ) ) ;
#3968 = CARTESIAN_POINT ( 'NONE',  ( 3.907376349605000243, 20.74713066608099510, 32.32072011098200903 ) ) ;
#3969 = CARTESIAN_POINT ( 'NONE',  ( 4.592692970704999489, 0.07543665445547997894, 33.07767690983797593 ) ) ;
#3970 = VERTEX_POINT ( 'NONE', #1440 ) ;
#3971 = EDGE_CURVE ( 'NONE', #1242, #4343, #2178, .T. ) ;
#3972 = CARTESIAN_POINT ( 'NONE',  ( 0.2377121081900002431, 20.33807435492601456, 31.51077343061998803 ) ) ;
#3973 = CARTESIAN_POINT ( 'NONE',  ( 0.8132664210880002909, 14.72457704719799132, 33.51210889711600061 ) ) ;
#3974 = CARTESIAN_POINT ( 'NONE',  ( 19.94841270774652031, 19.35210216834720143, 30.00000000000000000 ) ) ;
#3975 = CARTESIAN_POINT ( 'NONE',  ( 3.852783137647999734, 0.3672962204699999900, 32.08501460957801754 ) ) ;
#3976 = CARTESIAN_POINT ( 'NONE',  ( -0.6937558457000000400, 1.074431096844998601, 31.81395197996603130 ) ) ;
#3977 = CARTESIAN_POINT ( 'NONE',  ( 0.05196503821208004609, 3.009740377573000725, 31.88658593764200688 ) ) ;
#3978 = CARTESIAN_POINT ( 'NONE',  ( 4.131724375212001199, 19.41818113829702241, 32.33464764928699253 ) ) ;
#3979 = DIRECTION ( 'NONE',  ( 1.000000000000000000, 0.000000000000000000, 0.000000000000000000 ) ) ;
#3980 = DIRECTION ( 'NONE',  ( 0.000000000000000000, 1.000000000000000000, 0.000000000000000000 ) ) ;
#3981 = CARTESIAN_POINT ( 'NONE',  ( 17.00000000000000000, 19.00000000000000000, 25.19999999999999929 ) ) ;
#3982 = CARTESIAN_POINT ( 'NONE',  ( 1.585499485342000803, 5.514201510763997227, 33.79919691360402823 ) ) ;
#3983 = CC_DESIGN_DATE_AND_TIME_ASSIGNMENT ( #1234, #801, ( #1964 ) ) ;
#3984 = CARTESIAN_POINT ( 'NONE',  ( 19.78901133974497384, 20.10000000000000142, 29.18751734988946822 ) ) ;
#3985 = CARTESIAN_POINT ( 'NONE',  ( 1.013685760983000561, 0.4728519668740003290, 31.21202626606401509 ) ) ;
#3986 = ORIENTED_EDGE ( 'NONE', *, *, #170, .T. ) ;
#3987 = CARTESIAN_POINT ( 'NONE',  ( 0.8022739024160000509, 20.10000000000000142, 24.00000000000000000 ) ) ;
#3988 = CARTESIAN_POINT ( 'NONE',  ( -0.4144911392430000174, 4.371679029191000154, 32.66917398270502559 ) ) ;
#3989 = ADVANCED_FACE ( 'NONE', ( #749 ), #490, .T. ) ;
#3990 = CARTESIAN_POINT ( 'NONE',  ( 3.241387330997000937, 20.99071728352599209, 32.01246207069100791 ) ) ;
#3991 = EDGE_CURVE ( 'NONE', #1730, #1476, #975, .T. ) ;
#3992 = CARTESIAN_POINT ( 'NONE',  ( 3.072955466594999852, -0.8667517744790004253, 32.18039638621400655 ) ) ;
#3993 = ORIENTED_EDGE ( 'NONE', *, *, #3991, .T. ) ;
#3994 = CARTESIAN_POINT ( 'NONE',  ( -2.649948966329856007E-06, 17.46347993682632804, 31.48694859529511803 ) ) ;
#3995 = VERTEX_POINT ( 'NONE', #3319 ) ;
#3996 = CARTESIAN_POINT ( 'NONE',  ( -0.2609447928520000071, 15.43096925480601023, 32.81630211328498348 ) ) ;
#3997 = DIRECTION ( 'NONE',  ( 1.000000000000000000, 0.000000000000000000, 0.000000000000000000 ) ) ;
#3998 = CARTESIAN_POINT ( 'NONE',  ( 4.636881979227003292, 1.168809986454000249, 32.85145843305298996 ) ) ;
#3999 = CARTESIAN_POINT ( 'NONE',  ( 17.00000000000000000, 3.000000000000000000, 31.00000000000000000 ) ) ;
#4000 = CARTESIAN_POINT ( 'NONE',  ( 2.799580171845001519, 5.035569208526000651, 33.71567314265798387 ) ) ;
#4001 = DIRECTION ( 'NONE',  ( 0.000000000000000000, 0.000000000000000000, -1.000000000000000000 ) ) ;
#4002 = CARTESIAN_POINT ( 'NONE',  ( 0.3704097134169999084, 16.14075709642897749, 32.08971198081897569 ) ) ;
#4003 = CARTESIAN_POINT ( 'NONE',  ( 18.42478068487799803, -0.1000000000000000056, 24.00000000000000000 ) ) ;
#4004 = FACE_OUTER_BOUND ( 'NONE', #1642, .T. ) ;
#4005 = CARTESIAN_POINT ( 'NONE',  ( 2.710518333310998340, 5.595151034689998859, 33.99545437783801560 ) ) ;
#4006 = CARTESIAN_POINT ( 'NONE',  ( 3.000000000000000000, 8.812565791296000484, 34.00000000000000000 ) ) ;
#4007 = AXIS2_PLACEMENT_3D ( 'NONE', #209, #2424, #3098 ) ;
#4008 = CARTESIAN_POINT ( 'NONE',  ( 19.85866279937412315, 19.87572000222225910, 29.52427999777776080 ) ) ;
#4009 = CARTESIAN_POINT ( 'NONE',  ( 4.983618392760999605, 17.19682237881099951, 33.39999999999999858 ) ) ;
#4010 = ORIENTED_EDGE ( 'NONE', *, *, #2237, .T. ) ;
#4011 = DIRECTION ( 'NONE',  ( 0.000000000000000000, 0.000000000000000000, 1.000000000000000000 ) ) ;
#4012 = CIRCLE ( 'NONE', #1742, 1.099999999999996758 ) ;
#4013 = CARTESIAN_POINT ( 'NONE',  ( 0.05987593475222997841, 16.95462242572401834, 31.62797156795802067 ) ) ;
#4014 = CARTESIAN_POINT ( 'NONE',  ( 4.333506001685003106, 20.44691340767301924, 32.63601442574500311 ) ) ;
#4015 = CIRCLE ( 'NONE', #2589, 2.499999999999999112 ) ;
#4016 = CARTESIAN_POINT ( 'NONE',  ( 5.592188484066001664, 2.135007132549998854, 33.92703642589798818 ) ) ;
#4017 = EDGE_CURVE ( 'NONE', #2708, #4073, #4441, .T. ) ;
#4018 = ORIENTED_EDGE ( 'NONE', *, *, #3464, .T. ) ;
#4019 = AXIS2_PLACEMENT_3D ( 'NONE', #3546, #1825, #707 ) ;
#4020 = FACE_OUTER_BOUND ( 'NONE', #3117, .T. ) ;
#4021 = ORIENTED_EDGE ( 'NONE', *, *, #3554, .T. ) ;
#4022 = CC_DESIGN_APPROVAL ( #4669, ( #1964 ) ) ;
#4023 = CARTESIAN_POINT ( 'NONE',  ( 9.343647102913999802, 3.518482268997000340, 33.39999999999999858 ) ) ;
#4024 = CARTESIAN_POINT ( 'NONE',  ( 17.10396710265799669, 10.59863130393899944, 33.99828233247500009 ) ) ;
#4025 = AXIS2_PLACEMENT_3D ( 'NONE', #479, #4455, #1259 ) ;
#4026 = EDGE_CURVE ( 'NONE', #1689, #3475, #3392, .T. ) ;
#4027 = DIRECTION ( 'NONE',  ( 0.000000000000000000, 0.000000000000000000, 1.000000000000000000 ) ) ;
#4028 = CARTESIAN_POINT ( 'NONE',  ( 0.4098711581459998365, -0.3022743599329998920, 31.75346378486799637 ) ) ;
#4029 = CARTESIAN_POINT ( 'NONE',  ( 0.005303312725116998694, 3.841528799886998247, 32.66759292711200402 ) ) ;
#4030 = TOROIDAL_SURFACE ( 'NONE', #395, 7.100000000000000533, 0.5999999999999999778 ) ;
#4031 = CARTESIAN_POINT ( 'NONE',  ( -0.07513493181206000460, 1.798598065265000878, 31.85830851484701753 ) ) ;
#4032 = CARTESIAN_POINT ( 'NONE',  ( 0.7625837061020003249, 15.67889257186902441, 32.52307401661400377 ) ) ;
#4033 = CARTESIAN_POINT ( 'NONE',  ( -0.1000000000000000056, 15.00000000000000000, 9.000000000000000000 ) ) ;
#4034 =( BOUNDED_CURVE ( )  B_SPLINE_CURVE ( 2, ( #819, #1537, #179 ),
 .UNSPECIFIED., .F., .F. ) 
 B_SPLINE_CURVE_WITH_KNOTS ( ( 3, 3 ),
 ( 0.000000000000000000, 1.000000000000000000 ),
 .UNSPECIFIED. ) 
 CURVE ( )  GEOMETRIC_REPRESENTATION_ITEM ( )  RATIONAL_B_SPLINE_CURVE ( ( 1.000000000000000000, 1.008066638227520073, 1.000000000000000000 ) ) 
 REPRESENTATION_ITEM ( '' )  );
#4035 = CARTESIAN_POINT ( 'NONE',  ( 2.513603155067999140, -1.104131590961999754, 31.83406938581397583 ) ) ;
#4036 = CARTESIAN_POINT ( 'NONE',  ( 5.049397324353003036, 17.72484081043000970, 33.66176106357201547 ) ) ;
#4037 = CARTESIAN_POINT ( 'NONE',  ( 4.807395206444000202, 0.6112444545299999810, 30.01124445453000078 ) ) ;
#4038 = CARTESIAN_POINT ( 'NONE',  ( 4.547354282707000372, 19.22847959520300165, 30.17152040479699693 ) ) ;
#4039 = FACE_OUTER_BOUND ( 'NONE', #2026, .T. ) ;
#4040 = ORIENTED_EDGE ( 'NONE', *, *, #2379, .F. ) ;
#4041 = CARTESIAN_POINT ( 'NONE',  ( 3.000000000000000000, 14.44058829184400139, 33.39999999999999858 ) ) ;
#4042 = CARTESIAN_POINT ( 'NONE',  ( -0.8292125975370007174, 3.214693464617000451, 32.22520043230099418 ) ) ;
#4043 = CARTESIAN_POINT ( 'NONE',  ( 4.820790313074001965, 19.60838178692101152, 33.27397714918102878 ) ) ;
#4044 = CARTESIAN_POINT ( 'NONE',  ( 3.241516939286002597, -0.9904848883859994624, 32.01273510405202671 ) ) ;
#4045 = ORIENTED_EDGE ( 'NONE', *, *, #1246, .F. ) ;
#4046 = CARTESIAN_POINT ( 'NONE',  ( -1.107254189115000065, 17.82726157542402134, 31.76479377001902549 ) ) ;
#4047 = VECTOR ( 'NONE', #3359, 1000.000000000000114 ) ;
#4048 = ORIENTED_EDGE ( 'NONE', *, *, #3521, .T. ) ;
#4049 = CARTESIAN_POINT ( 'NONE',  ( 0.7134650104320000574, 4.588215421472999545, 30.11346501043199808 ) ) ;
#4050 = CARTESIAN_POINT ( 'NONE',  ( 4.604831070976002749, 1.115427925185998870, 33.03003951144899730 ) ) ;
#4051 = ORIENTED_EDGE ( 'NONE', *, *, #3228, .T. ) ;
#4052 = CARTESIAN_POINT ( 'NONE',  ( 3.088654230300998282, 0.06994484741430997965, 31.64418885654299984 ) ) ;
#4053 = CARTESIAN_POINT ( 'NONE',  ( -0.07711250523864998652, 3.043002242055002249, 32.14094633767303577 ) ) ;
#4054 = EDGE_CURVE ( 'NONE', #393, #1268, #3403, .T. ) ;
#4055 = CARTESIAN_POINT ( 'NONE',  ( 0.2445855279309998853, 1.076881922355000354, 31.75714291405298795 ) ) ;
#4056 = CARTESIAN_POINT ( 'NONE',  ( 2.375417708389998772, 14.99605584122497959, 33.51990111351700108 ) ) ;
#4057 = CYLINDRICAL_SURFACE ( 'NONE', #2055, 6.500000000000000888 ) ;
#4058 = EDGE_CURVE ( 'NONE', #438, #1287, #1948, .T. ) ;
#4059 = CARTESIAN_POINT ( 'NONE',  ( 4.895023644251004669, 18.44458828670201456, 33.46020436965602585 ) ) ;
#4060 = DIRECTION ( 'NONE',  ( -8.673617379884035472E-17, -1.000000000000000000, 0.000000000000000000 ) ) ;
#4061 = CARTESIAN_POINT ( 'NONE',  ( 19.79105714739100108, 20.10000000000000142, 25.19999999999999929 ) ) ;
#4062 =( BOUNDED_SURFACE ( )  B_SPLINE_SURFACE ( 6, 9, ( 
 ( #857, #784, #2683, #4478, #808, #71, #1239, #1550, #1214, #3337, #3740, #1614, #3006, #100, #451, #478, #4434, #4107, #3759, #3361, #1905, #522, #2262, #2965, #2642, #1193 ),
 ( #2598, #4454, #2663, #3720, #1145, #1522, #428, #1591, #3406, #4082, #2620, #2988, #4411, #122, #832, #2287, #2239, #3671, #1930, #2330, #1977, #1572, #4127, #2311, #4385, #500 ),
 ( #3695, #4036, #167, #1952, #1877, #4059, #878, #3382, #3309, #141, #3029, #1171, #2757, #3784, #3478, #3830, #4496, #4518, #3144, #2068, #4144, #548, #4217, #1258, #2000, #611 ),
 ( #1333, #900, #2354, #3504, #256, #950, #568, #976, #189, #1281, #1637, #2702, #929, #3074, #3431, #1661, #1706, #4170, #2726, #4589, #233, #2380, #3451, #3050, #3807, #2021 ),
 ( #210, #3099, #4544, #2402, #4567, #1311, #4196, #589, #2042, #1686, #3124, #2778, #2425, #3855, #2604, #1178, #3247, #436, #2924, #2197, #1862, #1534, #1127, #2903, #2971, #11 ),
 ( #2154, #4324, #345, #2223, #414, #1479, #3587, #2537, #2879, #4043, #2627, #3630, #364, #4346, #720, #2577, #741, #391, #3224, #4668, #1104, #81, #4417, #4369, #3679, #3656 ),
 ( #2177, #1434, #1457, #1791, #4067, #1838, #1082, #1811, #1887, #3273, #2246, #2556, #3295, #4014, #768, #3968, #57, #1503, #3606, #3990, #33, #2947, #4393, #1155, #792, #3317 ) ),
 .UNSPECIFIED., .F., .F., .T. ) 
 B_SPLINE_SURFACE_WITH_KNOTS ( ( 7, 7 ),
 ( 10, 8, 8, 10 ),
 ( 0.000000000000000000, 3.659723035149999859 ),
 ( 19.40168485155899702, 20.92016515183700065, 22.78222657188500122, 23.06140788670800035 ),
 .UNSPECIFIED. ) 
 GEOMETRIC_REPRESENTATION_ITEM ( )  RATIONAL_B_SPLINE_SURFACE ( (
 ( 1.031412346538999936, 1.031757372915000026, 1.032429035555999963, 1.033426954882000093, 1.034665513803999959, 1.036266303715000170, 1.037939114115000061, 1.039902452390000009, 1.042036569229999987, 1.047227110019999907, 1.050381796006999879, 1.053805003863999890, 1.057535575049999954, 1.061701233396999955, 1.065671468433999847, 1.070779703171999886, 1.075143853063999844, 1.078687194525000059, 1.079121758952999999, 1.079530461575000100, 1.079914680211999878, 1.080275605806999994, 1.080614242423999949, 1.080931407251999987, 1.081227730598999903, 1.081503655896999927),
 ( 1.010031170610000029, 1.010136513158000016, 1.010341484231999987, 1.010645414643000173, 1.011021905742000015, 1.011505562690000026, 1.012008353311999898, 1.012594600900999842, 1.013226899315999852, 1.014751525582000102, 1.015670176285999871, 1.016654661363999956, 1.017722665143000027, 1.018881530583000128, 1.019993352159999978, 1.021373220221000189, 1.022532325787000040, 1.023465893800999948, 1.023580176673000164, 1.023687473528000158, 1.023788183356999948, 1.023882651770000152, 1.023971171005999992, 1.024053979921000002, 1.024131263999999986, 1.024203155348999861),
 ( 0.9979234156039999970, 0.9979009844300000820, 0.9978573287849999973, 0.9977925385660000313, 0.9977122051490000532, 0.9976087303290001040, 0.9975009326560000389, 0.9973749327410000864, 0.9972386854970000103, 0.9969093707489999900, 0.9967104372909999510, 0.9964967868970000531, 0.9962642692409999778, 0.9960119221950000101, 0.9957690343870000405, 0.9954680880849999802, 0.9952159418229999943, 0.9950131025460000611, 0.9949882791999999920, 0.9949649798549999868, 0.9949431167729999581, 0.9949226138860000068, 0.9949034068040000234, 0.9948854428069999756, 0.9948686808539999316, 0.9948530915739999259),
 ( 0.9939549395739999404, 0.9938908781690000138, 0.9937662127280000313, 0.9935812478769999734, 0.9933519974500000238, 0.9930569365220000000, 0.9927496776180000371, 0.9923905951090000732, 0.9920021752419999617, 0.9910623175250000694, 0.9904940586910000455, 0.9898815224500000509, 0.9892164395479999817, 0.9884830750169999458, 0.9877832902809999815, 0.9868959654229999545, 0.9861423064879999423, 0.9855320904479999422, 0.9854572993010000115, 0.9853869999420000747, 0.9853209468060000198, 0.9852589275279999281, 0.9852007629489999418, 0.9851463071110000413, 0.9850954472590000011, 0.9850481038399999667),
 ( 0.9979234156039999970, 0.9979009844300000820, 0.9978573287849999973, 0.9977925385660000313, 0.9977122051490000532, 0.9976087303290001040, 0.9975009326560000389, 0.9973749327410000864, 0.9972386854970000103, 0.9969093707489999900, 0.9967104372919999289, 0.9964967868970000531, 0.9962642692409999778, 0.9960119221950000101, 0.9957690343870000405, 0.9954680880849999802, 0.9952159418229999943, 0.9950131025460000611, 0.9949882791999999920, 0.9949649798549999868, 0.9949431167729999581, 0.9949226138860000068, 0.9949034068040000234, 0.9948854428069999756, 0.9948686808539999316, 0.9948530915739999259),
 ( 1.010031170610000029, 1.010136513158000016, 1.010341484231999987, 1.010645414643000173, 1.011021905742000015, 1.011505562690000026, 1.012008353311999898, 1.012594600900999842, 1.013226899315999852, 1.014751525582000102, 1.015670176285999871, 1.016654661363999956, 1.017722665143000027, 1.018881530583000128, 1.019993352159999978, 1.021373220221000189, 1.022532325787000040, 1.023465893800999948, 1.023580176673000164, 1.023687473528000158, 1.023788183356999948, 1.023882651770000152, 1.023971171005999992, 1.024053979921000002, 1.024131263999999986, 1.024203155348999861),
 ( 1.031412346538999936, 1.031757372915000026, 1.032429035555999963, 1.033426954882000093, 1.034665513803999959, 1.036266303715000170, 1.037939114115000061, 1.039902452390000009, 1.042036569229999987, 1.047227110019999907, 1.050381796006999879, 1.053805003863999890, 1.057535575049999954, 1.061701233396999955, 1.065671468433999847, 1.070779703171999886, 1.075143853063999844, 1.078687194525000059, 1.079121758952999999, 1.079530461575000100, 1.079914680211999878, 1.080275605806999994, 1.080614242423999949, 1.080931407251999987, 1.081227730598999903, 1.081503655896999927) ) ) 
 REPRESENTATION_ITEM ( '' )  SURFACE ( )  );
#4063 = CARTESIAN_POINT ( 'NONE',  ( 19.98756683218200081, 0.9521164698139999993, 30.00000000000000000 ) ) ;
#4064 = EDGE_LOOP ( 'NONE', ( #651, #1939, #1364, #3446 ) ) ;
#4065 = DIRECTION ( 'NONE',  ( -0.9797958971132605388, -0.2000000000000526912, 0.000000000000000000 ) ) ;
#4066 = CARTESIAN_POINT ( 'NONE',  ( -2.000000000000000000, -2.000000000000000000, 34.00000000000000000 ) ) ;
#4067 = CARTESIAN_POINT ( 'NONE',  ( 5.501924998505002939, 18.52842135005098001, 33.77581965567899402 ) ) ;
#4068 = CARTESIAN_POINT ( 'NONE',  ( 3.927192610889998825, -0.7386218708379997944, 32.33100485930702916 ) ) ;
#4069 = ORIENTED_EDGE ( 'NONE', *, *, #923, .F. ) ;
#4070 = LINE ( 'NONE', #4118, #2728 ) ;
#4071 = CARTESIAN_POINT ( 'NONE',  ( 0.7268701651779999606, 4.575672779688000347, 30.12687016517800132 ) ) ;
#4072 = CARTESIAN_POINT ( 'NONE',  ( 3.592226506633000138, 0.09875689552209995781, 32.38695003351301693 ) ) ;
#4073 = VERTEX_POINT ( 'NONE', #1225 ) ;
#4074 = CARTESIAN_POINT ( 'NONE',  ( 1.997262118454002033, 19.97346226954598691, 31.35712813427600310 ) ) ;
#4075 = PERSON_AND_ORGANIZATION_ROLE ( 'design_owner' ) ;
#4076 = CARTESIAN_POINT ( 'NONE',  ( -0.09607270263760996076, 2.953099289168000574, 32.11325650040502211 ) ) ;
#4077 = CARTESIAN_POINT ( 'NONE',  ( 0.8666550135660004983, 0.5976045132300003004, 31.20582962774301095 ) ) ;
#4078 = CARTESIAN_POINT ( 'NONE',  ( -0.3225091335179999241, 16.96208362556501115, 32.28638067790301847 ) ) ;
#4079 = CARTESIAN_POINT ( 'NONE',  ( 0.5999999999999999778, 0.8751923190729999913, 30.00000000000000000 ) ) ;
#4080 = EDGE_CURVE ( 'NONE', #893, #3894, #3875, .T. ) ;
#4081 = CARTESIAN_POINT ( 'NONE',  ( 2.909649527126999757, 9.281272948981998283, 34.00000000000000000 ) ) ;
#4082 = CARTESIAN_POINT ( 'NONE',  ( 4.453709436067997629, 19.07200549787199506, 32.88574696797902419 ) ) ;
#4083 = ADVANCED_FACE ( 'NONE', ( #84 ), #2972, .T. ) ;
#4084 = CARTESIAN_POINT ( 'NONE',  ( 3.000000000000000000, 8.812565791296000484, 34.00000000000000000 ) ) ;
#4085 = CARTESIAN_POINT ( 'NONE',  ( 17.78539750748200277, 17.00000000000000000, 33.93831521445599719 ) ) ;
#4086 = CARTESIAN_POINT ( 'NONE',  ( 16.45411759589600109, 9.182121567992998834, 33.39999999999999858 ) ) ;
#4087 = ORIENTED_EDGE ( 'NONE', *, *, #2350, .F. ) ;
#4088 = CARTESIAN_POINT ( 'NONE',  ( 2.391244811375999646, 20.01352222464502262, 31.44824769244998208 ) ) ;
#4089 = CARTESIAN_POINT ( 'NONE',  ( 2.394515775314998596, 14.99574385028602208, 33.36017037573098776 ) ) ;
#4090 = VECTOR ( 'NONE', #3957, 1000.000000000000000 ) ;
#4091 = DIRECTION ( 'NONE',  ( 1.000000000000000000, 0.000000000000000000, 0.000000000000000000 ) ) ;
#4092 = CARTESIAN_POINT ( 'NONE',  ( 2.500000000000000000, 2.500000000000000000, 30.00000000000000000 ) ) ;
#4093 = ORIENTED_EDGE ( 'NONE', *, *, #3924, .T. ) ;
#4094 = VECTOR ( 'NONE', #2763, 1000.000000000000000 ) ;
#4095 = LINE ( 'NONE', #488, #4162 ) ;
#4096 = EDGE_CURVE ( 'NONE', #2405, #503, #2948, .T. ) ;
#4097 = CIRCLE ( 'NONE', #3248, 5.000000000000000000 ) ;
#4098 = CARTESIAN_POINT ( 'NONE',  ( 0.6066773083490000218, 4.834420663122999784, 30.00667730834899771 ) ) ;
#4099 = TOROIDAL_SURFACE ( 'NONE', #4397, 3.100000000000000089, 0.5999999999999999778 ) ;
#4100 = CARTESIAN_POINT ( 'NONE',  ( 2.998733937800998728, -0.08692818338185001603, 32.12669683474000948 ) ) ;
#4101 = ORIENTED_EDGE ( 'NONE', *, *, #1618, .T. ) ;
#4102 = CARTESIAN_POINT ( 'NONE',  ( 2.362138052728000925, 20.01210668140000237, 31.71556108607997615 ) ) ;
#4103 = COORDINATED_UNIVERSAL_TIME_OFFSET ( 3, 0, .AHEAD. ) ;
#4104 = CARTESIAN_POINT ( 'NONE',  ( 2.586502419871999248, 14.99594610264401240, 33.54759243178302341 ) ) ;
#4105 = CARTESIAN_POINT ( 'NONE',  ( 0.8751923190729999913, 0.5999999999999999778, 30.00000000000000000 ) ) ;
#4106 = CARTESIAN_POINT ( 'NONE',  ( 1.257992784457999891, -0.9245023548769999433, 31.60856210475899530 ) ) ;
#4107 = CARTESIAN_POINT ( 'NONE',  ( 3.171203609197999818, 19.90842456254901549, 31.67870655557502246 ) ) ;
#4108 = CARTESIAN_POINT ( 'NONE',  ( 10.00000000000000000, 10.00000000000000000, 32.00000000000000000 ) ) ;
#4109 = CARTESIAN_POINT ( 'NONE',  ( -2.000000000000000000, -2.000000000000000000, 24.00000000000000000 ) ) ;
#4110 = EDGE_LOOP ( 'NONE', ( #1226, #3653, #3658, #4614, #2766, #2653, #3196, #4211 ) ) ;
#4111 = LINE ( 'NONE', #456, #3327 ) ;
#4112 = CARTESIAN_POINT ( 'NONE',  ( 2.699961644031998009, 15.00416882343898628, 33.39607101186899740 ) ) ;
#4113 = CARTESIAN_POINT ( 'NONE',  ( -5.000000000000000000, 15.00000000000000000, 18.00000000000000000 ) ) ;
#4114 = ADVANCED_FACE ( 'NONE', ( #1623 ), #4358, .T. ) ;
#4115 = CARTESIAN_POINT ( 'NONE',  ( 5.574111795708001971, 1.942816310564000393, 33.89003286550897798 ) ) ;
#4116 = EDGE_CURVE ( 'NONE', #2220, #4160, #2736, .T. ) ;
#4117 = ORIENTED_EDGE ( 'NONE', *, *, #3001, .F. ) ;
#4118 = CARTESIAN_POINT ( 'NONE',  ( -5.000000000000000000, 5.000000000000000000, 27.00000000000000000 ) ) ;
#4119 = PLANE ( 'NONE',  #697 ) ;
#4120 = CARTESIAN_POINT ( 'NONE',  ( 2.988944837713998215, 0.04775334058917996005, 31.87973022893899255 ) ) ;
#4121 = EDGE_LOOP ( 'NONE', ( #1388, #2719, #59, #1596 ) ) ;
#4122 = CARTESIAN_POINT ( 'NONE',  ( 0.03638086388675999122, 18.06649945279000136, 31.34356036624099318 ) ) ;
#4123 = DIRECTION ( 'NONE',  ( 0.000000000000000000, 1.000000000000000000, 6.000000000000000121E-17 ) ) ;
#4124 = CARTESIAN_POINT ( 'NONE',  ( 1.969338486223999318, 15.05181083164802480, 33.42164373100299457 ) ) ;
#4125 = CARTESIAN_POINT ( 'NONE',  ( 2.500000000000000000, 17.50000000000000000, 34.00000000000000000 ) ) ;
#4126 = CARTESIAN_POINT ( 'NONE',  ( 0.3294986942319999002, -0.4177226492859998364, 31.51354428105901917 ) ) ;
#4127 = CARTESIAN_POINT ( 'NONE',  ( 2.988922794494998758, 19.95235865364200123, 31.87955073883898649 ) ) ;
#4128 = CARTESIAN_POINT ( 'NONE',  ( 18.52234270993699994, 21.63306251687299664, 29.00000000000000000 ) ) ;
#4129 = CARTESIAN_POINT ( 'NONE',  ( 8.912912344143995469, 3.591549295775004591, 34.00000000000000000 ) ) ;
#4130 = DIRECTION ( 'NONE',  ( -0.2000000000000529410, 0.9797958971132605388, 0.000000000000000000 ) ) ;
#4131 = ORIENTED_EDGE ( 'NONE', *, *, #2176, .T. ) ;
#4132 = CARTESIAN_POINT ( 'NONE',  ( 10.00000000000000000, 10.00000000000000000, 32.00000000000000000 ) ) ;
#4133 = CARTESIAN_POINT ( 'NONE',  ( 18.16598799718599722, 0.1794710855619031098, 33.81494403637000090 ) ) ;
#4134 = ORIENTED_EDGE ( 'NONE', *, *, #4618, .T. ) ;
#4135 = CARTESIAN_POINT ( 'NONE',  ( -2.000000000000000000, -2.000000000000000000, 24.00000000000000000 ) ) ;
#4136 = EDGE_CURVE ( 'NONE', #4488, #1074, #936, .T. ) ;
#4137 = CARTESIAN_POINT ( 'NONE',  ( 4.918680864835001110, 1.857796307265998648, 33.38301258820399653 ) ) ;
#4138 = ORIENTED_EDGE ( 'NONE', *, *, #4592, .F. ) ;
#4139 = CARTESIAN_POINT ( 'NONE',  ( 2.721540148200000786, 19.99707619216199461, 31.80550529870100718 ) ) ;
#4140 = CALENDAR_DATE ( 2026, 15, 6 ) ;
#4141 = CARTESIAN_POINT ( 'NONE',  ( -0.3165163816149999532, 16.93774853320600116, 32.29388153927400396 ) ) ;
#4142 = CARTESIAN_POINT ( 'NONE',  ( -0.9901805958649989581, 16.75764046678801833, 32.01313818195600192 ) ) ;
#4143 = CARTESIAN_POINT ( 'NONE',  ( 19.93938769134000211, 19.40000000000000213, 30.00000000000000000 ) ) ;
#4144 = CARTESIAN_POINT ( 'NONE',  ( 3.036346956832001176, 20.07878267407701856, 32.13859491947001601 ) ) ;
#4145 = CARTESIAN_POINT ( 'NONE',  ( 2.500000000000000000, 2.500000000000000000, 33.39999999999999858 ) ) ;
#4146 = CARTESIAN_POINT ( 'NONE',  ( 5.000000000000000000, 17.50000000000000000, 33.37134415454899283 ) ) ;
#4147 = VERTEX_POINT ( 'NONE', #1267 ) ;
#4148 = DIRECTION ( 'NONE',  ( -0.000000000000000000, 1.000000000000000000, 0.000000000000000000 ) ) ;
#4149 = ORIENTED_EDGE ( 'NONE', *, *, #3090, .F. ) ;
#4150 = CARTESIAN_POINT ( 'NONE',  ( 2.500000000000000000, 17.50000000000000000, 30.59999999999999787 ) ) ;
#4151 = DIRECTION ( 'NONE',  ( 0.000000000000000000, -1.000000000000000000, 0.000000000000000000 ) ) ;
#4152 = LINE ( 'NONE', #3817, #997 ) ;
#4153 = EDGE_LOOP ( 'NONE', ( #336, #2328, #1106, #711 ) ) ;
#4154 = DIRECTION ( 'NONE',  ( 0.000000000000000000, -1.000000000000000000, -1.414213562372190145E-17 ) ) ;
#4155 = CARTESIAN_POINT ( 'NONE',  ( 2.911452033932000028, 5.017602339913997511, 33.71662514354901674 ) ) ;
#4156 = CARTESIAN_POINT ( 'NONE',  ( 2.728539660411001933, 0.004070488964531998252, 31.80738988354598362 ) ) ;
#4157 = CARTESIAN_POINT ( 'NONE',  ( 1.995917227924003168, 4.953302786175002304, 33.25712825561802788 ) ) ;
#4158 = AXIS2_PLACEMENT_3D ( 'NONE', #4132, #460, #531 ) ;
#4159 = CARTESIAN_POINT ( 'NONE',  ( 2.971310840115998442, -0.6286877813570002083, 32.27911066533598472 ) ) ;
#4160 = VERTEX_POINT ( 'NONE', #2389 ) ;
#4161 = CARTESIAN_POINT ( 'NONE',  ( 0.6422297766089998250, 19.18671041375602115, 31.20340156629799466 ) ) ;
#4162 = VECTOR ( 'NONE', #889, 1000.000000000000114 ) ;
#4163 = CARTESIAN_POINT ( 'NONE',  ( 0.3920959911939999598, 15.40769572086697892, 33.19717203680201578 ) ) ;
#4164 = EDGE_CURVE ( 'NONE', #3149, #2797, #4152, .T. ) ;
#4165 = DIRECTION ( 'NONE',  ( 0.000000000000000000, 1.414213562372190145E-17, -1.000000000000000000 ) ) ;
#4166 = CIRCLE ( 'NONE', #917, 3.100000000000000089 ) ;
#4167 = EDGE_CURVE ( 'NONE', #1010, #3068, #3634, .T. ) ;
#4168 = CIRCLE ( 'NONE', #306, 3.799999999999999822 ) ;
#4169 = CARTESIAN_POINT ( 'NONE',  ( 16.48477694007800309, 10.54402243848100440, 34.01971116716000409 ) ) ;
#4170 = CARTESIAN_POINT ( 'NONE',  ( 3.150626543803002555, 20.29233053675602960, 32.32379877902300791 ) ) ;
#4171 = CARTESIAN_POINT ( 'NONE',  ( 3.927192610889998825, -0.7386218708379999054, 32.33100485930702916 ) ) ;
#4172 = AXIS2_PLACEMENT_3D ( 'NONE', #4678, #4332, #3256 ) ;
#4173 = CARTESIAN_POINT ( 'NONE',  ( 4.635415650406000232, 18.80000000000000071, 30.59999999999999787 ) ) ;
#4174 = EDGE_CURVE ( 'NONE', #1301, #3056, #2874, .T. ) ;
#4175 = AXIS2_PLACEMENT_3D ( 'NONE', #2994, #1916, #885 ) ;
#4176 = FACE_OUTER_BOUND ( 'NONE', #4153, .T. ) ;
#4177 = CARTESIAN_POINT ( 'NONE',  ( 0.9472206753930003664, 19.46956624004500114, 31.20955134522999330 ) ) ;
#4178 = EDGE_LOOP ( 'NONE', ( #3084, #3700, #3111, #3485, #3874 ) ) ;
#4179 = CARTESIAN_POINT ( 'NONE',  ( 16.48470578863300062, 9.453889256563000387, 33.39862034520900380 ) ) ;
#4180 = CIRCLE ( 'NONE', #4624, 0.5999999999999998668 ) ;
#4181 = CARTESIAN_POINT ( 'NONE',  ( 4.967267506577003111, 2.903225806451998015, 34.00000000000000000 ) ) ;
#4182 = CARTESIAN_POINT ( 'NONE',  ( 19.63306251687300019, -0.5223427099370020477, 31.06334058815509636 ) ) ;
#4183 = EDGE_LOOP ( 'NONE', ( #1416, #361, #4584, #3888 ) ) ;
#4184 = LINE ( 'NONE', #2366, #759 ) ;
#4185 = CARTESIAN_POINT ( 'NONE',  ( 1.928251567906997810, 5.246987208297001715, 33.83415686476899964 ) ) ;
#4186 = CARTESIAN_POINT ( 'NONE',  ( -0.1521026562510000568, 2.345727518706003156, 31.96783860342399564 ) ) ;
#4188 = B_SPLINE_CURVE_WITH_KNOTS ( 'NONE', 8,
 ( #3601, #1473, #383, #3984, #429, #1120, #1097, #1146, #2216 ),
 .UNSPECIFIED., .F., .F.,
 ( 9, 9 ),
 ( 0.9140250220964898364, 1.000000000000000000 ),
 .UNSPECIFIED. ) ;
#4187 = FACE_OUTER_BOUND ( 'NONE', #3160, .T. ) ;
#4189 = CARTESIAN_POINT ( 'NONE',  ( 4.387099303907000980, 0.6976930313050000443, 32.98058317254200489 ) ) ;
#4190 = VERTEX_POINT ( 'NONE', #2809 ) ;
#4191 = CARTESIAN_POINT ( 'NONE',  ( 2.069228674192999939, 20.38787671977901184, 32.07372053329700634 ) ) ;
#4192 = CARTESIAN_POINT ( 'NONE',  ( -0.8106178129019994127, 16.72679642561700675, 32.24694771885101829 ) ) ;
#4193 = DIRECTION ( 'NONE',  ( 1.000000000000000000, 0.000000000000000000, 0.000000000000000000 ) ) ;
#4194 = FACE_OUTER_BOUND ( 'NONE', #1583, .T. ) ;
#4195 = EDGE_CURVE ( 'NONE', #2797, #3811, #636, .T. ) ;
#4196 = CARTESIAN_POINT ( 'NONE',  ( 5.051698962521006031, 18.78680781236698749, 33.61479549782199427 ) ) ;
#4197 = CARTESIAN_POINT ( 'NONE',  ( 4.369525550799003177, -0.4150990153820002804, 32.66840531588302809 ) ) ;
#4198 = CARTESIAN_POINT ( 'NONE',  ( 19.81494403636999735, 20.16598799718599722, 29.00000000000000000 ) ) ;
#4199 = ORIENTED_EDGE ( 'NONE', *, *, #80, .T. ) ;
#4200 = DIRECTION ( 'NONE',  ( 0.000000000000000000, 0.000000000000000000, 1.000000000000000000 ) ) ;
#4201 = EDGE_LOOP ( 'NONE', ( #3321, #4315, #1606, #1263 ) ) ;
#4202 = CARTESIAN_POINT ( 'NONE',  ( 8.812565791296000484, 17.00000000000000000, 34.00000000000000000 ) ) ;
#4203 = CARTESIAN_POINT ( 'NONE',  ( 4.999999999999999112, 2.443759945317997229, 33.96898214631300306 ) ) ;
#4204 = CARTESIAN_POINT ( 'NONE',  ( 17.39269908169899992, 2.999999999999995559, 34.00000000000000000 ) ) ;
#4205 = ORIENTED_EDGE ( 'NONE', *, *, #1970, .T. ) ;
#4206 = CARTESIAN_POINT ( 'NONE',  ( 0.6066773083490000218, 15.16557933687700022, 30.00667730834899771 ) ) ;
#4207 = CARTESIAN_POINT ( 'NONE',  ( -0.4761493370159998184, 3.480412099905000556, 32.45290752179499094 ) ) ;
#4208 = CARTESIAN_POINT ( 'NONE',  ( -0.4550495145750000359, 1.176483042409000479, 31.95479813821697590 ) ) ;
#4209 = CARTESIAN_POINT ( 'NONE',  ( 2.091750623907000950, 4.972100437333998535, 33.28792113111698114 ) ) ;
#4210 = CARTESIAN_POINT ( 'NONE',  ( 4.922128519509000100, 1.671167232777999612, 33.49446890048601233 ) ) ;
#4211 = ORIENTED_EDGE ( 'NONE', *, *, #2442, .T. ) ;
#4212 =( BOUNDED_CURVE ( )  B_SPLINE_CURVE ( 2, ( #3003, #1972, #3693 ),
 .UNSPECIFIED., .F., .T. ) 
 B_SPLINE_CURVE_WITH_KNOTS ( ( 3, 3 ),
 ( 0.000000000000000000, 1.000000000000000000 ),
 .UNSPECIFIED. ) 
 CURVE ( )  GEOMETRIC_REPRESENTATION_ITEM ( )  RATIONAL_B_SPLINE_CURVE ( ( 1.000000000000000000, 1.000343389569670061, 1.000000000000000000 ) ) 
 REPRESENTATION_ITEM ( '' )  );
#4213 = CARTESIAN_POINT ( 'NONE',  ( -0.6792791371870005035, 17.32452043487701587, 32.21345000285300841 ) ) ;
#4214 = CARTESIAN_POINT ( 'NONE',  ( 0.2488744225060001425, 15.54406089538598756, 33.09881978562899008 ) ) ;
#4215 = CARTESIAN_POINT ( 'NONE',  ( 2.934587682304000023, 0.03806304987526999695, 31.59298142139299514 ) ) ;
#4216 = FACE_OUTER_BOUND ( 'NONE', #1408, .T. ) ;
#4217 = CARTESIAN_POINT ( 'NONE',  ( 2.976109200981003067, 20.09170437820500510, 32.11971522862300787 ) ) ;
#4218 = CARTESIAN_POINT ( 'NONE',  ( 3.332015375972000371, -0.9642358328769998765, 32.04714296123101747 ) ) ;
#4219 = CARTESIAN_POINT ( 'NONE',  ( -2.000000000000000000, -2.000000000000000000, 34.00000000000000000 ) ) ;
#4220 = EDGE_CURVE ( 'NONE', #4560, #178, #1147, .T. ) ;
#4221 = ORIENTED_EDGE ( 'NONE', *, *, #1819, .F. ) ;
#4222 = CARTESIAN_POINT ( 'NONE',  ( -2.000000000000000000, 14.00000000000000000, 27.00000000000000000 ) ) ;
#4223 = ORIENTED_EDGE ( 'NONE', *, *, #4674, .F. ) ;
#4224 = DIRECTION ( 'NONE',  ( 1.000000000000000000, 0.000000000000000000, 0.000000000000000000 ) ) ;
#4225 = LINE ( 'NONE', #3864, #767 ) ;
#4226 = EDGE_LOOP ( 'NONE', ( #1624, #3035, #3986, #1159 ) ) ;
#4227 = ADVANCED_FACE ( 'NONE', ( #3220 ), #3602, .F. ) ;
#4228 = CARTESIAN_POINT ( 'NONE',  ( 19.99999999999999645, 0.9999999999999981126, 30.17157287525380838 ) ) ;
#4229 = ORIENTED_EDGE ( 'NONE', *, *, #3611, .F. ) ;
#4230 = FACE_OUTER_BOUND ( 'NONE', #3945, .T. ) ;
#4231 = CARTESIAN_POINT ( 'NONE',  ( 0.6561799496320003255, 5.000975206849004984, 33.43550335767100279 ) ) ;
#4232 = CARTESIAN_POINT ( 'NONE',  ( -0.3837359371949997655, 2.696690678356999271, 32.20364923588202544 ) ) ;
#4233 = FACE_OUTER_BOUND ( 'NONE', #4226, .T. ) ;
#4234 = CARTESIAN_POINT ( 'NONE',  ( 4.735990059701001620, 1.204804481295000063, 33.30019293789300860 ) ) ;
#4235 = VERTEX_POINT ( 'NONE', #4620 ) ;
#4236 = CARTESIAN_POINT ( 'NONE',  ( 2.891355455172001321, 20.35245994881798381, 32.24846749147598501 ) ) ;
#4237 = CIRCLE ( 'NONE', #904, 1.799999999999999600 ) ;
#4238 = CARTESIAN_POINT ( 'NONE',  ( -0.3616511017469999367, 16.27360345273299558, 32.57673069888102191 ) ) ;
#4239 =( BOUNDED_CURVE ( )  B_SPLINE_CURVE ( 2, ( #1222, #862, #2316 ),
 .UNSPECIFIED., .F., .T. ) 
 B_SPLINE_CURVE_WITH_KNOTS ( ( 3, 3 ),
 ( 0.000000000000000000, 1.000000000000000000 ),
 .UNSPECIFIED. ) 
 CURVE ( )  GEOMETRIC_REPRESENTATION_ITEM ( )  RATIONAL_B_SPLINE_CURVE ( ( 1.000000000000000000, 1.000343389573495889, 1.000000000000000000 ) ) 
 REPRESENTATION_ITEM ( '' )  );
#4240 = CARTESIAN_POINT ( 'NONE',  ( 3.509176495566749931, 9.563111887810999079, 33.39909151683549737 ) ) ;
#4241 = CARTESIAN_POINT ( 'NONE',  ( 1.902520555569999328, 4.930893649026001135, 33.22336372821800410 ) ) ;
#4242 = DIRECTION ( 'NONE',  ( 0.000000000000000000, 0.000000000000000000, 1.000000000000000000 ) ) ;
#4243 = AXIS2_PLACEMENT_3D ( 'NONE', #3112, #2391, #4154 ) ;
#4244 = CARTESIAN_POINT ( 'NONE',  ( 0.03218005151535627273, 2.901254437561015198, 31.58361892112154834 ) ) ;
#4245 = CIRCLE ( 'NONE', #1674, 1.099999999999996758 ) ;
#4246 = CARTESIAN_POINT ( 'NONE',  ( 10.21947927519899935, 16.51839603455799832, 33.39818303367099617 ) ) ;
#4247 = ORIENTED_EDGE ( 'NONE', *, *, #2344, .F. ) ;
#4248 = DIRECTION ( 'NONE',  ( 0.000000000000000000, 0.000000000000000000, 1.000000000000000000 ) ) ;
#4249 = CARTESIAN_POINT ( 'NONE',  ( -2.000000000000000000, 3.000000000000000000, 34.00000000000000000 ) ) ;
#4250 = CIRCLE ( 'NONE', #2964, 1.000000000000000000 ) ;
#4251 = CARTESIAN_POINT ( 'NONE',  ( 2.759452545632000042, 0.007147728046109998526, 31.54377338505499750 ) ) ;
#4252 = ORIENTED_EDGE ( 'NONE', *, *, #3971, .T. ) ;
#4253 = CARTESIAN_POINT ( 'NONE',  ( 0.5999999999999999778, 15.05051025721699887, 30.00000000000000000 ) ) ;
#4254 = CARTESIAN_POINT ( 'NONE',  ( 1.221978477208000236, 5.052748952912005542, 33.61671829982400794 ) ) ;
#4255 = ADVANCED_FACE ( 'NONE', ( #644 ), #1807, .F. ) ;
#4256 = CARTESIAN_POINT ( 'NONE',  ( -0.1787676424560001032, 1.307061657329000370, 31.95132908146401363 ) ) ;
#4257 = ADVANCED_FACE ( 'NONE', ( #1409 ), #4099, .T. ) ;
#4258 = CARTESIAN_POINT ( 'NONE',  ( 19.79105714739100108, -0.1000000000000000056, 24.00000000000000000 ) ) ;
#4259 = CARTESIAN_POINT ( 'NONE',  ( 5.041835599924002764, 2.239906987046000442, 33.65196898393999447 ) ) ;
#4260 = ORIENTED_EDGE ( 'NONE', *, *, #4453, .T. ) ;
#4261 = CARTESIAN_POINT ( 'NONE',  ( 1.845112640833999285, 20.35238707701399719, 32.03181515328699192 ) ) ;
#4262 = CARTESIAN_POINT ( 'NONE',  ( 1.595664346634001696, 14.48366953010899572, 33.80213785621499767 ) ) ;
#4263 = DIRECTION ( 'NONE',  ( 0.000000000000000000, 0.000000000000000000, 1.000000000000000000 ) ) ;
#4264 = CARTESIAN_POINT ( 'NONE',  ( 1.962467634143002737, 4.946758604856003494, 33.41958200759998476 ) ) ;
#4265 = CARTESIAN_POINT ( 'NONE',  ( 3.022212221090000206, 19.94526032640902358, 31.61969624506600951 ) ) ;
#4266 = CARTESIAN_POINT ( 'NONE',  ( -0.1077682745579998658, 2.885846932273999688, 32.09610397990100950 ) ) ;
#4267 = DIRECTION ( 'NONE',  ( -1.000000000000000000, 0.000000000000000000, 0.000000000000000000 ) ) ;
#4268 = CARTESIAN_POINT ( 'NONE',  ( 3.591549295774999706, 8.912912344144000798, 33.39999999999999858 ) ) ;
#4269 = ORIENTED_EDGE ( 'NONE', *, *, #2718, .T. ) ;
#4270 = CARTESIAN_POINT ( 'NONE',  ( -0.1000000000000000056, 0.8022739024160000509, 24.00000000000000000 ) ) ;
#4271 = DIRECTION ( 'NONE',  ( 0.000000000000000000, -1.000000000000000000, 0.000000000000000000 ) ) ;
#4272 = ORIENTED_EDGE ( 'NONE', *, *, #4370, .F. ) ;
#4273 = CARTESIAN_POINT ( 'NONE',  ( 16.50000000000000000, 10.00000000000000000, 33.39791576165600162 ) ) ;
#4274 = CARTESIAN_POINT ( 'NONE',  ( 1.576212254826002246, 5.164718580455996744, 33.73611466204097553 ) ) ;
#4275 = CARTESIAN_POINT ( 'NONE',  ( -0.6508130797910004484, 1.817620319333998813, 32.04836201393798945 ) ) ;
#4276 = CARTESIAN_POINT ( 'NONE',  ( 4.834420663122999784, 19.39332269165099731, 30.00667730834899771 ) ) ;
#4277 = CARTESIAN_POINT ( 'NONE',  ( 5.400309070720003213, 1.881724803060999207, 33.87624821732701008 ) ) ;
#4278 = EDGE_CURVE ( 'NONE', #386, #2435, #1387, .T. ) ;
#4279 = ORIENTED_EDGE ( 'NONE', *, *, #2891, .T. ) ;
#4280 = CARTESIAN_POINT ( 'NONE',  ( 2.243047739795001938, 20.69651207218899458, 32.12609871218599267 ) ) ;
#4281 = ORIENTED_EDGE ( 'NONE', *, *, #1506, .T. ) ;
#4282 = ADVANCED_FACE ( 'NONE', ( #1031 ), #4467, .T. ) ;
#4283 = LINE ( 'NONE', #1816, #2143 ) ;
#4284 = LINE ( 'NONE', #39, #607 ) ;
#4285 = CARTESIAN_POINT ( 'NONE',  ( 0.4505578932959995453, 3.960771204161998682, 32.44762472054500790 ) ) ;
#4286 = CARTESIAN_POINT ( 'NONE',  ( 0.5999999999999999778, 15.05051025721699887, 30.00000000000000000 ) ) ;
#4287 = CARTESIAN_POINT ( 'NONE',  ( 0.06191126670734998366, 16.94448143170298593, 31.90289546237100637 ) ) ;
#4288 = DIRECTION ( 'NONE',  ( 0.000000000000000000, 0.000000000000000000, 1.000000000000000000 ) ) ;
#4289 = VECTOR ( 'NONE', #1663, 1000.000000000000000 ) ;
#4290 = EDGE_LOOP ( 'NONE', ( #109, #1700, #315, #2173 ) ) ;
#4291 = CARTESIAN_POINT ( 'NONE',  ( 2.419907977007001776, 5.607696709122002687, 33.97245131863000012 ) ) ;
#4292 = CARTESIAN_POINT ( 'NONE',  ( 4.575672779688999547, 0.7268701651769999827, 30.12687016517699945 ) ) ;
#4293 = CARTESIAN_POINT ( 'NONE',  ( -3.283392516883644295E-07, 2.500000000000003997, 31.47790234642784668 ) ) ;
#4294 = ORIENTED_EDGE ( 'NONE', *, *, #380, .T. ) ;
#4295 = DIRECTION ( 'NONE',  ( 1.000000000000000000, 0.000000000000000000, 0.000000000000000000 ) ) ;
#4296 = APPLICATION_CONTEXT ( 'configuration controlled 3d designs of mechanical parts and assemblies' ) ;
#4297 = CARTESIAN_POINT ( 'NONE',  ( 1.991715538105000238, 5.584010552909001390, 33.90388979799799074 ) ) ;
#4298 = CARTESIAN_POINT ( 'NONE',  ( -0.6389293359929996141, 2.918006257030000050, 32.26699376448302559 ) ) ;
#4299 = CARTESIAN_POINT ( 'NONE',  ( 5.046730288674997844, 1.207648071254000532, 33.61083953669601243 ) ) ;
#4300 = ORIENTED_EDGE ( 'NONE', *, *, #3877, .T. ) ;
#4301 = CARTESIAN_POINT ( 'NONE',  ( 1.458462775877002127, 20.98533160622799798, 31.63974393456203416 ) ) ;
#4302 =( BOUNDED_SURFACE ( )  B_SPLINE_SURFACE ( 6, 13, ( 
 ( #1423, #2866, #202, #3443, #2637, #43, #2234, #1139, #2369, #3798, #560, #1545, #916, #4077, #2256, #3822, #2984, #2959, #803, #3305, #473, #3331, #4430, #827, #1517, #2281 ),
 ( #3715, #941, #1990, #2014, #1490, #4509, #96, #1872, #1166, #3421, #180, #1188, #2393, #3065, #1627, #4408, #4380, #1272, #2616, #580, #2715, #3091, #1651, #4531, #4156, #2937 ),
 ( #1296, #2745, #424, #4186, #2034, #2593, #4031, #780, #3666, #67, #4055, #3691, #446, #1899, #4602, #2057, #3202, #2416, #224, #2486, #1056, #990, #246, #602, #625, #3492 ),
 ( #3845, #4232, #1740, #1413, #3114, #3537, #1346, #268, #4256, #965, #3914, #2815, #4558, #1768, #3871, #1676, #1325, #3942, #2793, #2441, #2081, #1718, #1697, #2856, #3516, #2512 ),
 ( #4298, #671, #2770, #1014, #698, #4275, #3465, #1368, #4208, #3179, #2127, #4645, #3135, #4581, #3156, #2465, #1392, #3891, #648, #2103, #290, #3563, #2835, #320, #4625, #1035 ),
 ( #1089, #1136, #1442, #3573, #2137, #2889, #751, #41, #3976, #1514, #3281, #2590, #3664, #4655, #4028, #2186, #2956, #3642, #328, #778, #422, #1421, #2231, #3616, #4405, #399 ),
 ( #3233, #4378, #2494, #2208, #2544, #4306, #3594, #4353, #19, #373, #65, #1846, #729, #2162, #1777, #1464, #353, #3303, #1488, #1870, #3922, #681, #1822, #3211, #2864, #1065 ) ),
 .UNSPECIFIED., .F., .F., .T. ) 
 B_SPLINE_SURFACE_WITH_KNOTS ( ( 7, 7 ),
 ( 14, 12, 14 ),
 ( 0.000000000000000000, 4.826669157023999901 ),
 ( 23.04460036023600011, 25.45615941971700025, 27.87126951726000001 ),
 .UNSPECIFIED. ) 
 GEOMETRIC_REPRESENTATION_ITEM ( )  RATIONAL_B_SPLINE_SURFACE ( (
 ( 1.081506407463000086, 1.082548568140000000, 1.083497519160000033, 1.084449937747000048, 1.085442357475000064, 1.086396615703999924, 1.086992416663000061, 1.088057702851999986, 1.088432692056000128, 1.089134376297000051, 1.089482242181000204, 1.089778301826999973, 1.089916523275999971, 1.089919103405999845, 1.089782091376999995, 1.089499353960999839, 1.089095479845999970, 1.088554065999999931, 1.087895565691999966, 1.087156143570000122, 1.086338704066000194, 1.085431201924000000, 1.084470455830999880, 1.083528190685999926, 1.082566168101000148, 1.081505252924999994),
 ( 1.024203872256999936, 1.024475400935999980, 1.024721596843999993, 1.024967925385999790, 1.025223942051000092, 1.025468067398999983, 1.025620922652000111, 1.025892512423000058, 1.025987354565999876, 1.026165728847999947, 1.026253604337000080, 1.026328582721000027, 1.026363551443999933, 1.026364204338999997, 1.026329542820000107, 1.026257959547000054, 1.026155744393000058, 1.026018439388000081, 1.025851034471999990, 1.025662600918999967, 1.025453642366999985, 1.025220775033999887, 1.024973249736000014, 1.024729539768000075, 1.024479987591000008, 1.024203571448000005),
 ( 0.9948529361160000084, 0.9947940565870000418, 0.9947407150760000372, 0.9946873815600000279, 0.9946319803709999796, 0.9945792581719999914, 0.9945462308489999570, 0.9944876324289999570, 0.9944672202869999644, 0.9944287696519999997, 0.9944098624530000041, 0.9943937183019999626, 0.9943861912079999810, 0.9943860506610000538, 0.9943935115759999777, 0.9944089232749999674, 0.9944309279980000360, 0.9944605048769999955, 0.9944965913619999709, 0.9945372394289999640, 0.9945823538789999585, 0.9946326806160000755, 0.9946862274629999501, 0.9947389948829999939, 0.9947930619479999903, 0.9948530013449999876),
 ( 0.9850476317249999836, 0.9848688177449999026, 0.9847062173610000579, 0.9845431786620000292, 0.9843734284489999986, 0.9842106107549999372, 0.9841088584430000008, 0.9839272736400000996, 0.9838634876089999981, 0.9837439705920000277, 0.9836848194960000624, 0.9836344427330000473, 0.9836109299949999940, 0.9836104910640000032, 0.9836337978079999766, 0.9836819039580000368, 0.9837506133929999619, 0.9838427724360000459, 0.9839549357219999903, 0.9840809659329999848, 0.9842204133640000130, 0.9843753938570000139, 0.9845396633819999410, 0.9847009647459999959, 0.9848657977129999797, 0.9850478298210000316),
 ( 0.9948529361160000084, 0.9947940565870000418, 0.9947407150760000372, 0.9946873815600000279, 0.9946319803709999796, 0.9945792581710000135, 0.9945462308499999349, 0.9944876324279999791, 0.9944672202879999423, 0.9944287696510000218, 0.9944098624539999820, 0.9943937183009999847, 0.9943861912079999810, 0.9943860506610000538, 0.9943935115759999777, 0.9944089232749999674, 0.9944309279980000360, 0.9944605048769999955, 0.9944965913619999709, 0.9945372394279999861, 0.9945823538799999364, 0.9946326806160000755, 0.9946862274639999280, 0.9947389948829999939, 0.9947930619489999682, 0.9948530013449999876),
 ( 1.024203872256999936, 1.024475400935999980, 1.024721596843999993, 1.024967925385999790, 1.025223942051000092, 1.025468067398999983, 1.025620922652000111, 1.025892512423000058, 1.025987354565999876, 1.026165728847999947, 1.026253604337000080, 1.026328582721000027, 1.026363551443999933, 1.026364204338999997, 1.026329542820000107, 1.026257959547000054, 1.026155744393000058, 1.026018439388000081, 1.025851034471999990, 1.025662600918999967, 1.025453642366999985, 1.025220775033999887, 1.024973249736000014, 1.024729539768000075, 1.024479987591000008, 1.024203571448000005),
 ( 1.081506407463000086, 1.082548568140000000, 1.083497519160000033, 1.084449937747000048, 1.085442357475000064, 1.086396615703999924, 1.086992416663000061, 1.088057702851999986, 1.088432692056000128, 1.089134376297000051, 1.089482242181000204, 1.089778301826999973, 1.089916523275999971, 1.089919103405999845, 1.089782091376999995, 1.089499353960999839, 1.089095479845999970, 1.088554065999999931, 1.087895565691999966, 1.087156143570000122, 1.086338704066000194, 1.085431201924000000, 1.084470455830999880, 1.083528190685999926, 1.082566168101000148, 1.081505252924999994) ) ) 
 REPRESENTATION_ITEM ( '' )  SURFACE ( )  );
#4303 = CARTESIAN_POINT ( 'NONE',  ( 2.024849948237000152, 14.57649090817000470, 33.90988688212302549 ) ) ;
#4304 = CARTESIAN_POINT ( 'NONE',  ( 3.179119651317998230, 0.09388797529869007119, 31.68233501600298752 ) ) ;
#4305 = CARTESIAN_POINT ( 'NONE',  ( 5.000000000000000000, 2.429847200648000083, 33.36133953361201065 ) ) ;
#4306 = CARTESIAN_POINT ( 'NONE',  ( -1.053277755879000521, 1.750978296055001548, 31.68695172785202985 ) ) ;
#4307 = CARTESIAN_POINT ( 'NONE',  ( 1.811842786098000424, 4.905193273746002447, 33.18698755765100117 ) ) ;
#4308 = AXIS2_PLACEMENT_3D ( 'NONE', #121, #4452, #46 ) ;
#4309 = EDGE_CURVE ( 'NONE', #2336, #3894, #2362, .T. ) ;
#4310 = CARTESIAN_POINT ( 'NONE',  ( 15.90000000000000036, 10.00000000000000000, 32.00000000000000000 ) ) ;
#4311 = CARTESIAN_POINT ( 'NONE',  ( 0.07245696321120996541, 16.90029849056201172, 31.91998833644299083 ) ) ;
#4312 = DIRECTION ( 'NONE',  ( 0.000000000000000000, 0.000000000000000000, 1.000000000000000000 ) ) ;
#4313 = EDGE_CURVE ( 'NONE', #2529, #4190, #1903, .T. ) ;
#4314 = CARTESIAN_POINT ( 'NONE',  ( 5.000000000000000000, 17.50000000000000000, 33.37134415454899283 ) ) ;
#4315 = ORIENTED_EDGE ( 'NONE', *, *, #547, .T. ) ;
#4316 = CARTESIAN_POINT ( 'NONE',  ( -0.4144911392430000174, 4.371679029190999266, 32.66917398270502559 ) ) ;
#4317 = CIRCLE ( 'NONE', #1520, 2.999999999999999112 ) ;
#4318 = CARTESIAN_POINT ( 'NONE',  ( 4.531614726515000413, 0.9672562146219999546, 30.36725621462200309 ) ) ;
#4319 = AXIS2_PLACEMENT_3D ( 'NONE', #1857, #1498, #431 ) ;
#4320 = EDGE_CURVE ( 'NONE', #3811, #1554, #1126, .T. ) ;
#4321 = CARTESIAN_POINT ( 'NONE',  ( 0.008905932595628419934, 2.211244571623243171, 31.40770129879435046 ) ) ;
#4322 = ORIENTED_EDGE ( 'NONE', *, *, #4340, .T. ) ;
#4323 = CARTESIAN_POINT ( 'NONE',  ( -0.9908938619609997112, 3.240323719091002364, 32.01219307142900306 ) ) ;
#4324 = CARTESIAN_POINT ( 'NONE',  ( 5.439114917712997155, 17.80315320959197578, 33.94084371852500226 ) ) ;
#4325 = CARTESIAN_POINT ( 'NONE',  ( 4.723496005867002800, 0.5828632764300003544, 33.31444789742599966 ) ) ;
#4326 = ORIENTED_EDGE ( 'NONE', *, *, #2641, .T. ) ;
#4327 = CARTESIAN_POINT ( 'NONE',  ( 0.008645671157203585824, 17.28221079637228996, 31.53366081004448773 ) ) ;
#4328 = AXIS2_PLACEMENT_3D ( 'NONE', #2096, #3511, #935 ) ;
#4329 = CARTESIAN_POINT ( 'NONE',  ( 0.3560731607570000734, 14.96068192275800612, 33.26784301282198442 ) ) ;
#4330 = CARTESIAN_POINT ( 'NONE',  ( 17.12499999999399947, 10.29931038995700021, 33.99739470207100567 ) ) ;
#4331 = CARTESIAN_POINT ( 'NONE',  ( 20.00000000000000000, 3.000000000000000000, 31.00000000000000000 ) ) ;
#4332 = DIRECTION ( 'NONE',  ( 0.000000000000000000, 0.000000000000000000, -1.000000000000000000 ) ) ;
#4333 = CARTESIAN_POINT ( 'NONE',  ( 0.06140329219460002180, 3.053228657133998603, 31.90199929547997826 ) ) ;
#4334 = FACE_OUTER_BOUND ( 'NONE', #2951, .T. ) ;
#4335 = CARTESIAN_POINT ( 'NONE',  ( 0.9825816357680002833, 15.48822251680699402, 32.93968684784498890 ) ) ;
#4336 = CARTESIAN_POINT ( 'NONE',  ( 2.500000000000000000, 17.50000000000000000, 30.59999999999999787 ) ) ;
#4337 = ADVANCED_FACE ( 'NONE', ( #2573 ), #86, .T. ) ;
#4338 = CARTESIAN_POINT ( 'NONE',  ( 4.967267506577003111, 17.09677419354801131, 34.00000000000000000 ) ) ;
#4339 = CARTESIAN_POINT ( 'NONE',  ( 0.4249999999999999889, 19.92499999999999716, 29.30000000000000071 ) ) ;
#4340 = EDGE_CURVE ( 'NONE', #1509, #4560, #2297, .T. ) ;
#4341 = CARTESIAN_POINT ( 'NONE',  ( 4.564673629860999782, 0.7410633786029999781, 30.14106337860300044 ) ) ;
#4342 = CARTESIAN_POINT ( 'NONE',  ( 3.000000000000000000, 17.00000000000000000, 29.00000000000000000 ) ) ;
#4343 = VERTEX_POINT ( 'NONE', #2290 ) ;
#4344 = CARTESIAN_POINT ( 'NONE',  ( -0.6389172588200002778, 17.08212763088099706, 32.26701562734098161 ) ) ;
#4345 = CARTESIAN_POINT ( 'NONE',  ( -0.4336022434539999471, 4.059136069026002325, 32.65801005069300089 ) ) ;
#4346 = CARTESIAN_POINT ( 'NONE',  ( 4.209715830516998381, 20.30638720316598267, 32.76738304235298926 ) ) ;
#4347 = CARTESIAN_POINT ( 'NONE',  ( 4.242101616224998928, -0.2772397650880001341, 32.79436973637601227 ) ) ;
#4348 = VERTEX_POINT ( 'NONE', #1909 ) ;
#4349 = CARTESIAN_POINT ( 'NONE',  ( -0.8825065794300004374, 18.37759687142401432, 31.89026883195002782 ) ) ;
#4350 = CARTESIAN_POINT ( 'NONE',  ( 0.1223228312889999836, 15.11397902130599746, 33.10999792098999706 ) ) ;
#4351 = FACE_OUTER_BOUND ( 'NONE', #219, .T. ) ;
#4352 = CARTESIAN_POINT ( 'NONE',  ( 11.18743420870399952, 3.000000000000000000, 34.00000000000000000 ) ) ;
#4353 = CARTESIAN_POINT ( 'NONE',  ( -0.9227507207139998835, 1.241824955159000599, 31.60458957823597714 ) ) ;
#4354 = CARTESIAN_POINT ( 'NONE',  ( 0.03953844443028999706, 2.945082409553998470, 31.86625193639101639 ) ) ;
#4355 = CARTESIAN_POINT ( 'NONE',  ( 8.912912344144000798, 16.40845070422500029, 33.39999999999999858 ) ) ;
#4356 = CARTESIAN_POINT ( 'NONE',  ( 0.09421242578794991607, 16.81973814102299514, 31.68280806912500225 ) ) ;
#4357 = CARTESIAN_POINT ( 'NONE',  ( 0.002996741443273884861, 2.635588425291533810, 31.51220716029041213 ) ) ;
#4358 =( BOUNDED_SURFACE ( )  B_SPLINE_SURFACE ( 6, 3, ( 
 ( #3794, #887, #4577, #3439 ),
 ( #3460, #218, #1986, #4204 ),
 ( #2692, #911, #3512, #2434 ),
 ( #3418, #3131, #4133, #3060 ),
 ( #2050, #3110, #3866, #242 ),
 ( #2030, #264, #3488, #621 ),
 ( #2711, #1247, #1670, #4504 ),
 ( #2364, #4182, #556, #2010 ),
 ( #2077, #2339, #4554, #1714 ),
 ( #1646, #198, #3085, #2788 ),
 ( #4526, #1693, #3767, #1342 ),
 ( #960, #4228, #1291, #4487 ) ),
 .UNSPECIFIED., .F., .F., .T. ) 
 B_SPLINE_SURFACE_WITH_KNOTS ( ( 7, 5, 7 ),
 ( 4, 4 ),
 ( 0.000000000000000000, 0.7853981633969999709, 1.570796326795000031 ),
 ( 0.000000000000000000, 1.000000000000000000 ),
 .UNSPECIFIED. ) 
 GEOMETRIC_REPRESENTATION_ITEM ( )  RATIONAL_B_SPLINE_SURFACE ( (
 ( 1.000000000000000000, 0.8047378541243648264, 0.8047378541243648264, 1.000000000000000000),
 ( 1.000000000000000000, 0.8047378541243648264, 0.8047378541243648264, 1.000000000000000000),
 ( 1.000000000000000000, 0.8047378541243648264, 0.8047378541243648264, 1.000000000000000000),
 ( 1.000000000000000000, 0.8047378541243648264, 0.8047378541243648264, 1.000000000000000000),
 ( 1.000000000000000000, 0.8047378541243648264, 0.8047378541243648264, 1.000000000000000000),
 ( 1.000000000000000000, 0.8047378541243648264, 0.8047378541243648264, 1.000000000000000000),
 ( 1.000000000000000000, 0.8047378541243648264, 0.8047378541243648264, 1.000000000000000000),
 ( 1.000000000000000000, 0.8047378541243648264, 0.8047378541243648264, 1.000000000000000000),
 ( 1.000000000000000000, 0.8047378541243648264, 0.8047378541243648264, 1.000000000000000000),
 ( 1.000000000000000000, 0.8047378541243648264, 0.8047378541243648264, 1.000000000000000000),
 ( 1.000000000000000000, 0.8047378541243648264, 0.8047378541243648264, 1.000000000000000000),
 ( 1.000000000000000000, 0.8047378541243648264, 0.8047378541243648264, 1.000000000000000000) ) ) 
 REPRESENTATION_ITEM ( '' )  SURFACE ( )  );
#4359 = CARTESIAN_POINT ( 'NONE',  ( 19.78983045599668245, -0.1000000000000000194, 29.15001797786960935 ) ) ;
#4360 = CARTESIAN_POINT ( 'NONE',  ( -1.006293752050999579, 3.180241548645997618, 31.99167124738898593 ) ) ;
#4361 = CARTESIAN_POINT ( 'NONE',  ( 4.635415650406000232, 1.199999999999999956, 30.59999999999999787 ) ) ;
#4362 = EDGE_CURVE ( 'NONE', #3068, #2468, #2210, .T. ) ;
#4363 = CARTESIAN_POINT ( 'NONE',  ( 19.93769420313692819, 19.41518276919467922, 29.98481723080532291 ) ) ;
#4364 = CARTESIAN_POINT ( 'NONE',  ( 16.50000000000000000, 10.00000000000000000, 33.39791576165600162 ) ) ;
#4365 = AXIS2_PLACEMENT_3D ( 'NONE', #3102, #2427, #3527 ) ;
#4366 = ORIENTED_EDGE ( 'NONE', *, *, #1796, .F. ) ;
#4367 = PLANE ( 'NONE',  #304 ) ;
#4368 = CARTESIAN_POINT ( 'NONE',  ( 0.05047971116251003670, 16.99890948494898524, 31.61285092914299000 ) ) ;
#4369 = CARTESIAN_POINT ( 'NONE',  ( 3.034686336119001293, 20.87545210994098710, 32.16985918218399831 ) ) ;
#4370 = EDGE_CURVE ( 'NONE', #2601, #3080, #3459, .T. ) ;
#4371 = CARTESIAN_POINT ( 'NONE',  ( 4.952119252264003180, 0.9829107480250001139, 33.51851526658602864 ) ) ;
#4372 = ORIENTED_EDGE ( 'NONE', *, *, #2977, .T. ) ;
#4373 = CARTESIAN_POINT ( 'NONE',  ( 0.03812749770920999259, 17.06504737905800084, 31.59310122062500525 ) ) ;
#4374 = VERTEX_POINT ( 'NONE', #1149 ) ;
#4375 = LINE ( 'NONE', #2656, #95 ) ;
#4376 = CARTESIAN_POINT ( 'NONE',  ( 3.111030124280001363, 0.07549754918508999602, 31.65309727654399907 ) ) ;
#4377 = CARTESIAN_POINT ( 'NONE',  ( 10.71872705101799994, 2.909649527126999757, 34.00000000000000000 ) ) ;
#4378 = CARTESIAN_POINT ( 'NONE',  ( -1.083298180852000581, 2.758092534949001973, 31.88638683291298648 ) ) ;
#4379 = CARTESIAN_POINT ( 'NONE',  ( 1.647654058099001562, 5.031055942200998388, 33.64473060897501000 ) ) ;
#4380 = CARTESIAN_POINT ( 'NONE',  ( 1.324687986923000160, 0.2692203238280001520, 31.51927076351601897 ) ) ;
#4381 = CARTESIAN_POINT ( 'NONE',  ( 0.2561197666719999266, 16.34515667537000994, 31.93096524568600003 ) ) ;
#4382 = CARTESIAN_POINT ( 'NONE',  ( 0.01764448174131999850, 2.802049013751056084, 31.55630530235335485 ) ) ;
#4383 = AXIS2_PLACEMENT_3D ( 'NONE', #4066, #3036, #2689 ) ;
#4384 = CARTESIAN_POINT ( 'NONE',  ( -0.4202777199850002976, 0.3329961263789998349, 31.51375412646400420 ) ) ;
#4385 = CARTESIAN_POINT ( 'NONE',  ( 2.931113048150002509, 19.96294621039999129, 31.86222152810301722 ) ) ;
#4386 = CARTESIAN_POINT ( 'NONE',  ( 4.745011979879999231, 0.6251025915180000725, 30.02510259151800298 ) ) ;
#4387 = AXIS2_PLACEMENT_3D ( 'NONE', #3510, #4248, #4615 ) ;
#4388 = CARTESIAN_POINT ( 'NONE',  ( 4.807395206444000202, 19.38875554547000135, 30.01124445453000078 ) ) ;
#4389 = CARTESIAN_POINT ( 'NONE',  ( 16.48470578863300062, 9.453889256563000387, 33.39862034520900380 ) ) ;
#4390 = ORIENTED_EDGE ( 'NONE', *, *, #3525, .F. ) ;
#4391 = CARTESIAN_POINT ( 'NONE',  ( 17.00000000000000000, 19.00000000000000000, 29.00000000000000000 ) ) ;
#4392 = CARTESIAN_POINT ( 'NONE',  ( 1.585499485342000581, 5.514201510763997227, 33.79919691360402823 ) ) ;
#4393 = CARTESIAN_POINT ( 'NONE',  ( 3.120887046046001423, 21.02015281393002155, 31.97301895502501523 ) ) ;
#4394 = VECTOR ( 'NONE', #2560, 1000.000000000000000 ) ;
#4395 = CARTESIAN_POINT ( 'NONE',  ( 3.301827639724000285, -0.9734006520480001923, 32.03520958988099920 ) ) ;
#4396 = ORIENTED_EDGE ( 'NONE', *, *, #775, .F. ) ;
#4397 = AXIS2_PLACEMENT_3D ( 'NONE', #3583, #4641, #2507 ) ;
#4398 = CARTESIAN_POINT ( 'NONE',  ( -0.5614174273289997963, 19.48331220647501283, 31.52348654749502188 ) ) ;
#4399 = EDGE_CURVE ( 'NONE', #1476, #794, #410, .T. ) ;
#4400 = ORIENTED_EDGE ( 'NONE', *, *, #2179, .F. ) ;
#4401 = EDGE_CURVE ( 'NONE', #2995, #1074, #2066, .T. ) ;
#4402 = CARTESIAN_POINT ( 'NONE',  ( 0.8482946167449999519, 4.525505755559000143, 30.24829461674499953 ) ) ;
#4403 = CARTESIAN_POINT ( 'NONE',  ( 4.975404355448996618, 2.127328011939999097, 33.46438980999501211 ) ) ;
#4404 = DIRECTION ( 'NONE',  ( 0.000000000000000000, 6.000000000000000121E-17, -1.000000000000000000 ) ) ;
#4405 = CARTESIAN_POINT ( 'NONE',  ( 2.726050931923000409, -0.9295994407619998512, 32.10025669914599433 ) ) ;
#4406 = CARTESIAN_POINT ( 'NONE',  ( -0.1077682745579998658, 2.885846932273999688, 32.09610397990100950 ) ) ;
#4407 = VECTOR ( 'NONE', #1867, 1000.000000000000000 ) ;
#4408 = CARTESIAN_POINT ( 'NONE',  ( 1.163104765509999527, 0.3667257122999998953, 31.50169773956001151 ) ) ;
#4409 = CARTESIAN_POINT ( 'NONE',  ( -0.2122663259020002025, 16.59022432199100194, 32.42150944244901467 ) ) ;
#4410 = DIRECTION ( 'NONE',  ( 0.000000000000000000, 1.000000000000000000, 0.000000000000000000 ) ) ;
#4411 = CARTESIAN_POINT ( 'NONE',  ( 4.077562623370997841, 19.46341767680602075, 32.54263109040099522 ) ) ;
#4412 = CARTESIAN_POINT ( 'NONE',  ( 19.93726036070562557, 19.41897912491088718, 29.98102087508911495 ) ) ;
#4413 = CARTESIAN_POINT ( 'NONE',  ( 2.891364003341998945, -0.3524631066410002234, 32.24845594416000694 ) ) ;
#4414 = ORIENTED_EDGE ( 'NONE', *, *, #964, .F. ) ;
#4415 = CARTESIAN_POINT ( 'NONE',  ( -2.000000000000000000, 17.00000000000000000, 29.00000000000000000 ) ) ;
#4416 = DIRECTION ( 'NONE',  ( 0.000000000000000000, 1.000000000000000000, 0.000000000000000000 ) ) ;
#4417 = CARTESIAN_POINT ( 'NONE',  ( 3.072897940822000518, 20.86694198519300869, 32.18018310119700942 ) ) ;
#4418 = CIRCLE ( 'NONE', #2384, 2.500000000000000000 ) ;
#4419 = CC_DESIGN_PERSON_AND_ORGANIZATION_ASSIGNMENT ( #3427, #2348, ( #1828 ) ) ;
#4420 = CARTESIAN_POINT ( 'NONE',  ( 3.642573974815999094, -0.8656112222289997771, 32.17462088640201046 ) ) ;
#4421 = ORIENTED_EDGE ( 'NONE', *, *, #721, .F. ) ;
#4422 = PLANE ( 'NONE',  #3 ) ;
#4423 = CARTESIAN_POINT ( 'NONE',  ( 0.6484211382479999619, 4.678692138681000756, 30.04842113824799910 ) ) ;
#4424 = ADVANCED_FACE ( 'NONE', ( #4039 ), #2921, .T. ) ;
#4425 = CARTESIAN_POINT ( 'NONE',  ( 2.885853473689999671, -0.1077668434919999280, 32.09611572575302318 ) ) ;
#4426 = ORIENTED_EDGE ( 'NONE', *, *, #2440, .T. ) ;
#4427 = CARTESIAN_POINT ( 'NONE',  ( 0.1720105741690000078, 18.48501632645601234, 31.54469024140198385 ) ) ;
#4428 = PERSON_AND_ORGANIZATION ( #296, #1152 ) ;
#4429 = CARTESIAN_POINT ( 'NONE',  ( 2.686904854664999398, 5.048312111975000960, 33.71105886076202296 ) ) ;
#4430 = CARTESIAN_POINT ( 'NONE',  ( 2.414490397063001836, -0.01402454190184001734, 31.45401762377801447 ) ) ;
#4431 = CARTESIAN_POINT ( 'NONE',  ( -0.08679455301966000624, 17.00064375887898649, 32.12694885372001607 ) ) ;
#4432 = CARTESIAN_POINT ( 'NONE',  ( 3.000000000000000000, -2.000000000000000000, 34.00000000000000000 ) ) ;
#4433 = CARTESIAN_POINT ( 'NONE',  ( 17.12500000000000000, 10.00000000000000000, 33.99739470206999670 ) ) ;
#4434 = CARTESIAN_POINT ( 'NONE',  ( 3.407340859743999140, 19.83934786911699177, 31.78726791172400823 ) ) ;
#4435 = CARTESIAN_POINT ( 'NONE',  ( 3.000000000000000000, 20.80000000000000071, 24.00000000000000000 ) ) ;
#4436 = DIRECTION ( 'NONE',  ( 0.000000000000000000, 0.000000000000000000, -1.000000000000000000 ) ) ;
#4437 = DIRECTION ( 'NONE',  ( 0.000000000000000000, 1.000000000000000000, 0.000000000000000000 ) ) ;
#4438 = VERTEX_POINT ( 'NONE', #4310 ) ;
#4439 = CARTESIAN_POINT ( 'NONE',  ( 2.209072848201000916, 20.00522036918501456, 31.40455024252699090 ) ) ;
#4440 = FACE_OUTER_BOUND ( 'NONE', #455, .T. ) ;
#4441 = LINE ( 'NONE', #3747, #1067 ) ;
#4442 = VERTEX_POINT ( 'NONE', #1115 ) ;
#4443 = ORIENTED_EDGE ( 'NONE', *, *, #1947, .T. ) ;
#4444 = DIRECTION ( 'NONE',  ( -0.7071067811865475727, -0.7071067811865475727, 0.000000000000000000 ) ) ;
#4445 = CARTESIAN_POINT ( 'NONE',  ( -3.283392516883644295E-07, 2.500000000000003997, 31.47790234642784668 ) ) ;
#4446 = CARTESIAN_POINT ( 'NONE',  ( 2.923836942759000745, 0.03586858842108002488, 31.86028118949501220 ) ) ;
#4447 = EDGE_LOOP ( 'NONE', ( #3791, #3183, #260, #799 ) ) ;
#4448 = CARTESIAN_POINT ( 'NONE',  ( 0.2642724584169997004, 18.67623380353597895, 31.51775481177698879 ) ) ;
#4449 = COORDINATED_UNIVERSAL_TIME_OFFSET ( 3, 0, .AHEAD. ) ;
#4450 = CARTESIAN_POINT ( 'NONE',  ( 2.692509307558001996, 15.00328688648901476, 33.55567063579198361 ) ) ;
#4451 = DIRECTION ( 'NONE',  ( 0.000000000000000000, 0.000000000000000000, 1.000000000000000000 ) ) ;
#4452 = DIRECTION ( 'NONE',  ( 0.000000000000000000, 0.000000000000000000, 1.000000000000000000 ) ) ;
#4453 = EDGE_CURVE ( 'NONE', #503, #629, #2813, .T. ) ;
#4454 = CARTESIAN_POINT ( 'NONE',  ( 4.998937049219997597, 17.69843739586997700, 33.50616071185100964 ) ) ;
#4455 = DIRECTION ( 'NONE',  ( 0.000000000000000000, 0.000000000000000000, 1.000000000000000000 ) ) ;
#4456 = DIRECTION ( 'NONE',  ( 0.000000000000000000, -0.7071067811865475727, 0.7071067811865475727 ) ) ;
#4457 = VERTEX_POINT ( 'NONE', #4355 ) ;
#4458 = CARTESIAN_POINT ( 'NONE',  ( 1.179554693823000155, 20.89903898886499078, 31.59645640949099743 ) ) ;
#4459 = DIRECTION ( 'NONE',  ( 1.000000000000000000, 0.000000000000000000, 0.000000000000000000 ) ) ;
#4460 = CARTESIAN_POINT ( 'NONE',  ( 10.00000000000000000, 10.00000000000000000, 30.59999999999999787 ) ) ;
#4461 = CARTESIAN_POINT ( 'NONE',  ( 0.5999999999999999778, 20.10000000000000142, 24.12045915678299934 ) ) ;
#4462 = ORIENTED_EDGE ( 'NONE', *, *, #2470, .F. ) ;
#4463 = CIRCLE ( 'NONE', #1516, 7.100000000000000533 ) ;
#4464 = CARTESIAN_POINT ( 'NONE',  ( 3.509176495566749931, 10.43688811218899914, 33.39909151683549737 ) ) ;
#4465 = TOROIDAL_SURFACE ( 'NONE', #2360, 7.000000000000000000, 1.100000000000000089 ) ;
#4466 = DIRECTION ( 'NONE',  ( 0.000000000000000000, 0.000000000000000000, 1.000000000000000000 ) ) ;
#4467 = TOROIDAL_SURFACE ( 'NONE', #3940, 3.100000000000000089, 0.5999999999999999778 ) ;
#4468 = CARTESIAN_POINT ( 'NONE',  ( 3.794371439537999269, 0.3329756681250001238, 32.31005336208200163 ) ) ;
#4469 = ORIENTED_EDGE ( 'NONE', *, *, #3264, .F. ) ;
#4470 = CARTESIAN_POINT ( 'NONE',  ( 1.975993515256998512, 19.96834984397197488, 31.62862739902800158 ) ) ;
#4471 = COORDINATED_UNIVERSAL_TIME_OFFSET ( 3, 0, .AHEAD. ) ;
#4472 = APPROVAL_PERSON_ORGANIZATION ( #496, #2605, #135 ) ;
#4473 = CARTESIAN_POINT ( 'NONE',  ( -0.05962610195873001284, 16.88694527159999836, 32.16629796838902422 ) ) ;
#4474 = CIRCLE ( 'NONE', #390, 3.100000000000001421 ) ;
#4475 = CARTESIAN_POINT ( 'NONE',  ( 1.999325145822997918, 14.41527247757700003, 33.90535543709499677 ) ) ;
#4476 = CARTESIAN_POINT ( 'NONE',  ( 3.517825553152001294, 9.347518484491994073, 34.01078542606401101 ) ) ;
#4477 = AXIS2_PLACEMENT_3D ( 'NONE', #3846, #991, #2394 ) ;
#4478 = CARTESIAN_POINT ( 'NONE',  ( 4.958871110908004809, 18.01790029963502349, 33.26019429956198792 ) ) ;
#4479 = CARTESIAN_POINT ( 'NONE',  ( 2.909649527126999757, 10.71872705101799994, 34.00000000000000000 ) ) ;
#4480 = CARTESIAN_POINT ( 'NONE',  ( 18.52234270993699994, 17.00000000000000000, 33.63306251687300374 ) ) ;
#4481 = EDGE_CURVE ( 'NONE', #2272, #3413, #2958, .T. ) ;
#4482 = ORIENTED_EDGE ( 'NONE', *, *, #3670, .F. ) ;
#4483 = CARTESIAN_POINT ( 'NONE',  ( -1.029819911736999050, 18.39970774214501503, 31.66045831435001645 ) ) ;
#4484 = EDGE_LOOP ( 'NONE', ( #2116, #2681, #2949, #1889 ) ) ;
#4485 = DIRECTION ( 'NONE',  ( 0.9869070026308087717, -0.1612903225809680652, 0.000000000000000000 ) ) ;
#4486 = DIRECTION ( 'NONE',  ( 1.000000000000000000, 0.000000000000000000, 0.000000000000000000 ) ) ;
#4487 = CARTESIAN_POINT ( 'NONE',  ( 20.00000000000000000, 2.999999999999999112, 31.00000000000000355 ) ) ;
#4488 = VERTEX_POINT ( 'NONE', #3902 ) ;
#4489 = DIRECTION ( 'NONE',  ( 1.000000000000000000, 0.000000000000000000, 0.000000000000000000 ) ) ;
#4490 = CARTESIAN_POINT ( 'NONE',  ( 11.08708765585600098, 16.40845070422500029, 33.39999999999999858 ) ) ;
#4491 = CARTESIAN_POINT ( 'NONE',  ( 4.879863236594996323, 1.730409447909000420, 33.33471146075097380 ) ) ;
#4492 = ORIENTED_EDGE ( 'NONE', *, *, #2344, .T. ) ;
#4493 = CARTESIAN_POINT ( 'NONE',  ( 2.752474088666000629, 19.99409360859402085, 31.54181950348001706 ) ) ;
#4494 = CARTESIAN_POINT ( 'NONE',  ( 2.903225806451998015, 15.03273249342302087, 33.56040206989201380 ) ) ;
#4495 = CARTESIAN_POINT ( 'NONE',  ( -1.026271965827999288, 16.90883108110097410, 31.96469224467501036 ) ) ;
#4496 = CARTESIAN_POINT ( 'NONE',  ( 3.362228815302001017, 19.98921561276300807, 32.26635085491098209 ) ) ;
#4497 = CARTESIAN_POINT ( 'NONE',  ( -2.000000000000000000, 14.00000000000000000, 28.00000000000000000 ) ) ;
#4498 = CARTESIAN_POINT ( 'NONE',  ( 19.39900052719500323, 20.84364015992500185, 31.25155227680217251 ) ) ;
#4499 = CARTESIAN_POINT ( 'NONE',  ( 10.21703664603300332, 3.481755102225003728, 34.01488215502602941 ) ) ;
#4500 = DIRECTION ( 'NONE',  ( 0.1612903225809687868, 0.9869070026308087717, 0.000000000000000000 ) ) ;
#4501 = ORIENTED_EDGE ( 'NONE', *, *, #82, .T. ) ;
#4502 = CARTESIAN_POINT ( 'NONE',  ( 1.536759214513001348, 15.18388993582301438, 33.06663542771200071 ) ) ;
#4503 = DIRECTION ( 'NONE',  ( 1.224646799147353207E-16, -1.000000000000000000, 0.000000000000000000 ) ) ;
#4504 = CARTESIAN_POINT ( 'NONE',  ( 19.39900052719500323, 2.999999999999999112, 32.84364015992500185 ) ) ;
#4505 = ORIENTED_EDGE ( 'NONE', *, *, #1618, .F. ) ;
#4506 = CARTESIAN_POINT ( 'NONE',  ( -2.000000000000000000, 15.00000000000000000, 27.00000000000000000 ) ) ;
#4507 = CARTESIAN_POINT ( 'NONE',  ( 1.975038298016998706, 5.112186414036002269, 33.73953174761999207 ) ) ;
#4508 = ADVANCED_FACE ( 'NONE', ( #4334 ), #3708, .T. ) ;
#4509 = CARTESIAN_POINT ( 'NONE',  ( 0.02730868768988000198, 2.015426550365999603, 31.63760552336302112 ) ) ;
#4510 = CARTESIAN_POINT ( 'NONE',  ( 0.05936640943916004359, 3.043044689998000596, 31.62716422925699788 ) ) ;
#4511 = CARTESIAN_POINT ( 'NONE',  ( 5.093670465765997690, 1.894326125037001152, 33.71720717249801424 ) ) ;
#4512 = EDGE_LOOP ( 'NONE', ( #4551, #2037, #2428, #2100, #287, #4018, #1721 ) ) ;
#4513 = CARTESIAN_POINT ( 'NONE',  ( 2.320169195137000706, 20.15165109228399132, 31.96199422555003977 ) ) ;
#4514 = CARTESIAN_POINT ( 'NONE',  ( 1.815976408663998676, 14.77470325792800310, 33.80614589131998571 ) ) ;
#4515 = CARTESIAN_POINT ( 'NONE',  ( 2.568521930419999766, 14.39589255255999234, 33.98649706427701034 ) ) ;
#4516 = ORIENTED_EDGE ( 'NONE', *, *, #3991, .F. ) ;
#4517 = CARTESIAN_POINT ( 'NONE',  ( 16.40845068861498746, 11.08708774787699802, 34.00000000000000000 ) ) ;
#4518 = CARTESIAN_POINT ( 'NONE',  ( 3.127362438473001216, 20.05582049020699387, 32.17170196864800147 ) ) ;
#4519 = CARTESIAN_POINT ( 'NONE',  ( 5.510220469830005463, 1.574072632369000413, 33.79456495643999148 ) ) ;
#4520 = CARTESIAN_POINT ( 'NONE',  ( 18.84364015992499830, 19.57687484794443833, 33.39900052719499968 ) ) ;
#4521 = FACE_OUTER_BOUND ( 'NONE', #1575, .T. ) ;
#4522 = DIRECTION ( 'NONE',  ( 0.000000000000000000, 0.000000000000000000, 1.000000000000000000 ) ) ;
#4523 = ORIENTED_EDGE ( 'NONE', *, *, #1569, .T. ) ;
#4524 = DIRECTION ( 'NONE',  ( 0.2000000000000529410, -0.9797958971132604278, 0.000000000000000000 ) ) ;
#4525 = DIRECTION ( 'NONE',  ( 0.000000000000000000, 0.000000000000000000, 1.000000000000000000 ) ) ;
#4526 = CARTESIAN_POINT ( 'NONE',  ( 20.00000000000000000, 0.6073009183009999701, 28.99999999999999645 ) ) ;
#4527 = ORIENTED_EDGE ( 'NONE', *, *, #3203, .T. ) ;
#4528 = CARTESIAN_POINT ( 'NONE',  ( 16.48470567958499799, 10.54611136217000045, 33.39862034527100576 ) ) ;
#4529 = CIRCLE ( 'NONE', #2505, 1.999999999999998224 ) ;
#4530 = CARTESIAN_POINT ( 'NONE',  ( -0.5827531698779999658, 3.155694266506997803, 32.33251559815698073 ) ) ;
#4531 = CARTESIAN_POINT ( 'NONE',  ( 2.557911783575001596, -0.01005920450809999478, 31.76357979225801387 ) ) ;
#4532 = CARTESIAN_POINT ( 'NONE',  ( 0.03804944354526999806, 2.934510595466000016, 31.59295520241300181 ) ) ;
#4533 = AXIS2_PLACEMENT_3D ( 'NONE', #2361, #216, #2095 ) ;
#4534 = CARTESIAN_POINT ( 'NONE',  ( 2.891364003341998501, -0.3524631066410002234, 32.24845594416000694 ) ) ;
#4535 = EDGE_CURVE ( 'NONE', #4343, #645, #2885, .T. ) ;
#4536 = ORIENTED_EDGE ( 'NONE', *, *, #838, .F. ) ;
#4537 =( BOUNDED_CURVE ( )  B_SPLINE_CURVE ( 12, ( #951, #612, #569, #1638, #3479, #2779, #1708, #3831, #235, #3165, #3452, #4218, #1002, #4171, #280, #4197, #1312, #2043, #1726, #930, #3076, #4610, #3881, #2426, #977, #4519, #1282, #1354, #2727, #2022, #211, #2758, #1662, #3100, #2403 ),
 .UNSPECIFIED., .F., .F. ) 
 B_SPLINE_CURVE_WITH_KNOTS ( ( 13, 11, 11, 13 ),
 ( 27.87126951726000001, 28.14915686485199942, 30.71857287177800089, 31.51957830419300066 ),
 .UNSPECIFIED. ) 
 CURVE ( )  GEOMETRIC_REPRESENTATION_ITEM ( )  RATIONAL_B_SPLINE_CURVE ( ( 1.081505252924999994, 1.081298087345999859, 1.081079758567000004, 1.080850093882999907, 1.080608870990000137, 1.080355818042999960, 1.080090613551000001, 1.079812886523999982, 1.079522216308000049, 1.079218132739000025, 1.078900116021999978, 1.078567596807999962, 1.075005583639000006, 1.070473323726000014, 1.065259704163999954, 1.060543643983999917, 1.057440782196000129, 1.051961601232999977, 1.049882273206999894, 1.045740791025000060, 1.043150162933000002, 1.040386602334000044, 1.038067302982000006, 1.035479672191000011, 1.034899330300999898, 1.034355836467000023, 1.033851242381999880, 1.033387439703999933, 1.032966168928999950, 1.032589028063000125, 1.032257481545999944, 1.031972868907000018, 1.031736413661999974, 1.031549232029999930, 1.031412341758000117 ) ) 
 REPRESENTATION_ITEM ( '' )  );
#4538 = CARTESIAN_POINT ( 'NONE',  ( -0.4701895672050003250, 18.80932920973499023, 31.95422691098198698 ) ) ;
#4539 = AXIS2_PLACEMENT_3D ( 'NONE', #302, #3261, #2164 ) ;
#4540 = CARTESIAN_POINT ( 'NONE',  ( -0.8905076659839997744, 17.04210454299201416, 32.15145438359702013 ) ) ;
#4541 = CARTESIAN_POINT ( 'NONE',  ( 19.89748452502517040, 0.2991342021056747069, 29.69913420210568944 ) ) ;
#4542 = AXIS2_PLACEMENT_3D ( 'NONE', #3999, #4123, #3777 ) ;
#4543 = CARTESIAN_POINT ( 'NONE',  ( 17.12500000000000000, 10.00000000000000000, 33.99739470206999670 ) ) ;
#4544 = CARTESIAN_POINT ( 'NONE',  ( 5.264144249241999418, 17.99853929268799035, 33.85456499638399919 ) ) ;
#4545 = DIRECTION ( 'NONE',  ( 0.000000000000000000, 0.000000000000000000, 1.000000000000000000 ) ) ;
#4546 = SECURITY_CLASSIFICATION ( '', '', #1543 ) ;
#4547 = CARTESIAN_POINT ( 'NONE',  ( 0.2500000000000000000, 0.2500000000000000000, 29.30000000000000071 ) ) ;
#4548 = TOROIDAL_SURFACE ( 'NONE', #2294, 3.100000000000000089, 0.5999999999999999778 ) ;
#4549 = ORIENTED_EDGE ( 'NONE', *, *, #2087, .T. ) ;
#4550 = CARTESIAN_POINT ( 'NONE',  ( 0.5512502359765062421, 19.08397189047535036, 31.20667067951388418 ) ) ;
#4551 = ORIENTED_EDGE ( 'NONE', *, *, #1817, .F. ) ;
#4552 = CARTESIAN_POINT ( 'NONE',  ( 2.500000000000000000, 17.50000000000000000, 33.39999999999999858 ) ) ;
#4553 = CARTESIAN_POINT ( 'NONE',  ( 4.967267506577000447, 2.903225806451999791, 33.39999999999999858 ) ) ;
#4554 = CARTESIAN_POINT ( 'NONE',  ( 19.81494403637000090, 1.145407169558867899, 32.16598799718600787 ) ) ;
#4555 = VERTEX_POINT ( 'NONE', #1068 ) ;
#4556 = CARTESIAN_POINT ( 'NONE',  ( 0.6636930143670000115, 15.35026426311099890, 30.06369301436700070 ) ) ;
#4557 = CARTESIAN_POINT ( 'NONE',  ( 2.974128698405000382, 5.401109782143000970, 34.00000000000000000 ) ) ;
#4558 = CARTESIAN_POINT ( 'NONE',  ( 0.2870306285749998354, 0.5900759939889995698, 31.89243862650901917 ) ) ;
#4559 = DIRECTION ( 'NONE',  ( 0.000000000000000000, 0.000000000000000000, -1.000000000000000000 ) ) ;
#4560 = VERTEX_POINT ( 'NONE', #658 ) ;
#4561 = CARTESIAN_POINT ( 'NONE',  ( 5.034065301460995734, 2.164910178273001584, 33.63715847652398594 ) ) ;
#4562 = VERTEX_POINT ( 'NONE', #2913 ) ;
#4563 = CARTESIAN_POINT ( 'NONE',  ( -0.6748981825819996283, 18.06484528104101983, 32.06839846969102581 ) ) ;
#4564 = CARTESIAN_POINT ( 'NONE',  ( 2.927233595497000795, 14.88583307164101122, 33.85115170792099093 ) ) ;
#4565 = DIRECTION ( 'NONE',  ( 1.000000000000000000, 0.000000000000000000, 0.000000000000000000 ) ) ;
#4566 = DIRECTION ( 'NONE',  ( 1.000000000000000000, 0.000000000000000000, 0.000000000000000000 ) ) ;
#4567 = CARTESIAN_POINT ( 'NONE',  ( 5.182702006446003651, 18.41332283936900893, 33.75016304190498317 ) ) ;
#4568 = EDGE_CURVE ( 'NONE', #4160, #4555, #1304, .T. ) ;
#4569 = CARTESIAN_POINT ( 'NONE',  ( 4.967267506577000447, 17.09677419354800065, 33.39999999999999858 ) ) ;
#4570 = DIRECTION ( 'NONE',  ( 1.000000000000000000, 0.000000000000000000, 0.000000000000000000 ) ) ;
#4571 = VERTEX_POINT ( 'NONE', #4286 ) ;
#4572 = CARTESIAN_POINT ( 'NONE',  ( 0.8022739024160000509, -0.1000000000000000056, 24.00000000000000000 ) ) ;
#4573 = ORIENTED_EDGE ( 'NONE', *, *, #137, .F. ) ;
#4574 = DIRECTION ( 'NONE',  ( 0.000000000000000000, 0.000000000000000000, -1.000000000000000000 ) ) ;
#4575 = CARTESIAN_POINT ( 'NONE',  ( 10.71872705101799994, 17.09035047287300202, 34.00000000000000000 ) ) ;
#4576 = EDGE_CURVE ( 'NONE', #3221, #937, #3334, .T. ) ;
#4577 = CARTESIAN_POINT ( 'NONE',  ( 17.00000000000000000, 0.07106781186546869133, 34.00000000000000000 ) ) ;
#4578 = ORIENTED_EDGE ( 'NONE', *, *, #3350, .F. ) ;
#4579 = CARTESIAN_POINT ( 'NONE',  ( 0.7715204048040000817, 15.45264571729700087, 30.17152040480399933 ) ) ;
#4580 = CARTESIAN_POINT ( 'NONE',  ( 1.510183671802999728, 5.321656257680997371, 33.77481865713897946 ) ) ;
#4581 = CARTESIAN_POINT ( 'NONE',  ( 0.3851935858689997660, 0.05815341966507995425, 31.89302105404797771 ) ) ;
#4582 = CARTESIAN_POINT ( 'NONE',  ( 2.289420006904999028, 4.997763789576005422, 33.33937063441902637 ) ) ;
#4583 = CARTESIAN_POINT ( 'NONE',  ( 3.408273800281000021, -0.2127624421600000093, 32.42094091290201163 ) ) ;
#4584 = ORIENTED_EDGE ( 'NONE', *, *, #3965, .F. ) ;
#4585 = CARTESIAN_POINT ( 'NONE',  ( 0.8516188977129998117, 19.92172562113398371, 31.90477902303798174 ) ) ;
#4586 = CARTESIAN_POINT ( 'NONE',  ( -0.5821576950230000769, 16.84286990208499191, 32.33321300445700075 ) ) ;
#4587 = DIRECTION ( 'NONE',  ( 0.000000000000000000, 1.000000000000000000, 0.000000000000000000 ) ) ;
#4588 = CARTESIAN_POINT ( 'NONE',  ( 5.000000000000000000, 17.50000000000000000, 33.37134415454899283 ) ) ;
#4589 = CARTESIAN_POINT ( 'NONE',  ( 3.085853225340997597, 20.31060662193099020, 32.30123027959398030 ) ) ;
#4590 = DIRECTION ( 'NONE',  ( -0.000000000000000000, 1.000000000000000000, 0.000000000000000000 ) ) ;
#4591 = LINE ( 'NONE', #305, #1645 ) ;
#4592 = EDGE_CURVE ( 'NONE', #3080, #893, #1704, .T. ) ;
#4593 = LINE ( 'NONE', #2707, #83 ) ;
#4594 = ORIENTED_EDGE ( 'NONE', *, *, #2500, .T. ) ;
#4595 = CARTESIAN_POINT ( 'NONE',  ( 18.42478068487799803, -0.1000000000000000056, 24.00000000000000000 ) ) ;
#4596 = AXIS2_PLACEMENT_3D ( 'NONE', #2526, #1803, #733 ) ;
#4597 = CARTESIAN_POINT ( 'NONE',  ( 5.600117001156999841, 2.571972205423999736, 33.98368928958500135 ) ) ;
#4598 = CARTESIAN_POINT ( 'NONE',  ( 0.4249394203310696283, 1.085018418291612052, 31.21853498075939015 ) ) ;
#4599 = ORIENTED_EDGE ( 'NONE', *, *, #1848, .T. ) ;
#4600 = FACE_OUTER_BOUND ( 'NONE', #1635, .T. ) ;
#4601 = CARTESIAN_POINT ( 'NONE',  ( 2.432947583387997881, 5.290751232236000412, 33.92152303299802441 ) ) ;
#4602 = CARTESIAN_POINT ( 'NONE',  ( 0.9130977251199999811, 0.3612245439139999958, 31.74501941270498762 ) ) ;
#4603 = CARTESIAN_POINT ( 'NONE',  ( 4.678692138681000756, 19.35157886175199948, 30.04842113824799910 ) ) ;
#4604 = CARTESIAN_POINT ( 'NONE',  ( 3.209226412551001495, -0.5660472900630004744, 32.35153430084597659 ) ) ;
#4605 = ORIENTED_EDGE ( 'NONE', *, *, #164, .F. ) ;
#4606 = CARTESIAN_POINT ( 'NONE',  ( 2.484101357096002882, 20.40130172958001964, 32.15729556797201383 ) ) ;
#4607 = CARTESIAN_POINT ( 'NONE',  ( -0.2228761822220000355, 16.05895546507498040, 32.71701867319998058 ) ) ;
#4608 = PLANE ( 'NONE',  #459 ) ;
#4609 = CARTESIAN_POINT ( 'NONE',  ( 1.173340023892000428, 4.641318628208995101, 32.85631171515697702 ) ) ;
#4610 = CARTESIAN_POINT ( 'NONE',  ( 5.264778595638002656, 0.7904296052360000324, 33.50065471553202201 ) ) ;
#4611 = AXIS2_PLACEMENT_3D ( 'NONE', #800, #2254, #1063 ) ;
#4612 = CARTESIAN_POINT ( 'NONE',  ( 19.93831521445600430, 17.00000000000000000, 31.78539750748199921 ) ) ;
#4613 = CARTESIAN_POINT ( 'NONE',  ( 19.79105714739100108, -0.1000000000000000056, 29.00000000000000000 ) ) ;
#4614 = ORIENTED_EDGE ( 'NONE', *, *, #1218, .F. ) ;
#4615 = DIRECTION ( 'NONE',  ( -1.000000000000000000, 0.000000000000000000, 0.000000000000000000 ) ) ;
#4616 = CC_DESIGN_APPROVAL ( #1530, ( #1828 ) ) ;
#4617 = CARTESIAN_POINT ( 'NONE',  ( 4.985798989562002959, 2.789834934421999257, 33.99727010830296337 ) ) ;
#4618 = EDGE_CURVE ( 'NONE', #2220, #4438, #1072, .T. ) ;
#4619 = AXIS2_PLACEMENT_3D ( 'NONE', #4460, #1224, #2672 ) ;
#4620 = CARTESIAN_POINT ( 'NONE',  ( 5.559411708156000387, 17.00000000000000000, 34.00000000000000000 ) ) ;
#4621 = ORIENTED_EDGE ( 'NONE', *, *, #775, .T. ) ;
#4622 = CARTESIAN_POINT ( 'NONE',  ( 0.7559731566389999990, 15.44476104990100040, 30.15597315663899991 ) ) ;
#4623 = CARTESIAN_POINT ( 'NONE',  ( -0.3524628243850002063, 2.891384671690999220, 32.24845071147297659 ) ) ;
#4624 = AXIS2_PLACEMENT_3D ( 'NONE', #3856, #4590, #4242 ) ;
#4625 = CARTESIAN_POINT ( 'NONE',  ( 2.703397197815999853, -0.6746247261529993988, 32.21963720427103084 ) ) ;
#4626 = CARTESIAN_POINT ( 'NONE',  ( 4.919967007684999949, 19.39999999771900008, 30.00000000228099850 ) ) ;
#4627 = CARTESIAN_POINT ( 'NONE',  ( 3.044294978302001020, -0.8732307515879997872, 32.17254750868699631 ) ) ;
#4628 = ORIENTED_EDGE ( 'NONE', *, *, #234, .F. ) ;
#4629 = CARTESIAN_POINT ( 'NONE',  ( 0.8453676752710006514, 19.57994826921001419, 31.74274287349299328 ) ) ;
#4630 = ORIENTED_EDGE ( 'NONE', *, *, #1884, .F. ) ;
#4631 = B_SPLINE_CURVE_WITH_KNOTS ( 'NONE', 6,
 ( #3253, #1965, #774, #2251, #4098, #2631, #3707, #511, #4423, #2610, #3395, #4049, #4071, #3685, #848, #440, #3351, #3300, #2322, #1539, #821, #4402, #2586, #1891, #1160, #419, #2274, #155, #3323, #797, #2931, #2302 ),
 .UNSPECIFIED., .F., .F.,
 ( 7, 5, 5, 5, 5, 5, 7 ),
 ( 0.000000000000000000, 0.1510676429070000049, 0.3623763766499999983, 0.4974813335160000460, 0.5602968112229999020, 0.6709006142519999827, 1.000000000000000000 ),
 .UNSPECIFIED. ) ;
#4632 = CARTESIAN_POINT ( 'NONE',  ( -0.9818263819399998260, 16.72747724007000159, 32.02416302331899800 ) ) ;
#4633 = CARTESIAN_POINT ( 'NONE',  ( 0.06433778253391005120, 3.064995355698997948, 31.63518343456200199 ) ) ;
#4634 = CARTESIAN_POINT ( 'NONE',  ( 2.963822911780999103, 19.95677475115098076, 31.60120071524800878 ) ) ;
#4635 = CARTESIAN_POINT ( 'NONE',  ( 0.05987593475222997841, 16.95462242572401834, 31.62797156795802067 ) ) ;
#4636 = CARTESIAN_POINT ( 'NONE',  ( 0.000000000000000000, 2.500000000000000444, 29.39999999999999503 ) ) ;
#4637 = FACE_OUTER_BOUND ( 'NONE', #4121, .T. ) ;
#4638 = ORIENTED_EDGE ( 'NONE', *, *, #2824, .T. ) ;
#4639 = CARTESIAN_POINT ( 'NONE',  ( 17.06191988660700076, 9.104583119462999363, 34.00000000000000000 ) ) ;
#4640 = CARTESIAN_POINT ( 'NONE',  ( 9.759276738325999290, 17.13664193937900393, 33.99793598499000069 ) ) ;
#4641 = DIRECTION ( 'NONE',  ( 0.000000000000000000, 0.000000000000000000, -1.000000000000000000 ) ) ;
#4642 = VERTEX_POINT ( 'NONE', #330 ) ;
#4643 = CARTESIAN_POINT ( 'NONE',  ( -0.1000000000000000056, 19.40000000000000213, 24.12045915678299934 ) ) ;
#4644 = CARTESIAN_POINT ( 'NONE',  ( 1.059485008573998854, 5.368157793034004754, 33.61724054934801131 ) ) ;
#4645 = CARTESIAN_POINT ( 'NONE',  ( -0.09579243254377999006, 0.5668626615739998931, 31.89916278329400967 ) ) ;
#4646 = CARTESIAN_POINT ( 'NONE',  ( 4.113181037771997062, -0.08287666954887994153, 32.83749187980201611 ) ) ;
#4647 = VERTEX_POINT ( 'NONE', #1779 ) ;
#4648 = CARTESIAN_POINT ( 'NONE',  ( 0.5315900687800000357, 20.38921317047499571, 31.76116151595999071 ) ) ;
#4649 = ADVANCED_FACE ( 'NONE', ( #3213 ), #4302, .T. ) ;
#4650 = ORIENTED_EDGE ( 'NONE', *, *, #3464, .F. ) ;
#4651 = EDGE_CURVE ( 'NONE', #3579, #3094, #2521, .T. ) ;
#4652 = CARTESIAN_POINT ( 'NONE',  ( -0.5860234473420004031, 16.16791372683898587, 32.50068584451797449 ) ) ;
#4653 = CARTESIAN_POINT ( 'NONE',  ( 19.98756683218300267, 19.04788353018100011, 30.00000000000000000 ) ) ;
#4654 = CARTESIAN_POINT ( 'NONE',  ( 10.65635289708600020, 3.518482268997000340, 33.39999999999999858 ) ) ;
#4655 = CARTESIAN_POINT ( 'NONE',  ( 0.2163799706489999419, -0.1379252336189999706, 31.74701469414400634 ) ) ;
#4656 = CARTESIAN_POINT ( 'NONE',  ( 0.5437983010789999572, 4.105764710540999118, 32.55794069495402709 ) ) ;
#4657 = ADVANCED_FACE ( 'NONE', ( #2911 ), #388, .T. ) ;
#4658 = CARTESIAN_POINT ( 'NONE',  ( 0.04613456214752999218, 17.02098256578399926, 31.60587658309902181 ) ) ;
#4659 = CARTESIAN_POINT ( 'NONE',  ( 0.02199584362713844984, 2.835086353503678769, 31.56531367943960475 ) ) ;
#4660 = CARTESIAN_POINT ( 'NONE',  ( 0.000000000000000000, 17.50000000000000000, 29.39999999999999503 ) ) ;
#4661 = ORIENTED_EDGE ( 'NONE', *, *, #2069, .F. ) ;
#4662 = CARTESIAN_POINT ( 'NONE',  ( 16.45458701576900395, 9.184888827927997212, 34.01233505976598082 ) ) ;
#4663 = CARTESIAN_POINT ( 'NONE',  ( 4.678692138682000845, 0.6484211382479999619, 30.04842113824799910 ) ) ;
#4664 = CARTESIAN_POINT ( 'NONE',  ( 0.2628647733686548249, 1.351128697951782476, 31.24731654494542354 ) ) ;
#4665 = EDGE_LOOP ( 'NONE', ( #764, #1219, #2225, #2739, #1808, #4269, #3964, #1620, #1405, #1580 ) ) ;
#4666 = LINE ( 'NONE', #2509, #299 ) ;
#4667 = CARTESIAN_POINT ( 'NONE',  ( 0.8052189173519997967, 5.271533699281999219, 33.50797009290202055 ) ) ;
#4668 = CARTESIAN_POINT ( 'NONE',  ( 3.187084617682000687, 20.83738393683699996, 32.21557282219700369 ) ) ;
#4669 = APPROVAL ( #872, 'UNSPECIFIED' ) ;
#4670 = CARTESIAN_POINT ( 'NONE',  ( 3.030299052063001763, -1.038222415486999006, 31.94836283182901937 ) ) ;
#4671 = ORIENTED_EDGE ( 'NONE', *, *, #3927, .F. ) ;
#4672 = CARTESIAN_POINT ( 'NONE',  ( -0.9347000266079997788, 17.30412418772698047, 32.09357163899501586 ) ) ;
#4673 = CARTESIAN_POINT ( 'NONE',  ( 2.157764601712998331, 14.56334142401399667, 33.93468722715899588 ) ) ;
#4674 = EDGE_CURVE ( 'NONE', #3762, #4348, #3181, .T. ) ;
#4675 = CARTESIAN_POINT ( 'NONE',  ( 17.00000000000000000, 11.18743420870399952, 34.00000000000000000 ) ) ;
#4676 = EDGE_CURVE ( 'NONE', #818, #178, #846, .T. ) ;
#4677 = DIRECTION ( 'NONE',  ( 0.000000000000000000, 1.000000000000000000, 0.000000000000000000 ) ) ;
#4678 = CARTESIAN_POINT ( 'NONE',  ( 10.00000000000000000, 10.00000000000000000, 33.39999999999999858 ) ) ;
#4679 = CARTESIAN_POINT ( 'NONE',  ( 0.08698154141682001850, 3.154505554714998716, 31.67146197268800734 ) ) ;
#4680 = AXIS2_PLACEMENT_3D ( 'NONE', #1169, #3718, #1192 ) ;
#4681 = CARTESIAN_POINT ( 'NONE',  ( 5.000000000000000000, 17.67673692026102117, 33.34613785263502450 ) ) ;
#4682 = FACE_OUTER_BOUND ( 'NONE', #2459, .T. ) ;
#4683 = DIRECTION ( 'NONE',  ( 0.000000000000000000, 0.000000000000000000, 1.000000000000000000 ) ) ;
#4684 = AXIS2_PLACEMENT_3D ( 'NONE', #3792, #4574, #2387 ) ;
ENDSEC;
END-ISO-10303-21;
