ISO-10303-21;
HEADER;
FILE_DESCRIPTION (( 'STEP AP203' ),
    '1' );
FILE_NAME ('servo_body_sldprt.STEP',
    '2026-06-14T23:32:48',
    ( '' ),
    ( '' ),
    'SwSTEP 2.0',
    'SolidWorks 2025',
    '' );
FILE_SCHEMA (( 'CONFIG_CONTROL_DESIGN' ));
ENDSEC;

DATA;
#1 = ORIENTED_EDGE ( 'NONE', *, *, #378, .F. ) ;
#2 = AXIS2_PLACEMENT_3D ( 'NONE', #3232, #2564, #725 ) ;
#3 = CARTESIAN_POINT ( 'NONE',  ( -7.642548076598787432, 4.263190462710908513, 9.499999999999996447 ) ) ;
#4 = FACE_OUTER_BOUND ( 'NONE', #1145, .T. ) ;
#5 = DIRECTION ( 'NONE',  ( 0.000000000000000000, 0.000000000000000000, 1.000000000000000000 ) ) ;
#6 = EDGE_CURVE ( 'NONE', #1296, #3182, #2442, .T. ) ;
#7 = ORIENTED_EDGE ( 'NONE', *, *, #1228, .F. ) ;
#8 = DIRECTION ( 'NONE',  ( -0.000000000000000000, -0.000000000000000000, 1.000000000000000000 ) ) ;
#9 = CARTESIAN_POINT ( 'NONE',  ( -10.00000000000000178, 19.50000000000000000, 0.000000000000000000 ) ) ;
#10 = VECTOR ( 'NONE', #4321, 1000.000000000000000 ) ;
#11 = CARTESIAN_POINT ( 'NONE',  ( -8.842548076598786722, 4.263190462710908513, 9.999999999999996447 ) ) ;
#12 = VECTOR ( 'NONE', #3294, 1000.000000000000000 ) ;
#13 = AXIS2_PLACEMENT_3D ( 'NONE', #463, #4159, #3387 ) ;
#14 = EDGE_LOOP ( 'NONE', ( #1242, #2186 ) ) ;
#15 = DIRECTION ( 'NONE',  ( 0.000000000000000000, 0.000000000000000000, -1.000000000000000000 ) ) ;
#16 = AXIS2_PLACEMENT_3D ( 'NONE', #2570, #340, #3262 ) ;
#17 = CARTESIAN_POINT ( 'NONE',  ( -8.802092915732776746, 4.490605266450368838, 9.500000000000001776 ) ) ;
#18 = ORIENTED_EDGE ( 'NONE', *, *, #3715, .T. ) ;
#19 = ORIENTED_EDGE ( 'NONE', *, *, #3013, .T. ) ;
#20 = CARTESIAN_POINT ( 'NONE',  ( -7.739434173038131526, 4.596678720137729712, 9.999999999999994671 ) ) ;
#21 = CARTESIAN_POINT ( 'NONE',  ( -0.000000000000000000, -27.00000000000000000, -7.999999999999998224 ) ) ;
#22 = CARTESIAN_POINT ( 'NONE',  ( -19.00000000000000355, -27.00000000000000000, -10.00000000000000000 ) ) ;
#23 = VERTEX_POINT ( 'NONE', #993 ) ;
#24 = ADVANCED_FACE ( 'NONE', ( #180 ), #4576, .F. ) ;
#25 = FACE_OUTER_BOUND ( 'NONE', #2345, .T. ) ;
#26 = CARTESIAN_POINT ( 'NONE',  ( -10.46009163984917656, 3.746645012438337030, 9.999999999999994671 ) ) ;
#27 = DIRECTION ( 'NONE',  ( 0.000000000000000000, 1.000000000000000000, 0.000000000000000000 ) ) ;
#28 = CARTESIAN_POINT ( 'NONE',  ( -8.802092915732776746, 4.490605266450368838, 9.500000000000001776 ) ) ;
#29 = ORIENTED_EDGE ( 'NONE', *, *, #4169, .T. ) ;
#30 = EDGE_CURVE ( 'NONE', #626, #42, #2058, .T. ) ;
#31 = DIRECTION ( 'NONE',  ( 0.000000000000000000, -1.000000000000000000, 0.000000000000000000 ) ) ;
#32 = CARTESIAN_POINT ( 'NONE',  ( -8.480823645987342729, 4.817574663822189684, 9.999999999999996447 ) ) ;
#33 = LINE ( 'NONE', #54, #3065 ) ;
#34 = ORIENTED_EDGE ( 'NONE', *, *, #4304, .T. ) ;
#35 = CARTESIAN_POINT ( 'NONE',  ( -10.67152723890030330, 3.663285397959088474, 9.499999999999998224 ) ) ;
#36 = CARTESIAN_POINT ( 'NONE',  ( -15.88668870159878921, 3.657331087710908424, 9.999999999999996447 ) ) ;
#37 = ORIENTED_EDGE ( 'NONE', *, *, #121, .T. ) ;
#38 = ORIENTED_EDGE ( 'NONE', *, *, #4457, .T. ) ;
#39 = CYLINDRICAL_SURFACE ( 'NONE', #2079, 4.000000000000234479 ) ;
#40 = CARTESIAN_POINT ( 'NONE',  ( -26.74999999999998934, 0.000000000000000000, 4.000000000000000000 ) ) ;
#41 = CARTESIAN_POINT ( 'NONE',  ( -23.99999999999998579, 0.000000000000000000, 4.999999999999998224 ) ) ;
#42 = VERTEX_POINT ( 'NONE', #3506 ) ;
#43 = CARTESIAN_POINT ( 'NONE',  ( 26.74999999999998934, 3.000000000000000000, 0.5000000000000000000 ) ) ;
#44 = CARTESIAN_POINT ( 'NONE',  ( -13.90331000572271947, 4.007931246096333666, 9.999999999999996447 ) ) ;
#45 = CARTESIAN_POINT ( 'NONE',  ( -19.70710678118655323, -24.43933982822016659, -9.707106781186547906 ) ) ;
#46 = AXIS2_PLACEMENT_3D ( 'NONE', #175, #4204, #1643 ) ;
#47 = LINE ( 'NONE', #3887, #1609 ) ;
#48 = VECTOR ( 'NONE', #3378, 1000.000000000000000 ) ;
#49 = EDGE_CURVE ( 'NONE', #3003, #154, #3889, .T. ) ;
#50 = ADVANCED_FACE ( 'NONE', ( #2819 ), #4285, .F. ) ;
#51 = ORIENTED_EDGE ( 'NONE', *, *, #4427, .F. ) ;
#52 = CARTESIAN_POINT ( 'NONE',  ( 20.00000000000000355, 0.000000000000000000, 0.000000000000000000 ) ) ;
#53 = DIRECTION ( 'NONE',  ( 0.000000000000000000, -0.000000000000000000, 1.000000000000000000 ) ) ;
#54 = CARTESIAN_POINT ( 'NONE',  ( -3.999999999999755307, 15.50000000000000000, 0.000000000000000000 ) ) ;
#55 = EDGE_CURVE ( 'NONE', #2885, #335, #2489, .T. ) ;
#56 = ORIENTED_EDGE ( 'NONE', *, *, #3319, .T. ) ;
#57 = LINE ( 'NONE', #1208, #4648 ) ;
#58 = DIRECTION ( 'NONE',  ( 0.000000000000000000, 0.000000000000000000, -1.000000000000000000 ) ) ;
#59 = ADVANCED_FACE ( 'NONE', ( #3324 ), #3939, .F. ) ;
#60 = ORIENTED_EDGE ( 'NONE', *, *, #3013, .F. ) ;
#61 = VERTEX_POINT ( 'NONE', #3657 ) ;
#62 = CARTESIAN_POINT ( 'NONE',  ( -20.00000000000000355, -23.99999999999998934, 9.999999999999996447 ) ) ;
#63 = CARTESIAN_POINT ( 'NONE',  ( -13.22861541957982645, 4.852081519184668679, 10.00000000000000000 ) ) ;
#64 = DIRECTION ( 'NONE',  ( 1.000000000000000000, 0.000000000000000000, 0.000000000000000000 ) ) ;
#65 = ORIENTED_EDGE ( 'NONE', *, *, #358, .F. ) ;
#66 = DIRECTION ( 'NONE',  ( 0.000000000000000000, 1.000000000000000000, 0.000000000000000000 ) ) ;
#67 = LINE ( 'NONE', #1178, #4012 ) ;
#68 = AXIS2_PLACEMENT_3D ( 'NONE', #2127, #765, #2150 ) ;
#69 = DIRECTION ( 'NONE',  ( -0.000000000000000000, -1.000000000000000000, -0.000000000000000000 ) ) ;
#70 = CARTESIAN_POINT ( 'NONE',  ( -13.94254807659878637, 4.263190462710908513, 9.499999999999996447 ) ) ;
#71 = CC_DESIGN_APPROVAL ( #3858, ( #2072 ) ) ;
#72 = VERTEX_POINT ( 'NONE', #300 ) ;
#73 = LINE ( 'NONE', #3385, #1041 ) ;
#74 = CARTESIAN_POINT ( 'NONE',  ( -26.74999999999998934, 2.500000000000000000, 0.000000000000000000 ) ) ;
#75 = EDGE_CURVE ( 'NONE', #1162, #210, #3749, .T. ) ;
#76 = CYLINDRICAL_SURFACE ( 'NONE', #236, 10.00000000000000000 ) ;
#77 = ORIENTED_EDGE ( 'NONE', *, *, #4520, .T. ) ;
#78 = AXIS2_PLACEMENT_3D ( 'NONE', #2837, #3502, #2764 ) ;
#79 = EDGE_CURVE ( 'NONE', #2010, #3152, #2129, .T. ) ;
#80 = CARTESIAN_POINT ( 'NONE',  ( -10.19418344345463723, 4.303336539538842764, 9.499999999999996447 ) ) ;
#81 = AXIS2_PLACEMENT_3D ( 'NONE', #2245, #1226, #1157 ) ;
#82 = CARTESIAN_POINT ( 'NONE',  ( 0.000000000000000000, 0.000000000000000000, 6.000000000000000000 ) ) ;
#83 = CIRCLE ( 'NONE', #4384, 1.500000000000000444 ) ;
#84 = VERTEX_POINT ( 'NONE', #2962 ) ;
#85 = VECTOR ( 'NONE', #733, 1000.000000000000000 ) ;
#86 = EDGE_CURVE ( 'NONE', #1362, #4309, #1454, .T. ) ;
#87 = ORIENTED_EDGE ( 'NONE', *, *, #597, .T. ) ;
#88 = ADVANCED_FACE ( 'NONE', ( #1413, #2583 ), #1096, .T. ) ;
#89 = VECTOR ( 'NONE', #549, 1000.000000000000000 ) ;
#90 = CARTESIAN_POINT ( 'NONE',  ( 26.74999999999998934, 2.500000000000000000, -6.000000000000000000 ) ) ;
#91 = DIRECTION ( 'NONE',  ( 0.000000000000000000, 0.000000000000000000, 1.000000000000000000 ) ) ;
#92 = DIRECTION ( 'NONE',  ( -0.000000000000000000, -1.000000000000000000, -0.000000000000000000 ) ) ;
#93 = VECTOR ( 'NONE', #3178, 1000.000000000000000 ) ;
#94 = VERTEX_POINT ( 'NONE', #331 ) ;
#95 = DIRECTION ( 'NONE',  ( 0.000000000000000000, -0.000000000000000000, 1.000000000000000000 ) ) ;
#96 = CARTESIAN_POINT ( 'NONE',  ( 12.99999999999999645, 9.000000000000000000, -8.500000000000000000 ) ) ;
#97 = LINE ( 'NONE', #1219, #3995 ) ;
#98 = CARTESIAN_POINT ( 'NONE',  ( -13.67168179594637323, 3.745048609832290154, 9.999999999999996447 ) ) ;
#99 = ORIENTED_EDGE ( 'NONE', *, *, #4073, .T. ) ;
#100 = DIRECTION ( 'NONE',  ( -0.000000000000000000, -1.000000000000000000, -0.000000000000000000 ) ) ;
#101 = FACE_OUTER_BOUND ( 'NONE', #214, .T. ) ;
#102 = DIRECTION ( 'NONE',  ( -0.000000000000000000, -1.000000000000000000, -0.000000000000000000 ) ) ;
#103 = ORIENTED_EDGE ( 'NONE', *, *, #2225, .F. ) ;
#104 = CARTESIAN_POINT ( 'NONE',  ( -23.99999999999998579, 2.500000000000000000, 4.999999999999998224 ) ) ;
#105 = DIRECTION ( 'NONE',  ( 5.459970303071104802E-14, -1.892917855715200617E-15, 1.000000000000000000 ) ) ;
#106 = CARTESIAN_POINT ( 'NONE',  ( -16.49254807659879418, 4.263190462710909401, 9.999999999999998224 ) ) ;
#107 = EDGE_CURVE ( 'NONE', #23, #2404, #4046, .T. ) ;
#108 = ADVANCED_FACE ( 'NONE', ( #1116 ), #4408, .T. ) ;
#109 = EDGE_LOOP ( 'NONE', ( #2805, #4226, #1919, #3615, #2586, #2106, #2227, #1637, #2424 ) ) ;
#110 = ORIENTED_EDGE ( 'NONE', *, *, #836, .F. ) ;
#111 = CARTESIAN_POINT ( 'NONE',  ( -10.00000000000000178, 19.50000000000000000, 1.500000000000000444 ) ) ;
#112 = PLANE ( 'NONE',  #3751 ) ;
#113 = ADVANCED_FACE ( 'NONE', ( #2871 ), #4043, .T. ) ;
#114 = EDGE_CURVE ( 'NONE', #3917, #2100, #3595, .T. ) ;
#115 = ORIENTED_EDGE ( 'NONE', *, *, #2349, .T. ) ;
#116 = DIRECTION ( 'NONE',  ( 0.000000000000000000, -1.000000000000000000, 0.000000000000000000 ) ) ;
#117 = DIRECTION ( 'NONE',  ( 0.000000000000000000, 0.000000000000000000, 1.000000000000000000 ) ) ;
#118 = CARTESIAN_POINT ( 'NONE',  ( -13.34840745159878672, 4.857331087710909046, 9.999999999999996447 ) ) ;
#119 = ORIENTED_EDGE ( 'NONE', *, *, #4023, .F. ) ;
#120 = LINE ( 'NONE', #1540, #2675 ) ;
#121 = EDGE_CURVE ( 'NONE', #3541, #2674, #677, .T. ) ;
#122 = ORIENTED_EDGE ( 'NONE', *, *, #4313, .T. ) ;
#123 = CARTESIAN_POINT ( 'NONE',  ( -20.00000000000000355, 2.500000000000000000, 8.999999999999998224 ) ) ;
#124 = CARTESIAN_POINT ( 'NONE',  ( -10.00000000000000178, 14.00000000000000000, 4.500000000000003553 ) ) ;
#125 = CIRCLE ( 'NONE', #2122, 0.9999999999999991118 ) ;
#126 = CARTESIAN_POINT ( 'NONE',  ( 23.99999999999998579, 2.500000000000000000, -4.999999999999998224 ) ) ;
#127 = ORIENTED_EDGE ( 'NONE', *, *, #1252, .F. ) ;
#128 = CARTESIAN_POINT ( 'NONE',  ( 12.99999999999999645, 10.50000000000000000, -9.500000000000000000 ) ) ;
#129 = CARTESIAN_POINT ( 'NONE',  ( -13.84929127748492839, 4.593794776679944292, 9.999999999999996447 ) ) ;
#130 = LINE ( 'NONE', #1988, #2909 ) ;
#131 = VECTOR ( 'NONE', #3872, 1000.000000000000000 ) ;
#132 = ORIENTED_EDGE ( 'NONE', *, *, #3162, .F. ) ;
#133 = EDGE_LOOP ( 'NONE', ( #4502, #1281, #622, #4036 ) ) ;
#134 = CARTESIAN_POINT ( 'NONE',  ( -13.00972732305172386, 4.763203644927167524, 9.999999999999992895 ) ) ;
#135 = CARTESIAN_POINT ( 'NONE',  ( 26.74999999999998934, 3.000000000000000000, 0.5000000000000000000 ) ) ;
#136 = VERTEX_POINT ( 'NONE', #4359 ) ;
#137 = EDGE_CURVE ( 'NONE', #3046, #4140, #2538, .T. ) ;
#138 = CARTESIAN_POINT ( 'NONE',  ( -26.74999999999998934, 3.000000000000000000, -0.5000000000000000000 ) ) ;
#139 = DIRECTION ( 'NONE',  ( 0.000000000000000000, 1.000000000000000000, 0.000000000000000000 ) ) ;
#140 = LINE ( 'NONE', #4537, #3304 ) ;
#141 = EDGE_LOOP ( 'NONE', ( #760, #825, #2948, #1514 ) ) ;
#142 = CARTESIAN_POINT ( 'NONE',  ( -15.29418344345463510, 4.303336539538842764, 9.999999999999996447 ) ) ;
#143 = ORIENTED_EDGE ( 'NONE', *, *, #3319, .F. ) ;
#144 = EDGE_CURVE ( 'NONE', #1850, #2977, #4626, .T. ) ;
#145 = CARTESIAN_POINT ( 'NONE',  ( -16.23376994224398828, 4.761365935114647563, 9.500000000000000000 ) ) ;
#146 = FACE_BOUND ( 'NONE', #2542, .T. ) ;
#147 = CARTESIAN_POINT ( 'NONE',  ( -10.00000000000000178, 15.50000000000000000, 0.000000000000000000 ) ) ;
#148 = AXIS2_PLACEMENT_3D ( 'NONE', #4322, #2856, #713 ) ;
#149 = ORIENTED_EDGE ( 'NONE', *, *, #2376, .T. ) ;
#150 = LINE ( 'NONE', #2248, #2151 ) ;
#151 = CARTESIAN_POINT ( 'NONE',  ( -13.29780545527312619, 3.659341507747735811, 9.499999999999994671 ) ) ;
#152 = CARTESIAN_POINT ( 'NONE',  ( -8.842548076598786722, 4.263190462710908513, 9.499999999999996447 ) ) ;
#153 = ORIENTED_EDGE ( 'NONE', *, *, #4628, .T. ) ;
#154 = VERTEX_POINT ( 'NONE', #3346 ) ;
#155 = AXIS2_PLACEMENT_3D ( 'NONE', #4517, #4158, #1982 ) ;
#156 = AXIS2_PLACEMENT_3D ( 'NONE', #2534, #4426, #1036 ) ;
#157 = DIRECTION ( 'NONE',  ( 0.000000000000000000, 1.000000000000000000, 0.000000000000000000 ) ) ;
#158 = CARTESIAN_POINT ( 'NONE',  ( -11.38606154533483128, 4.130823258813754784, 9.499999999999998224 ) ) ;
#159 = AXIS2_PLACEMENT_3D ( 'NONE', #3032, #2923, #494 ) ;
#160 = ORIENTED_EDGE ( 'NONE', *, *, #3973, .F. ) ;
#161 = CIRCLE ( 'NONE', #13, 2.250000000000000444 ) ;
#162 = CARTESIAN_POINT ( 'NONE',  ( -10.00000000000000178, 18.50000000000000000, 0.000000000000000000 ) ) ;
#163 = CARTESIAN_POINT ( 'NONE',  ( -8.836061545334825240, 4.130823258813754784, 9.999999999999998224 ) ) ;
#164 = DIRECTION ( 'NONE',  ( -0.000000000000000000, 1.000000000000000000, -0.000000000000000000 ) ) ;
#165 = FACE_OUTER_BOUND ( 'NONE', #512, .T. ) ;
#166 = VECTOR ( 'NONE', #2136, 1000.000000000000000 ) ;
#167 = EDGE_CURVE ( 'NONE', #3674, #533, #150, .T. ) ;
#168 = EDGE_CURVE ( 'NONE', #1339, #738, #2754, .T. ) ;
#169 = ORIENTED_EDGE ( 'NONE', *, *, #3104, .F. ) ;
#170 = CARTESIAN_POINT ( 'NONE',  ( -10.00000000000000178, 18.00000000000000355, 2.050000000000000266 ) ) ;
#171 = LINE ( 'NONE', #2831, #1543 ) ;
#172 = CARTESIAN_POINT ( 'NONE',  ( -10.00000000000000178, 12.00000000000000000, 0.000000000000000000 ) ) ;
#173 = EDGE_CURVE ( 'NONE', #1542, #312, #867, .T. ) ;
#174 = EDGE_LOOP ( 'NONE', ( #3876, #617, #3663, #4296 ) ) ;
#175 = CARTESIAN_POINT ( 'NONE',  ( -10.00000000000000178, 19.50000000000000000, 0.000000000000000000 ) ) ;
#176 = CARTESIAN_POINT ( 'NONE',  ( -15.29708306877394008, 4.132382237059231578, 9.499999999999994671 ) ) ;
#177 = LINE ( 'NONE', #406, #4381 ) ;
#178 = DIRECTION ( 'NONE',  ( -0.000000000000000000, -1.000000000000000000, -0.000000000000000000 ) ) ;
#179 = ORIENTED_EDGE ( 'NONE', *, *, #2556, .T. ) ;
#180 = FACE_OUTER_BOUND ( 'NONE', #789, .T. ) ;
#181 = CARTESIAN_POINT ( 'NONE',  ( -12.74254807659878708, 4.263190462710908513, 9.999999999999996447 ) ) ;
#182 = VERTEX_POINT ( 'NONE', #2603 ) ;
#183 = CARTESIAN_POINT ( 'NONE',  ( -20.00000000000000355, 2.500000000000000000, -9.000000000000001776 ) ) ;
#184 = LINE ( 'NONE', #4219, #1575 ) ;
#185 = CARTESIAN_POINT ( 'NONE',  ( 26.74999999999998934, 2.500000000000000000, 9.999999999999998224 ) ) ;
#186 = CARTESIAN_POINT ( 'NONE',  ( -10.00000000000000178, 19.50000000000000000, 0.000000000000000000 ) ) ;
#187 = ORIENTED_EDGE ( 'NONE', *, *, #3773, .T. ) ;
#188 = CARTESIAN_POINT ( 'NONE',  ( -8.014961888978788807, 4.817061521759208986, 9.999999999999998224 ) ) ;
#189 = CARTESIAN_POINT ( 'NONE',  ( 13.99999999999999645, 9.000000000000000000, -8.500000000000000000 ) ) ;
#190 = PLANE ( 'NONE',  #1865 ) ;
#191 = VERTEX_POINT ( 'NONE', #128 ) ;
#192 = CARTESIAN_POINT ( 'NONE',  ( -11.35209291573277746, 4.490605266450368838, 10.00000000000000178 ) ) ;
#193 = DIRECTION ( 'NONE',  ( 0.000000000000000000, 0.000000000000000000, 1.000000000000000000 ) ) ;
#194 = LINE ( 'NONE', #1668, #1391 ) ;
#195 = EDGE_CURVE ( 'NONE', #709, #3799, #3793, .T. ) ;
#196 = CARTESIAN_POINT ( 'NONE',  ( -15.84780545527312690, 3.659341507747735367, 9.999999999999996447 ) ) ;
#197 = VECTOR ( 'NONE', #513, 1000.000000000000000 ) ;
#198 = EDGE_LOOP ( 'NONE', ( #1329, #1842, #3326, #507 ) ) ;
#199 = ORIENTED_EDGE ( 'NONE', *, *, #144, .F. ) ;
#200 = B_SPLINE_CURVE_WITH_KNOTS ( 'NONE', 3,
 ( #4287, #2775, #996, #3920, #1993, #2444, #1699, #921, #2370, #1337, #3869 ),
 .UNSPECIFIED., .F., .F.,
 ( 4, 1, 1, 1, 1, 1, 1, 1, 4 ),
 ( 0.000000000000000000, 0.1411572427678501052, 0.2708670984732419740, 0.3951049199775830689, 0.5192445879437858069, 0.6416973881062167928, 0.7592814591052551298, 0.8772923808939696588, 1.000000000000000000 ),
 .UNSPECIFIED. ) ;
#201 = EDGE_CURVE ( 'NONE', #497, #3639, #1986, .T. ) ;
#202 = CARTESIAN_POINT ( 'NONE',  ( -13.01009163984917727, 3.746645012438337030, 9.499999999999994671 ) ) ;
#203 = CARTESIAN_POINT ( 'NONE',  ( -7.642548076598787432, 4.263190462710908513, 9.499999999999996447 ) ) ;
#204 = ORIENTED_EDGE ( 'NONE', *, *, #1488, .T. ) ;
#205 = AXIS2_PLACEMENT_3D ( 'NONE', #2799, #2374, #4630 ) ;
#206 = DIRECTION ( 'NONE',  ( 0.000000000000000000, 0.000000000000000000, 1.000000000000000000 ) ) ;
#207 = CARTESIAN_POINT ( 'NONE',  ( 0.000000000000000000, 2.500000000000000000, 0.5000000000000000000 ) ) ;
#208 = DIRECTION ( 'NONE',  ( 0.000000000000000000, 0.000000000000000000, -1.000000000000000000 ) ) ;
#209 = DIRECTION ( 'NONE',  ( -0.000000000000000000, 1.000000000000000000, -0.000000000000000000 ) ) ;
#210 = VERTEX_POINT ( 'NONE', #1891 ) ;
#211 = CARTESIAN_POINT ( 'NONE',  ( -7.739434173038131526, 4.596678720137729712, 9.999999999999994671 ) ) ;
#212 = CARTESIAN_POINT ( 'NONE',  ( 26.74999999999998934, 0.000000000000000000, 0.5000000000000000000 ) ) ;
#213 = CARTESIAN_POINT ( 'NONE',  ( -26.74999999999998934, -20.00000000000000000, 3.500000000000001332 ) ) ;
#214 = EDGE_LOOP ( 'NONE', ( #2366, #143, #2705, #3471 ) ) ;
#215 = ADVANCED_FACE ( 'NONE', ( #4069 ), #3432, .T. ) ;
#216 = CARTESIAN_POINT ( 'NONE',  ( 26.01556443707462307, 2.500000000000000000, 6.000000000000000000 ) ) ;
#217 = FACE_OUTER_BOUND ( 'NONE', #3464, .T. ) ;
#218 = FACE_OUTER_BOUND ( 'NONE', #3626, .T. ) ;
#219 = ORIENTED_EDGE ( 'NONE', *, *, #201, .F. ) ;
#220 = DIRECTION ( 'NONE',  ( 0.000000000000000000, 1.000000000000000000, -0.000000000000000000 ) ) ;
#221 = ADVANCED_FACE ( 'NONE', ( #2292 ), #1140, .T. ) ;
#222 = EDGE_LOOP ( 'NONE', ( #1590, #219, #1120, #3202 ) ) ;
#223 = SECURITY_CLASSIFICATION ( '', '', #1745 ) ;
#224 = ORIENTED_EDGE ( 'NONE', *, *, #1636, .F. ) ;
#225 = CARTESIAN_POINT ( 'NONE',  ( -12.74254807659878708, 4.263190462710908513, 9.999999999999996447 ) ) ;
#226 = CARTESIAN_POINT ( 'NONE',  ( -10.82671173369988082, 3.659429409365844599, 9.499999999999996447 ) ) ;
#227 = EDGE_CURVE ( 'NONE', #3383, #2133, #57, .T. ) ;
#228 = ORIENTED_EDGE ( 'NONE', *, *, #3163, .F. ) ;
#229 = EDGE_CURVE ( 'NONE', #1692, #380, #4347, .T. ) ;
#230 = AXIS2_PLACEMENT_3D ( 'NONE', #4435, #2609, #1920 ) ;
#231 = DIRECTION ( 'NONE',  ( 0.000000000000000000, -1.000000000000000000, 0.000000000000000000 ) ) ;
#232 = DIRECTION ( 'NONE',  ( 0.000000000000000000, -0.000000000000000000, 1.000000000000000000 ) ) ;
#233 = LINE ( 'NONE', #1002, #3766 ) ;
#234 = CARTESIAN_POINT ( 'NONE',  ( -16.23376994224398828, 4.761365935114647563, 9.500000000000000000 ) ) ;
#235 = AXIS2_PLACEMENT_3D ( 'NONE', #3478, #4619, #1331 ) ;
#236 = AXIS2_PLACEMENT_3D ( 'NONE', #3744, #102, #3791 ) ;
#237 = ORIENTED_EDGE ( 'NONE', *, *, #1863, .T. ) ;
#238 = CARTESIAN_POINT ( 'NONE',  ( -16.39929127748493087, 4.593794776679943404, 9.499999999999994671 ) ) ;
#239 = FACE_OUTER_BOUND ( 'NONE', #917, .T. ) ;
#240 = VECTOR ( 'NONE', #4707, 1000.000000000000000 ) ;
#241 = CARTESIAN_POINT ( 'NONE',  ( -20.00000000000000355, 9.000000000000000000, 9.999999999999996447 ) ) ;
#242 = AXIS2_PLACEMENT_3D ( 'NONE', #1019, #2490, #1435 ) ;
#243 = EDGE_LOOP ( 'NONE', ( #648, #2844, #543, #1604 ) ) ;
#244 = CARTESIAN_POINT ( 'NONE',  ( -20.00000000000000355, -23.99999999999998934, -3.499999999999997780 ) ) ;
#245 = DIRECTION ( 'NONE',  ( 0.000000000000000000, 0.000000000000000000, -1.000000000000000000 ) ) ;
#246 = CARTESIAN_POINT ( 'NONE',  ( -11.22336738693030433, 4.684180621136959211, 9.499999999999994671 ) ) ;
#247 = EDGE_LOOP ( 'NONE', ( #2297, #998, #2563, #228 ) ) ;
#248 = PLANE ( 'NONE',  #4370 ) ;
#249 = ORIENTED_EDGE ( 'NONE', *, *, #2983, .T. ) ;
#250 = ORIENTED_EDGE ( 'NONE', *, *, #4250, .F. ) ;
#251 = CARTESIAN_POINT ( 'NONE',  ( -13.11162162909425710, 3.695022007914731343, 9.999999999999998224 ) ) ;
#252 = EDGE_CURVE ( 'NONE', #3936, #2325, #3748, .T. ) ;
#253 = EDGE_CURVE ( 'NONE', #1890, #23, #3310, .T. ) ;
#254 = LINE ( 'NONE', #3106, #909 ) ;
#255 = EDGE_LOOP ( 'NONE', ( #3597, #3207, #2096, #2986, #2640 ) ) ;
#256 = VERTEX_POINT ( 'NONE', #3389 ) ;
#257 = DIRECTION ( 'NONE',  ( 0.000000000000000000, 0.000000000000000000, 1.000000000000000000 ) ) ;
#258 = CARTESIAN_POINT ( 'NONE',  ( -23.99999999999998579, 2.500000000000000000, -4.999999999999998224 ) ) ;
#259 = CYLINDRICAL_SURFACE ( 'NONE', #2622, 1.500000000000000444 ) ;
#260 = CC_DESIGN_PERSON_AND_ORGANIZATION_ASSIGNMENT ( #2896, #1481, ( #2072 ) ) ;
#261 = DIRECTION ( 'NONE',  ( -1.000000000000000000, 0.000000000000000000, 0.000000000000000000 ) ) ;
#262 = ORIENTED_EDGE ( 'NONE', *, *, #1886, .F. ) ;
#263 = CARTESIAN_POINT ( 'NONE',  ( -7.647083068773943282, 4.132382237059230690, 9.499999999999992895 ) ) ;
#264 = CARTESIAN_POINT ( 'NONE',  ( 18.99999999999999645, 2.499999999999998668, 8.999999999999998224 ) ) ;
#265 = LINE ( 'NONE', #621, #2847 ) ;
#266 = ADVANCED_FACE ( 'NONE', ( #2671, #845, #4478, #1186, #2647 ), #4117, .T. ) ;
#267 = EDGE_LOOP ( 'NONE', ( #2701, #2664, #2961, #1743 ) ) ;
#268 = DIRECTION ( 'NONE',  ( -1.000000000000000000, 0.000000000000000000, 0.000000000000000000 ) ) ;
#269 = CARTESIAN_POINT ( 'NONE',  ( -15.46807131982058969, 3.816818745869935636, 9.499999999999996447 ) ) ;
#270 = CARTESIAN_POINT ( 'NONE',  ( -20.00000000000000355, -23.99999999999998934, -9.000000000000000000 ) ) ;
#271 = ORIENTED_EDGE ( 'NONE', *, *, #2665, .F. ) ;
#272 = LINE ( 'NONE', #2462, #2067 ) ;
#273 = ORIENTED_EDGE ( 'NONE', *, *, #595, .F. ) ;
#274 = ORIENTED_EDGE ( 'NONE', *, *, #595, .T. ) ;
#275 = CONICAL_SURFACE ( 'NONE', #3034, 5.500000000000000000, 0.7853981633974466137 ) ;
#276 = VECTOR ( 'NONE', #3117, 1000.000000000000000 ) ;
#277 = LINE ( 'NONE', #1360, #1942 ) ;
#278 = DATE_AND_TIME ( #3612, #4067 ) ;
#279 = ORIENTED_EDGE ( 'NONE', *, *, #1436, .F. ) ;
#280 = ORIENTED_EDGE ( 'NONE', *, *, #782, .T. ) ;
#281 = EDGE_CURVE ( 'NONE', #380, #830, #2458, .T. ) ;
#282 = LINE ( 'NONE', #361, #1160 ) ;
#283 = LINE ( 'NONE', #2855, #924 ) ;
#284 = AXIS2_PLACEMENT_3D ( 'NONE', #3511, #3134, #206 ) ;
#285 = CARTESIAN_POINT ( 'NONE',  ( -10.00000000000000178, 15.50000000000000000, -5.500000000000000000 ) ) ;
#286 = EDGE_LOOP ( 'NONE', ( #4540, #1, #1826, #2818 ) ) ;
#287 = EDGE_CURVE ( 'NONE', #3516, #2441, #2716, .T. ) ;
#288 = CARTESIAN_POINT ( 'NONE',  ( -7.683045453124742075, 4.011504287093311305, 9.499999999999998224 ) ) ;
#289 = CARTESIAN_POINT ( 'NONE',  ( -10.56162162909425817, 3.695022007914731343, 9.999999999999998224 ) ) ;
#290 = DIRECTION ( 'NONE',  ( 1.000000000000000000, 0.000000000000000000, 0.000000000000000000 ) ) ;
#291 = EDGE_CURVE ( 'NONE', #2032, #1071, #4547, .T. ) ;
#292 = VERTEX_POINT ( 'NONE', #3459 ) ;
#293 = DIRECTION ( 'NONE',  ( 0.000000000000000000, -0.5547001962252282592, 0.8320502943378442762 ) ) ;
#294 = ADVANCED_FACE ( 'NONE', ( #962 ), #3523, .F. ) ;
#295 = CARTESIAN_POINT ( 'NONE',  ( -8.197805455273128317, 3.659341507747737143, 10.00000000000000000 ) ) ;
#296 = DIRECTION ( 'NONE',  ( -0.000000000000000000, -1.000000000000000000, -0.000000000000000000 ) ) ;
#297 = CARTESIAN_POINT ( 'NONE',  ( -15.29254807659878779, 4.263190462710908513, 9.499999999999996447 ) ) ;
#298 = CARTESIAN_POINT ( 'NONE',  ( -8.749291277484926965, 4.593794776679944292, 9.999999999999996447 ) ) ;
#299 = EDGE_LOOP ( 'NONE', ( #2811, #3108, #865, #4240 ) ) ;
#300 = CARTESIAN_POINT ( 'NONE',  ( -19.00000000000000355, 0.000000000000000000, -9.999999999999998224 ) ) ;
#301 = AXIS2_PLACEMENT_3D ( 'NONE', #4464, #3417, #3353 ) ;
#302 = DIRECTION ( 'NONE',  ( 0.09642365197996878579, -0.7071067811865456854, -0.7005015912464785943 ) ) ;
#303 = AXIS2_PLACEMENT_3D ( 'NONE', #945, #2417, #583 ) ;
#304 = CC_DESIGN_SECURITY_CLASSIFICATION ( #223, ( #2072 ) ) ;
#305 = VERTEX_POINT ( 'NONE', #939 ) ;
#306 = ORIENTED_EDGE ( 'NONE', *, *, #2316, .T. ) ;
#307 = LINE ( 'NONE', #1419, #2998 ) ;
#308 = VECTOR ( 'NONE', #3103, 1000.000000000000000 ) ;
#309 = DIRECTION ( 'NONE',  ( 0.000000000000000000, 0.000000000000000000, -1.000000000000000000 ) ) ;
#310 = LINE ( 'NONE', #735, #4539 ) ;
#311 = CARTESIAN_POINT ( 'NONE',  ( -13.84929127748492839, 4.593794776679944292, 9.499999999999996447 ) ) ;
#312 = VERTEX_POINT ( 'NONE', #244 ) ;
#313 = CIRCLE ( 'NONE', #1858, 0.9999999999999991118 ) ;
#314 = CARTESIAN_POINT ( 'NONE',  ( -16.39546098914201622, 3.901807813459206020, 9.499999999999994671 ) ) ;
#315 = CARTESIAN_POINT ( 'NONE',  ( 26.74999999999998934, 2.500000000000000000, -0.5000000000000000000 ) ) ;
#316 = VECTOR ( 'NONE', #3386, 1000.000000000000000 ) ;
#317 = PLANE ( 'NONE',  #3522 ) ;
#318 = VECTOR ( 'NONE', #4376, 1000.000000000000000 ) ;
#319 = EDGE_CURVE ( 'NONE', #2893, #3686, #1275, .T. ) ;
#320 = EDGE_CURVE ( 'NONE', #3046, #2488, #1713, .T. ) ;
#321 = VECTOR ( 'NONE', #4729, 1000.000000000000000 ) ;
#322 = ORIENTED_EDGE ( 'NONE', *, *, #3481, .F. ) ;
#323 = VECTOR ( 'NONE', #4752, 1000.000000000000000 ) ;
#324 = LINE ( 'NONE', #3221, #4497 ) ;
#325 = DIRECTION ( 'NONE',  ( 0.000000000000000000, -0.7071067811865465735, -0.7071067811865483499 ) ) ;
#326 = CYLINDRICAL_SURFACE ( 'NONE', #847, 5.500000000000000000 ) ;
#327 = LINE ( 'NONE', #2220, #1158 ) ;
#328 = EDGE_CURVE ( 'NONE', #887, #1071, #2101, .T. ) ;
#329 = AXIS2_PLACEMENT_3D ( 'NONE', #2964, #1873, #4432 ) ;
#330 = ORIENTED_EDGE ( 'NONE', *, *, #521, .F. ) ;
#331 = CARTESIAN_POINT ( 'NONE',  ( -8.842548076598786722, 4.263190462710908513, 9.499999999999996447 ) ) ;
#332 = DESIGN_CONTEXT ( 'detailed design', #1796, 'design' ) ;
#333 = CARTESIAN_POINT ( 'NONE',  ( -10.78668870159878601, 3.657331087710908424, 9.499999999999996447 ) ) ;
#334 = APPROVAL_ROLE ( '' ) ;
#335 = VERTEX_POINT ( 'NONE', #2362 ) ;
#336 = ORIENTED_EDGE ( 'NONE', *, *, #3941, .F. ) ;
#337 = AXIS2_PLACEMENT_3D ( 'NONE', #3356, #3420, #832 ) ;
#338 = LINE ( 'NONE', #684, #4227 ) ;
#339 = CARTESIAN_POINT ( 'NONE',  ( -11.35209291573277746, 4.490605266450368838, 10.00000000000000178 ) ) ;
#340 = DIRECTION ( 'NONE',  ( 2.520441720968715492E-13, -4.744738635426489871E-14, 1.000000000000000000 ) ) ;
#341 = DIRECTION ( 'NONE',  ( 0.000000000000000000, 0.000000000000000000, 1.000000000000000000 ) ) ;
#342 = VERTEX_POINT ( 'NONE', #3171 ) ;
#343 = DIRECTION ( 'NONE',  ( -0.000000000000000000, -0.000000000000000000, -1.000000000000000000 ) ) ;
#344 = CARTESIAN_POINT ( 'NONE',  ( -10.78668870159878601, 3.657331087710908424, 9.499999999999996447 ) ) ;
#345 = DIRECTION ( 'NONE',  ( 0.000000000000000000, 0.000000000000000000, 1.000000000000000000 ) ) ;
#346 = ORIENTED_EDGE ( 'NONE', *, *, #3258, .F. ) ;
#347 = CARTESIAN_POINT ( 'NONE',  ( -10.19418344345463723, 4.303336539538842764, 9.499999999999996447 ) ) ;
#348 = CARTESIAN_POINT ( 'NONE',  ( -7.647083068773943282, 4.132382237059230690, 9.999999999999992895 ) ) ;
#349 = ADVANCED_FACE ( 'NONE', ( #2736 ), #4640, .T. ) ;
#350 = LINE ( 'NONE', #1763, #2759 ) ;
#351 = CARTESIAN_POINT ( 'NONE',  ( 19.70710678118654258, -24.43933982822017015, 9.707106781186544353 ) ) ;
#352 = ORIENTED_EDGE ( 'NONE', *, *, #1022, .T. ) ;
#353 = ADVANCED_FACE ( 'NONE', ( #2074, #4278 ), #1665, .F. ) ;
#354 = DIRECTION ( 'NONE',  ( -0.6019292654288395106, -0.6019292654288452837, 0.5247497678328104653 ) ) ;
#355 = CARTESIAN_POINT ( 'NONE',  ( -11.21627804807780926, 3.813939344366133355, 9.999999999999992895 ) ) ;
#356 = DATE_AND_TIME ( #2204, #4524 ) ;
#357 = EDGE_LOOP ( 'NONE', ( #3972, #3894, #1500, #3303 ) ) ;
#358 = EDGE_CURVE ( 'NONE', #2702, #2516, #3909, .T. ) ;
#359 = ORIENTED_EDGE ( 'NONE', *, *, #3094, .T. ) ;
#360 = VECTOR ( 'NONE', #3247, 1000.000000000000000 ) ;
#361 = CARTESIAN_POINT ( 'NONE',  ( 0.000000000000000000, 2.500000000000000000, -0.5000000000000000000 ) ) ;
#362 = CARTESIAN_POINT ( 'NONE',  ( 23.99999999999998579, 0.000000000000000000, -2.749999999999998224 ) ) ;
#363 = CARTESIAN_POINT ( 'NONE',  ( 20.00000000000000000, -23.99999999999998934, -9.000000000000000000 ) ) ;
#364 = LINE ( 'NONE', #4030, #991 ) ;
#365 = VECTOR ( 'NONE', #596, 1000.000000000000114 ) ;
#366 = ORIENTED_EDGE ( 'NONE', *, *, #3286, .F. ) ;
#367 = CARTESIAN_POINT ( 'NONE',  ( -7.647374647256802049, 4.381676339906653617, 9.999999999999994671 ) ) ;
#368 = FACE_OUTER_BOUND ( 'NONE', #2456, .T. ) ;
#369 = CARTESIAN_POINT ( 'NONE',  ( 0.000000000000000000, 2.500000000000000000, 6.000000000000000000 ) ) ;
#370 = EDGE_LOOP ( 'NONE', ( #1776, #4003, #3431, #3918 ) ) ;
#371 = CARTESIAN_POINT ( 'NONE',  ( -6.877501000800808839, 10.50000000000000000, 9.500000000000001776 ) ) ;
#372 = CARTESIAN_POINT ( 'NONE',  ( -8.749291277484926965, 4.593794776679944292, 9.999999999999996447 ) ) ;
#373 = DIRECTION ( 'NONE',  ( 0.000000000000000000, 0.000000000000000000, -1.000000000000000000 ) ) ;
#374 = ORIENTED_EDGE ( 'NONE', *, *, #3753, .T. ) ;
#375 = CARTESIAN_POINT ( 'NONE',  ( 0.000000000000000000, 0.000000000000000000, -6.000000000000000000 ) ) ;
#376 = DIRECTION ( 'NONE',  ( -0.09642365197996835557, -0.7071067811865486830, 0.7005015912464754857 ) ) ;
#377 = PERSON_AND_ORGANIZATION ( #886, #2226 ) ;
#378 = EDGE_CURVE ( 'NONE', #3847, #2642, #3343, .T. ) ;
#379 = VERTEX_POINT ( 'NONE', #1254 ) ;
#380 = VERTEX_POINT ( 'NONE', #2012 ) ;
#381 = CARTESIAN_POINT ( 'NONE',  ( -13.38889077459144339, 4.855547751615681307, 9.999999999999998224 ) ) ;
#382 = CARTESIAN_POINT ( 'NONE',  ( -6.877501000800808839, 10.50000000000000000, 9.500000000000001776 ) ) ;
#383 = DIRECTION ( 'NONE',  ( -0.000000000000000000, -0.000000000000000000, -1.000000000000000000 ) ) ;
#384 = CARTESIAN_POINT ( 'NONE',  ( -8.248407451598787077, 4.857331087710909046, 9.499999999999996447 ) ) ;
#385 = CIRCLE ( 'NONE', #3056, 4.000000000000234479 ) ;
#386 = EDGE_CURVE ( 'NONE', #1539, #3574, #1505, .T. ) ;
#387 = EDGE_CURVE ( 'NONE', #992, #533, #3870, .T. ) ;
#388 = ORIENTED_EDGE ( 'NONE', *, *, #1619, .T. ) ;
#389 = LINE ( 'NONE', #1901, #1595 ) ;
#390 = DIRECTION ( 'NONE',  ( 1.000000000000000000, 0.000000000000000000, 0.000000000000000000 ) ) ;
#391 = CARTESIAN_POINT ( 'NONE',  ( -10.23414544758592193, 4.493292991900848854, 9.999999999999992895 ) ) ;
#392 = CARTESIAN_POINT ( 'NONE',  ( -26.74999999999998934, -20.00000000000000000, -3.499999999999998668 ) ) ;
#393 = ORIENTED_EDGE ( 'NONE', *, *, #2087, .T. ) ;
#394 = CARTESIAN_POINT ( 'NONE',  ( -10.00000000000000178, 16.50000000000000355, 0.000000000000000000 ) ) ;
#395 = CARTESIAN_POINT ( 'NONE',  ( -7.818071319820589338, 3.816818745869934748, 9.999999999999996447 ) ) ;
#396 = CARTESIAN_POINT ( 'NONE',  ( -23.99999999999998579, 2.500000000000000000, 4.999999999999998224 ) ) ;
#397 = CIRCLE ( 'NONE', #2389, 2.050000000000000266 ) ;
#398 = AXIS2_PLACEMENT_3D ( 'NONE', #3496, #3567, #1326 ) ;
#399 = EDGE_LOOP ( 'NONE', ( #3144, #4725 ) ) ;
#400 = CARTESIAN_POINT ( 'NONE',  ( -10.46009163984917656, 3.746645012438337030, 9.499999999999994671 ) ) ;
#401 = VECTOR ( 'NONE', #3087, 1000.000000000000000 ) ;
#402 = LINE ( 'NONE', #82, #3153 ) ;
#403 = ORIENTED_EDGE ( 'NONE', *, *, #4132, .F. ) ;
#404 = EDGE_LOOP ( 'NONE', ( #784, #1652, #421, #2159 ) ) ;
#405 = EDGE_CURVE ( 'NONE', #1913, #2921, #4276, .T. ) ;
#406 = CARTESIAN_POINT ( 'NONE',  ( 26.74999999999998934, 2.500000000000000000, 0.000000000000000000 ) ) ;
#407 = EDGE_CURVE ( 'NONE', #1682, #3552, #324, .T. ) ;
#408 = LINE ( 'NONE', #2632, #3235 ) ;
#409 = FACE_OUTER_BOUND ( 'NONE', #2291, .T. ) ;
#410 = ORIENTED_EDGE ( 'NONE', *, *, #3219, .T. ) ;
#411 = EDGE_CURVE ( 'NONE', #4031, #2512, #3962, .T. ) ;
#412 = LINE ( 'NONE', #43, #515 ) ;
#413 = LINE ( 'NONE', #3022, #2403 ) ;
#414 = DIRECTION ( 'NONE',  ( 1.000000000000000000, -0.000000000000000000, 0.000000000000000000 ) ) ;
#415 = CARTESIAN_POINT ( 'NONE',  ( -8.288890774591445521, 4.855547751615681307, 9.999999999999998224 ) ) ;
#416 = EDGE_LOOP ( 'NONE', ( #4353, #1053, #1955, #1142 ) ) ;
#417 = ADVANCED_FACE ( 'NONE', ( #671 ), #1475, .F. ) ;
#418 = DIRECTION ( 'NONE',  ( -0.9906588508047015074, 0.000000000000000000, -0.1363636363636148152 ) ) ;
#419 = CARTESIAN_POINT ( 'NONE',  ( -2.999999999999761524, 16.50000000000000355, 6.102458520956801635 ) ) ;
#420 = CARTESIAN_POINT ( 'NONE',  ( 19.99999999999999645, -23.99999999999998934, 9.999999999999996447 ) ) ;
#421 = ORIENTED_EDGE ( 'NONE', *, *, #1256, .T. ) ;
#422 = CARTESIAN_POINT ( 'NONE',  ( -10.00000000000000178, 14.00000000000000000, 0.000000000000000000 ) ) ;
#423 = CARTESIAN_POINT ( 'NONE',  ( -16.22168179594637749, 3.745048609832291042, 9.999999999999998224 ) ) ;
#424 = ORIENTED_EDGE ( 'NONE', *, *, #4575, .F. ) ;
#425 = ORIENTED_EDGE ( 'NONE', *, *, #3596, .F. ) ;
#426 = DIRECTION ( 'NONE',  ( 0.000000000000000000, 1.000000000000000000, 0.000000000000000000 ) ) ;
#427 = CARTESIAN_POINT ( 'NONE',  ( -8.197805455273128317, 3.659341507747737143, 9.500000000000000000 ) ) ;
#428 = AXIS2_PLACEMENT_3D ( 'NONE', #3785, #3717, #763 ) ;
#429 = DIRECTION ( 'NONE',  ( 0.000000000000000000, 1.000000000000000000, 0.000000000000000000 ) ) ;
#430 = EDGE_LOOP ( 'NONE', ( #2279, #3945, #3979, #3871 ) ) ;
#431 = CARTESIAN_POINT ( 'NONE',  ( -10.00000000000000178, 12.00000000000000000, 0.000000000000000000 ) ) ;
#432 = DIRECTION ( 'NONE',  ( 0.000000000000000000, -1.000000000000000000, 0.000000000000000000 ) ) ;
#433 = LINE ( 'NONE', #1245, #4614 ) ;
#434 = AXIS2_PLACEMENT_3D ( 'NONE', #862, #4516, #769 ) ;
#435 = CARTESIAN_POINT ( 'NONE',  ( -13.93606154533482666, 4.130823258813754784, 9.999999999999998224 ) ) ;
#436 = CIRCLE ( 'NONE', #3109, 2.250000000000000444 ) ;
#437 = EDGE_CURVE ( 'NONE', #1016, #4172, #1895, .T. ) ;
#438 = VERTEX_POINT ( 'NONE', #3598 ) ;
#439 = AXIS2_PLACEMENT_3D ( 'NONE', #2358, #1638, #1347 ) ;
#440 = DIRECTION ( 'NONE',  ( 0.000000000000000000, -1.000000000000000000, 0.000000000000000000 ) ) ;
#441 = DIRECTION ( 'NONE',  ( 0.9906588508047015074, 0.000000000000000000, -0.1363636363636148152 ) ) ;
#442 = CARTESIAN_POINT ( 'NONE',  ( -10.00000000000000178, 10.50000000000000000, 0.000000000000000000 ) ) ;
#443 = EDGE_CURVE ( 'NONE', #3435, #2796, #4379, .T. ) ;
#444 = ORIENTED_EDGE ( 'NONE', *, *, #1934, .T. ) ;
#445 = CARTESIAN_POINT ( 'NONE',  ( -10.28943417303813668, 4.596678720137733265, 9.500000000000001776 ) ) ;
#446 = CYLINDRICAL_SURFACE ( 'NONE', #1093, 1.000000000000000000 ) ;
#447 = VERTEX_POINT ( 'NONE', #1428 ) ;
#448 = ORIENTED_EDGE ( 'NONE', *, *, #173, .F. ) ;
#449 = CARTESIAN_POINT ( 'NONE',  ( 20.00000000000000355, 0.000000000000000000, -9.000000000000000000 ) ) ;
#450 = CARTESIAN_POINT ( 'NONE',  ( -7.737636957077781652, 3.903863005938844832, 9.499999999999994671 ) ) ;
#451 = DIRECTION ( 'NONE',  ( 0.000000000000000000, 0.000000000000000000, -1.000000000000000000 ) ) ;
#452 = ORIENTED_EDGE ( 'NONE', *, *, #2321, .F. ) ;
#453 = PLANE ( 'NONE',  #4656 ) ;
#454 = FACE_OUTER_BOUND ( 'NONE', #3000, .T. ) ;
#455 = VECTOR ( 'NONE', #1103, 999.9999999999998863 ) ;
#456 = CARTESIAN_POINT ( 'NONE',  ( -19.26876110206469406, -23.99999999999998579, -10.00000000000000178 ) ) ;
#457 = CARTESIAN_POINT ( 'NONE',  ( -13.56802928365745231, 3.693716400550714152, 9.499999999999996447 ) ) ;
#458 = AXIS2_PLACEMENT_3D ( 'NONE', #2916, #1501, #3254 ) ;
#459 = LOCAL_TIME ( 2, 32, 48.00000000000000000, #2155 ) ;
#460 = ORIENTED_EDGE ( 'NONE', *, *, #3885, .F. ) ;
#461 = CARTESIAN_POINT ( 'NONE',  ( -20.00000000000000355, -27.00000000000000000, 9.999999999999996447 ) ) ;
#462 = CARTESIAN_POINT ( 'NONE',  ( 0.000000000000000000, 0.000000000000000000, 0.000000000000000000 ) ) ;
#463 = CARTESIAN_POINT ( 'NONE',  ( -23.99999999999998579, 0.000000000000000000, -4.999999999999998224 ) ) ;
#464 = ADVANCED_FACE ( 'NONE', ( #3651 ), #2558, .T. ) ;
#465 = EDGE_CURVE ( 'NONE', #2191, #4617, #3188, .T. ) ;
#466 = ORIENTED_EDGE ( 'NONE', *, *, #4372, .F. ) ;
#467 = AXIS2_PLACEMENT_3D ( 'NONE', #1431, #2891, #4357 ) ;
#468 = CARTESIAN_POINT ( 'NONE',  ( -10.23414544758592193, 4.493292991900848854, 9.499999999999992895 ) ) ;
#469 = PLANE ( 'NONE',  #3609 ) ;
#470 = EDGE_CURVE ( 'NONE', #2843, #3206, #4037, .T. ) ;
#471 = ADVANCED_FACE ( 'NONE', ( #744 ), #1388, .T. ) ;
#472 = CIRCLE ( 'NONE', #4383, 1.000000000000000888 ) ;
#473 = CARTESIAN_POINT ( 'NONE',  ( -8.837239085755937751, 4.379909362331369849, 9.499999999999994671 ) ) ;
#474 = AXIS2_PLACEMENT_3D ( 'NONE', #3380, #1563, #2683 ) ;
#475 = ORIENTED_EDGE ( 'NONE', *, *, #580, .T. ) ;
#476 = ORIENTED_EDGE ( 'NONE', *, *, #4073, .F. ) ;
#477 = CIRCLE ( 'NONE', #2851, 5.999999999999761968 ) ;
#478 = ADVANCED_FACE ( 'NONE', ( #4692 ), #1450, .T. ) ;
#479 = CARTESIAN_POINT ( 'NONE',  ( 23.99999999999998579, 2.500000000000000000, -4.999999999999998224 ) ) ;
#480 = CARTESIAN_POINT ( 'NONE',  ( 26.01556443707462307, 2.500000000000000000, 4.000000000000000000 ) ) ;
#481 = ORIENTED_EDGE ( 'NONE', *, *, #2562, .F. ) ;
#482 = LINE ( 'NONE', #3696, #2357 ) ;
#483 = CARTESIAN_POINT ( 'NONE',  ( -10.00000000000000178, 10.50000000000000000, 0.000000000000000000 ) ) ;
#484 = CARTESIAN_POINT ( 'NONE',  ( -23.99999999999998579, 2.500000000000000000, -7.249999999999998224 ) ) ;
#485 = ORIENTED_EDGE ( 'NONE', *, *, #1109, .T. ) ;
#486 = CARTESIAN_POINT ( 'NONE',  ( -13.84546098914201906, 3.901807813459206908, 9.499999999999998224 ) ) ;
#487 = ORIENTED_EDGE ( 'NONE', *, *, #1799, .T. ) ;
#488 = DIRECTION ( 'NONE',  ( 1.000000000000000000, -0.000000000000000000, 0.000000000000000000 ) ) ;
#489 = FACE_OUTER_BOUND ( 'NONE', #3165, .T. ) ;
#490 = PLANE ( 'NONE',  #3071 ) ;
#491 = ORIENTED_EDGE ( 'NONE', *, *, #1051, .F. ) ;
#492 = ADVANCED_FACE ( 'NONE', ( #1033 ), #275, .T. ) ;
#493 = CARTESIAN_POINT ( 'NONE',  ( 0.000000000000000000, 2.500000000000000000, 4.000000000000000000 ) ) ;
#494 = DIRECTION ( 'NONE',  ( 0.000000000000000000, 0.000000000000000000, 1.000000000000000000 ) ) ;
#495 = CARTESIAN_POINT ( 'NONE',  ( -15.38763695707778290, 3.903863005938843944, 9.499999999999996447 ) ) ;
#496 = EDGE_CURVE ( 'NONE', #4211, #447, #3339, .T. ) ;
#497 = VERTEX_POINT ( 'NONE', #3048 ) ;
#498 = VERTEX_POINT ( 'NONE', #2956 ) ;
#499 = LINE ( 'NONE', #828, #698 ) ;
#500 = LINE ( 'NONE', #480, #4598 ) ;
#501 = EDGE_CURVE ( 'NONE', #4334, #4433, #4186, .T. ) ;
#502 = ORIENTED_EDGE ( 'NONE', *, *, #4396, .F. ) ;
#503 = DIRECTION ( 'NONE',  ( 0.000000000000000000, 0.000000000000000000, -1.000000000000000000 ) ) ;
#504 = CARTESIAN_POINT ( 'NONE',  ( -13.76627804807780464, 3.813939344366133355, 9.999999999999992895 ) ) ;
#505 = CARTESIAN_POINT ( 'NONE',  ( 0.000000000000000000, 2.500000000000000000, -9.999999999999998224 ) ) ;
#506 = CARTESIAN_POINT ( 'NONE',  ( -13.45475320566535693, 3.663520956208037749, 9.499999999999996447 ) ) ;
#507 = ORIENTED_EDGE ( 'NONE', *, *, #2184, .F. ) ;
#508 = CARTESIAN_POINT ( 'NONE',  ( -16.01777795396625237, 4.852072682277737137, 10.00000000000000178 ) ) ;
#509 = DIRECTION ( 'NONE',  ( 0.000000000000000000, 0.000000000000000000, 1.000000000000000000 ) ) ;
#510 = AXIS2_PLACEMENT_3D ( 'NONE', #2412, #888, #985 ) ;
#511 = DIRECTION ( 'NONE',  ( 0.000000000000000000, 1.000000000000000000, -0.000000000000000000 ) ) ;
#512 = EDGE_LOOP ( 'NONE', ( #7, #778, #916, #563 ) ) ;
#513 = DIRECTION ( 'NONE',  ( -0.6019292654288443956, 0.6019292654288405098, 0.5247497678328103543 ) ) ;
#514 = CARTESIAN_POINT ( 'NONE',  ( 0.000000000000000000, 0.000000000000000000, 0.5000000000000000000 ) ) ;
#515 = VECTOR ( 'NONE', #4468, 1000.000000000000000 ) ;
#516 = CARTESIAN_POINT ( 'NONE',  ( -8.745460989142015862, 3.901807813459206908, 9.499999999999998224 ) ) ;
#517 = AXIS2_PLACEMENT_3D ( 'NONE', #1392, #1804, #975 ) ;
#518 = ORIENTED_EDGE ( 'NONE', *, *, #2694, .T. ) ;
#519 = EDGE_LOOP ( 'NONE', ( #1566, #997, #3268, #3820 ) ) ;
#520 = CARTESIAN_POINT ( 'NONE',  ( -10.19254807659878814, 4.263190462710908513, 9.999999999999996447 ) ) ;
#521 = EDGE_CURVE ( 'NONE', #3383, #3779, #792, .T. ) ;
#522 = DIRECTION ( 'NONE',  ( 0.000000000000000000, 1.000000000000000000, 0.000000000000000000 ) ) ;
#523 = VERTEX_POINT ( 'NONE', #3742 ) ;
#524 = CARTESIAN_POINT ( 'NONE',  ( 23.99999999999998579, 2.500000000000000000, -2.749999999999998224 ) ) ;
#525 = CARTESIAN_POINT ( 'NONE',  ( -16.31627804807781246, 3.813939344366135131, 9.500000000000000000 ) ) ;
#526 = LINE ( 'NONE', #2001, #3914 ) ;
#527 = CARTESIAN_POINT ( 'NONE',  ( -13.84546098914201906, 3.901807813459206908, 9.999999999999998224 ) ) ;
#528 = ORIENTED_EDGE ( 'NONE', *, *, #75, .T. ) ;
#529 = VECTOR ( 'NONE', #1807, 1000.000000000000000 ) ;
#530 = CARTESIAN_POINT ( 'NONE',  ( -16.49254807659879063, 4.263190462710908513, 9.499999999999996447 ) ) ;
#531 = DIRECTION ( 'NONE',  ( -0.000000000000000000, -1.000000000000000000, -0.000000000000000000 ) ) ;
#532 = DIRECTION ( 'NONE',  ( 0.000000000000000000, 0.000000000000000000, -1.000000000000000000 ) ) ;
#533 = VERTEX_POINT ( 'NONE', #3027 ) ;
#534 = DIRECTION ( 'NONE',  ( -0.000000000000000000, -1.000000000000000000, -0.000000000000000000 ) ) ;
#535 = CARTESIAN_POINT ( 'NONE',  ( 26.74999999999998934, 3.000000000000000000, -0.5000000000000000000 ) ) ;
#536 = CARTESIAN_POINT ( 'NONE',  ( -13.34840745159878672, 4.857331087710909046, 9.999999999999996447 ) ) ;
#537 = CARTESIAN_POINT ( 'NONE',  ( 23.99999999999998579, 2.500000000000000000, 4.999999999999998224 ) ) ;
#538 = EDGE_LOOP ( 'NONE', ( #4458, #3338, #2971, #4349 ) ) ;
#539 = ORIENTED_EDGE ( 'NONE', *, *, #3915, .F. ) ;
#540 = CIRCLE ( 'NONE', #3224, 5.999999999999761968 ) ;
#541 = LINE ( 'NONE', #2020, #1937 ) ;
#542 = MECHANICAL_CONTEXT ( 'NONE', #3994, 'mechanical' ) ;
#543 = ORIENTED_EDGE ( 'NONE', *, *, #3331, .F. ) ;
#544 = AXIS2_PLACEMENT_3D ( 'NONE', #172, #4181, #4496 ) ;
#545 = EDGE_CURVE ( 'NONE', #3332, #2110, #2623, .T. ) ;
#546 = ADVANCED_FACE ( 'NONE', ( #3405 ), #1134, .F. ) ;
#547 = CARTESIAN_POINT ( 'NONE',  ( -10.00000000000000178, 14.00000000000000000, 5.500000000000000000 ) ) ;
#548 = CARTESIAN_POINT ( 'NONE',  ( -8.468029283657452666, 3.693716400550714152, 9.499999999999996447 ) ) ;
#549 = DIRECTION ( 'NONE',  ( -0.000000000000000000, -1.000000000000000000, -0.000000000000000000 ) ) ;
#550 = DIRECTION ( 'NONE',  ( 0.000000000000000000, 1.000000000000000000, -0.000000000000000000 ) ) ;
#551 = AXIS2_PLACEMENT_3D ( 'NONE', #2039, #157, #3129 ) ;
#552 = EDGE_CURVE ( 'NONE', #379, #335, #2597, .T. ) ;
#553 = CARTESIAN_POINT ( 'NONE',  ( -8.014961888978788807, 4.817061521759208986, 9.499999999999998224 ) ) ;
#554 = CARTESIAN_POINT ( 'NONE',  ( -16.32336738693030398, 4.684180621136961875, 9.999999999999994671 ) ) ;
#555 = PLANE ( 'NONE',  #1777 ) ;
#556 = EDGE_CURVE ( 'NONE', #447, #2466, #73, .T. ) ;
#557 = ORIENTED_EDGE ( 'NONE', *, *, #1417, .T. ) ;
#558 = DIRECTION ( 'NONE',  ( 0.000000000000000000, 0.000000000000000000, 1.000000000000000000 ) ) ;
#559 = DIRECTION ( 'NONE',  ( 0.000000000000000000, -1.000000000000000000, 0.000000000000000000 ) ) ;
#560 = LINE ( 'NONE', #4669, #2918 ) ;
#561 = CARTESIAN_POINT ( 'NONE',  ( -15.33304545312474332, 4.011504287093311305, 9.999999999999998224 ) ) ;
#562 = ORIENTED_EDGE ( 'NONE', *, *, #2870, .T. ) ;
#563 = ORIENTED_EDGE ( 'NONE', *, *, #2405, .T. ) ;
#564 = CARTESIAN_POINT ( 'NONE',  ( -13.01009163984917727, 3.746645012438337030, 9.999999999999994671 ) ) ;
#565 = ORIENTED_EDGE ( 'NONE', *, *, #2983, .F. ) ;
#566 = CARTESIAN_POINT ( 'NONE',  ( -11.38606154533483128, 4.130823258813754784, 9.999999999999998224 ) ) ;
#567 = FACE_OUTER_BOUND ( 'NONE', #2046, .T. ) ;
#568 = DIRECTION ( 'NONE',  ( 0.000000000000000000, 1.000000000000000000, 0.000000000000000000 ) ) ;
#569 = CARTESIAN_POINT ( 'NONE',  ( -23.99999999999998579, 2.500000000000000000, -4.999999999999998224 ) ) ;
#570 = ORIENTED_EDGE ( 'NONE', *, *, #137, .T. ) ;
#571 = CARTESIAN_POINT ( 'NONE',  ( -7.818552839064236260, 4.685782656872678587, 9.499999999999998224 ) ) ;
#572 = FACE_OUTER_BOUND ( 'NONE', #2271, .T. ) ;
#573 = DIRECTION ( 'NONE',  ( 0.9906588508047015074, 0.000000000000000000, -0.1363636363636148152 ) ) ;
#574 = EDGE_CURVE ( 'NONE', #1850, #256, #4064, .T. ) ;
#575 = ORIENTED_EDGE ( 'NONE', *, *, #759, .T. ) ;
#576 = CARTESIAN_POINT ( 'NONE',  ( -26.74999999999998934, 2.500000000000000000, 0.000000000000000000 ) ) ;
#577 = CARTESIAN_POINT ( 'NONE',  ( -15.38763695707778290, 3.903863005938843944, 9.499999999999996447 ) ) ;
#578 = CARTESIAN_POINT ( 'NONE',  ( -11.38723908575593491, 4.379909362331369849, 9.499999999999994671 ) ) ;
#579 = CARTESIAN_POINT ( 'NONE',  ( -10.00000000000000178, 19.50000000000000000, 6.999999999999760192 ) ) ;
#580 = EDGE_CURVE ( 'NONE', #2325, #4385, #125, .T. ) ;
#581 = AXIS2_PLACEMENT_3D ( 'NONE', #4016, #293, #4354 ) ;
#582 = EDGE_LOOP ( 'NONE', ( #4289, #2318, #4156, #4216 ) ) ;
#583 = DIRECTION ( 'NONE',  ( 0.000000000000000000, -0.000000000000000000, -1.000000000000000000 ) ) ;
#584 = CARTESIAN_POINT ( 'NONE',  ( -13.22152723890030579, 3.663285397959088474, 9.999999999999998224 ) ) ;
#585 = ORIENTED_EDGE ( 'NONE', *, *, #1256, .F. ) ;
#586 = DIRECTION ( 'NONE',  ( 0.000000000000000000, 0.000000000000000000, 1.000000000000000000 ) ) ;
#587 = FACE_OUTER_BOUND ( 'NONE', #4341, .T. ) ;
#588 = DIRECTION ( 'NONE',  ( 0.9892034623538707994, -0.1465486610894626562, -0.000000000000000000 ) ) ;
#589 = CARTESIAN_POINT ( 'NONE',  ( -26.74999999999998934, 0.000000000000000000, -9.999999999999998224 ) ) ;
#590 = VERTEX_POINT ( 'NONE', #1203 ) ;
#591 = CARTESIAN_POINT ( 'NONE',  ( -7.684145447585930100, 4.493292991900852407, 9.999999999999998224 ) ) ;
#592 = DIRECTION ( 'NONE',  ( 0.000000000000000000, 0.000000000000000000, -1.000000000000000000 ) ) ;
#593 = LINE ( 'NONE', #241, #3908 ) ;
#594 = ORIENTED_EDGE ( 'NONE', *, *, #3668, .F. ) ;
#595 = EDGE_CURVE ( 'NONE', #1951, #3180, #1909, .T. ) ;
#596 = DIRECTION ( 'NONE',  ( 0.9906588508047015074, 1.808967542289601859E-16, 0.1363636363636148152 ) ) ;
#597 = EDGE_CURVE ( 'NONE', #3046, #2512, #1544, .T. ) ;
#598 = DIRECTION ( 'NONE',  ( 0.000000000000000000, -1.000000000000000000, -0.000000000000000000 ) ) ;
#599 = CARTESIAN_POINT ( 'NONE',  ( -20.00000000000000355, 9.000000000000000000, 0.000000000000000000 ) ) ;
#600 = DIRECTION ( 'NONE',  ( -0.000000000000000000, -0.000000000000000000, 1.000000000000000000 ) ) ;
#601 = AXIS2_PLACEMENT_3D ( 'NONE', #4176, #1221, #4088 ) ;
#602 = ORIENTED_EDGE ( 'NONE', *, *, #2753, .F. ) ;
#603 = VECTOR ( 'NONE', #1949, 1000.000000000000000 ) ;
#604 = CARTESIAN_POINT ( 'NONE',  ( -13.34840745159878672, 4.857331087710909046, 9.499999999999996447 ) ) ;
#605 = CARTESIAN_POINT ( 'NONE',  ( -12.78414544758592086, 4.493292991900848854, 9.999999999999992895 ) ) ;
#606 = CARTESIAN_POINT ( 'NONE',  ( -7.647374647256802049, 4.381676339906653617, 9.499999999999994671 ) ) ;
#607 = ORIENTED_EDGE ( 'NONE', *, *, #4111, .T. ) ;
#608 = ADVANCED_FACE ( 'NONE', ( #3005 ), #2666, .F. ) ;
#609 = ORIENTED_EDGE ( 'NONE', *, *, #1794, .F. ) ;
#610 = VECTOR ( 'NONE', #1477, 1000.000000000000000 ) ;
#611 = CARTESIAN_POINT ( 'NONE',  ( -34.81225774829854203, -20.00000000000000000, 3.500000000000001332 ) ) ;
#612 = CARTESIAN_POINT ( 'NONE',  ( -16.00475320566536652, 3.663520956208039525, 9.499999999999998224 ) ) ;
#613 = CARTESIAN_POINT ( 'NONE',  ( -6.877501000800808839, 10.50000000000000000, 9.500000000000001776 ) ) ;
#614 = CARTESIAN_POINT ( 'NONE',  ( 0.000000000000000000, 9.000000000000000000, 0.000000000000000000 ) ) ;
#615 = VECTOR ( 'NONE', #2147, 1000.000000000000000 ) ;
#616 = VECTOR ( 'NONE', #4511, 1000.000000000000000 ) ;
#617 = ORIENTED_EDGE ( 'NONE', *, *, #662, .F. ) ;
#618 = CARTESIAN_POINT ( 'NONE',  ( -16.49254807659879418, 4.263190462710909401, 9.499999999999998224 ) ) ;
#619 = CYLINDRICAL_SURFACE ( 'NONE', #3993, 2.250000000000000444 ) ;
#620 = VECTOR ( 'NONE', #2588, 1000.000000000000000 ) ;
#621 = CARTESIAN_POINT ( 'NONE',  ( 19.99999999999999645, -27.00000000000000000, 8.999999999999998224 ) ) ;
#622 = ORIENTED_EDGE ( 'NONE', *, *, #137, .F. ) ;
#623 = DIRECTION ( 'NONE',  ( 1.000000000000000000, -0.000000000000000000, 0.000000000000000000 ) ) ;
#624 = CARTESIAN_POINT ( 'NONE',  ( -15.77152723890030650, 3.663285397959088030, 9.499999999999996447 ) ) ;
#625 = DIRECTION ( 'NONE',  ( -0.000000000000000000, -1.000000000000000000, -0.000000000000000000 ) ) ;
#626 = VERTEX_POINT ( 'NONE', #4473 ) ;
#627 = DIRECTION ( 'NONE',  ( -0.9906588508047015074, 0.000000000000000000, 0.1363636363636148152 ) ) ;
#628 = EDGE_CURVE ( 'NONE', #2077, #2441, #1592, .T. ) ;
#629 = ORIENTED_EDGE ( 'NONE', *, *, #3342, .T. ) ;
#630 = ORIENTED_EDGE ( 'NONE', *, *, #2954, .F. ) ;
#631 = PLANE ( 'NONE',  #3384 ) ;
#632 = EDGE_CURVE ( 'NONE', #1717, #61, #1517, .T. ) ;
#633 = ORIENTED_EDGE ( 'NONE', *, *, #405, .F. ) ;
#634 = VERTEX_POINT ( 'NONE', #123 ) ;
#635 = CARTESIAN_POINT ( 'NONE',  ( -13.11162162909425710, 3.695022007914731343, 9.499999999999998224 ) ) ;
#636 = CARTESIAN_POINT ( 'NONE',  ( 13.99999999999999467, 9.000000000000000000, 8.500000000000001776 ) ) ;
#637 = CARTESIAN_POINT ( 'NONE',  ( -10.00000000000000178, 10.50000000000000000, 0.000000000000000000 ) ) ;
#638 = PLANE ( 'NONE',  #2981 ) ;
#639 = EDGE_CURVE ( 'NONE', #4586, #3971, #732, .T. ) ;
#640 = VERTEX_POINT ( 'NONE', #2643 ) ;
#641 = CARTESIAN_POINT ( 'NONE',  ( -16.48606154533482737, 4.130823258813754784, 9.499999999999996447 ) ) ;
#642 = CARTESIAN_POINT ( 'NONE',  ( -10.00000000000000178, 19.50000000000000000, 0.000000000000000000 ) ) ;
#643 = CARTESIAN_POINT ( 'NONE',  ( 26.74999999999998934, 0.000000000000000000, -6.000000000000000000 ) ) ;
#644 = ORIENTED_EDGE ( 'NONE', *, *, #4568, .F. ) ;
#645 = CARTESIAN_POINT ( 'NONE',  ( -10.28943417303813668, 4.596678720137733265, 10.00000000000000178 ) ) ;
#646 = DIRECTION ( 'NONE',  ( 0.000000000000000000, 0.000000000000000000, 1.000000000000000000 ) ) ;
#647 = DIRECTION ( 'NONE',  ( -0.000000000000000000, -1.000000000000000000, -0.000000000000000000 ) ) ;
#648 = ORIENTED_EDGE ( 'NONE', *, *, #1022, .F. ) ;
#649 = FACE_OUTER_BOUND ( 'NONE', #1047, .T. ) ;
#650 = B_SPLINE_SURFACE_WITH_KNOTS ( 'NONE', 3, 1, ( 
 ( #333, #1800 ),
 ( #4722, #2895 ),
 ( #4360, #4649 ),
 ( #2565, #1066 ),
 ( #707, #2183 ),
 ( #4746, #355 ),
 ( #1456, #2917 ),
 ( #2249, #2323 ),
 ( #2584, #2649 ),
 ( #2294, #1915 ),
 ( #1527, #1117 ) ),
 .UNSPECIFIED., .F., .F., .F.,
 ( 4, 1, 1, 1, 1, 1, 1, 1, 4 ),
 ( 2, 2 ),
 ( 0.000000000000000000, 0.1248700636199818748, 0.2434858894426114306, 0.3629263138288140733, 0.4841463935337751434, 0.6067873673243878718, 0.7290275327010893314, 0.8580158402514964644, 0.9999999999999998890 ),
 ( 0.000000000000000000, 1.000000000000000000 ),
 .UNSPECIFIED. ) ;
#651 = ORIENTED_EDGE ( 'NONE', *, *, #227, .F. ) ;
#652 = CARTESIAN_POINT ( 'NONE',  ( 23.99999999999998579, 2.500000000000000000, -4.999999999999998224 ) ) ;
#653 = AXIS2_PLACEMENT_3D ( 'NONE', #422, #1524, #2984 ) ;
#654 = VECTOR ( 'NONE', #3671, 1000.000000000000000 ) ;
#655 = FACE_OUTER_BOUND ( 'NONE', #3792, .T. ) ;
#656 = APPROVAL_DATE_TIME ( #3970, #3858 ) ;
#657 = ORIENTED_EDGE ( 'NONE', *, *, #3253, .T. ) ;
#658 = ORIENTED_EDGE ( 'NONE', *, *, #1109, .F. ) ;
#659 = ADVANCED_FACE ( 'NONE', ( #4112 ), #1932, .F. ) ;
#660 = CARTESIAN_POINT ( 'NONE',  ( -15.38943417303813455, 4.596678720137730600, 9.999999999999996447 ) ) ;
#661 = CARTESIAN_POINT ( 'NONE',  ( -10.79840745159878779, 4.857331087710909046, 9.499999999999996447 ) ) ;
#662 = EDGE_CURVE ( 'NONE', #3574, #1747, #3320, .T. ) ;
#663 = CARTESIAN_POINT ( 'NONE',  ( -13.22861541957982645, 4.852081519184668679, 9.500000000000000000 ) ) ;
#664 = AXIS2_PLACEMENT_3D ( 'NONE', #1881, #785, #3021 ) ;
#665 = DIRECTION ( 'NONE',  ( 0.000000000000000000, 0.000000000000000000, 1.000000000000000000 ) ) ;
#666 = ORIENTED_EDGE ( 'NONE', *, *, #4484, .F. ) ;
#667 = CARTESIAN_POINT ( 'NONE',  ( -10.00000000000000178, 15.00000000000000000, -5.500000000000000000 ) ) ;
#668 = DIRECTION ( 'NONE',  ( 0.000000000000000000, 0.000000000000000000, 1.000000000000000000 ) ) ;
#669 = FACE_OUTER_BOUND ( 'NONE', #3089, .T. ) ;
#670 = ORIENTED_EDGE ( 'NONE', *, *, #4457, .F. ) ;
#671 = FACE_OUTER_BOUND ( 'NONE', #3760, .T. ) ;
#672 = LINE ( 'NONE', #4065, #3229 ) ;
#673 = FACE_OUTER_BOUND ( 'NONE', #4110, .T. ) ;
#674 = CARTESIAN_POINT ( 'NONE',  ( -11.39254807659878743, 4.263190462710908513, 9.499999999999996447 ) ) ;
#675 = CARTESIAN_POINT ( 'NONE',  ( -8.840758927091405539, 4.302525162645351564, 9.499999999999998224 ) ) ;
#676 = VERTEX_POINT ( 'NONE', #3428 ) ;
#677 = LINE ( 'NONE', #2153, #4214 ) ;
#678 = CIRCLE ( 'NONE', #1455, 10.00000000000000000 ) ;
#679 = LINE ( 'NONE', #2848, #93 ) ;
#680 = COORDINATED_UNIVERSAL_TIME_OFFSET ( 3, 0, .AHEAD. ) ;
#681 = AXIS2_PLACEMENT_3D ( 'NONE', #3330, #4080, #803 ) ;
#682 = ORIENTED_EDGE ( 'NONE', *, *, #1350, .T. ) ;
#683 = VERTEX_POINT ( 'NONE', #2784 ) ;
#684 = CARTESIAN_POINT ( 'NONE',  ( -9.181818181818348634, 15.50000000000000000, 5.943953104827973455 ) ) ;
#685 = AXIS2_PLACEMENT_3D ( 'NONE', #104, #1622, #822 ) ;
#686 = CARTESIAN_POINT ( 'NONE',  ( -26.74999999999998934, 2.500000000000000000, 9.999999999999998224 ) ) ;
#687 = LINE ( 'NONE', #3976, #2391 ) ;
#688 = DIRECTION ( 'NONE',  ( -0.000000000000000000, -0.000000000000000000, 1.000000000000000000 ) ) ;
#689 = ORIENTED_EDGE ( 'NONE', *, *, #3274, .F. ) ;
#690 = DIRECTION ( 'NONE',  ( 0.9906588508047015074, 0.000000000000000000, -0.1363636363636148152 ) ) ;
#691 = CARTESIAN_POINT ( 'NONE',  ( -10.36807131982058827, 3.816818745869935636, 9.499999999999994671 ) ) ;
#692 = VECTOR ( 'NONE', #2176, 1000.000000000000000 ) ;
#693 = CARTESIAN_POINT ( 'NONE',  ( -34.81225774829854203, -20.00000000000000000, -3.499999999999998668 ) ) ;
#694 = VECTOR ( 'NONE', #290, 1000.000000000000000 ) ;
#695 = EDGE_CURVE ( 'NONE', #2893, #1362, #906, .T. ) ;
#696 = VECTOR ( 'NONE', #2763, 1000.000000000000000 ) ;
#697 = ORIENTED_EDGE ( 'NONE', *, *, #4753, .T. ) ;
#698 = VECTOR ( 'NONE', #4053, 1000.000000000000000 ) ;
#699 = CARTESIAN_POINT ( 'NONE',  ( -10.23414544758592193, 4.493292991900848854, 9.999999999999992895 ) ) ;
#700 = CARTESIAN_POINT ( 'NONE',  ( -12.74254807659878708, 4.263190462710908513, 9.999999999999996447 ) ) ;
#701 = LINE ( 'NONE', #2177, #12 ) ;
#702 = DIRECTION ( 'NONE',  ( -0.000000000000000000, -1.000000000000000000, -0.000000000000000000 ) ) ;
#703 = VECTOR ( 'NONE', #4336, 1000.000000000000000 ) ;
#704 = EDGE_CURVE ( 'NONE', #2796, #3569, #1199, .T. ) ;
#705 = ORIENTED_EDGE ( 'NONE', *, *, #2198, .T. ) ;
#706 = CARTESIAN_POINT ( 'NONE',  ( -13.33668870159878672, 3.657331087710908424, 9.499999999999996447 ) ) ;
#707 = CARTESIAN_POINT ( 'NONE',  ( -11.12168179594637429, 3.745048609832291930, 9.500000000000000000 ) ) ;
#708 = EDGE_LOOP ( 'NONE', ( #1549, #3418, #1185, #1169 ) ) ;
#709 = VERTEX_POINT ( 'NONE', #3140 ) ;
#710 = CARTESIAN_POINT ( 'NONE',  ( -23.99999999999998579, 2.500000000000000000, -2.749999999999998224 ) ) ;
#711 = DIRECTION ( 'NONE',  ( 0.000000000000000000, 0.000000000000000000, 1.000000000000000000 ) ) ;
#712 = CARTESIAN_POINT ( 'NONE',  ( -20.00000000000000355, -23.99999999999998934, 8.999999999999998224 ) ) ;
#713 = DIRECTION ( 'NONE',  ( 0.000000000000000000, 0.000000000000000000, -1.000000000000000000 ) ) ;
#714 = ORIENTED_EDGE ( 'NONE', *, *, #1606, .T. ) ;
#715 = CARTESIAN_POINT ( 'NONE',  ( -7.737636957077781652, 3.903863005938844832, 9.499999999999994671 ) ) ;
#716 = CARTESIAN_POINT ( 'NONE',  ( -10.19410173964085509, 4.218376293701555646, 9.499999999999994671 ) ) ;
#717 = CARTESIAN_POINT ( 'NONE',  ( -10.19254807659878814, 4.263190462710908513, 9.999999999999996447 ) ) ;
#718 = ADVANCED_FACE ( 'NONE', ( #4251 ), #3604, .T. ) ;
#719 = ORIENTED_EDGE ( 'NONE', *, *, #465, .F. ) ;
#720 = DIRECTION ( 'NONE',  ( 0.000000000000000000, 0.000000000000000000, -1.000000000000000000 ) ) ;
#721 = CARTESIAN_POINT ( 'NONE',  ( -8.842548076598786722, 4.263190462710908513, 9.999999999999996447 ) ) ;
#722 = DIRECTION ( 'NONE',  ( 0.000000000000000000, 0.000000000000000000, 1.000000000000000000 ) ) ;
#723 = EDGE_CURVE ( 'NONE', #4168, #3345, #3728, .T. ) ;
#724 = ORIENTED_EDGE ( 'NONE', *, *, #2108, .T. ) ;
#725 = DIRECTION ( 'NONE',  ( -1.000000000000000000, 0.000000000000000000, -0.000000000000000000 ) ) ;
#726 = EDGE_CURVE ( 'NONE', #2018, #84, #1248, .T. ) ;
#727 = EDGE_CURVE ( 'NONE', #2629, #989, #2711, .T. ) ;
#728 = CARTESIAN_POINT ( 'NONE',  ( 12.99999999999999467, 10.50000000000000000, 9.500000000000001776 ) ) ;
#729 = COORDINATED_UNIVERSAL_TIME_OFFSET ( 3, 0, .AHEAD. ) ;
#730 = ORIENTED_EDGE ( 'NONE', *, *, #4222, .T. ) ;
#731 = ORIENTED_EDGE ( 'NONE', *, *, #1971, .F. ) ;
#732 = CIRCLE ( 'NONE', #2273, 6.999999999999760192 ) ;
#733 = DIRECTION ( 'NONE',  ( -0.000000000000000000, -1.000000000000000000, -0.000000000000000000 ) ) ;
#734 = CARTESIAN_POINT ( 'NONE',  ( -10.83889077459144268, 4.855547751615681307, 9.999999999999998224 ) ) ;
#735 = CARTESIAN_POINT ( 'NONE',  ( 26.74999999999998934, 2.500000000000000000, 0.000000000000000000 ) ) ;
#736 = DIRECTION ( 'NONE',  ( 1.000000000000000000, -0.000000000000000000, -0.000000000000000000 ) ) ;
#737 = CIRCLE ( 'NONE', #1045, 1.000000000000000888 ) ;
#738 = VERTEX_POINT ( 'NONE', #3810 ) ;
#739 = CYLINDRICAL_SURFACE ( 'NONE', #4500, 6.999999999999760192 ) ;
#740 = CARTESIAN_POINT ( 'NONE',  ( -26.74999999999998934, 2.500000000000000000, -0.5000000000000000000 ) ) ;
#741 = CARTESIAN_POINT ( 'NONE',  ( -10.36855283906423253, 4.685782656872675922, 9.999999999999994671 ) ) ;
#742 = VECTOR ( 'NONE', #3948, 1000.000000000000000 ) ;
#743 = ORIENTED_EDGE ( 'NONE', *, *, #4333, .T. ) ;
#744 = FACE_OUTER_BOUND ( 'NONE', #4097, .T. ) ;
#745 = LINE ( 'NONE', #1060, #3906 ) ;
#746 = DIRECTION ( 'NONE',  ( 0.000000000000000000, 1.000000000000000000, 0.000000000000000000 ) ) ;
#747 = EDGE_CURVE ( 'NONE', #640, #3541, #2006, .T. ) ;
#748 = ORIENTED_EDGE ( 'NONE', *, *, #1788, .F. ) ;
#749 = ADVANCED_FACE ( 'NONE', ( #3090 ), #3555, .T. ) ;
#750 = DIRECTION ( 'NONE',  ( -0.000000000000000000, -1.000000000000000000, -0.000000000000000000 ) ) ;
#751 = CARTESIAN_POINT ( 'NONE',  ( -8.673367386930305400, 4.684180621136959211, 9.499999999999994671 ) ) ;
#752 = PRODUCT_RELATED_PRODUCT_CATEGORY ( 'detail', '', ( #1818 ) ) ;
#753 = EDGE_LOOP ( 'NONE', ( #4481, #2157, #2776, #4677, #1411, #4676, #705, #1359, #280, #1230, #3955, #3366, #262, #1088, #2517, #1808, #2607, #3413 ) ) ;
#754 = VERTEX_POINT ( 'NONE', #2453 ) ;
#755 = CARTESIAN_POINT ( 'NONE',  ( -8.248407451598787077, 4.857331087710909046, 9.999999999999996447 ) ) ;
#756 = PLANE ( 'NONE',  #2166 ) ;
#757 = CARTESIAN_POINT ( 'NONE',  ( -10.00000000000000178, 16.50000000000000355, 6.999999999999760192 ) ) ;
#758 = VECTOR ( 'NONE', #990, 1000.000000000000000 ) ;
#759 = EDGE_CURVE ( 'NONE', #438, #2268, #3565, .T. ) ;
#760 = ORIENTED_EDGE ( 'NONE', *, *, #1412, .T. ) ;
#761 = CIRCLE ( 'NONE', #3136, 1.500000000000000444 ) ;
#762 = DIRECTION ( 'NONE',  ( 0.000000000000000000, 0.000000000000000000, 1.000000000000000000 ) ) ;
#763 = DIRECTION ( 'NONE',  ( 0.000000000000000000, 0.000000000000000000, 1.000000000000000000 ) ) ;
#764 = CARTESIAN_POINT ( 'NONE',  ( -8.840317855236849098, 4.217679517995065019, 9.999999999999998224 ) ) ;
#765 = DIRECTION ( 'NONE',  ( 0.000000000000000000, 1.000000000000000000, 0.000000000000000000 ) ) ;
#766 = B_SPLINE_CURVE_WITH_KNOTS ( 'NONE', 3,
 ( #3442, #1632, #4509, #949, #3085, #4245, #4556, #3467, #566, #1216, #1264 ),
 .UNSPECIFIED., .F., .F.,
 ( 4, 1, 1, 1, 1, 1, 1, 1, 4 ),
 ( 0.000000000000000000, 0.1248700636199818748, 0.2434858894426114306, 0.3629263138288140733, 0.4841463935337751434, 0.6067873673243878718, 0.7290275327010893314, 0.8580158402514964644, 0.9999999999999998890 ),
 .UNSPECIFIED. ) ;
#767 = ORIENTED_EDGE ( 'NONE', *, *, #1474, .T. ) ;
#768 = VECTOR ( 'NONE', #1408, 1000.000000000000000 ) ;
#769 = DIRECTION ( 'NONE',  ( 0.000000000000000000, 0.000000000000000000, 1.000000000000000000 ) ) ;
#770 = CARTESIAN_POINT ( 'NONE',  ( -13.01009163984917727, 3.746645012438337030, 9.999999999999994671 ) ) ;
#771 = VECTOR ( 'NONE', #3849, 1000.000000000000000 ) ;
#772 = CARTESIAN_POINT ( 'NONE',  ( 19.26876110206469050, -23.99999999999998224, 9.999999999999998224 ) ) ;
#773 = AXIS2_PLACEMENT_3D ( 'NONE', #1300, #1667, #3839 ) ;
#774 = AXIS2_PLACEMENT_3D ( 'NONE', #3672, #1862, #3647 ) ;
#775 = ORIENTED_EDGE ( 'NONE', *, *, #1108, .F. ) ;
#776 = DIRECTION ( 'NONE',  ( 1.000000000000000000, 0.000000000000000000, -0.000000000000000000 ) ) ;
#777 = CARTESIAN_POINT ( 'NONE',  ( 12.99999999999999645, 10.50000000000000000, 8.500000000000001776 ) ) ;
#778 = ORIENTED_EDGE ( 'NONE', *, *, #1407, .F. ) ;
#779 = ORIENTED_EDGE ( 'NONE', *, *, #3047, .F. ) ;
#780 = DIRECTION ( 'NONE',  ( 0.000000000000000000, 0.000000000000000000, 1.000000000000000000 ) ) ;
#781 = CARTESIAN_POINT ( 'NONE',  ( -13.30790853901124571, 4.855556330130764486, 9.999999999999996447 ) ) ;
#782 = EDGE_CURVE ( 'NONE', #4211, #1207, #737, .T. ) ;
#783 = CARTESIAN_POINT ( 'NONE',  ( 23.99999999999998579, 2.500000000000000000, 7.249999999999998224 ) ) ;
#784 = ORIENTED_EDGE ( 'NONE', *, *, #1613, .F. ) ;
#785 = DIRECTION ( 'NONE',  ( 0.000000000000000000, 1.000000000000000000, 0.000000000000000000 ) ) ;
#786 = CARTESIAN_POINT ( 'NONE',  ( -3.999999999999755307, 15.50000000000000000, 5.230678732248648544 ) ) ;
#787 = LINE ( 'NONE', #484, #2548 ) ;
#788 = ADVANCED_FACE ( 'NONE', ( #2930 ), #1399, .T. ) ;
#789 = EDGE_LOOP ( 'NONE', ( #1564, #4597, #575, #1611 ) ) ;
#790 = CARTESIAN_POINT ( 'NONE',  ( -13.90331000572271947, 4.007931246096333666, 9.999999999999996447 ) ) ;
#791 = EDGE_LOOP ( 'NONE', ( #944, #4020, #1438, #3177 ) ) ;
#792 = LINE ( 'NONE', #4424, #2430 ) ;
#793 = CARTESIAN_POINT ( 'NONE',  ( -10.00000000000000178, 14.00000000000000000, -5.500000000000000000 ) ) ;
#794 = FACE_OUTER_BOUND ( 'NONE', #2934, .T. ) ;
#795 = ORIENTED_EDGE ( 'NONE', *, *, #411, .F. ) ;
#796 = CARTESIAN_POINT ( 'NONE',  ( -10.45972732305172315, 4.763203644927167524, 9.499999999999992895 ) ) ;
#797 = CARTESIAN_POINT ( 'NONE',  ( -8.840758927091405539, 4.302525162645351564, 9.499999999999998224 ) ) ;
#798 = ORIENTED_EDGE ( 'NONE', *, *, #3253, .F. ) ;
#799 = EDGE_LOOP ( 'NONE', ( #224, #491, #2735, #4590 ) ) ;
#800 = DIRECTION ( 'NONE',  ( 1.000000000000000000, 0.000000000000000000, -0.000000000000000000 ) ) ;
#801 = DIRECTION ( 'NONE',  ( -0.000000000000000000, -1.000000000000000000, 0.000000000000000000 ) ) ;
#802 = CIRCLE ( 'NONE', #3101, 1.000000000000000888 ) ;
#803 = DIRECTION ( 'NONE',  ( 0.000000000000000000, 0.000000000000000000, -1.000000000000000000 ) ) ;
#804 = VERTEX_POINT ( 'NONE', #3645 ) ;
#805 = ADVANCED_FACE ( 'NONE', ( #3901 ), #2168, .T. ) ;
#806 = EDGE_CURVE ( 'NONE', #2077, #2181, #4662, .T. ) ;
#807 = DIRECTION ( 'NONE',  ( -1.000000000000000000, 0.000000000000000000, 0.000000000000000000 ) ) ;
#808 = DIRECTION ( 'NONE',  ( 1.734723475976807341E-16, 0.000000000000000000, -1.000000000000000000 ) ) ;
#809 = LINE ( 'NONE', #3063, #2084 ) ;
#810 = VERTEX_POINT ( 'NONE', #2858 ) ;
#811 = VECTOR ( 'NONE', #4200, 1000.000000000000000 ) ;
#812 = CARTESIAN_POINT ( 'NONE',  ( -13.94031785523684697, 4.217679517995065019, 9.999999999999998224 ) ) ;
#813 = APPROVAL ( #3636, 'UNSPECIFIED' ) ;
#814 = EDGE_LOOP ( 'NONE', ( #570, #798, #4666, #3739 ) ) ;
#815 = CIRCLE ( 'NONE', #1437, 0.9999999999999991118 ) ;
#816 = EDGE_CURVE ( 'NONE', #3788, #3349, #815, .T. ) ;
#817 = DIRECTION ( 'NONE',  ( -0.000000000000000000, -0.000000000000000000, 1.000000000000000000 ) ) ;
#818 = DIRECTION ( 'NONE',  ( 0.000000000000000000, -0.000000000000000000, 1.000000000000000000 ) ) ;
#819 = CARTESIAN_POINT ( 'NONE',  ( -10.00000000000000178, 10.50000000000000000, -10.00000000000000000 ) ) ;
#820 = CONICAL_SURFACE ( 'NONE', #1669, 6.999999999999760192, 0.7853981633974452814 ) ;
#821 = ORIENTED_EDGE ( 'NONE', *, *, #1280, .T. ) ;
#822 = DIRECTION ( 'NONE',  ( 0.000000000000000000, 0.000000000000000000, -1.000000000000000000 ) ) ;
#823 = CARTESIAN_POINT ( 'NONE',  ( -13.94254807659878637, 4.263190462710908513, 9.499999999999996447 ) ) ;
#824 = CARTESIAN_POINT ( 'NONE',  ( -9.045454545454733264, 18.50000000000000000, -6.934611955632672853 ) ) ;
#825 = ORIENTED_EDGE ( 'NONE', *, *, #2264, .F. ) ;
#826 = ORIENTED_EDGE ( 'NONE', *, *, #121, .F. ) ;
#827 = FACE_OUTER_BOUND ( 'NONE', #1384, .T. ) ;
#828 = CARTESIAN_POINT ( 'NONE',  ( -2.999999999999760636, 16.49999999999999645, -10.00000000000000178 ) ) ;
#829 = DIRECTION ( 'NONE',  ( 0.000000000000000000, 0.000000000000000000, 1.000000000000000000 ) ) ;
#830 = VERTEX_POINT ( 'NONE', #667 ) ;
#831 = DIRECTION ( 'NONE',  ( 0.000000000000000000, 0.000000000000000000, -1.000000000000000000 ) ) ;
#832 = DIRECTION ( 'NONE',  ( 0.000000000000000000, 0.000000000000000000, -1.000000000000000000 ) ) ;
#833 = VECTOR ( 'NONE', #3175, 1000.000000000000000 ) ;
#834 = CARTESIAN_POINT ( 'NONE',  ( -16.49254807659879418, 4.263190462710909401, 9.999999999999998224 ) ) ;
#835 = CARTESIAN_POINT ( 'NONE',  ( -15.33414544758592513, 4.493292991900849742, 9.499999999999994671 ) ) ;
#836 = EDGE_CURVE ( 'NONE', #1305, #2843, #3344, .T. ) ;
#837 = VECTOR ( 'NONE', #3608, 1000.000000000000000 ) ;
#838 = ORIENTED_EDGE ( 'NONE', *, *, #1619, .F. ) ;
#839 = CARTESIAN_POINT ( 'NONE',  ( 0.000000000000000000, 2.500000000000000000, -4.000000000000000000 ) ) ;
#840 = LINE ( 'NONE', #2288, #3683 ) ;
#841 = FACE_OUTER_BOUND ( 'NONE', #2420, .T. ) ;
#842 = ADVANCED_FACE ( 'NONE', ( #4009 ), #3181, .T. ) ;
#843 = ORIENTED_EDGE ( 'NONE', *, *, #2602, .F. ) ;
#844 = AXIS2_PLACEMENT_3D ( 'NONE', #3238, #1075, #2545 ) ;
#845 = FACE_BOUND ( 'NONE', #3264, .T. ) ;
#846 = CARTESIAN_POINT ( 'NONE',  ( -10.00000000000000178, 15.00000000000000000, 5.500000000000000000 ) ) ;
#847 = AXIS2_PLACEMENT_3D ( 'NONE', #2865, #4330, #646 ) ;
#848 = LINE ( 'NONE', #3299, #3768 ) ;
#849 = ADVANCED_FACE ( 'NONE', ( #4085 ), #739, .T. ) ;
#850 = VECTOR ( 'NONE', #4352, 1000.000000000000000 ) ;
#851 = ORIENTED_EDGE ( 'NONE', *, *, #3557, .F. ) ;
#852 = ORIENTED_EDGE ( 'NONE', *, *, #2173, .F. ) ;
#853 = VECTOR ( 'NONE', #2946, 1000.000000000000000 ) ;
#854 = CARTESIAN_POINT ( 'NONE',  ( -7.647083068773943282, 4.132382237059230690, 9.499999999999992895 ) ) ;
#855 = DIRECTION ( 'NONE',  ( 0.000000000000000000, 0.000000000000000000, 1.000000000000000000 ) ) ;
#856 = ORIENTED_EDGE ( 'NONE', *, *, #320, .T. ) ;
#857 = CYLINDRICAL_SURFACE ( 'NONE', #2815, 2.250000000000000444 ) ;
#858 = DIRECTION ( 'NONE',  ( 0.000000000000000000, 0.000000000000000000, 1.000000000000000000 ) ) ;
#859 = CARTESIAN_POINT ( 'NONE',  ( -10.00000000000000178, 10.50000000000000000, 0.000000000000000000 ) ) ;
#860 = DIRECTION ( 'NONE',  ( 0.000000000000000000, -1.000000000000000000, -0.000000000000000000 ) ) ;
#861 = VERTEX_POINT ( 'NONE', #2214 ) ;
#862 = CARTESIAN_POINT ( 'NONE',  ( -19.00000000000000355, 8.999999999999998224, -9.000000000000001776 ) ) ;
#863 = FACE_OUTER_BOUND ( 'NONE', #2680, .T. ) ;
#864 = CARTESIAN_POINT ( 'NONE',  ( 0.000000000000000000, 0.000000000000000000, 0.000000000000000000 ) ) ;
#865 = ORIENTED_EDGE ( 'NONE', *, *, #1559, .T. ) ;
#866 = ADVANCED_FACE ( 'NONE', ( #1925 ), #1859, .F. ) ;
#867 = LINE ( 'NONE', #2341, #3369 ) ;
#868 = CARTESIAN_POINT ( 'NONE',  ( -13.33668870159878672, 3.657331087710908424, 9.499999999999996447 ) ) ;
#869 = CARTESIAN_POINT ( 'NONE',  ( -15.38763695707778290, 3.903863005938843944, 9.999999999999996447 ) ) ;
#870 = ORIENTED_EDGE ( 'NONE', *, *, #167, .T. ) ;
#871 = EDGE_CURVE ( 'NONE', #533, #992, #970, .T. ) ;
#872 = EDGE_LOOP ( 'NONE', ( #2919, #2361, #1032, #1115 ) ) ;
#873 = CARTESIAN_POINT ( 'NONE',  ( -10.78668870159878601, 3.657331087710908424, 9.999999999999996447 ) ) ;
#874 = CARTESIAN_POINT ( 'NONE',  ( -10.00000000000000178, 9.000000000000000000, 0.000000000000000000 ) ) ;
#875 = ORIENTED_EDGE ( 'NONE', *, *, #1167, .F. ) ;
#876 = DIRECTION ( 'NONE',  ( 0.000000000000000000, 0.000000000000000000, 1.000000000000000000 ) ) ;
#877 = CARTESIAN_POINT ( 'NONE',  ( -8.236688701598787077, 3.657331087710908424, 9.999999999999996447 ) ) ;
#878 = CARTESIAN_POINT ( 'NONE',  ( -13.11496188897879023, 4.817061521759208986, 9.999999999999996447 ) ) ;
#879 = DIRECTION ( 'NONE',  ( 0.000000000000000000, -1.000000000000000000, 0.000000000000000000 ) ) ;
#880 = ORIENTED_EDGE ( 'NONE', *, *, #1939, .F. ) ;
#881 = DIRECTION ( 'NONE',  ( 0.000000000000000000, 1.000000000000000000, 0.000000000000000000 ) ) ;
#882 = FACE_OUTER_BOUND ( 'NONE', #2719, .T. ) ;
#883 = VECTOR ( 'NONE', #4453, 1000.000000000000000 ) ;
#884 = AXIS2_PLACEMENT_3D ( 'NONE', #2527, #390, #3930 ) ;
#885 = CYLINDRICAL_SURFACE ( 'NONE', #1935, 2.250000000000000444 ) ;
#886 = PERSON ( 'UNSPECIFIED', 'UNSPECIFIED', 'UNSPECIFIED', ('UNSPECIFIED'), ('UNSPECIFIED'), ('UNSPECIFIED') ) ;
#887 = VERTEX_POINT ( 'NONE', #4128 ) ;
#888 = DIRECTION ( 'NONE',  ( 0.000000000000000000, 1.000000000000000000, 0.000000000000000000 ) ) ;
#889 = CARTESIAN_POINT ( 'NONE',  ( -26.01556443707462307, 2.500000000000000000, 6.000000000000000000 ) ) ;
#890 = CIRCLE ( 'NONE', #3421, 1.000000000000000888 ) ;
#891 = CARTESIAN_POINT ( 'NONE',  ( -15.46807131982058969, 3.816818745869935636, 9.499999999999996447 ) ) ;
#892 = EDGE_CURVE ( 'NONE', #3526, #4211, #389, .T. ) ;
#893 = ADVANCED_FACE ( 'NONE', ( #3042 ), #3761, .T. ) ;
#894 = ORIENTED_EDGE ( 'NONE', *, *, #1350, .F. ) ;
#895 = EDGE_LOOP ( 'NONE', ( #3655, #1358, #1740, #1263 ) ) ;
#896 = CARTESIAN_POINT ( 'NONE',  ( -10.46009163984917656, 3.746645012438337030, 9.999999999999994671 ) ) ;
#897 = CARTESIAN_POINT ( 'NONE',  ( -11.39254807659878743, 4.263190462710908513, 9.499999999999996447 ) ) ;
#898 = ADVANCED_FACE ( 'NONE', ( #2236, #3716 ), #453, .T. ) ;
#899 = ORIENTED_EDGE ( 'NONE', *, *, #2783, .F. ) ;
#900 = CARTESIAN_POINT ( 'NONE',  ( -10.00000000000000178, 18.00000000000000355, -1.500000000000000444 ) ) ;
#901 = CARTESIAN_POINT ( 'NONE',  ( -8.840317855236849098, 4.217679517995065019, 9.499999999999998224 ) ) ;
#902 = CARTESIAN_POINT ( 'NONE',  ( 26.74999999999998934, 0.000000000000000000, 0.000000000000000000 ) ) ;
#903 = CARTESIAN_POINT ( 'NONE',  ( -16.39929127748493087, 4.593794776679943404, 9.499999999999994671 ) ) ;
#904 = EDGE_CURVE ( 'NONE', #1542, #498, #482, .T. ) ;
#905 = AXIS2_PLACEMENT_3D ( 'NONE', #1235, #943, #3503 ) ;
#906 = LINE ( 'NONE', #1709, #3269 ) ;
#907 = LINE ( 'NONE', #212, #276 ) ;
#908 = CARTESIAN_POINT ( 'NONE',  ( 18.99999999999999645, 2.500000000000000000, 9.999999999999998224 ) ) ;
#909 = VECTOR ( 'NONE', #3130, 1000.000000000000000 ) ;
#910 = ORIENTED_EDGE ( 'NONE', *, *, #2405, .F. ) ;
#911 = CARTESIAN_POINT ( 'NONE',  ( -10.00000000000000178, 15.00000000000000000, -5.500000000000000000 ) ) ;
#912 = DIRECTION ( 'NONE',  ( 0.000000000000000000, 1.000000000000000000, 0.000000000000000000 ) ) ;
#913 = LINE ( 'NONE', #62, #1079 ) ;
#914 = CARTESIAN_POINT ( 'NONE',  ( -15.66162162909425604, 3.695022007914732676, 9.500000000000001776 ) ) ;
#915 = CIRCLE ( 'NONE', #3300, 5.999999999999756639 ) ;
#916 = ORIENTED_EDGE ( 'NONE', *, *, #2487, .T. ) ;
#917 = EDGE_LOOP ( 'NONE', ( #1374, #4203, #3036, #1078 ) ) ;
#918 = AXIS2_PLACEMENT_3D ( 'NONE', #74, #2712, #509 ) ;
#919 = AXIS2_PLACEMENT_3D ( 'NONE', #2008, #2338, #4092 ) ;
#920 = CARTESIAN_POINT ( 'NONE',  ( -12.83943417303813384, 4.596678720137733265, 9.500000000000001776 ) ) ;
#921 = CARTESIAN_POINT ( 'NONE',  ( -15.66162162909425604, 3.695022007914732676, 10.00000000000000178 ) ) ;
#922 = AXIS2_PLACEMENT_3D ( 'NONE', #4653, #3260, #3159 ) ;
#923 = ORIENTED_EDGE ( 'NONE', *, *, #1017, .F. ) ;
#924 = VECTOR ( 'NONE', #801, 1000.000000000000000 ) ;
#925 = ADVANCED_FACE ( 'NONE', ( #1583 ), #3377, .T. ) ;
#926 = DIRECTION ( 'NONE',  ( 0.000000000000000000, 1.000000000000000000, 0.000000000000000000 ) ) ;
#927 = CARTESIAN_POINT ( 'NONE',  ( -8.842548076598786722, 4.263190462710908513, 9.999999999999996447 ) ) ;
#928 = DIRECTION ( 'NONE',  ( -0.000000000000000000, -1.000000000000000000, -0.000000000000000000 ) ) ;
#929 = FACE_OUTER_BOUND ( 'NONE', #243, .T. ) ;
#930 = VECTOR ( 'NONE', #2605, 1000.000000000000114 ) ;
#931 = ORIENTED_EDGE ( 'NONE', *, *, #3475, .T. ) ;
#932 = ADVANCED_FACE ( 'NONE', ( #1952 ), #820, .T. ) ;
#933 = CARTESIAN_POINT ( 'NONE',  ( -15.93889077459143699, 4.855547751615680419, 9.499999999999996447 ) ) ;
#934 = DIRECTION ( 'NONE',  ( -3.854941057726237111E-16, 0.000000000000000000, 1.000000000000000000 ) ) ;
#935 = FACE_OUTER_BOUND ( 'NONE', #3035, .T. ) ;
#936 = B_SPLINE_CURVE_WITH_KNOTS ( 'NONE', 3,
 ( #3571, #1869, #348, #1406, #3271, #395, #1476, #4404, #2912, #295, #4038 ),
 .UNSPECIFIED., .F., .F.,
 ( 4, 1, 1, 1, 1, 1, 1, 1, 4 ),
 ( 0.000000000000000000, 0.1411572427678503550, 0.2708670984732424736, 0.3951049199775837906, 0.5192445879437866951, 0.6416973881062179030, 0.7592814591052563511, 0.8772923808939694368, 1.000000000000000000 ),
 .UNSPECIFIED. ) ;
#937 = AXIS2_PLACEMENT_3D ( 'NONE', #2950, #1537, #3737 ) ;
#938 = ORIENTED_EDGE ( 'NONE', *, *, #4111, .F. ) ;
#939 = CARTESIAN_POINT ( 'NONE',  ( 13.99999999999999645, 10.50000000000000000, -8.500000000000000000 ) ) ;
#940 = DIRECTION ( 'NONE',  ( 1.000000000000000000, 0.000000000000000000, 0.000000000000000000 ) ) ;
#941 = CARTESIAN_POINT ( 'NONE',  ( -10.79840745159878779, 4.857331087710909046, 9.499999999999996447 ) ) ;
#942 = ORIENTED_EDGE ( 'NONE', *, *, #1886, .T. ) ;
#943 = DIRECTION ( 'NONE',  ( -0.000000000000000000, 1.000000000000000000, 0.000000000000000000 ) ) ;
#944 = ORIENTED_EDGE ( 'NONE', *, *, #291, .T. ) ;
#945 = CARTESIAN_POINT ( 'NONE',  ( -34.81225774829854203, -20.00000000000000000, -3.499999999999998668 ) ) ;
#946 = CARTESIAN_POINT ( 'NONE',  ( -12.74737464725680525, 4.381676339906654505, 9.499999999999996447 ) ) ;
#947 = CARTESIAN_POINT ( 'NONE',  ( -11.29546098914201480, 3.901807813459206020, 9.499999999999994671 ) ) ;
#948 = ORIENTED_EDGE ( 'NONE', *, *, #2278, .T. ) ;
#949 = CARTESIAN_POINT ( 'NONE',  ( -11.01802928365744805, 3.693716400550712819, 9.999999999999994671 ) ) ;
#950 = CARTESIAN_POINT ( 'NONE',  ( -26.74999999999998934, 2.500000000000000000, 0.5000000000000000000 ) ) ;
#951 = FACE_OUTER_BOUND ( 'NONE', #1503, .T. ) ;
#952 = PLANE ( 'NONE',  #1065 ) ;
#953 = ADVANCED_FACE ( 'NONE', ( #2659 ), #2731, .T. ) ;
#954 = EDGE_CURVE ( 'NONE', #4317, #3081, #2130, .T. ) ;
#955 = ORIENTED_EDGE ( 'NONE', *, *, #4520, .F. ) ;
#956 = CARTESIAN_POINT ( 'NONE',  ( -7.818552839064236260, 4.685782656872678587, 9.999999999999998224 ) ) ;
#957 = CARTESIAN_POINT ( 'NONE',  ( -16.39929127748493087, 4.593794776679943404, 9.999999999999994671 ) ) ;
#958 = LINE ( 'NONE', #213, #1004 ) ;
#959 = EDGE_CURVE ( 'NONE', #2010, #4709, #412, .T. ) ;
#960 = EDGE_LOOP ( 'NONE', ( #1620, #4552, #149, #3735, #2557, #2823 ) ) ;
#961 = AXIS2_PLACEMENT_3D ( 'NONE', #2690, #31, #3722 ) ;
#962 = FACE_OUTER_BOUND ( 'NONE', #1363, .T. ) ;
#963 = LINE ( 'NONE', #3883, #1234 ) ;
#964 = DIRECTION ( 'NONE',  ( -0.000000000000000000, -1.000000000000000000, -0.000000000000000000 ) ) ;
#965 = ORIENTED_EDGE ( 'NONE', *, *, #291, .F. ) ;
#966 = CARTESIAN_POINT ( 'NONE',  ( -15.56009163984917265, 3.746645012438336586, 9.999999999999992895 ) ) ;
#967 = ADVANCED_FACE ( 'NONE', ( #25 ), #1490, .T. ) ;
#968 = ORIENTED_EDGE ( 'NONE', *, *, #1274, .T. ) ;
#969 = ORIENTED_EDGE ( 'NONE', *, *, #195, .T. ) ;
#970 = CIRCLE ( 'NONE', #664, 1.500000000000000444 ) ;
#971 = CARTESIAN_POINT ( 'NONE',  ( -10.00000000000000178, 12.00000000000000000, 0.000000000000000000 ) ) ;
#972 = CARTESIAN_POINT ( 'NONE',  ( 0.000000000000000000, 0.000000000000000000, 0.000000000000000000 ) ) ;
#973 = ORIENTED_EDGE ( 'NONE', *, *, #2929, .F. ) ;
#974 = ORIENTED_EDGE ( 'NONE', *, *, #1724, .T. ) ;
#975 = DIRECTION ( 'NONE',  ( 0.000000000000000000, 0.000000000000000000, -1.000000000000000000 ) ) ;
#976 = CARTESIAN_POINT ( 'NONE',  ( -15.88668870159878921, 3.657331087710908424, 9.499999999999996447 ) ) ;
#977 = CARTESIAN_POINT ( 'NONE',  ( -10.00000000000000178, 2.000000000000000000, 0.000000000000000000 ) ) ;
#978 = CARTESIAN_POINT ( 'NONE',  ( 0.000000000000000000, 2.500000000000000000, -4.000000000000000000 ) ) ;
#979 = VERTEX_POINT ( 'NONE', #1128 ) ;
#980 = CARTESIAN_POINT ( 'NONE',  ( -16.13082364598733776, 4.817574663822187908, 9.499999999999996447 ) ) ;
#981 = CARTESIAN_POINT ( 'NONE',  ( -10.00000000000000178, 18.50000000000000000, 6.999999999999760192 ) ) ;
#982 = CARTESIAN_POINT ( 'NONE',  ( -20.00000000000000355, 9.000000000000000000, 9.999999999999996447 ) ) ;
#983 = EDGE_CURVE ( 'NONE', #84, #3917, #2592, .T. ) ;
#984 = VERTEX_POINT ( 'NONE', #2280 ) ;
#985 = DIRECTION ( 'NONE',  ( 0.000000000000000000, -0.000000000000000000, 1.000000000000000000 ) ) ;
#986 = CYLINDRICAL_SURFACE ( 'NONE', #4224, 5.666666666666666075 ) ;
#987 = CARTESIAN_POINT ( 'NONE',  ( -9.045454545454735040, 16.50000000000000355, -6.934611955632672853 ) ) ;
#988 = EDGE_CURVE ( 'NONE', #979, #2268, #4056, .T. ) ;
#989 = VERTEX_POINT ( 'NONE', #4605 ) ;
#990 = DIRECTION ( 'NONE',  ( 0.000000000000000000, -1.000000000000000000, 0.000000000000000000 ) ) ;
#991 = VECTOR ( 'NONE', #341, 1000.000000000000000 ) ;
#992 = VERTEX_POINT ( 'NONE', #900 ) ;
#993 = CARTESIAN_POINT ( 'NONE',  ( -10.19254807659878814, 4.263190462710908513, 9.499999999999996447 ) ) ;
#994 = EDGE_CURVE ( 'NONE', #709, #4339, #1316, .T. ) ;
#995 = DIRECTION ( 'NONE',  ( 0.000000000000000000, 0.000000000000000000, -1.000000000000000000 ) ) ;
#996 = CARTESIAN_POINT ( 'NONE',  ( -15.29708306877394008, 4.132382237059231578, 9.999999999999994671 ) ) ;
#997 = ORIENTED_EDGE ( 'NONE', *, *, #1916, .T. ) ;
#998 = ORIENTED_EDGE ( 'NONE', *, *, #4254, .T. ) ;
#999 = AXIS2_PLACEMENT_3D ( 'NONE', #396, #702, #373 ) ;
#1000 = DIRECTION ( 'NONE',  ( -0.000000000000000000, -1.000000000000000000, -0.000000000000000000 ) ) ;
#1001 = CARTESIAN_POINT ( 'NONE',  ( -11.35209291573277746, 4.490605266450368838, 9.500000000000001776 ) ) ;
#1002 = CARTESIAN_POINT ( 'NONE',  ( 26.01556443707462307, 2.500000000000000000, -4.000000000000000000 ) ) ;
#1003 = CARTESIAN_POINT ( 'NONE',  ( -16.49254807659879418, 4.263190462710909401, 9.499999999999998224 ) ) ;
#1004 = VECTOR ( 'NONE', #2455, 1000.000000000000000 ) ;
#1005 = ORIENTED_EDGE ( 'NONE', *, *, #4081, .F. ) ;
#1006 = CARTESIAN_POINT ( 'NONE',  ( -15.88668870159878921, 3.657331087710908424, 9.499999999999996447 ) ) ;
#1007 = FACE_OUTER_BOUND ( 'NONE', #416, .T. ) ;
#1008 = AXIS2_PLACEMENT_3D ( 'NONE', #1240, #3105, #1675 ) ;
#1009 = CARTESIAN_POINT ( 'NONE',  ( 23.99999999999998579, 2.500000000000000000, -4.999999999999998224 ) ) ;
#1010 = ORIENTED_EDGE ( 'NONE', *, *, #6, .F. ) ;
#1011 = DIRECTION ( 'NONE',  ( 0.000000000000000000, 1.000000000000000000, -0.000000000000000000 ) ) ;
#1012 = CARTESIAN_POINT ( 'NONE',  ( -26.74999999999998934, 2.500000000000000000, -9.999999999999998224 ) ) ;
#1013 = CARTESIAN_POINT ( 'NONE',  ( -11.35209291573277746, 4.490605266450368838, 9.500000000000001776 ) ) ;
#1014 = CARTESIAN_POINT ( 'NONE',  ( -8.842548076598786722, 4.263190462710908513, 9.499999999999996447 ) ) ;
#1015 = EDGE_CURVE ( 'NONE', #4025, #1789, #2330, .T. ) ;
#1016 = VERTEX_POINT ( 'NONE', #183 ) ;
#1017 = EDGE_CURVE ( 'NONE', #1866, #2942, #1591, .T. ) ;
#1018 = CARTESIAN_POINT ( 'NONE',  ( 23.99999999999998579, 2.500000000000000000, -4.999999999999998224 ) ) ;
#1019 = CARTESIAN_POINT ( 'NONE',  ( -10.00000000000000178, 9.000000000000000000, 0.000000000000000000 ) ) ;
#1020 = PERSON_AND_ORGANIZATION_ROLE ( 'creator' ) ;
#1021 = EDGE_LOOP ( 'NONE', ( #3020, #4643, #3252, #3055 ) ) ;
#1022 = EDGE_CURVE ( 'NONE', #4334, #3399, #3804, .T. ) ;
#1023 = EDGE_LOOP ( 'NONE', ( #3996, #3414, #1465, #2828 ) ) ;
#1024 = CARTESIAN_POINT ( 'NONE',  ( -15.77861541957982894, 4.852081519184668679, 9.999999999999994671 ) ) ;
#1025 = CARTESIAN_POINT ( 'NONE',  ( -11.38723908575593491, 4.379909362331369849, 9.499999999999994671 ) ) ;
#1026 = DIRECTION ( 'NONE',  ( 0.000000000000000000, 0.000000000000000000, -1.000000000000000000 ) ) ;
#1027 = DIRECTION ( 'NONE',  ( -1.000000000000000000, 0.000000000000000000, 0.000000000000000000 ) ) ;
#1028 = ORIENTED_EDGE ( 'NONE', *, *, #1733, .T. ) ;
#1029 = CARTESIAN_POINT ( 'NONE',  ( -19.00000000000000355, 0.000000000000000000, 8.999999999999998224 ) ) ;
#1030 = CARTESIAN_POINT ( 'NONE',  ( -26.74999999999998934, 2.500000000000000000, 0.000000000000000000 ) ) ;
#1031 = DIRECTION ( 'NONE',  ( 0.000000000000000000, 0.000000000000000000, 1.000000000000000000 ) ) ;
#1032 = ORIENTED_EDGE ( 'NONE', *, *, #3066, .T. ) ;
#1033 = FACE_OUTER_BOUND ( 'NONE', #2755, .T. ) ;
#1034 = CARTESIAN_POINT ( 'NONE',  ( -8.248407451598787077, 4.857331087710909046, 9.999999999999996447 ) ) ;
#1035 = DIRECTION ( 'NONE',  ( 0.000000000000000000, 1.000000000000000000, 0.000000000000000000 ) ) ;
#1036 = DIRECTION ( 'NONE',  ( 0.000000000000000000, 0.000000000000000000, 1.000000000000000000 ) ) ;
#1037 = LINE ( 'NONE', #3527, #2747 ) ;
#1038 = PRODUCT_DEFINITION_SHAPE ( 'NONE', 'NONE',  #1730 ) ;
#1039 = ORIENTED_EDGE ( 'NONE', *, *, #1758, .T. ) ;
#1040 = DIRECTION ( 'NONE',  ( -0.000000000000000000, -1.000000000000000000, -0.000000000000000000 ) ) ;
#1041 = VECTOR ( 'NONE', #100, 1000.000000000000000 ) ;
#1042 = AXIS2_PLACEMENT_3D ( 'NONE', #4033, #3289, #4399 ) ;
#1043 = FACE_OUTER_BOUND ( 'NONE', #2111, .T. ) ;
#1044 = APPROVAL_ROLE ( '' ) ;
#1045 = AXIS2_PLACEMENT_3D ( 'NONE', #1029, #2501, #2192 ) ;
#1046 = EDGE_LOOP ( 'NONE', ( #3509, #2306 ) ) ;
#1047 = EDGE_LOOP ( 'NONE', ( #1345, #2217, #2524, #187 ) ) ;
#1048 = CARTESIAN_POINT ( 'NONE',  ( -15.33414544758592513, 4.493292991900849742, 9.999999999999994671 ) ) ;
#1049 = CARTESIAN_POINT ( 'NONE',  ( -11.13376994224398508, 4.761365935114647563, 9.500000000000000000 ) ) ;
#1050 = LINE ( 'NONE', #2497, #166 ) ;
#1051 = EDGE_CURVE ( 'NONE', #1924, #4443, #3960, .T. ) ;
#1052 = CARTESIAN_POINT ( 'NONE',  ( -34.81225774829854203, -20.00000000000000000, 3.500000000000001332 ) ) ;
#1053 = ORIENTED_EDGE ( 'NONE', *, *, #4023, .T. ) ;
#1054 = CARTESIAN_POINT ( 'NONE',  ( -8.197805455273128317, 3.659341507747737143, 9.500000000000000000 ) ) ;
#1055 = CARTESIAN_POINT ( 'NONE',  ( 19.89714957897565384, -24.15427563153649970, 9.517063983397429539 ) ) ;
#1056 = CARTESIAN_POINT ( 'NONE',  ( -20.00000000000000355, -20.00000000000000000, 3.500000000000001332 ) ) ;
#1057 = ADVANCED_FACE ( 'NONE', ( #3061 ), #4582, .T. ) ;
#1058 = VERTEX_POINT ( 'NONE', #138 ) ;
#1059 = CARTESIAN_POINT ( 'NONE',  ( -23.99999999999998579, 0.000000000000000000, -4.999999999999998224 ) ) ;
#1060 = CARTESIAN_POINT ( 'NONE',  ( -26.74999999999998934, 0.000000000000000000, -0.5000000000000000000 ) ) ;
#1061 = DIRECTION ( 'NONE',  ( 0.000000000000000000, 0.000000000000000000, -1.000000000000000000 ) ) ;
#1062 = FACE_OUTER_BOUND ( 'NONE', #4233, .T. ) ;
#1063 = ORIENTED_EDGE ( 'NONE', *, *, #4753, .F. ) ;
#1064 = DIRECTION ( 'NONE',  ( 0.000000000000000000, 1.000000000000000000, 0.000000000000000000 ) ) ;
#1065 = AXIS2_PLACEMENT_3D ( 'NONE', #3561, #4223, #4295 ) ;
#1066 = CARTESIAN_POINT ( 'NONE',  ( -11.01802928365744805, 3.693716400550712819, 9.999999999999994671 ) ) ;
#1067 = APPROVAL_DATE_TIME ( #278, #813 ) ;
#1068 = VECTOR ( 'NONE', #4335, 1000.000000000000000 ) ;
#1069 = AXIS2_PLACEMENT_3D ( 'NONE', #4485, #429, #4149 ) ;
#1070 = ORIENTED_EDGE ( 'NONE', *, *, #3630, .F. ) ;
#1071 = VERTEX_POINT ( 'NONE', #4196 ) ;
#1072 = EDGE_CURVE ( 'NONE', #2674, #634, #890, .T. ) ;
#1073 = B_SPLINE_CURVE_WITH_KNOTS ( 'NONE', 3,
 ( #520, #2060, #1698, #4600, #1992, #2794, #896, #3437, #3801, #2703, #873 ),
 .UNSPECIFIED., .F., .F.,
 ( 4, 1, 1, 1, 1, 1, 1, 1, 4 ),
 ( 0.000000000000000000, 0.1411572427678502439, 0.2708670984732417519, 0.3951049199775829579, 0.5192445879437870282, 0.6416973881062182361, 0.7592814591052565731, 0.8772923808939695478, 0.9999999999999998890 ),
 .UNSPECIFIED. ) ;
#1074 = CARTESIAN_POINT ( 'NONE',  ( -10.00000000000000178, 16.50000000000000355, -6.999999999999760192 ) ) ;
#1075 = DIRECTION ( 'NONE',  ( -0.000000000000000000, -1.000000000000000000, -0.000000000000000000 ) ) ;
#1076 = CARTESIAN_POINT ( 'NONE',  ( -13.34840745159878672, 4.857331087710909046, 9.499999999999996447 ) ) ;
#1077 = CARTESIAN_POINT ( 'NONE',  ( -13.94254807659878637, 4.263190462710908513, 9.499999999999996447 ) ) ;
#1078 = ORIENTED_EDGE ( 'NONE', *, *, #2817, .F. ) ;
#1079 = VECTOR ( 'NONE', #4570, 1000.000000000000227 ) ;
#1080 = EDGE_CURVE ( 'NONE', #191, #2702, #2373, .T. ) ;
#1081 = CARTESIAN_POINT ( 'NONE',  ( -20.00000000000000355, -20.00000000000000000, -3.499999999999998668 ) ) ;
#1082 = LINE ( 'NONE', #1836, #3725 ) ;
#1083 = B_SPLINE_SURFACE_WITH_KNOTS ( 'NONE', 3, 1, ( 
 ( #823, #2698 ),
 ( #4027, #3282 ),
 ( #1963, #1255 ),
 ( #1100, #1598 ),
 ( #3750, #129 ),
 ( #2208, #4164 ),
 ( #1829, #2672 ),
 ( #1123, #2944 ),
 ( #4184, #3664 ),
 ( #3078, #381 ),
 ( #2320, #3306 ) ),
 .UNSPECIFIED., .F., .F., .F.,
 ( 4, 1, 1, 1, 1, 1, 1, 1, 4 ),
 ( 2, 2 ),
 ( 0.000000000000000000, 0.1259553441376821403, 0.2477952931766743971, 0.3695577194406673427, 0.4961300219278783064, 0.6243084793732043281, 0.7472542167631335275, 0.8702959180579222798, 1.000000000000000000 ),
 ( 0.000000000000000000, 1.000000000000000000 ),
 .UNSPECIFIED. ) ;
#1084 = VECTOR ( 'NONE', #1616, 1000.000000000000000 ) ;
#1085 = LINE ( 'NONE', #1402, #1308 ) ;
#1086 = VECTOR ( 'NONE', #3422, 1000.000000000000000 ) ;
#1087 = ADVANCED_FACE ( 'NONE', ( #1678 ), #4535, .T. ) ;
#1088 = ORIENTED_EDGE ( 'NONE', *, *, #4696, .F. ) ;
#1089 = AXIS2_PLACEMENT_3D ( 'NONE', #2999, #4470, #2025 ) ;
#1090 = DIRECTION ( 'NONE',  ( -0.000000000000000000, 1.000000000000000000, -0.000000000000000000 ) ) ;
#1091 = DIRECTION ( 'NONE',  ( -0.000000000000000000, -1.000000000000000000, -0.000000000000000000 ) ) ;
#1092 = CARTESIAN_POINT ( 'NONE',  ( 18.99999999999999645, -23.99999999999998934, 9.999999999999996447 ) ) ;
#1093 = AXIS2_PLACEMENT_3D ( 'NONE', #777, #2224, #58 ) ;
#1094 = B_SPLINE_CURVE_WITH_KNOTS ( 'NONE', 3,
 ( #4308, #3525, #578, #1013, #3123, #246, #4593, #3911, #4237, #1715, #941 ),
 .UNSPECIFIED., .F., .F.,
 ( 4, 1, 1, 1, 1, 1, 1, 1, 4 ),
 ( 0.000000000000000000, 0.1259553441376821403, 0.2477952931766743971, 0.3695577194406673427, 0.4961300219278783064, 0.6243084793732043281, 0.7472542167631335275, 0.8702959180579222798, 1.000000000000000000 ),
 .UNSPECIFIED. ) ;
#1095 = ORIENTED_EDGE ( 'NONE', *, *, #2426, .F. ) ;
#1096 = PLANE ( 'NONE',  #4142 ) ;
#1097 = LINE ( 'NONE', #2107, #4616 ) ;
#1098 = ORIENTED_EDGE ( 'NONE', *, *, #1474, .F. ) ;
#1099 = EDGE_LOOP ( 'NONE', ( #3783, #4564, #2437, #3854 ) ) ;
#1100 = CARTESIAN_POINT ( 'NONE',  ( -13.90209291573277994, 4.490605266450368838, 9.500000000000001776 ) ) ;
#1101 = CARTESIAN_POINT ( 'NONE',  ( -20.00000000000000355, 2.500000000000000000, 0.000000000000000000 ) ) ;
#1102 = LINE ( 'NONE', #21, #853 ) ;
#1103 = DIRECTION ( 'NONE',  ( -0.6019292654288442845, 0.6019292654288403988, -0.5247497678328104653 ) ) ;
#1104 = EDGE_LOOP ( 'NONE', ( #3644, #2066, #743, #3755 ) ) ;
#1105 = MANIFOLD_SOLID_BREP ( 'servo version', #3981 ) ;
#1106 = DIRECTION ( 'NONE',  ( 0.000000000000000000, 0.000000000000000000, 1.000000000000000000 ) ) ;
#1107 = FACE_OUTER_BOUND ( 'NONE', #1368, .T. ) ;
#1108 = EDGE_CURVE ( 'NONE', #2100, #2263, #1702, .T. ) ;
#1109 = EDGE_CURVE ( 'NONE', #3102, #1913, #766, .T. ) ;
#1110 = VERTEX_POINT ( 'NONE', #2042 ) ;
#1111 = CARTESIAN_POINT ( 'NONE',  ( -10.79840745159878779, 4.857331087710909046, 9.999999999999996447 ) ) ;
#1112 = LINE ( 'NONE', #1791, #615 ) ;
#1113 = DIRECTION ( 'NONE',  ( 3.854941057726236618E-16, 0.000000000000000000, -1.000000000000000000 ) ) ;
#1114 = CC_DESIGN_DATE_AND_TIME_ASSIGNMENT ( #356, #3660, ( #1730 ) ) ;
#1115 = ORIENTED_EDGE ( 'NONE', *, *, #1260, .T. ) ;
#1116 = FACE_OUTER_BOUND ( 'NONE', #4264, .T. ) ;
#1117 = CARTESIAN_POINT ( 'NONE',  ( -11.39254807659878743, 4.263190462710908513, 9.999999999999996447 ) ) ;
#1118 = EDGE_CURVE ( 'NONE', #4639, #3081, #1653, .T. ) ;
#1119 = COORDINATED_UNIVERSAL_TIME_OFFSET ( 3, 0, .AHEAD. ) ;
#1120 = ORIENTED_EDGE ( 'NONE', *, *, #4104, .T. ) ;
#1121 = VERTEX_POINT ( 'NONE', #2681 ) ;
#1122 = AXIS2_PLACEMENT_3D ( 'NONE', #1163, #4430, #3031 ) ;
#1123 = CARTESIAN_POINT ( 'NONE',  ( -13.58082364598734237, 4.817574663822189684, 9.499999999999996447 ) ) ;
#1124 = DIRECTION ( 'NONE',  ( -1.000000000000000000, 0.000000000000000000, -0.000000000000000000 ) ) ;
#1125 = CARTESIAN_POINT ( 'NONE',  ( -8.011621629094252128, 3.695022007914730011, 9.499999999999994671 ) ) ;
#1126 = CARTESIAN_POINT ( 'NONE',  ( 0.000000000000000000, 0.000000000000000000, 0.5000000000000000000 ) ) ;
#1127 = ORIENTED_EDGE ( 'NONE', *, *, #1606, .F. ) ;
#1128 = CARTESIAN_POINT ( 'NONE',  ( -26.74999999999998934, -20.00000000000000000, -3.499999999999998668 ) ) ;
#1129 = DIRECTION ( 'NONE',  ( 0.000000000000000000, 0.000000000000000000, -1.000000000000000000 ) ) ;
#1130 = AXIS2_PLACEMENT_3D ( 'NONE', #3736, #4418, #1536 ) ;
#1131 = CARTESIAN_POINT ( 'NONE',  ( -8.571681795946370030, 3.745048609832290154, 9.999999999999996447 ) ) ;
#1132 = CARTESIAN_POINT ( 'NONE',  ( -8.480823645987342729, 4.817574663822189684, 9.499999999999996447 ) ) ;
#1133 = ORIENTED_EDGE ( 'NONE', *, *, #168, .T. ) ;
#1134 = CYLINDRICAL_SURFACE ( 'NONE', #961, 1.500000000000000444 ) ;
#1135 = LINE ( 'NONE', #1814, #692 ) ;
#1136 = ADVANCED_FACE ( 'NONE', ( #2023 ), #3110, .F. ) ;
#1137 = DIRECTION ( 'NONE',  ( -1.734723475976807341E-16, 0.000000000000000000, 1.000000000000000000 ) ) ;
#1138 = ORIENTED_EDGE ( 'NONE', *, *, #628, .T. ) ;
#1139 = ADVANCED_FACE ( 'NONE', ( #2062 ), #857, .F. ) ;
#1140 = PLANE ( 'NONE',  #2049 ) ;
#1141 = DIRECTION ( 'NONE',  ( -0.9906588508047015074, 0.000000000000000000, -0.1363636363636148152 ) ) ;
#1142 = ORIENTED_EDGE ( 'NONE', *, *, #871, .F. ) ;
#1143 = AXIS2_PLACEMENT_3D ( 'NONE', #1832, #3643, #3619 ) ;
#1144 = EDGE_CURVE ( 'NONE', #634, #1162, #1778, .T. ) ;
#1145 = EDGE_LOOP ( 'NONE', ( #3236, #87, #795, #3813, #336, #1721 ) ) ;
#1146 = PLANE ( 'NONE',  #3601 ) ;
#1147 = CARTESIAN_POINT ( 'NONE',  ( -7.683045453124742075, 4.011504287093311305, 9.499999999999998224 ) ) ;
#1148 = CARTESIAN_POINT ( 'NONE',  ( 26.74999999999998934, 3.000000000000000000, 0.5000000000000000000 ) ) ;
#1149 = APPROVAL_PERSON_ORGANIZATION ( #1415, #3858, #1825 ) ;
#1150 = ORIENTED_EDGE ( 'NONE', *, *, #1522, .T. ) ;
#1151 = DIRECTION ( 'NONE',  ( -0.000000000000000000, -1.000000000000000000, -0.000000000000000000 ) ) ;
#1152 = CARTESIAN_POINT ( 'NONE',  ( 0.000000000000000000, 2.500000000000000000, 0.000000000000000000 ) ) ;
#1153 = CARTESIAN_POINT ( 'NONE',  ( -3.136363636363375562, 15.50000000000000000, -5.111799670152101349 ) ) ;
#1154 = CARTESIAN_POINT ( 'NONE',  ( -8.842548076598786722, 4.263190462710908513, 9.999999999999996447 ) ) ;
#1155 = ORIENTED_EDGE ( 'NONE', *, *, #2902, .T. ) ;
#1156 = DIRECTION ( 'NONE',  ( 0.000000000000000000, 0.000000000000000000, -1.000000000000000000 ) ) ;
#1157 = DIRECTION ( 'NONE',  ( 1.338215252896439866E-14, 0.000000000000000000, 1.000000000000000000 ) ) ;
#1158 = VECTOR ( 'NONE', #2560, 1000.000000000000000 ) ;
#1159 = FACE_OUTER_BOUND ( 'NONE', #357, .T. ) ;
#1160 = VECTOR ( 'NONE', #2544, 1000.000000000000000 ) ;
#1161 = AXIS2_PLACEMENT_3D ( 'NONE', #442, #3362, #3407 ) ;
#1162 = VERTEX_POINT ( 'NONE', #2112 ) ;
#1163 = CARTESIAN_POINT ( 'NONE',  ( 0.000000000000000000, 9.000000000000000000, 0.000000000000000000 ) ) ;
#1164 = CIRCLE ( 'NONE', #242, 10.00000000000000000 ) ;
#1165 = CARTESIAN_POINT ( 'NONE',  ( -9.045454545454733264, 16.50000000000000355, 6.934611955632672853 ) ) ;
#1166 = EDGE_CURVE ( 'NONE', #1110, #634, #3237, .T. ) ;
#1167 = EDGE_CURVE ( 'NONE', #2596, #3530, #2589, .T. ) ;
#1168 = VERTEX_POINT ( 'NONE', #2519 ) ;
#1169 = ORIENTED_EDGE ( 'NONE', *, *, #4577, .T. ) ;
#1170 = CARTESIAN_POINT ( 'NONE',  ( -7.647374647256802049, 4.381676339906653617, 9.999999999999994671 ) ) ;
#1171 = CARTESIAN_POINT ( 'NONE',  ( -7.642548076598787432, 4.263190462710908513, 9.499999999999996447 ) ) ;
#1172 = LINE ( 'NONE', #4171, #1923 ) ;
#1173 = CC_DESIGN_PERSON_AND_ORGANIZATION_ASSIGNMENT ( #1651, #1386, ( #1818 ) ) ;
#1174 = EDGE_CURVE ( 'NONE', #2018, #3281, #282, .T. ) ;
#1175 = AXIS2_PLACEMENT_3D ( 'NONE', #96, #1584, #2637 ) ;
#1176 = ORIENTED_EDGE ( 'NONE', *, *, #3529, .T. ) ;
#1177 = DIRECTION ( 'NONE',  ( 0.000000000000000000, 0.000000000000000000, -1.000000000000000000 ) ) ;
#1178 = CARTESIAN_POINT ( 'NONE',  ( 23.99999999999998579, 2.500000000000000000, -7.249999999999998224 ) ) ;
#1179 = CARTESIAN_POINT ( 'NONE',  ( -19.51706398339743842, -24.15427563153649970, -9.897149578975659168 ) ) ;
#1180 = CARTESIAN_POINT ( 'NONE',  ( -13.37671173369988509, 3.659429409365844155, 9.999999999999996447 ) ) ;
#1181 = EDGE_LOOP ( 'NONE', ( #1150, #3354, #3809, #179, #1378, #851 ) ) ;
#1182 = CARTESIAN_POINT ( 'NONE',  ( 26.01556443707462307, 2.500000000000000000, -6.000000000000000000 ) ) ;
#1183 = PLANE ( 'NONE',  #1618 ) ;
#1184 = DIRECTION ( 'NONE',  ( 0.000000000000000000, -1.000000000000000000, 0.000000000000000000 ) ) ;
#1185 = ORIENTED_EDGE ( 'NONE', *, *, #3986, .T. ) ;
#1186 = FACE_BOUND ( 'NONE', #538, .T. ) ;
#1187 = CARTESIAN_POINT ( 'NONE',  ( 23.99999999999998579, 0.000000000000000000, -7.249999999999998224 ) ) ;
#1188 = VERTEX_POINT ( 'NONE', #3184 ) ;
#1189 = EDGE_LOOP ( 'NONE', ( #4512, #3015, #565, #466 ) ) ;
#1190 = LINE ( 'NONE', #2587, #1541 ) ;
#1191 = ADVANCED_FACE ( 'NONE', ( #2876 ), #2447, .F. ) ;
#1192 = DIRECTION ( 'NONE',  ( -0.000000000000000000, -1.000000000000000000, 0.000000000000000000 ) ) ;
#1193 = FACE_OUTER_BOUND ( 'NONE', #4699, .T. ) ;
#1194 = ORIENTED_EDGE ( 'NONE', *, *, #2465, .F. ) ;
#1195 = EDGE_CURVE ( 'NONE', #738, #342, #307, .T. ) ;
#1196 = CARTESIAN_POINT ( 'NONE',  ( -10.00000000000000178, 19.50000000000000000, 0.000000000000000000 ) ) ;
#1197 = PLANE ( 'NONE',  #1661 ) ;
#1198 = CARTESIAN_POINT ( 'NONE',  ( -10.00000000000000178, 15.50000000000000000, 0.000000000000000000 ) ) ;
#1199 = CIRCLE ( 'NONE', #439, 10.00000000000000000 ) ;
#1200 = CARTESIAN_POINT ( 'NONE',  ( -15.29737464725680951, 4.381676339906656281, 9.499999999999998224 ) ) ;
#1201 = ORIENTED_EDGE ( 'NONE', *, *, #1996, .T. ) ;
#1202 = ADVANCED_FACE ( 'NONE', ( #1748 ), #2853, .T. ) ;
#1203 = CARTESIAN_POINT ( 'NONE',  ( 23.99999999999998579, 2.500000000000000000, -7.249999999999998224 ) ) ;
#1204 = FACE_OUTER_BOUND ( 'NONE', #753, .T. ) ;
#1205 = CARTESIAN_POINT ( 'NONE',  ( 20.00000000000000000, 9.000000000000000000, -9.000000000000000000 ) ) ;
#1206 = VECTOR ( 'NONE', #2778, 1000.000000000000000 ) ;
#1207 = VERTEX_POINT ( 'NONE', #2187 ) ;
#1208 = CARTESIAN_POINT ( 'NONE',  ( 0.000000000000000000, 2.500000000000000000, -9.999999999999998224 ) ) ;
#1209 = FACE_OUTER_BOUND ( 'NONE', #4284, .T. ) ;
#1210 = DIRECTION ( 'NONE',  ( 1.000000000000000000, 0.000000000000000000, 0.000000000000000000 ) ) ;
#1211 = EDGE_LOOP ( 'NONE', ( #3327, #1879, #4652, #4611 ) ) ;
#1212 = VERTEX_POINT ( 'NONE', #4320 ) ;
#1213 = DIRECTION ( 'NONE',  ( -0.000000000000000000, -1.000000000000000000, -0.000000000000000000 ) ) ;
#1214 = CARTESIAN_POINT ( 'NONE',  ( -20.00000000000000355, 4.000000000000000000, 0.5000000000000000000 ) ) ;
#1215 = ORIENTED_EDGE ( 'NONE', *, *, #2954, .T. ) ;
#1216 = CARTESIAN_POINT ( 'NONE',  ( -11.39031785523684803, 4.217679517995065908, 9.999999999999998224 ) ) ;
#1217 = CARTESIAN_POINT ( 'NONE',  ( -13.84546098914201906, 3.901807813459206908, 9.999999999999998224 ) ) ;
#1218 = AXIS2_PLACEMENT_3D ( 'NONE', #4270, #209, #1656 ) ;
#1219 = CARTESIAN_POINT ( 'NONE',  ( -10.00000000000000178, 19.50000000000000000, -1.500000000000000444 ) ) ;
#1220 = ORIENTED_EDGE ( 'NONE', *, *, #994, .T. ) ;
#1221 = DIRECTION ( 'NONE',  ( -0.000000000000000000, -1.000000000000000000, -0.000000000000000000 ) ) ;
#1222 = EDGE_CURVE ( 'NONE', #2642, #2302, #4678, .T. ) ;
#1223 = VECTOR ( 'NONE', #3397, 1000.000000000000000 ) ;
#1224 = ORIENTED_EDGE ( 'NONE', *, *, #4367, .F. ) ;
#1225 = CARTESIAN_POINT ( 'NONE',  ( -13.33668870159878672, 3.657331087710908424, 9.499999999999996447 ) ) ;
#1226 = DIRECTION ( 'NONE',  ( 0.000000000000000000, -1.000000000000000000, 0.000000000000000000 ) ) ;
#1227 = CARTESIAN_POINT ( 'NONE',  ( -16.49254807659879418, 4.263190462710909401, 9.499999999999998224 ) ) ;
#1228 = EDGE_CURVE ( 'NONE', #2670, #4145, #2774, .T. ) ;
#1229 = EDGE_CURVE ( 'NONE', #2022, #182, #338, .T. ) ;
#1230 = ORIENTED_EDGE ( 'NONE', *, *, #2254, .F. ) ;
#1231 = CIRCLE ( 'NONE', #4452, 2.050000000000000266 ) ;
#1232 = CARTESIAN_POINT ( 'NONE',  ( -13.67168179594637323, 3.745048609832290154, 9.499999999999996447 ) ) ;
#1233 = CARTESIAN_POINT ( 'NONE',  ( 19.99999999999999645, -23.99999999999999289, -9.268761102064688728 ) ) ;
#1234 = VECTOR ( 'NONE', #598, 1000.000000000000000 ) ;
#1235 = CARTESIAN_POINT ( 'NONE',  ( 0.000000000000000000, 9.000000000000000000, 0.000000000000000000 ) ) ;
#1236 = CIRCLE ( 'NONE', #1697, 2.250000000000000444 ) ;
#1237 = ORIENTED_EDGE ( 'NONE', *, *, #2340, .F. ) ;
#1238 = ORIENTED_EDGE ( 'NONE', *, *, #2658, .T. ) ;
#1239 = VECTOR ( 'NONE', #2800, 1000.000000000000000 ) ;
#1240 = CARTESIAN_POINT ( 'NONE',  ( -10.00000000000000178, 19.50000000000000000, 0.000000000000000000 ) ) ;
#1241 = CARTESIAN_POINT ( 'NONE',  ( -8.207908539011247839, 4.855556330130764486, 9.499999999999994671 ) ) ;
#1242 = ORIENTED_EDGE ( 'NONE', *, *, #2810, .T. ) ;
#1243 = DIRECTION ( 'NONE',  ( 1.000000000000000000, 0.000000000000000000, 0.000000000000000000 ) ) ;
#1244 = CARTESIAN_POINT ( 'NONE',  ( -16.11802928365744592, 3.693716400550712819, 9.999999999999992895 ) ) ;
#1245 = CARTESIAN_POINT ( 'NONE',  ( -26.01556443707462307, 2.500000000000000000, -4.000000000000000000 ) ) ;
#1246 = CARTESIAN_POINT ( 'NONE',  ( -13.33668870159878672, 3.657331087710908424, 9.999999999999996447 ) ) ;
#1247 = ORIENTED_EDGE ( 'NONE', *, *, #816, .T. ) ;
#1248 = LINE ( 'NONE', #3877, #2892 ) ;
#1249 = LINE ( 'NONE', #4179, #4299 ) ;
#1250 = CARTESIAN_POINT ( 'NONE',  ( 0.000000000000000000, 2.500000000000000000, 0.000000000000000000 ) ) ;
#1251 = EDGE_CURVE ( 'NONE', #3779, #1212, #3616, .T. ) ;
#1252 = EDGE_CURVE ( 'NONE', #4445, #2191, #4365, .T. ) ;
#1253 = ORIENTED_EDGE ( 'NONE', *, *, #2487, .F. ) ;
#1254 = CARTESIAN_POINT ( 'NONE',  ( 26.01556443707462307, 2.500000000000000000, -6.000000000000000000 ) ) ;
#1255 = CARTESIAN_POINT ( 'NONE',  ( -13.93723908575593562, 4.379909362331369849, 9.999999999999994671 ) ) ;
#1256 = EDGE_CURVE ( 'NONE', #3003, #1850, #3916, .T. ) ;
#1257 = CARTESIAN_POINT ( 'NONE',  ( -15.77152723890030650, 3.663285397959088030, 9.499999999999996447 ) ) ;
#1258 = EDGE_LOOP ( 'NONE', ( #127, #3590, #4526, #719 ) ) ;
#1259 = ORIENTED_EDGE ( 'NONE', *, *, #959, .F. ) ;
#1260 = EDGE_CURVE ( 'NONE', #1874, #4460, #1460, .T. ) ;
#1261 = CARTESIAN_POINT ( 'NONE',  ( -12.91807131982058898, 3.816818745869935636, 9.999999999999994671 ) ) ;
#1262 = DIRECTION ( 'NONE',  ( 1.000000000000000000, 0.000000000000000000, 0.000000000000000000 ) ) ;
#1263 = ORIENTED_EDGE ( 'NONE', *, *, #3218, .T. ) ;
#1264 = CARTESIAN_POINT ( 'NONE',  ( -11.39254807659878743, 4.263190462710908513, 9.999999999999996447 ) ) ;
#1265 = CARTESIAN_POINT ( 'NONE',  ( -16.39546098914201622, 3.901807813459206020, 9.999999999999994671 ) ) ;
#1266 = DIRECTION ( 'NONE',  ( 0.000000000000000000, -0.000000000000000000, 1.000000000000000000 ) ) ;
#1267 = FACE_OUTER_BOUND ( 'NONE', #2145, .T. ) ;
#1268 = CARTESIAN_POINT ( 'NONE',  ( -8.248407451598787077, 4.857331087710909046, 9.999999999999996447 ) ) ;
#1269 = CARTESIAN_POINT ( 'NONE',  ( -16.49075892709140589, 4.302525162645350676, 9.999999999999996447 ) ) ;
#1270 = AXIS2_PLACEMENT_3D ( 'NONE', #1737, #720, #4305 ) ;
#1271 = CIRCLE ( 'NONE', #3954, 6.999999999999760192 ) ;
#1272 = FACE_OUTER_BOUND ( 'NONE', #2350, .T. ) ;
#1273 = ORIENTED_EDGE ( 'NONE', *, *, #1641, .T. ) ;
#1274 = EDGE_CURVE ( 'NONE', #2651, #2629, #397, .T. ) ;
#1275 = LINE ( 'NONE', #2762, #3648 ) ;
#1276 = CARTESIAN_POINT ( 'NONE',  ( -15.56009163984917265, 3.746645012438336586, 9.499999999999992895 ) ) ;
#1277 = CARTESIAN_POINT ( 'NONE',  ( -13.90209291573277994, 4.490605266450368838, 10.00000000000000178 ) ) ;
#1278 = ORIENTED_EDGE ( 'NONE', *, *, #55, .T. ) ;
#1279 = CARTESIAN_POINT ( 'NONE',  ( -15.29254807659878779, 4.263190462710908513, 9.999999999999996447 ) ) ;
#1280 = EDGE_CURVE ( 'NONE', #3713, #3516, #4050, .T. ) ;
#1281 = ORIENTED_EDGE ( 'NONE', *, *, #2612, .F. ) ;
#1282 = ORIENTED_EDGE ( 'NONE', *, *, #2369, .F. ) ;
#1283 = CARTESIAN_POINT ( 'NONE',  ( -12.74418344345463616, 4.303336539538842764, 9.499999999999996447 ) ) ;
#1284 = CARTESIAN_POINT ( 'NONE',  ( -10.78668870159878601, 3.657331087710908424, 9.499999999999996447 ) ) ;
#1285 = ADVANCED_FACE ( 'NONE', ( #2363 ), #1941, .T. ) ;
#1286 = ORIENTED_EDGE ( 'NONE', *, *, #4215, .T. ) ;
#1287 = DIRECTION ( 'NONE',  ( 0.000000000000000000, 1.000000000000000000, -0.000000000000000000 ) ) ;
#1288 = CARTESIAN_POINT ( 'NONE',  ( 11.99999999999999467, 15.50000000000000000, 0.000000000000000000 ) ) ;
#1289 = CARTESIAN_POINT ( 'NONE',  ( 23.99999999999998579, 2.500000000000000000, 7.249999999999998224 ) ) ;
#1290 = CARTESIAN_POINT ( 'NONE',  ( 11.99999999999999467, 16.50000000000000000, 0.000000000000000000 ) ) ;
#1291 = ORIENTED_EDGE ( 'NONE', *, *, #747, .T. ) ;
#1292 = AXIS2_PLACEMENT_3D ( 'NONE', #614, #2095, #1681 ) ;
#1293 = CARTESIAN_POINT ( 'NONE',  ( -16.13082364598733776, 4.817574663822187908, 9.999999999999998224 ) ) ;
#1294 = CARTESIAN_POINT ( 'NONE',  ( -10.79840745159878779, 4.857331087710909046, 9.499999999999996447 ) ) ;
#1295 = DIRECTION ( 'NONE',  ( 0.000000000000000000, 1.000000000000000000, -0.000000000000000000 ) ) ;
#1296 = VERTEX_POINT ( 'NONE', #3794 ) ;
#1297 = B_SPLINE_CURVE_WITH_KNOTS ( 'NONE', 3,
 ( #1003, #3515, #3114, #2402, #903, #2377, #234, #2827, #4632, #2730, #2425 ),
 .UNSPECIFIED., .F., .F.,
 ( 4, 1, 1, 1, 1, 1, 1, 1, 4 ),
 ( 0.000000000000000000, 0.1259553441376823069, 0.2477952931766743694, 0.3695577194406662880, 0.4961300219278758639, 0.6243084793732031068, 0.7472542167631337495, 0.8702959180579223908, 0.9999999999999998890 ),
 .UNSPECIFIED. ) ;
#1298 = DIRECTION ( 'NONE',  ( -0.000000000000000000, -1.000000000000000000, 0.000000000000000000 ) ) ;
#1299 = VECTOR ( 'NONE', #354, 1000.000000000000000 ) ;
#1300 = CARTESIAN_POINT ( 'NONE',  ( -20.00000000000000355, -27.00000000000000000, 9.999999999999996447 ) ) ;
#1301 = DIRECTION ( 'NONE',  ( 1.000000000000000000, 0.000000000000000000, 0.000000000000000000 ) ) ;
#1302 = ORIENTED_EDGE ( 'NONE', *, *, #1586, .T. ) ;
#1303 = FACE_OUTER_BOUND ( 'NONE', #2537, .T. ) ;
#1304 = VECTOR ( 'NONE', #1113, 1000.000000000000000 ) ;
#1305 = VERTEX_POINT ( 'NONE', #1572 ) ;
#1306 = ORIENTED_EDGE ( 'NONE', *, *, #1724, .F. ) ;
#1307 = VECTOR ( 'NONE', #441, 1000.000000000000114 ) ;
#1308 = VECTOR ( 'NONE', #2504, 1000.000000000000000 ) ;
#1309 = LINE ( 'NONE', #3082, #3382 ) ;
#1310 = EDGE_CURVE ( 'NONE', #3388, #4025, #3390, .T. ) ;
#1311 = EDGE_CURVE ( 'NONE', #1682, #2433, #4075, .T. ) ;
#1312 = FACE_OUTER_BOUND ( 'NONE', #4719, .T. ) ;
#1313 = VECTOR ( 'NONE', #2053, 1000.000000000000000 ) ;
#1314 = ORIENTED_EDGE ( 'NONE', *, *, #2870, .F. ) ;
#1315 = VECTOR ( 'NONE', #3284, 1000.000000000000000 ) ;
#1316 = LINE ( 'NONE', #4218, #4193 ) ;
#1317 = DIRECTION ( 'NONE',  ( 0.000000000000000000, 1.000000000000000000, 0.000000000000000000 ) ) ;
#1318 = DIRECTION ( 'NONE',  ( 0.000000000000000000, -1.000000000000000000, 0.000000000000000000 ) ) ;
#1319 = ADVANCED_FACE ( 'NONE', ( #1209 ), #1083, .T. ) ;
#1320 = EDGE_CURVE ( 'NONE', #4055, #3526, #1944, .T. ) ;
#1321 = FACE_OUTER_BOUND ( 'NONE', #133, .T. ) ;
#1322 = VECTOR ( 'NONE', #2270, 1000.000000000000000 ) ;
#1323 = VERTEX_POINT ( 'NONE', #1484 ) ;
#1324 = CARTESIAN_POINT ( 'NONE',  ( -8.128615419579826806, 4.852081519184667791, 9.499999999999994671 ) ) ;
#1325 = DIRECTION ( 'NONE',  ( 0.000000000000000000, 1.000000000000000000, -0.000000000000000000 ) ) ;
#1326 = DIRECTION ( 'NONE',  ( 0.000000000000000000, 0.000000000000000000, -1.000000000000000000 ) ) ;
#1327 = EDGE_CURVE ( 'NONE', #1692, #4639, #1987, .T. ) ;
#1328 = CIRCLE ( 'NONE', #337, 2.250000000000000444 ) ;
#1329 = ORIENTED_EDGE ( 'NONE', *, *, #904, .F. ) ;
#1330 = CARTESIAN_POINT ( 'NONE',  ( -11.13376994224398508, 4.761365935114647563, 10.00000000000000000 ) ) ;
#1331 = DIRECTION ( 'NONE',  ( 0.000000000000000000, 0.000000000000000000, 1.000000000000000000 ) ) ;
#1332 = CARTESIAN_POINT ( 'NONE',  ( 12.54545454545448635, 16.50000000000000000, -3.962635403219037844 ) ) ;
#1333 = CARTESIAN_POINT ( 'NONE',  ( -15.88668870159878921, 3.657331087710908424, 9.999999999999996447 ) ) ;
#1334 = ORIENTED_EDGE ( 'NONE', *, *, #1579, .T. ) ;
#1335 = ORIENTED_EDGE ( 'NONE', *, *, #3132, .T. ) ;
#1336 = CARTESIAN_POINT ( 'NONE',  ( -12.74254807659878708, 4.263190462710908513, 9.499999999999996447 ) ) ;
#1337 = CARTESIAN_POINT ( 'NONE',  ( -15.84780545527312690, 3.659341507747735367, 9.999999999999996447 ) ) ;
#1338 = VERTEX_POINT ( 'NONE', #3053 ) ;
#1339 = VERTEX_POINT ( 'NONE', #2342 ) ;
#1340 = ADVANCED_FACE ( 'NONE', ( #2293 ), #469, .F. ) ;
#1341 = CARTESIAN_POINT ( 'NONE',  ( 0.000000000000000000, 0.000000000000000000, -9.999999999999998224 ) ) ;
#1342 = CARTESIAN_POINT ( 'NONE',  ( -23.99999999999998579, 2.500000000000000000, -4.999999999999998224 ) ) ;
#1343 = DIRECTION ( 'NONE',  ( -1.000000000000000000, 0.000000000000000000, 0.000000000000000000 ) ) ;
#1344 = DIRECTION ( 'NONE',  ( -0.7071067811865509034, 0.7071067811865441310, 0.000000000000000000 ) ) ;
#1345 = ORIENTED_EDGE ( 'NONE', *, *, #1666, .F. ) ;
#1346 = ADVANCED_FACE ( 'NONE', ( #4205 ), #3524, .T. ) ;
#1347 = DIRECTION ( 'NONE',  ( -8.673617379884035472E-16, 0.000000000000000000, 1.000000000000000000 ) ) ;
#1348 = FACE_OUTER_BOUND ( 'NONE', #247, .T. ) ;
#1349 = DIRECTION ( 'NONE',  ( 0.000000000000000000, 1.000000000000000000, 0.000000000000000000 ) ) ;
#1350 = EDGE_CURVE ( 'NONE', #3681, #1305, #2555, .T. ) ;
#1351 = VERTEX_POINT ( 'NONE', #3147 ) ;
#1352 = VECTOR ( 'NONE', #2218, 1000.000000000000000 ) ;
#1353 = DIRECTION ( 'NONE',  ( 8.659560562354918067E-17, 0.7071067811865487940, -0.7071067811865463515 ) ) ;
#1354 = CARTESIAN_POINT ( 'NONE',  ( -26.74999999999998934, 2.500000000000000000, 0.000000000000000000 ) ) ;
#1355 = DIRECTION ( 'NONE',  ( 0.000000000000000000, 0.000000000000000000, 1.000000000000000000 ) ) ;
#1356 = CARTESIAN_POINT ( 'NONE',  ( -19.00000000000000355, 2.500000000000000000, -9.999999999999998224 ) ) ;
#1357 = B_SPLINE_CURVE_WITH_KNOTS ( 'NONE', 3,
 ( #1284, #226, #2419, #2021, #1361, #3485, #947, #2086, #158, #2821, #897 ),
 .UNSPECIFIED., .F., .F.,
 ( 4, 1, 1, 1, 1, 1, 1, 1, 4 ),
 ( 0.000000000000000000, 0.1248700636199818748, 0.2434858894426114306, 0.3629263138288140733, 0.4841463935337751434, 0.6067873673243878718, 0.7290275327010893314, 0.8580158402514964644, 0.9999999999999998890 ),
 .UNSPECIFIED. ) ;
#1358 = ORIENTED_EDGE ( 'NONE', *, *, #574, .F. ) ;
#1359 = ORIENTED_EDGE ( 'NONE', *, *, #496, .F. ) ;
#1360 = CARTESIAN_POINT ( 'NONE',  ( 18.99999999999999645, -27.00000000000000000, 9.999999999999996447 ) ) ;
#1361 = CARTESIAN_POINT ( 'NONE',  ( -11.12168179594637429, 3.745048609832291930, 9.500000000000000000 ) ) ;
#1362 = VERTEX_POINT ( 'NONE', #1012 ) ;
#1363 = EDGE_LOOP ( 'NONE', ( #3199, #1894, #1418, #2650 ) ) ;
#1364 = DIRECTION ( 'NONE',  ( 0.000000000000000000, 0.000000000000000000, -1.000000000000000000 ) ) ;
#1365 = CARTESIAN_POINT ( 'NONE',  ( -26.74999999999998934, 3.000000000000000000, 0.5000000000000000000 ) ) ;
#1366 = CYLINDRICAL_SURFACE ( 'NONE', #3528, 1.000000000000000888 ) ;
#1367 = DIRECTION ( 'NONE',  ( -1.000000000000000000, 0.000000000000000000, 0.000000000000000000 ) ) ;
#1368 = EDGE_LOOP ( 'NONE', ( #2167, #2576, #2088, #448 ) ) ;
#1369 = CARTESIAN_POINT ( 'NONE',  ( 12.99999999999999645, 10.50000000000000000, 8.500000000000001776 ) ) ;
#1370 = CARTESIAN_POINT ( 'NONE',  ( 13.99999999999999467, 10.50000000000000000, 9.500000000000001776 ) ) ;
#1371 = DIRECTION ( 'NONE',  ( -0.000000000000000000, -1.000000000000000000, -0.000000000000000000 ) ) ;
#1372 = EDGE_CURVE ( 'NONE', #683, #887, #2737, .T. ) ;
#1373 = VECTOR ( 'NONE', #2903, 1000.000000000000000 ) ;
#1374 = ORIENTED_EDGE ( 'NONE', *, *, #3183, .F. ) ;
#1375 = DIRECTION ( 'NONE',  ( -0.000000000000000000, -1.000000000000000000, -0.000000000000000000 ) ) ;
#1376 = CARTESIAN_POINT ( 'NONE',  ( 20.00000000000000355, 2.500000000000000000, -9.000000000000000000 ) ) ;
#1377 = LINE ( 'NONE', #4258, #4217 ) ;
#1378 = ORIENTED_EDGE ( 'NONE', *, *, #1488, .F. ) ;
#1379 = DIRECTION ( 'NONE',  ( -0.000000000000000000, -1.000000000000000000, -0.000000000000000000 ) ) ;
#1380 = AXIS2_PLACEMENT_3D ( 'NONE', #2976, #1716, #2486 ) ;
#1381 = CC_DESIGN_DATE_AND_TIME_ASSIGNMENT ( #4000, #3256, ( #223 ) ) ;
#1382 = ORIENTED_EDGE ( 'NONE', *, *, #1320, .F. ) ;
#1383 = VECTOR ( 'NONE', #3822, 1000.000000000000000 ) ;
#1384 = EDGE_LOOP ( 'NONE', ( #3669, #4255, #3350, #4195 ) ) ;
#1385 = CARTESIAN_POINT ( 'NONE',  ( -18.00000000000000355, -27.00000000000000000, 0.000000000000000000 ) ) ;
#1386 = PERSON_AND_ORGANIZATION_ROLE ( 'design_owner' ) ;
#1387 = VERTEX_POINT ( 'NONE', #535 ) ;
#1388 = B_SPLINE_SURFACE_WITH_KNOTS ( 'NONE', 3, 1, ( 
 ( #3675, #2936 ),
 ( #2483, #2887 ),
 ( #4740, #2196 ),
 ( #2531, #3988 ),
 ( #1839, #3196 ),
 ( #4403, #4667 ),
 ( #3933, #645 ),
 ( #2124, #699 ),
 ( #3627, #3570 ),
 ( #347, #1813 ),
 ( #1761, #3270 ) ),
 .UNSPECIFIED., .F., .F., .F.,
 ( 4, 1, 1, 1, 1, 1, 1, 1, 4 ),
 ( 2, 2 ),
 ( 0.000000000000000000, 0.1284893937998359270, 0.2515703310852800412, 0.3749708213203469809, 0.5021068943257283035, 0.6298912076876412858, 0.7516855493226278773, 0.8727485777653851695, 0.9999999999999998890 ),
 ( 0.000000000000000000, 1.000000000000000000 ),
 .UNSPECIFIED. ) ;
#1389 = VECTOR ( 'NONE', #1061, 1000.000000000000000 ) ;
#1390 = ORIENTED_EDGE ( 'NONE', *, *, #3630, .T. ) ;
#1391 = VECTOR ( 'NONE', #1301, 1000.000000000000000 ) ;
#1392 = CARTESIAN_POINT ( 'NONE',  ( 11.33333333333333037, 10.50000000000000000, 0.000000000000000000 ) ) ;
#1393 = CARTESIAN_POINT ( 'NONE',  ( -16.49254807659879418, 4.263190462710909401, 9.499999999999998224 ) ) ;
#1394 = CARTESIAN_POINT ( 'NONE',  ( -12.91855283906423679, 4.685782656872675922, 9.499999999999994671 ) ) ;
#1395 = CARTESIAN_POINT ( 'NONE',  ( 26.74999999999998934, 2.500000000000000000, 0.000000000000000000 ) ) ;
#1396 = VECTOR ( 'NONE', #1851, 1000.000000000000000 ) ;
#1397 = VECTOR ( 'NONE', #1184, 1000.000000000000000 ) ;
#1398 = ORIENTED_EDGE ( 'NONE', *, *, #552, .F. ) ;
#1399 = PLANE ( 'NONE',  #2277 ) ;
#1400 = CARTESIAN_POINT ( 'NONE',  ( -10.19254807659878814, 4.263190462710908513, 9.499999999999996447 ) ) ;
#1401 = VECTOR ( 'NONE', #3186, 1000.000000000000000 ) ;
#1402 = CARTESIAN_POINT ( 'NONE',  ( 26.74999999999998934, 0.000000000000000000, 0.000000000000000000 ) ) ;
#1403 = ORIENTED_EDGE ( 'NONE', *, *, #4610, .T. ) ;
#1404 = ADVANCED_FACE ( 'NONE', ( #2413 ), #3122, .F. ) ;
#1405 = CARTESIAN_POINT ( 'NONE',  ( -9.045454545454735040, 19.50000000000000000, -6.934611955632672853 ) ) ;
#1406 = CARTESIAN_POINT ( 'NONE',  ( -7.683045453124742075, 4.011504287093311305, 9.999999999999998224 ) ) ;
#1407 = EDGE_CURVE ( 'NONE', #1472, #2670, #1644, .T. ) ;
#1408 = DIRECTION ( 'NONE',  ( 0.000000000000000000, -1.000000000000000000, 1.084202172485504434E-16 ) ) ;
#1409 = CARTESIAN_POINT ( 'NONE',  ( -15.29737464725680951, 4.381676339906656281, 9.499999999999998224 ) ) ;
#1410 = CARTESIAN_POINT ( 'NONE',  ( -8.248407451598787077, 4.857331087710909046, 9.499999999999996447 ) ) ;
#1411 = ORIENTED_EDGE ( 'NONE', *, *, #3922, .T. ) ;
#1412 = EDGE_CURVE ( 'NONE', #676, #1058, #3172, .T. ) ;
#1413 = FACE_BOUND ( 'NONE', #1457, .T. ) ;
#1414 = LINE ( 'NONE', #3278, #2553 ) ;
#1415 = PERSON_AND_ORGANIZATION ( #886, #2226 ) ;
#1416 = ORIENTED_EDGE ( 'NONE', *, *, #1788, .T. ) ;
#1417 = EDGE_CURVE ( 'NONE', #683, #4551, #4236, .T. ) ;
#1418 = ORIENTED_EDGE ( 'NONE', *, *, #747, .F. ) ;
#1419 = CARTESIAN_POINT ( 'NONE',  ( -23.99999999999998579, 2.500000000000000000, 7.249999999999998224 ) ) ;
#1420 = CARTESIAN_POINT ( 'NONE',  ( -16.49031785523684945, 4.217679517995065908, 9.500000000000000000 ) ) ;
#1421 = DIRECTION ( 'NONE',  ( -0.000000000000000000, 1.000000000000000000, -0.000000000000000000 ) ) ;
#1422 = DIRECTION ( 'NONE',  ( 0.000000000000000000, 0.000000000000000000, -1.000000000000000000 ) ) ;
#1423 = EDGE_LOOP ( 'NONE', ( #2834, #3483, #2388, #2393, #1445, #4189, #4008, #714 ) ) ;
#1424 = CARTESIAN_POINT ( 'NONE',  ( -7.910091639849174960, 3.746645012438337474, 9.999999999999994671 ) ) ;
#1425 = CARTESIAN_POINT ( 'NONE',  ( 19.70710678118654258, -24.43933982822017015, 9.707106781186544353 ) ) ;
#1426 = DIRECTION ( 'NONE',  ( -1.000000000000000000, 0.000000000000000000, 0.000000000000000000 ) ) ;
#1427 = EDGE_LOOP ( 'NONE', ( #973, #3837, #826, #2221, #1722, #487, #1820, #2207, #3195, #366, #2416, #19, #1005 ) ) ;
#1428 = CARTESIAN_POINT ( 'NONE',  ( -20.00000000000000355, 0.000000000000000000, -9.000000000000001776 ) ) ;
#1429 = CARTESIAN_POINT ( 'NONE',  ( -13.22152723890030579, 3.663285397959088474, 9.999999999999998224 ) ) ;
#1430 = CARTESIAN_POINT ( 'NONE',  ( 20.00000000000000355, 2.500000000000000000, 0.5000000000000000000 ) ) ;
#1431 = CARTESIAN_POINT ( 'NONE',  ( -6.877501000800803510, 10.50000000000000000, -9.500000000000000000 ) ) ;
#1432 = ORIENTED_EDGE ( 'NONE', *, *, #2120, .T. ) ;
#1433 = CARTESIAN_POINT ( 'NONE',  ( 0.000000000000000000, 2.500000000000000000, 0.000000000000000000 ) ) ;
#1434 = VECTOR ( 'NONE', #488, 1000.000000000000000 ) ;
#1435 = DIRECTION ( 'NONE',  ( 0.000000000000000000, 0.000000000000000000, 1.000000000000000000 ) ) ;
#1436 = EDGE_CURVE ( 'NONE', #4167, #1296, #3451, .T. ) ;
#1437 = AXIS2_PLACEMENT_3D ( 'NONE', #1369, #2097, #4350 ) ;
#1438 = ORIENTED_EDGE ( 'NONE', *, *, #1372, .F. ) ;
#1439 = ORIENTED_EDGE ( 'NONE', *, *, #1251, .T. ) ;
#1440 = DIRECTION ( 'NONE',  ( -0.000000000000000000, -1.000000000000000000, -0.000000000000000000 ) ) ;
#1441 = CARTESIAN_POINT ( 'NONE',  ( -10.00000000000000178, 14.00000000000000000, 0.000000000000000000 ) ) ;
#1442 = CARTESIAN_POINT ( 'NONE',  ( -12.83943417303813384, 4.596678720137733265, 9.500000000000001776 ) ) ;
#1443 = CARTESIAN_POINT ( 'NONE',  ( -13.77336738693030327, 4.684180621136959211, 9.499999999999994671 ) ) ;
#1444 = EDGE_CURVE ( 'NONE', #1649, #2356, #2015, .T. ) ;
#1445 = ORIENTED_EDGE ( 'NONE', *, *, #2264, .T. ) ;
#1446 = DIRECTION ( 'NONE',  ( 1.734723475976807341E-16, 0.000000000000000000, -1.000000000000000000 ) ) ;
#1447 = CARTESIAN_POINT ( 'NONE',  ( -10.78668870159878601, 3.657331087710908424, 9.999999999999996447 ) ) ;
#1448 = FACE_OUTER_BOUND ( 'NONE', #3564, .T. ) ;
#1449 = VERTEX_POINT ( 'NONE', #1376 ) ;
#1450 = PLANE ( 'NONE',  #4573 ) ;
#1451 = CARTESIAN_POINT ( 'NONE',  ( -13.11162162909425710, 3.695022007914731343, 9.999999999999998224 ) ) ;
#1452 = DIRECTION ( 'NONE',  ( 0.000000000000000000, 0.000000000000000000, 1.000000000000000000 ) ) ;
#1453 = EDGE_LOOP ( 'NONE', ( #3800, #237, #3312, #3777, #931, #2200 ) ) ;
#1454 = LINE ( 'NONE', #4021, #3512 ) ;
#1455 = AXIS2_PLACEMENT_3D ( 'NONE', #1928, #860, #3045 ) ;
#1456 = CARTESIAN_POINT ( 'NONE',  ( -11.29546098914201480, 3.901807813459206020, 9.499999999999994671 ) ) ;
#1457 = EDGE_LOOP ( 'NONE', ( #4319, #119 ) ) ;
#1458 = ORIENTED_EDGE ( 'NONE', *, *, #1051, .T. ) ;
#1459 = ADVANCED_FACE ( 'NONE', ( #217 ), #986, .T. ) ;
#1460 = LINE ( 'NONE', #889, #85 ) ;
#1461 = CARTESIAN_POINT ( 'NONE',  ( -11.39254807659878743, 4.263190462710908513, 9.499999999999996447 ) ) ;
#1462 = EDGE_CURVE ( 'NONE', #3936, #3040, #4690, .T. ) ;
#1463 = CARTESIAN_POINT ( 'NONE',  ( -12.78414544758592086, 4.493292991900848854, 9.499999999999992895 ) ) ;
#1464 = CARTESIAN_POINT ( 'NONE',  ( -8.086158654739403318, 23.58615865473960582, 1.668448203591741841 ) ) ;
#1465 = ORIENTED_EDGE ( 'NONE', *, *, #3104, .T. ) ;
#1466 = CIRCLE ( 'NONE', #4301, 10.00000000000000000 ) ;
#1467 = CARTESIAN_POINT ( 'NONE',  ( -7.644183443454637406, 4.303336539538842764, 9.499999999999998224 ) ) ;
#1468 = CARTESIAN_POINT ( 'NONE',  ( -10.19708306877394399, 4.132382237059232466, 9.999999999999998224 ) ) ;
#1469 = ADVANCED_FACE ( 'NONE', ( #2034 ), #4279, .T. ) ;
#1470 = CARTESIAN_POINT ( 'NONE',  ( -10.75790853901124677, 4.855556330130764486, 9.999999999999996447 ) ) ;
#1471 = CIRCLE ( 'NONE', #474, 2.050000000000000266 ) ;
#1472 = VERTEX_POINT ( 'NONE', #2789 ) ;
#1473 = AXIS2_PLACEMENT_3D ( 'NONE', #637, #3560, #4681 ) ;
#1474 = EDGE_CURVE ( 'NONE', #1387, #2018, #963, .T. ) ;
#1475 = PLANE ( 'NONE',  #1270 ) ;
#1476 = CARTESIAN_POINT ( 'NONE',  ( -7.910091639849174960, 3.746645012438337474, 9.999999999999994671 ) ) ;
#1477 = DIRECTION ( 'NONE',  ( -0.000000000000000000, -1.000000000000000000, -0.000000000000000000 ) ) ;
#1478 = ORIENTED_EDGE ( 'NONE', *, *, #79, .T. ) ;
#1479 = CARTESIAN_POINT ( 'NONE',  ( -10.23304545312473834, 4.011504287093311305, 9.499999999999994671 ) ) ;
#1480 = LINE ( 'NONE', #2941, #3614 ) ;
#1481 = PERSON_AND_ORGANIZATION_ROLE ( 'creator' ) ;
#1482 = ORIENTED_EDGE ( 'NONE', *, *, #2987, .F. ) ;
#1483 = ORIENTED_EDGE ( 'NONE', *, *, #3825, .F. ) ;
#1484 = CARTESIAN_POINT ( 'NONE',  ( -10.00000000000000178, 19.50000000000000000, -5.999999999999756639 ) ) ;
#1485 = CARTESIAN_POINT ( 'NONE',  ( -13.77336738693030327, 4.684180621136959211, 9.999999999999994671 ) ) ;
#1486 = CARTESIAN_POINT ( 'NONE',  ( -20.00000000000000355, 4.000000000000000000, 0.5000000000000000000 ) ) ;
#1487 = DIRECTION ( 'NONE',  ( 0.000000000000000000, 1.000000000000000000, -0.000000000000000000 ) ) ;
#1488 = EDGE_CURVE ( 'NONE', #861, #3713, #2075, .T. ) ;
#1489 = ORIENTED_EDGE ( 'NONE', *, *, #4696, .T. ) ;
#1490 = CYLINDRICAL_SURFACE ( 'NONE', #3348, 1.000000000000000000 ) ;
#1491 = CARTESIAN_POINT ( 'NONE',  ( -10.28763695707778680, 3.903863005938844832, 10.00000000000000000 ) ) ;
#1492 = CARTESIAN_POINT ( 'NONE',  ( -8.354753205665357285, 3.663520956208037749, 9.999999999999996447 ) ) ;
#1493 = DIRECTION ( 'NONE',  ( -1.000000000000000000, 0.000000000000000000, 0.000000000000000000 ) ) ;
#1494 = EDGE_CURVE ( 'NONE', #979, #1542, #4742, .T. ) ;
#1495 = VERTEX_POINT ( 'NONE', #2125 ) ;
#1496 = DIRECTION ( 'NONE',  ( -0.000000000000000000, -1.000000000000000000, -0.000000000000000000 ) ) ;
#1497 = DIRECTION ( 'NONE',  ( -0.000000000000000000, -1.000000000000000000, -0.000000000000000000 ) ) ;
#1498 = CARTESIAN_POINT ( 'NONE',  ( 18.99999999999999645, 9.000000000000000000, 9.999999999999996447 ) ) ;
#1499 = EDGE_CURVE ( 'NONE', #2356, #3576, #3964, .T. ) ;
#1500 = ORIENTED_EDGE ( 'NONE', *, *, #1310, .T. ) ;
#1501 = DIRECTION ( 'NONE',  ( -0.09642365197996834170, -0.7071067811865487940, -0.7005015912464753747 ) ) ;
#1502 = CARTESIAN_POINT ( 'NONE',  ( -16.48606154533482737, 4.130823258813754784, 9.999999999999996447 ) ) ;
#1503 = EDGE_LOOP ( 'NONE', ( #271, #4660, #4089, #2760 ) ) ;
#1504 = ORIENTED_EDGE ( 'NONE', *, *, #1118, .T. ) ;
#1505 = CIRCLE ( 'NONE', #46, 5.999999999999756639 ) ;
#1506 = CARTESIAN_POINT ( 'NONE',  ( -7.642548076598787432, 4.263190462710908513, 9.999999999999994671 ) ) ;
#1507 = LINE ( 'NONE', #1557, #4155 ) ;
#1508 = DIRECTION ( 'NONE',  ( -0.000000000000000000, -1.000000000000000000, -0.000000000000000000 ) ) ;
#1509 = VECTOR ( 'NONE', #3472, 1000.000000000000000 ) ;
#1510 = ORIENTED_EDGE ( 'NONE', *, *, #556, .F. ) ;
#1511 = CARTESIAN_POINT ( 'NONE',  ( -10.00000000000000178, 16.50000000000000355, 0.000000000000000000 ) ) ;
#1512 = CARTESIAN_POINT ( 'NONE',  ( 20.00000000000000355, 2.500000000000000000, 8.999999999999998224 ) ) ;
#1513 = CARTESIAN_POINT ( 'NONE',  ( 13.99999999999999467, 10.50000000000000000, 5.000000000000000000 ) ) ;
#1514 = ORIENTED_EDGE ( 'NONE', *, *, #3533, .T. ) ;
#1515 = CARTESIAN_POINT ( 'NONE',  ( -10.00000000000000178, 14.00000000000000000, 0.000000000000000000 ) ) ;
#1516 = EDGE_LOOP ( 'NONE', ( #3297, #2121, #3176, #2247 ) ) ;
#1517 = LINE ( 'NONE', #3769, #1434 ) ;
#1518 = FACE_OUTER_BOUND ( 'NONE', #399, .T. ) ;
#1519 = CARTESIAN_POINT ( 'NONE',  ( 19.51706398339743131, -24.15427563153649970, 9.897149578975657391 ) ) ;
#1520 = EDGE_CURVE ( 'NONE', #2596, #3040, #350, .T. ) ;
#1521 = B_SPLINE_CURVE_WITH_KNOTS ( 'NONE', 3,
 ( #700, #1840, #2532, #3963, #2937, #4017, #770, #1451, #1429, #2889, #4715 ),
 .UNSPECIFIED., .F., .F.,
 ( 4, 1, 1, 1, 1, 1, 1, 1, 4 ),
 ( 0.000000000000000000, 0.1411572427678502439, 0.2708670984732417519, 0.3951049199775829579, 0.5192445879437870282, 0.6416973881062182361, 0.7592814591052565731, 0.8772923808939695478, 0.9999999999999998890 ),
 .UNSPECIFIED. ) ;
#1522 = EDGE_CURVE ( 'NONE', #1789, #3844, #3934, .T. ) ;
#1523 = ORIENTED_EDGE ( 'NONE', *, *, #3941, .T. ) ;
#1524 = DIRECTION ( 'NONE',  ( -0.000000000000000000, -1.000000000000000000, -0.000000000000000000 ) ) ;
#1525 = APPROVAL ( #4024, 'UNSPECIFIED' ) ;
#1526 = EDGE_CURVE ( 'NONE', #1951, #3332, #4694, .T. ) ;
#1527 = CARTESIAN_POINT ( 'NONE',  ( -11.39254807659878743, 4.263190462710908513, 9.499999999999996447 ) ) ;
#1528 = ORIENTED_EDGE ( 'NONE', *, *, #1499, .F. ) ;
#1529 = VECTOR ( 'NONE', #736, 1000.000000000000000 ) ;
#1530 = VERTEX_POINT ( 'NONE', #1816 ) ;
#1531 = FACE_OUTER_BOUND ( 'NONE', #267, .T. ) ;
#1532 = CARTESIAN_POINT ( 'NONE',  ( -8.236688701598787077, 3.657331087710908424, 9.499999999999996447 ) ) ;
#1533 = CARTESIAN_POINT ( 'NONE',  ( -10.00000000000000178, 2.000000000000000000, -2.050000000000000266 ) ) ;
#1534 = EDGE_LOOP ( 'NONE', ( #4704, #1967, #942, #1576 ) ) ;
#1535 = AXIS2_PLACEMENT_3D ( 'NONE', #1018, #2202, #3577 ) ;
#1536 = DIRECTION ( 'NONE',  ( 0.000000000000000000, 0.000000000000000000, -1.000000000000000000 ) ) ;
#1537 = DIRECTION ( 'NONE',  ( -0.000000000000000000, -1.000000000000000000, -0.000000000000000000 ) ) ;
#1538 = CYLINDRICAL_SURFACE ( 'NONE', #1089, 0.9999999999999991118 ) ;
#1539 = VERTEX_POINT ( 'NONE', #3250 ) ;
#1540 = CARTESIAN_POINT ( 'NONE',  ( -9.181818181818350411, 19.50000000000000000, -5.943953104827967238 ) ) ;
#1541 = VECTOR ( 'NONE', #1876, 1000.000000000000000 ) ;
#1542 = VERTEX_POINT ( 'NONE', #3629 ) ;
#1543 = VECTOR ( 'NONE', #531, 1000.000000000000000 ) ;
#1544 = LINE ( 'NONE', #2978, #2802 ) ;
#1545 = LINE ( 'NONE', #3006, #3759 ) ;
#1546 = CONICAL_SURFACE ( 'NONE', #3376, 6.999999999999760192, 0.7853981633974452814 ) ;
#1547 = CARTESIAN_POINT ( 'NONE',  ( -6.877501000800808839, 9.000000000000000000, 9.500000000000001776 ) ) ;
#1548 = VECTOR ( 'NONE', #4294, 1000.000000000000000 ) ;
#1549 = ORIENTED_EDGE ( 'NONE', *, *, #3120, .F. ) ;
#1550 = CARTESIAN_POINT ( 'NONE',  ( -10.19254807659878814, 4.263190462710908513, 9.499999999999996447 ) ) ;
#1551 = VECTOR ( 'NONE', #2628, 1000.000000000000000 ) ;
#1552 = CARTESIAN_POINT ( 'NONE',  ( -9.045454545454733264, 18.50000000000000000, -6.934611955632672853 ) ) ;
#1553 = ADVANCED_FACE ( 'NONE', ( #673 ), #326, .T. ) ;
#1554 = ORIENTED_EDGE ( 'NONE', *, *, #1166, .F. ) ;
#1555 = ORIENTED_EDGE ( 'NONE', *, *, #2206, .T. ) ;
#1556 = DIRECTION ( 'NONE',  ( 0.000000000000000000, -0.000000000000000000, 1.000000000000000000 ) ) ;
#1557 = CARTESIAN_POINT ( 'NONE',  ( -9.181818181818348634, 15.50000000000000000, 5.943953104827973455 ) ) ;
#1558 = DIRECTION ( 'NONE',  ( 0.000000000000000000, 0.000000000000000000, 1.000000000000000000 ) ) ;
#1559 = EDGE_CURVE ( 'NONE', #3345, #3450, #1792, .T. ) ;
#1560 = VERTEX_POINT ( 'NONE', #1430 ) ;
#1561 = DIRECTION ( 'NONE',  ( 0.000000000000000000, -1.000000000000000000, 0.000000000000000000 ) ) ;
#1562 = CARTESIAN_POINT ( 'NONE',  ( 0.000000000000000000, 2.500000000000000000, 4.000000000000000000 ) ) ;
#1563 = DIRECTION ( 'NONE',  ( -0.000000000000000000, -1.000000000000000000, -0.000000000000000000 ) ) ;
#1564 = ORIENTED_EDGE ( 'NONE', *, *, #4194, .F. ) ;
#1565 = LINE ( 'NONE', #3720, #3508 ) ;
#1566 = ORIENTED_EDGE ( 'NONE', *, *, #4659, .F. ) ;
#1567 = DIRECTION ( 'NONE',  ( 1.000000000000000000, -0.000000000000000000, 0.000000000000000000 ) ) ;
#1568 = DIRECTION ( 'NONE',  ( 0.000000000000000000, 1.000000000000000000, -0.000000000000000000 ) ) ;
#1569 = FACE_OUTER_BOUND ( 'NONE', #4302, .T. ) ;
#1570 = ORIENTED_EDGE ( 'NONE', *, *, #3951, .F. ) ;
#1571 = CARTESIAN_POINT ( 'NONE',  ( -13.93606154533482666, 4.130823258813754784, 9.499999999999998224 ) ) ;
#1572 = CARTESIAN_POINT ( 'NONE',  ( -15.88668870159878921, 3.657331087710908424, 9.499999999999996447 ) ) ;
#1573 = CARTESIAN_POINT ( 'NONE',  ( -8.583769942243984374, 4.761365935114647563, 9.500000000000000000 ) ) ;
#1574 = EDGE_CURVE ( 'NONE', #2769, #3182, #2158, .T. ) ;
#1575 = VECTOR ( 'NONE', #1679, 1000.000000000000000 ) ;
#1576 = ORIENTED_EDGE ( 'NONE', *, *, #1260, .F. ) ;
#1577 = ORIENTED_EDGE ( 'NONE', *, *, #1229, .T. ) ;
#1578 = DIRECTION ( 'NONE',  ( 1.000000000000000000, -0.000000000000000000, 0.000000000000000000 ) ) ;
#1579 = EDGE_CURVE ( 'NONE', #1495, #2133, #701, .T. ) ;
#1580 = LINE ( 'NONE', #3802, #2833 ) ;
#1581 = AXIS2_PLACEMENT_3D ( 'NONE', #3077, #534, #2052 ) ;
#1582 = ORIENTED_EDGE ( 'NONE', *, *, #4160, .F. ) ;
#1583 = FACE_OUTER_BOUND ( 'NONE', #1674, .T. ) ;
#1584 = DIRECTION ( 'NONE',  ( 0.000000000000000000, -1.000000000000000000, -0.000000000000000000 ) ) ;
#1585 = CARTESIAN_POINT ( 'NONE',  ( -12.74254807659878708, 4.263190462710908513, 9.999999999999996447 ) ) ;
#1586 = EDGE_CURVE ( 'NONE', #1323, #2942, #3628, .T. ) ;
#1587 = EDGE_LOOP ( 'NONE', ( #899, #1601 ) ) ;
#1588 = EDGE_CURVE ( 'NONE', #1530, #3687, #1135, .T. ) ;
#1589 = CARTESIAN_POINT ( 'NONE',  ( -12.90728021873263565, 3.831570972529231955, 9.499999999999994671 ) ) ;
#1590 = ORIENTED_EDGE ( 'NONE', *, *, #3099, .F. ) ;
#1591 = CIRCLE ( 'NONE', #4269, 6.999999999999760192 ) ;
#1592 = LINE ( 'NONE', #52, #1660 ) ;
#1593 = PLANE ( 'NONE',  #155 ) ;
#1594 = DIRECTION ( 'NONE',  ( 0.000000000000000000, -0.000000000000000000, 1.000000000000000000 ) ) ;
#1595 = VECTOR ( 'NONE', #3670, 1000.000000000000000 ) ;
#1596 = ORIENTED_EDGE ( 'NONE', *, *, #3120, .T. ) ;
#1597 = CARTESIAN_POINT ( 'NONE',  ( -8.236688701598787077, 3.657331087710908424, 9.499999999999996447 ) ) ;
#1598 = CARTESIAN_POINT ( 'NONE',  ( -13.90209291573277994, 4.490605266450368838, 10.00000000000000178 ) ) ;
#1599 = PLANE ( 'NONE',  #905 ) ;
#1600 = ORIENTED_EDGE ( 'NONE', *, *, #1118, .F. ) ;
#1601 = ORIENTED_EDGE ( 'NONE', *, *, #2315, .F. ) ;
#1602 = FACE_OUTER_BOUND ( 'NONE', #1189, .T. ) ;
#1603 = CARTESIAN_POINT ( 'NONE',  ( -8.248407451598787077, 4.857331087710909046, 9.499999999999996447 ) ) ;
#1604 = ORIENTED_EDGE ( 'NONE', *, *, #3780, .T. ) ;
#1605 = ADVANCED_FACE ( 'NONE', ( #4693 ), #3599, .T. ) ;
#1606 = EDGE_CURVE ( 'NONE', #3332, #1351, #672, .T. ) ;
#1607 = CARTESIAN_POINT ( 'NONE',  ( -18.00000000000000355, -27.00000000000000000, 0.000000000000000000 ) ) ;
#1608 = CARTESIAN_POINT ( 'NONE',  ( -16.00475320566536652, 3.663520956208039525, 9.999999999999998224 ) ) ;
#1609 = VECTOR ( 'NONE', #600, 1000.000000000000000 ) ;
#1610 = CARTESIAN_POINT ( 'NONE',  ( -10.00000000000000178, -27.00000000000000000, 1.500000000000000444 ) ) ;
#1611 = ORIENTED_EDGE ( 'NONE', *, *, #988, .F. ) ;
#1612 = CARTESIAN_POINT ( 'NONE',  ( -13.90331000572271947, 4.007931246096333666, 9.499999999999996447 ) ) ;
#1613 = EDGE_CURVE ( 'NONE', #154, #256, #1521, .T. ) ;
#1614 = ORIENTED_EDGE ( 'NONE', *, *, #3227, .T. ) ;
#1615 = CARTESIAN_POINT ( 'NONE',  ( 12.40909090909087098, 19.50000000000000000, 2.971976552414332673 ) ) ;
#1616 = DIRECTION ( 'NONE',  ( 0.000000000000000000, 1.000000000000000000, 0.000000000000000000 ) ) ;
#1617 = PLANE ( 'NONE',  #3454 ) ;
#1618 = AXIS2_PLACEMENT_3D ( 'NONE', #4113, #818, #3743 ) ;
#1619 = EDGE_CURVE ( 'NONE', #810, #3639, #936, .T. ) ;
#1620 = ORIENTED_EDGE ( 'NONE', *, *, #2521, .F. ) ;
#1621 = VECTOR ( 'NONE', #4292, 1000.000000000000000 ) ;
#1622 = DIRECTION ( 'NONE',  ( -0.000000000000000000, -1.000000000000000000, -0.000000000000000000 ) ) ;
#1623 = DIRECTION ( 'NONE',  ( 1.000000000000000000, 0.000000000000000000, -5.459970303071104802E-14 ) ) ;
#1624 = DIRECTION ( 'NONE',  ( 0.000000000000000000, 0.000000000000000000, -1.000000000000000000 ) ) ;
#1625 = AXIS2_PLACEMENT_3D ( 'NONE', #3118, #3092, #2031 ) ;
#1626 = ORIENTED_EDGE ( 'NONE', *, *, #1251, .F. ) ;
#1627 = ORIENTED_EDGE ( 'NONE', *, *, #836, .T. ) ;
#1628 = AXIS2_PLACEMENT_3D ( 'NONE', #971, #2347, #4578 ) ;
#1629 =( BOUNDED_CURVE ( )  B_SPLINE_CURVE ( 3, ( #3566, #4010, #1055, #1425 ),
 .UNSPECIFIED., .F., .F. ) 
 B_SPLINE_CURVE_WITH_KNOTS ( ( 4, 4 ),
 ( -1.776356839400250465E-15, 0.7853981633974477239 ),
 .UNSPECIFIED. ) 
 CURVE ( )  GEOMETRIC_REPRESENTATION_ITEM ( )  RATIONAL_B_SPLINE_CURVE ( ( 1.000000000000000000, 0.9492530216741910110, 0.9492530216741910110, 1.000000000000000000 ) ) 
 REPRESENTATION_ITEM ( '' )  );
#1630 = CARTESIAN_POINT ( 'NONE',  ( -26.01556443707462307, 2.500000000000000000, 4.000000000000000000 ) ) ;
#1631 = ORIENTED_EDGE ( 'NONE', *, *, #4126, .T. ) ;
#1632 = CARTESIAN_POINT ( 'NONE',  ( -10.82671173369988082, 3.659429409365844599, 9.999999999999996447 ) ) ;
#1633 = CARTESIAN_POINT ( 'NONE',  ( 19.99999999999999645, -23.99999999999998934, 8.999999999999996447 ) ) ;
#1634 = LINE ( 'NONE', #902, #401 ) ;
#1635 = CARTESIAN_POINT ( 'NONE',  ( -15.77861541957982894, 4.852081519184668679, 9.499999999999994671 ) ) ;
#1636 = EDGE_CURVE ( 'NONE', #4443, #3170, #1112, .T. ) ;
#1637 = ORIENTED_EDGE ( 'NONE', *, *, #1144, .T. ) ;
#1638 = DIRECTION ( 'NONE',  ( 0.000000000000000000, -1.000000000000000000, -0.000000000000000000 ) ) ;
#1639 = DIRECTION ( 'NONE',  ( 0.000000000000000000, 0.000000000000000000, 1.000000000000000000 ) ) ;
#1640 = FACE_OUTER_BOUND ( 'NONE', #3014, .T. ) ;
#1641 = EDGE_CURVE ( 'NONE', #3886, #1071, #4609, .T. ) ;
#1642 = ORIENTED_EDGE ( 'NONE', *, *, #1752, .F. ) ;
#1643 = DIRECTION ( 'NONE',  ( 0.000000000000000000, 0.000000000000000000, 1.000000000000000000 ) ) ;
#1644 = LINE ( 'NONE', #2435, #696 ) ;
#1645 = CARTESIAN_POINT ( 'NONE',  ( -13.93723908575593562, 4.379909362331369849, 9.999999999999994671 ) ) ;
#1646 = CARTESIAN_POINT ( 'NONE',  ( 26.74999999999998934, 2.500000000000000000, 0.5000000000000000000 ) ) ;
#1647 = ADVANCED_FACE ( 'NONE', ( #4355 ), #3989, .F. ) ;
#1648 = ORIENTED_EDGE ( 'NONE', *, *, #501, .F. ) ;
#1649 = VERTEX_POINT ( 'NONE', #3222 ) ;
#1650 = CARTESIAN_POINT ( 'NONE',  ( -12.83763695707778396, 3.903863005938844832, 10.00000000000000000 ) ) ;
#1651 = PERSON_AND_ORGANIZATION ( #886, #2226 ) ;
#1652 = ORIENTED_EDGE ( 'NONE', *, *, #49, .F. ) ;
#1653 = LINE ( 'NONE', #547, #131 ) ;
#1654 = DIRECTION ( 'NONE',  ( 0.000000000000000000, 1.000000000000000000, -0.000000000000000000 ) ) ;
#1655 = LINE ( 'NONE', #3874, #4465 ) ;
#1656 = DIRECTION ( 'NONE',  ( 0.000000000000000000, 0.000000000000000000, 1.000000000000000000 ) ) ;
#1657 = EDGE_LOOP ( 'NONE', ( #775, #4749, #56, #306 ) ) ;
#1658 = CARTESIAN_POINT ( 'NONE',  ( -16.39929127748493087, 4.593794776679943404, 9.999999999999996447 ) ) ;
#1659 = DIRECTION ( 'NONE',  ( 0.000000000000000000, 0.000000000000000000, -1.000000000000000000 ) ) ;
#1660 = VECTOR ( 'NONE', #4090, 1000.000000000000000 ) ;
#1661 = AXIS2_PLACEMENT_3D ( 'NONE', #4419, #432, #4057 ) ;
#1662 = DIRECTION ( 'NONE',  ( 0.1465486610894626562, -0.9892034623538707994, 0.000000000000000000 ) ) ;
#1663 = ORIENTED_EDGE ( 'NONE', *, *, #1072, .T. ) ;
#1664 = EDGE_CURVE ( 'NONE', #1058, #1951, #745, .T. ) ;
#1665 = PLANE ( 'NONE',  #510 ) ;
#1666 = EDGE_CURVE ( 'NONE', #2613, #1871, #2888, .T. ) ;
#1667 = DIRECTION ( 'NONE',  ( 1.000000000000000000, -0.000000000000000000, 0.000000000000000000 ) ) ;
#1668 = CARTESIAN_POINT ( 'NONE',  ( 19.99999999999999645, -23.99999999999998934, 9.999999999999996447 ) ) ;
#1669 = AXIS2_PLACEMENT_3D ( 'NONE', #1511, #3400, #1106 ) ;
#1670 = DIRECTION ( 'NONE',  ( -1.000000000000000000, 0.000000000000000000, 0.000000000000000000 ) ) ;
#1671 = B_SPLINE_CURVE_WITH_KNOTS ( 'NONE', 3,
 ( #3665, #2298, #1645, #1277, #4482, #1485, #2738, #2968, #3098, #3732, #536 ),
 .UNSPECIFIED., .F., .F.,
 ( 4, 1, 1, 1, 1, 1, 1, 1, 4 ),
 ( 0.000000000000000000, 0.1259553441376821403, 0.2477952931766743971, 0.3695577194406673427, 0.4961300219278783064, 0.6243084793732043281, 0.7472542167631335275, 0.8702959180579222798, 1.000000000000000000 ),
 .UNSPECIFIED. ) ;
#1672 = EDGE_LOOP ( 'NONE', ( #1063, #910, #682, #3318 ) ) ;
#1673 = ADVANCED_FACE ( 'NONE', ( #2508 ), #3723, .T. ) ;
#1674 = EDGE_LOOP ( 'NONE', ( #481, #2132, #2994, #4261 ) ) ;
#1675 = DIRECTION ( 'NONE',  ( 0.000000000000000000, 0.000000000000000000, -1.000000000000000000 ) ) ;
#1676 = CARTESIAN_POINT ( 'NONE',  ( -7.739434173038131526, 4.596678720137729712, 9.499999999999994671 ) ) ;
#1677 = ORIENTED_EDGE ( 'NONE', *, *, #1444, .T. ) ;
#1678 = FACE_OUTER_BOUND ( 'NONE', #872, .T. ) ;
#1679 = DIRECTION ( 'NONE',  ( 1.000000000000000000, -0.000000000000000000, -0.000000000000000000 ) ) ;
#1680 = FACE_OUTER_BOUND ( 'NONE', #3662, .T. ) ;
#1681 = DIRECTION ( 'NONE',  ( 0.000000000000000000, -0.000000000000000000, 1.000000000000000000 ) ) ;
#1682 = VERTEX_POINT ( 'NONE', #2624 ) ;
#1683 = VECTOR ( 'NONE', #2718, 1000.000000000000000 ) ;
#1684 = CARTESIAN_POINT ( 'NONE',  ( -8.128615419579826806, 4.852081519184667791, 9.999999999999994671 ) ) ;
#1685 = CARTESIAN_POINT ( 'NONE',  ( 18.99999999999999645, -27.00000000000000000, 8.999999999999998224 ) ) ;
#1686 = CARTESIAN_POINT ( 'NONE',  ( -12.74254807659878708, 4.263190462710908513, 9.499999999999996447 ) ) ;
#1687 = LOCAL_TIME ( 2, 32, 48.00000000000000000, #1801 ) ;
#1688 = ORIENTED_EDGE ( 'NONE', *, *, #252, .T. ) ;
#1689 = CARTESIAN_POINT ( 'NONE',  ( -11.39254807659878743, 4.263190462710908513, 9.999999999999996447 ) ) ;
#1690 = DIRECTION ( 'NONE',  ( -0.000000000000000000, 1.000000000000000000, 0.000000000000000000 ) ) ;
#1691 = CARTESIAN_POINT ( 'NONE',  ( -15.77861541957982894, 4.852081519184668679, 9.499999999999994671 ) ) ;
#1692 = VERTEX_POINT ( 'NONE', #124 ) ;
#1693 = CARTESIAN_POINT ( 'NONE',  ( -8.276711733699883666, 3.659429409365844155, 9.499999999999996447 ) ) ;
#1694 = VECTOR ( 'NONE', #3816, 1000.000000000000000 ) ;
#1695 = VERTEX_POINT ( 'NONE', #3429 ) ;
#1696 = ORIENTED_EDGE ( 'NONE', *, *, #1327, .F. ) ;
#1697 = AXIS2_PLACEMENT_3D ( 'NONE', #1009, #3879, #4253 ) ;
#1698 = CARTESIAN_POINT ( 'NONE',  ( -10.19708306877394399, 4.132382237059232466, 9.999999999999998224 ) ) ;
#1699 = CARTESIAN_POINT ( 'NONE',  ( -15.56009163984917265, 3.746645012438336586, 9.999999999999992895 ) ) ;
#1700 = ADVANCED_FACE ( 'NONE', ( #1204 ), #3049, .F. ) ;
#1701 = ORIENTED_EDGE ( 'NONE', *, *, #3832, .T. ) ;
#1702 = LINE ( 'NONE', #524, #2211 ) ;
#1703 = CARTESIAN_POINT ( 'NONE',  ( -15.88668870159878921, 3.657331087710908424, 9.999999999999996447 ) ) ;
#1704 = CARTESIAN_POINT ( 'NONE',  ( -10.00000000000000178, 19.50000000000000000, 0.000000000000000000 ) ) ;
#1705 = DIRECTION ( 'NONE',  ( 0.000000000000000000, 0.000000000000000000, 1.000000000000000000 ) ) ;
#1706 = CIRCLE ( 'NONE', #329, 6.499999999999999112 ) ;
#1707 = ADVANCED_FACE ( 'NONE', ( #146, #1518 ), #4447, .T. ) ;
#1708 = EDGE_LOOP ( 'NONE', ( #3726, #2967, #3620, #2582 ) ) ;
#1709 = CARTESIAN_POINT ( 'NONE',  ( -26.74999999999998934, 2.500000000000000000, 0.000000000000000000 ) ) ;
#1710 = DIRECTION ( 'NONE',  ( -0.000000000000000000, 1.000000000000000000, -0.000000000000000000 ) ) ;
#1711 = FACE_OUTER_BOUND ( 'NONE', #141, .T. ) ;
#1712 = EDGE_LOOP ( 'NONE', ( #3534, #4362, #3395, #3482 ) ) ;
#1713 = LINE ( 'NONE', #4591, #365 ) ;
#1714 = CARTESIAN_POINT ( 'NONE',  ( 13.76470588235294201, -33.35294117647059409, -3.764705882352948674 ) ) ;
#1715 = CARTESIAN_POINT ( 'NONE',  ( -10.83889077459144268, 4.855547751615681307, 9.499999999999998224 ) ) ;
#1716 = DIRECTION ( 'NONE',  ( -0.000000000000000000, 1.000000000000000000, -0.000000000000000000 ) ) ;
#1717 = VERTEX_POINT ( 'NONE', #2979 ) ;
#1718 = VERTEX_POINT ( 'NONE', #4475 ) ;
#1719 = CARTESIAN_POINT ( 'NONE',  ( 19.70710678118654968, -24.43933982822017015, -9.707106781186549682 ) ) ;
#1720 = LINE ( 'NONE', #3179, #1383 ) ;
#1721 = ORIENTED_EDGE ( 'NONE', *, *, #2549, .T. ) ;
#1722 = ORIENTED_EDGE ( 'NONE', *, *, #2254, .T. ) ;
#1723 = B_SPLINE_CURVE_WITH_KNOTS ( 'NONE', 3,
 ( #118, #2708, #4175, #878, #2305, #3763, #2354, #1883, #3335, #3738, #1585 ),
 .UNSPECIFIED., .F., .F.,
 ( 4, 1, 1, 1, 1, 1, 1, 1, 4 ),
 ( 0.000000000000000000, 0.1284893937998359270, 0.2515703310852800412, 0.3749708213203469809, 0.5021068943257283035, 0.6298912076876412858, 0.7516855493226278773, 0.8727485777653851695, 0.9999999999999998890 ),
 .UNSPECIFIED. ) ;
#1724 = EDGE_CURVE ( 'NONE', #1834, #1866, #4528, .T. ) ;
#1725 = CARTESIAN_POINT ( 'NONE',  ( -12.74708306877394826, 4.132382237059232466, 9.499999999999998224 ) ) ;
#1726 = FACE_OUTER_BOUND ( 'NONE', #2928, .T. ) ;
#1727 = LINE ( 'NONE', #185, #1401 ) ;
#1728 = LINE ( 'NONE', #4657, #2529 ) ;
#1729 = ORIENTED_EDGE ( 'NONE', *, *, #3218, .F. ) ;
#1730 = PRODUCT_DEFINITION ( 'UNKNOWN', '', #2072, #332 ) ;
#1731 = CARTESIAN_POINT ( 'NONE',  ( -7.642548076598787432, 4.263190462710908513, 9.999999999999996447 ) ) ;
#1732 = CARTESIAN_POINT ( 'NONE',  ( -8.248407451598787077, 4.857331087710909046, 9.999999999999996447 ) ) ;
#1733 = EDGE_CURVE ( 'NONE', #830, #4317, #4091, .T. ) ;
#1734 = CYLINDRICAL_SURFACE ( 'NONE', #398, 2.250000000000000444 ) ;
#1735 = ORIENTED_EDGE ( 'NONE', *, *, #1767, .T. ) ;
#1736 = VECTOR ( 'NONE', #8, 1000.000000000000000 ) ;
#1737 = CARTESIAN_POINT ( 'NONE',  ( 0.000000000000000000, 2.500000000000000000, -6.000000000000000000 ) ) ;
#1738 = CARTESIAN_POINT ( 'NONE',  ( 0.000000000000000000, 2.500000000000000000, 6.000000000000000000 ) ) ;
#1739 = LINE ( 'NONE', #2054, #3143 ) ;
#1740 = ORIENTED_EDGE ( 'NONE', *, *, #144, .T. ) ;
#1741 = CARTESIAN_POINT ( 'NONE',  ( -8.367777953966253790, 4.852072682277735360, 9.999999999999996447 ) ) ;
#1742 = ORIENTED_EDGE ( 'NONE', *, *, #3529, .F. ) ;
#1743 = ORIENTED_EDGE ( 'NONE', *, *, #443, .T. ) ;
#1744 = FACE_OUTER_BOUND ( 'NONE', #1181, .T. ) ;
#1745 = SECURITY_CLASSIFICATION_LEVEL ( 'unclassified' ) ;
#1746 = ORIENTED_EDGE ( 'NONE', *, *, #521, .T. ) ;
#1747 = VERTEX_POINT ( 'NONE', #4495 ) ;
#1748 = FACE_OUTER_BOUND ( 'NONE', #3404, .T. ) ;
#1749 = CARTESIAN_POINT ( 'NONE',  ( -10.91777795396625272, 4.852072682277735360, 9.499999999999996447 ) ) ;
#1750 = CARTESIAN_POINT ( 'NONE',  ( -19.70710678118655323, -24.43933982822016659, -9.707106781186547906 ) ) ;
#1751 = LINE ( 'NONE', #3211, #4674 ) ;
#1752 = EDGE_CURVE ( 'NONE', #3971, #3695, #2266, .T. ) ;
#1753 = ADVANCED_FACE ( 'NONE', ( #863 ), #1910, .T. ) ;
#1754 = VERTEX_POINT ( 'NONE', #3070 ) ;
#1755 = CARTESIAN_POINT ( 'NONE',  ( -7.910091639849174960, 3.746645012438337474, 9.499999999999994671 ) ) ;
#1756 = CARTESIAN_POINT ( 'NONE',  ( -10.74780545527312547, 3.659341507747735811, 9.999999999999994671 ) ) ;
#1757 = LINE ( 'NONE', #1056, #2543 ) ;
#1758 = EDGE_CURVE ( 'NONE', #1718, #1188, #4135, .T. ) ;
#1759 = VECTOR ( 'NONE', #3059, 1000.000000000000000 ) ;
#1760 = ORIENTED_EDGE ( 'NONE', *, *, #3449, .F. ) ;
#1761 = CARTESIAN_POINT ( 'NONE',  ( -10.19254807659878814, 4.263190462710908513, 9.499999999999996447 ) ) ;
#1762 = CARTESIAN_POINT ( 'NONE',  ( 23.99999999999998579, 0.000000000000000000, 4.999999999999998224 ) ) ;
#1763 = CARTESIAN_POINT ( 'NONE',  ( 13.99999999999999645, 10.50000000000000000, -5.000000000000000000 ) ) ;
#1764 = CARTESIAN_POINT ( 'NONE',  ( 19.51706398339744197, -24.15427563153650681, -9.897149578975660944 ) ) ;
#1765 = CARTESIAN_POINT ( 'NONE',  ( -8.673367386930305400, 4.684180621136959211, 9.499999999999994671 ) ) ;
#1766 = APPROVAL_PERSON_ORGANIZATION ( #2515, #813, #1044 ) ;
#1767 = EDGE_CURVE ( 'NONE', #3281, #3152, #840, .T. ) ;
#1768 = ORIENTED_EDGE ( 'NONE', *, *, #2959, .F. ) ;
#1769 = DIRECTION ( 'NONE',  ( -0.000000000000000000, 1.000000000000000000, 0.000000000000000000 ) ) ;
#1770 = DIRECTION ( 'NONE',  ( 0.9906588508047015074, -0.000000000000000000, 0.1363636363636148152 ) ) ;
#1771 = CALENDAR_DATE ( 2026, 15, 6 ) ;
#1772 = AXIS2_PLACEMENT_3D ( 'NONE', #1342, #1654, #4174 ) ;
#1773 = ORIENTED_EDGE ( 'NONE', *, *, #1229, .F. ) ;
#1774 = B_SPLINE_SURFACE_WITH_KNOTS ( 'NONE', 3, 1, ( 
 ( #4267, #877 ),
 ( #2422, #2779 ),
 ( #3111, #2043 ),
 ( #548, #4583 ),
 ( #3537, #3468 ),
 ( #3443, #4557 ),
 ( #3489, #3135 ),
 ( #3062, #2353 ),
 ( #4246, #163 ),
 ( #901, #4606 ),
 ( #3873, #927 ) ),
 .UNSPECIFIED., .F., .F., .F.,
 ( 4, 1, 1, 1, 1, 1, 1, 1, 4 ),
 ( 2, 2 ),
 ( 0.000000000000000000, 0.1248700636199819303, 0.2434858894426115139, 0.3629263138288142398, 0.4841463935337753655, 0.6067873673243882049, 0.7290275327010896644, 0.8580158402514963534, 1.000000000000000000 ),
 ( 0.000000000000000000, 1.000000000000000000 ),
 .UNSPECIFIED. ) ;
#1775 = AXIS2_PLACEMENT_3D ( 'NONE', #2733, #4201, #1659 ) ;
#1776 = ORIENTED_EDGE ( 'NONE', *, *, #816, .F. ) ;
#1777 = AXIS2_PLACEMENT_3D ( 'NONE', #2758, #4231, #573 ) ;
#1778 = LINE ( 'NONE', #3558, #742 ) ;
#1779 = DIRECTION ( 'NONE',  ( 0.000000000000000000, 0.000000000000000000, 1.000000000000000000 ) ) ;
#1780 = CARTESIAN_POINT ( 'NONE',  ( 19.00000000000000355, -23.99999999999998934, -10.00000000000000000 ) ) ;
#1781 = LINE ( 'NONE', #1464, #455 ) ;
#1782 = AXIS2_PLACEMENT_3D ( 'NONE', #611, #2798, #3583 ) ;
#1783 = CIRCLE ( 'NONE', #2995, 2.250000000000000444 ) ;
#1784 = EDGE_LOOP ( 'NONE', ( #1908, #2591, #2966, #4623 ) ) ;
#1785 = CARTESIAN_POINT ( 'NONE',  ( -16.49031785523684945, 4.217679517995065908, 9.500000000000000000 ) ) ;
#1786 = DIRECTION ( 'NONE',  ( -0.9906588508047015074, 0.000000000000000000, -0.1363636363636148152 ) ) ;
#1787 = CARTESIAN_POINT ( 'NONE',  ( -10.45972732305172315, 4.763203644927167524, 9.999999999999992895 ) ) ;
#1788 = EDGE_CURVE ( 'NONE', #3576, #3695, #1249, .T. ) ;
#1789 = VERTEX_POINT ( 'NONE', #3790 ) ;
#1790 = CARTESIAN_POINT ( 'NONE',  ( -10.83889077459144268, 4.855547751615681307, 9.999999999999998224 ) ) ;
#1791 = CARTESIAN_POINT ( 'NONE',  ( -10.00000000000000178, 12.00000000000000000, 1.500000000000000444 ) ) ;
#1792 = LINE ( 'NONE', #3990, #2993 ) ;
#1793 = FACE_OUTER_BOUND ( 'NONE', #3203, .T. ) ;
#1794 = EDGE_CURVE ( 'NONE', #683, #2032, #1545, .T. ) ;
#1795 = ADVANCED_FACE ( 'NONE', ( #101 ), #1183, .F. ) ;
#1796 = APPLICATION_CONTEXT ( 'configuration controlled 3d designs of mechanical parts and assemblies' ) ;
#1797 = VERTEX_POINT ( 'NONE', #1933 ) ;
#1798 = CARTESIAN_POINT ( 'NONE',  ( -10.19708306877394399, 4.132382237059232466, 9.499999999999998224 ) ) ;
#1799 = EDGE_CURVE ( 'NONE', #1207, #292, #2337, .T. ) ;
#1800 = CARTESIAN_POINT ( 'NONE',  ( -10.78668870159878601, 3.657331087710908424, 9.999999999999996447 ) ) ;
#1801 = COORDINATED_UNIVERSAL_TIME_OFFSET ( 3, 0, .AHEAD. ) ;
#1802 = ORIENTED_EDGE ( 'NONE', *, *, #1767, .F. ) ;
#1803 = ORIENTED_EDGE ( 'NONE', *, *, #4250, .T. ) ;
#1804 = DIRECTION ( 'NONE',  ( -0.000000000000000000, -1.000000000000000000, 0.000000000000000000 ) ) ;
#1805 = CARTESIAN_POINT ( 'NONE',  ( -11.03082364598734166, 4.817574663822189684, 9.999999999999996447 ) ) ;
#1806 = CARTESIAN_POINT ( 'NONE',  ( 0.000000000000000000, 2.500000000000000000, 0.5000000000000000000 ) ) ;
#1807 = DIRECTION ( 'NONE',  ( 0.000000000000000000, 0.000000000000000000, -1.000000000000000000 ) ) ;
#1808 = ORIENTED_EDGE ( 'NONE', *, *, #4610, .F. ) ;
#1809 = CARTESIAN_POINT ( 'NONE',  ( -7.642548076598787432, 4.263190462710908513, 9.999999999999996447 ) ) ;
#1810 = CARTESIAN_POINT ( 'NONE',  ( -9.045454545454735040, 16.50000000000000355, -6.934611955632672853 ) ) ;
#1811 = CARTESIAN_POINT ( 'NONE',  ( -10.67861541957982752, 4.852081519184668679, 10.00000000000000000 ) ) ;
#1812 = VERTEX_POINT ( 'NONE', #3770 ) ;
#1813 = CARTESIAN_POINT ( 'NONE',  ( -10.19418344345463723, 4.303336539538842764, 9.999999999999996447 ) ) ;
#1814 = CARTESIAN_POINT ( 'NONE',  ( -26.74999999999998934, 2.500000000000000000, 4.000000000000000000 ) ) ;
#1815 =( BOUNDED_CURVE ( )  B_SPLINE_CURVE ( 3, ( #3548, #2126, #1764, #2938 ),
 .UNSPECIFIED., .F., .T. ) 
 B_SPLINE_CURVE_WITH_KNOTS ( ( 4, 4 ),
 ( 3.141592653589796669, 3.926990816987240951 ),
 .UNSPECIFIED. ) 
 CURVE ( )  GEOMETRIC_REPRESENTATION_ITEM ( )  RATIONAL_B_SPLINE_CURVE ( ( 1.000000000000000000, 0.9492530216741915661, 0.9492530216741915661, 1.000000000000000000 ) ) 
 REPRESENTATION_ITEM ( '' )  );
#1816 = CARTESIAN_POINT ( 'NONE',  ( -26.74999999999998934, 2.500000000000000000, 4.000000000000000000 ) ) ;
#1817 = DIRECTION ( 'NONE',  ( -0.000000000000000000, 1.000000000000000000, -0.000000000000000000 ) ) ;
#1818 = PRODUCT ( 'servo_body_sldprt', 'servo_body_sldprt', '', ( #542 ) ) ;
#1819 = ADVANCED_FACE ( 'NONE', ( #489 ), #1593, .T. ) ;
#1820 = ORIENTED_EDGE ( 'NONE', *, *, #2521, .T. ) ;
#1821 = EDGE_CURVE ( 'NONE', #1924, #804, #3141, .T. ) ;
#1822 = CARTESIAN_POINT ( 'NONE',  ( -13.37671173369988509, 3.659429409365844155, 9.499999999999996447 ) ) ;
#1823 = VECTOR ( 'NONE', #1496, 1000.000000000000000 ) ;
#1824 = PLANE ( 'NONE',  #2322 ) ;
#1825 = APPROVAL_ROLE ( '' ) ;
#1826 = ORIENTED_EDGE ( 'NONE', *, *, #4484, .T. ) ;
#1827 = ADVANCED_FACE ( 'NONE', ( #1348 ), #3473, .F. ) ;
#1828 = ORIENTED_EDGE ( 'NONE', *, *, #4507, .T. ) ;
#1829 = CARTESIAN_POINT ( 'NONE',  ( -13.68376994224398757, 4.761365935114647563, 9.500000000000000000 ) ) ;
#1830 = CARTESIAN_POINT ( 'NONE',  ( -11.39075892709140625, 4.302525162645351564, 9.499999999999998224 ) ) ;
#1831 = CARTESIAN_POINT ( 'NONE',  ( -6.877501000800803510, 10.50000000000000000, -9.500000000000000000 ) ) ;
#1832 = CARTESIAN_POINT ( 'NONE',  ( -10.00000000000000178, 18.00000000000000355, 0.000000000000000000 ) ) ;
#1833 = EDGE_CURVE ( 'NONE', #2451, #2885, #171, .T. ) ;
#1834 = VERTEX_POINT ( 'NONE', #4636 ) ;
#1835 = CARTESIAN_POINT ( 'NONE',  ( -16.31627804807781246, 3.813939344366135131, 9.500000000000000000 ) ) ;
#1836 = CARTESIAN_POINT ( 'NONE',  ( 10.58823529411765563, -38.11764705882352189, 0.5882352941176637318 ) ) ;
#1837 = DIRECTION ( 'NONE',  ( 0.000000000000000000, -1.000000000000000000, 1.084202172485504434E-16 ) ) ;
#1838 = ORIENTED_EDGE ( 'NONE', *, *, #3156, .F. ) ;
#1839 = CARTESIAN_POINT ( 'NONE',  ( -10.45972732305172315, 4.763203644927167524, 9.499999999999992895 ) ) ;
#1840 = CARTESIAN_POINT ( 'NONE',  ( -12.74410173964085580, 4.218376293701555646, 9.999999999999994671 ) ) ;
#1841 = CARTESIAN_POINT ( 'NONE',  ( -15.88668870159878921, 3.657331087710908424, 9.999999999999996447 ) ) ;
#1842 = ORIENTED_EDGE ( 'NONE', *, *, #173, .T. ) ;
#1843 = CARTESIAN_POINT ( 'NONE',  ( -19.00000000000000355, 8.999999999999998224, 8.999999999999998224 ) ) ;
#1844 = AXIS2_PLACEMENT_3D ( 'NONE', #569, #550, #1705 ) ;
#1845 = LINE ( 'NONE', #824, #4002 ) ;
#1846 = B_SPLINE_CURVE_WITH_KNOTS ( 'NONE', 3,
 ( #2103, #2387, #1691, #3225, #3148, #4695, #3198, #3479, #1409, #4620, #297 ),
 .UNSPECIFIED., .F., .F.,
 ( 4, 1, 1, 1, 1, 1, 1, 1, 4 ),
 ( 0.000000000000000000, 0.1284893937998344560, 0.2515703310852771546, 0.3749708213203460372, 0.5021068943257277484, 0.6298912076876398425, 0.7516855493226266560, 0.8727485777653849475, 1.000000000000000000 ),
 .UNSPECIFIED. ) ;
#1847 = ADVANCED_FACE ( 'NONE', ( #882 ), #619, .F. ) ;
#1848 = PERSON_AND_ORGANIZATION ( #886, #2226 ) ;
#1849 = VERTEX_POINT ( 'NONE', #189 ) ;
#1850 = VERTEX_POINT ( 'NONE', #4273 ) ;
#1851 = DIRECTION ( 'NONE',  ( -1.000000000000000000, 0.000000000000000000, 0.000000000000000000 ) ) ;
#1852 = DIRECTION ( 'NONE',  ( -0.000000000000000000, -1.000000000000000000, -0.000000000000000000 ) ) ;
#1853 = CARTESIAN_POINT ( 'NONE',  ( -26.74999999999998934, 2.500000000000000000, 9.999999999999998224 ) ) ;
#1854 = EDGE_CURVE ( 'NONE', #2057, #3008, #472, .T. ) ;
#1855 = CARTESIAN_POINT ( 'NONE',  ( -13.58082364598734237, 4.817574663822189684, 9.499999999999996447 ) ) ;
#1856 = AXIS2_PLACEMENT_3D ( 'NONE', #1959, #1568, #3340 ) ;
#1857 = EDGE_LOOP ( 'NONE', ( #2630, #452, #34, #731 ) ) ;
#1858 = AXIS2_PLACEMENT_3D ( 'NONE', #3372, #426, #780 ) ;
#1859 = CYLINDRICAL_SURFACE ( 'NONE', #3658, 2.050000000000000266 ) ;
#1860 = CARTESIAN_POINT ( 'NONE',  ( -10.23304545312473834, 4.011504287093311305, 9.999999999999994671 ) ) ;
#1861 = AXIS2_PLACEMENT_3D ( 'NONE', #462, #4542, #2691 ) ;
#1862 = DIRECTION ( 'NONE',  ( 0.000000000000000000, 1.000000000000000000, 0.000000000000000000 ) ) ;
#1863 = EDGE_CURVE ( 'NONE', #1323, #1539, #4454, .T. ) ;
#1864 = CARTESIAN_POINT ( 'NONE',  ( -8.840758927091405539, 4.302525162645351564, 9.999999999999998224 ) ) ;
#1865 = AXIS2_PLACEMENT_3D ( 'NONE', #4563, #1662, #2099 ) ;
#1866 = VERTEX_POINT ( 'NONE', #981 ) ;
#1867 = VECTOR ( 'NONE', #4490, 1000.000000000000000 ) ;
#1868 = DIRECTION ( 'NONE',  ( 0.000000000000000000, 0.000000000000000000, 1.000000000000000000 ) ) ;
#1869 = CARTESIAN_POINT ( 'NONE',  ( -7.644101739640854376, 4.218376293701555646, 9.999999999999994671 ) ) ;
#1870 = DIRECTION ( 'NONE',  ( 1.000000000000000000, 0.000000000000000000, 0.000000000000000000 ) ) ;
#1871 = VERTEX_POINT ( 'NONE', #1732 ) ;
#1872 = DIRECTION ( 'NONE',  ( 0.000000000000000000, 0.000000000000000000, 1.000000000000000000 ) ) ;
#1873 = DIRECTION ( 'NONE',  ( -0.000000000000000000, -1.000000000000000000, -0.000000000000000000 ) ) ;
#1874 = VERTEX_POINT ( 'NONE', #3834 ) ;
#1875 = ORIENTED_EDGE ( 'NONE', *, *, #1799, .F. ) ;
#1876 = DIRECTION ( 'NONE',  ( -0.000000000000000000, 1.000000000000000000, -0.000000000000000000 ) ) ;
#1877 = CARTESIAN_POINT ( 'NONE',  ( -12.91855283906423679, 4.685782656872675922, 9.499999999999994671 ) ) ;
#1878 = LINE ( 'NONE', #3952, #3587 ) ;
#1879 = ORIENTED_EDGE ( 'NONE', *, *, #229, .F. ) ;
#1880 = EDGE_CURVE ( 'NONE', #3206, #2670, #2410, .T. ) ;
#1881 = CARTESIAN_POINT ( 'NONE',  ( -10.00000000000000178, 18.00000000000000355, 0.000000000000000000 ) ) ;
#1882 = CARTESIAN_POINT ( 'NONE',  ( -13.93606154533482666, 4.130823258813754784, 9.999999999999998224 ) ) ;
#1883 = CARTESIAN_POINT ( 'NONE',  ( -12.78414544758592086, 4.493292991900848854, 9.999999999999992895 ) ) ;
#1884 = LINE ( 'NONE', #2816, #833 ) ;
#1885 = ORIENTED_EDGE ( 'NONE', *, *, #4401, .T. ) ;
#1886 = EDGE_CURVE ( 'NONE', #342, #4460, #3830, .T. ) ;
#1887 = CARTESIAN_POINT ( 'NONE',  ( -10.00000000000000178, 19.50000000000000000, 0.000000000000000000 ) ) ;
#1888 = CARTESIAN_POINT ( 'NONE',  ( -10.00000000000000178, 2.000000000000000000, 0.000000000000000000 ) ) ;
#1889 = LINE ( 'NONE', #3341, #2463 ) ;
#1890 = VERTEX_POINT ( 'NONE', #1294 ) ;
#1891 = CARTESIAN_POINT ( 'NONE',  ( -19.00000000000000355, 9.000000000000000000, 9.999999999999996447 ) ) ;
#1892 = CARTESIAN_POINT ( 'NONE',  ( -10.00000000000000178, 19.50000000000000000, -6.999999999999760192 ) ) ;
#1893 = ORIENTED_EDGE ( 'NONE', *, *, #3025, .T. ) ;
#1894 = ORIENTED_EDGE ( 'NONE', *, *, #2258, .F. ) ;
#1895 = CIRCLE ( 'NONE', #4035, 1.000000000000000888 ) ;
#1896 = AXIS2_PLACEMENT_3D ( 'NONE', #1030, #2502, #668 ) ;
#1897 = CARTESIAN_POINT ( 'NONE',  ( -19.51706398339743842, -24.15427563153649970, 9.897149578975657391 ) ) ;
#1898 = CYLINDRICAL_SURFACE ( 'NONE', #2768, 0.9999999999999991118 ) ;
#1899 = CARTESIAN_POINT ( 'NONE',  ( -7.909727323051725989, 4.763203644927169300, 9.499999999999996447 ) ) ;
#1900 = ORIENTED_EDGE ( 'NONE', *, *, #1017, .T. ) ;
#1901 = CARTESIAN_POINT ( 'NONE',  ( -20.00000000000000355, 0.000000000000000000, 8.999999999999998224 ) ) ;
#1902 = CARTESIAN_POINT ( 'NONE',  ( 23.99999999999998579, 2.500000000000000000, -2.749999999999998224 ) ) ;
#1903 = DIRECTION ( 'NONE',  ( 0.000000000000000000, 0.000000000000000000, 1.000000000000000000 ) ) ;
#1904 = CARTESIAN_POINT ( 'NONE',  ( -13.94031785523684697, 4.217679517995065019, 9.499999999999998224 ) ) ;
#1905 = EDGE_CURVE ( 'NONE', #4709, #4074, #907, .T. ) ;
#1906 = B_SPLINE_CURVE_WITH_KNOTS ( 'NONE', 3,
 ( #755, #2653, #2229, #3710, #4414, #2631, #20, #3461, #1170, #3689, #1506 ),
 .UNSPECIFIED., .F., .F.,
 ( 4, 1, 1, 1, 1, 1, 1, 1, 4 ),
 ( 0.000000000000000000, 0.1284893937998342062, 0.2515703310852802077, 0.3749708213203472584, 0.5021068943257287476, 0.6298912076876405086, 0.7516855493226272111, 0.8727485777653851695, 1.000000000000000000 ),
 .UNSPECIFIED. ) ;
#1907 = ADVANCED_FACE ( 'NONE', ( #239 ), #4588, .F. ) ;
#1908 = ORIENTED_EDGE ( 'NONE', *, *, #4602, .F. ) ;
#1909 = LINE ( 'NONE', #4446, #2960 ) ;
#1910 = PLANE ( 'NONE',  #918 ) ;
#1911 = CARTESIAN_POINT ( 'NONE',  ( 26.01556443707462307, 0.000000000000000000, 4.000000000000000000 ) ) ;
#1912 = ADVANCED_FACE ( 'NONE', ( #572 ), #2048, .T. ) ;
#1913 = VERTEX_POINT ( 'NONE', #4252 ) ;
#1914 = CARTESIAN_POINT ( 'NONE',  ( -13.94254807659878637, 4.263190462710908513, 9.499999999999996447 ) ) ;
#1915 = CARTESIAN_POINT ( 'NONE',  ( -11.39031785523684803, 4.217679517995065908, 9.999999999999998224 ) ) ;
#1916 = EDGE_CURVE ( 'NONE', #3445, #887, #436, .T. ) ;
#1917 = ORIENTED_EDGE ( 'NONE', *, *, #3305, .F. ) ;
#1918 = AXIS2_PLACEMENT_3D ( 'NONE', #186, #3851, #2590 ) ;
#1919 = ORIENTED_EDGE ( 'NONE', *, *, #2278, .F. ) ;
#1920 = DIRECTION ( 'NONE',  ( 0.000000000000000000, 0.000000000000000000, 1.000000000000000000 ) ) ;
#1921 = CARTESIAN_POINT ( 'NONE',  ( -7.910091639849174960, 3.746645012438337474, 9.499999999999994671 ) ) ;
#1922 = DIRECTION ( 'NONE',  ( 0.000000000000000000, 0.000000000000000000, 1.000000000000000000 ) ) ;
#1923 = VECTOR ( 'NONE', #2611, 1000.000000000000000 ) ;
#1924 = VERTEX_POINT ( 'NONE', #2069 ) ;
#1925 = FACE_OUTER_BOUND ( 'NONE', #299, .T. ) ;
#1926 = CARTESIAN_POINT ( 'NONE',  ( 19.00000000000000000, 2.500000000000000000, -9.999999999999998224 ) ) ;
#1927 = CARTESIAN_POINT ( 'NONE',  ( -26.74999999999998934, 0.000000000000000000, 0.5000000000000000000 ) ) ;
#1928 = CARTESIAN_POINT ( 'NONE',  ( -10.00000000000000178, 9.000000000000000000, 0.000000000000000000 ) ) ;
#1929 = VECTOR ( 'NONE', #3949, 1000.000000000000000 ) ;
#1930 = ORIENTED_EDGE ( 'NONE', *, *, #2933, .T. ) ;
#1931 = VECTOR ( 'NONE', #3223, 1000.000000000000227 ) ;
#1932 = PLANE ( 'NONE',  #3412 ) ;
#1933 = CARTESIAN_POINT ( 'NONE',  ( -11.39254807659878743, 4.263190462710908513, 9.499999999999996447 ) ) ;
#1934 = EDGE_CURVE ( 'NONE', #2512, #2302, #4348, .T. ) ;
#1935 = AXIS2_PLACEMENT_3D ( 'NONE', #126, #4136, #532 ) ;
#1936 = DIRECTION ( 'NONE',  ( -0.000000000000000000, -1.000000000000000000, -0.000000000000000000 ) ) ;
#1937 = VECTOR ( 'NONE', #3940, 1000.000000000000000 ) ;
#1938 = ORIENTED_EDGE ( 'NONE', *, *, #1015, .F. ) ;
#1939 = EDGE_CURVE ( 'NONE', #2181, #3427, #1629, .T. ) ;
#1940 = CARTESIAN_POINT ( 'NONE',  ( -10.67861541957982752, 4.852081519184668679, 9.500000000000000000 ) ) ;
#1941 = PLANE ( 'NONE',  #2165 ) ;
#1942 = VECTOR ( 'NONE', #4286, 1000.000000000000000 ) ;
#1943 = CARTESIAN_POINT ( 'NONE',  ( 26.01556443707462307, 2.500000000000000000, -4.000000000000000000 ) ) ;
#1944 =( BOUNDED_CURVE ( )  B_SPLINE_CURVE ( 3, ( #3775, #4750, #4143, #2648 ),
 .UNSPECIFIED., .F., .F. ) 
 B_SPLINE_CURVE_WITH_KNOTS ( ( 4, 4 ),
 ( 2.356194490192345725, 3.141592653589793116 ),
 .UNSPECIFIED. ) 
 CURVE ( )  GEOMETRIC_REPRESENTATION_ITEM ( )  RATIONAL_B_SPLINE_CURVE ( ( 1.000000000000000000, 0.9492530216741912330, 0.9492530216741912330, 1.000000000000000000 ) ) 
 REPRESENTATION_ITEM ( '' )  );
#1945 = EDGE_LOOP ( 'NONE', ( #689, #3051, #2309, #2635 ) ) ;
#1946 = ADVANCED_FACE ( 'NONE', ( #4 ), #2574, .T. ) ;
#1947 = ORIENTED_EDGE ( 'NONE', *, *, #1174, .T. ) ;
#1948 = LINE ( 'NONE', #4148, #2019 ) ;
#1949 = DIRECTION ( 'NONE',  ( -0.000000000000000000, 1.000000000000000000, -0.000000000000000000 ) ) ;
#1950 = CIRCLE ( 'NONE', #1175, 1.000000000000000000 ) ;
#1951 = VERTEX_POINT ( 'NONE', #740 ) ;
#1952 = FACE_OUTER_BOUND ( 'NONE', #286, .T. ) ;
#1953 = FACE_OUTER_BOUND ( 'NONE', #1211, .T. ) ;
#1954 = DIRECTION ( 'NONE',  ( -0.000000000000000000, -1.000000000000000000, -0.000000000000000000 ) ) ;
#1955 = ORIENTED_EDGE ( 'NONE', *, *, #3156, .T. ) ;
#1956 = CARTESIAN_POINT ( 'NONE',  ( -13.94254807659878637, 4.263190462710908513, 9.999999999999996447 ) ) ;
#1957 = EDGE_LOOP ( 'NONE', ( #1677, #3928, #4477, #3371 ) ) ;
#1958 = DIRECTION ( 'NONE',  ( 0.000000000000000000, 0.000000000000000000, -1.000000000000000000 ) ) ;
#1959 = CARTESIAN_POINT ( 'NONE',  ( -19.00000000000000355, -27.00000000000000000, -9.000000000000001776 ) ) ;
#1960 = CARTESIAN_POINT ( 'NONE',  ( -26.01556443707462307, 0.000000000000000000, -4.000000000000000000 ) ) ;
#1961 = ORIENTED_EDGE ( 'NONE', *, *, #496, .T. ) ;
#1962 = CARTESIAN_POINT ( 'NONE',  ( -10.56496188897878952, 4.817061521759208986, 9.499999999999996447 ) ) ;
#1963 = CARTESIAN_POINT ( 'NONE',  ( -13.93723908575593562, 4.379909362331369849, 9.499999999999994671 ) ) ;
#1964 = CARTESIAN_POINT ( 'NONE',  ( -15.29410173964085828, 4.218376293701556534, 9.999999999999996447 ) ) ;
#1965 = EDGE_CURVE ( 'NONE', #2512, #984, #2215, .T. ) ;
#1966 = ADVANCED_FACE ( 'NONE', ( #4711 ), #4736, .T. ) ;
#1967 = ORIENTED_EDGE ( 'NONE', *, *, #1195, .T. ) ;
#1968 = EDGE_LOOP ( 'NONE', ( #1768, #528, #2411, #2676 ) ) ;
#1969 = CARTESIAN_POINT ( 'NONE',  ( -13.11496188897879023, 4.817061521759208986, 9.499999999999996447 ) ) ;
#1970 = FACE_BOUND ( 'NONE', #1587, .T. ) ;
#1971 = EDGE_CURVE ( 'NONE', #2942, #4031, #1271, .T. ) ;
#1972 = VECTOR ( 'NONE', #3052, 1000.000000000000000 ) ;
#1973 = VERTEX_POINT ( 'NONE', #3266 ) ;
#1974 = DIRECTION ( 'NONE',  ( 1.000000000000000000, -0.000000000000000000, -0.000000000000000000 ) ) ;
#1975 = DIRECTION ( 'NONE',  ( -0.000000000000000000, 1.000000000000000000, 0.000000000000000000 ) ) ;
#1976 = DIRECTION ( 'NONE',  ( -1.000000000000000000, -1.826024711554534653E-16, 0.000000000000000000 ) ) ;
#1977 = ORIENTED_EDGE ( 'NONE', *, *, #4375, .F. ) ;
#1978 = DIRECTION ( 'NONE',  ( 0.6019292654288395106, 0.6019292654288453948, 0.5247497678328101323 ) ) ;
#1979 = ADVANCED_FACE ( 'NONE', ( #368 ), #3228, .T. ) ;
#1980 = ORIENTED_EDGE ( 'NONE', *, *, #114, .T. ) ;
#1981 = CARTESIAN_POINT ( 'NONE',  ( -10.00000000000000178, 18.00000000000000355, 0.000000000000000000 ) ) ;
#1982 = DIRECTION ( 'NONE',  ( 1.000000000000000000, 0.000000000000000000, 0.000000000000000000 ) ) ;
#1983 = DIRECTION ( 'NONE',  ( -0.000000000000000000, -1.000000000000000000, -0.000000000000000000 ) ) ;
#1984 = AXIS2_PLACEMENT_3D ( 'NONE', #4151, #1287, #586 ) ;
#1985 = ORIENTED_EDGE ( 'NONE', *, *, #695, .F. ) ;
#1986 = LINE ( 'NONE', #1597, #1972 ) ;
#1987 = LINE ( 'NONE', #846, #2467 ) ;
#1988 = CARTESIAN_POINT ( 'NONE',  ( -20.00000000000000355, 9.000000000000000000, 9.999999999999996447 ) ) ;
#1989 = ORIENTED_EDGE ( 'NONE', *, *, #4194, .T. ) ;
#1990 = ORIENTED_EDGE ( 'NONE', *, *, #1574, .F. ) ;
#1991 = EDGE_CURVE ( 'NONE', #3799, #1973, #2906, .T. ) ;
#1992 = CARTESIAN_POINT ( 'NONE',  ( -10.28763695707778680, 3.903863005938844832, 10.00000000000000000 ) ) ;
#1993 = CARTESIAN_POINT ( 'NONE',  ( -15.38763695707778290, 3.903863005938843944, 9.999999999999996447 ) ) ;
#1994 = AXIS2_PLACEMENT_3D ( 'NONE', #1395, #1027, #665 ) ;
#1995 = EDGE_LOOP ( 'NONE', ( #2333, #4162 ) ) ;
#1996 = EDGE_CURVE ( 'NONE', #3427, #3388, #1082, .T. ) ;
#1997 = CARTESIAN_POINT ( 'NONE',  ( -34.81225774829854203, -20.00000000000000000, -3.499999999999998668 ) ) ;
#1998 = CARTESIAN_POINT ( 'NONE',  ( -16.39546098914201622, 3.901807813459206020, 9.499999999999994671 ) ) ;
#1999 = ADVANCED_FACE ( 'NONE', ( #1007 ), #2480, .F. ) ;
#2000 =( GEOMETRIC_REPRESENTATION_CONTEXT ( 3 ) GLOBAL_UNCERTAINTY_ASSIGNED_CONTEXT ( ( #3680 ) ) GLOBAL_UNIT_ASSIGNED_CONTEXT ( ( #2795, #4243, #3157 ) ) REPRESENTATION_CONTEXT ( 'NONE', 'WORKASPACE' ) );
#2001 = CARTESIAN_POINT ( 'NONE',  ( 13.99999999999999645, 10.50000000000000000, -8.500000000000000000 ) ) ;
#2002 = CARTESIAN_POINT ( 'NONE',  ( -15.85790853901124642, 4.855556330130764486, 9.499999999999994671 ) ) ;
#2003 = AXIS2_PLACEMENT_3D ( 'NONE', #874, #2970, #1922 ) ;
#2004 = EDGE_LOOP ( 'NONE', ( #1893, #18, #485, #4627 ) ) ;
#2005 = ADVANCED_FACE ( 'NONE', ( #3216 ), #4325, .T. ) ;
#2006 = LINE ( 'NONE', #3833, #2808 ) ;
#2007 = CARTESIAN_POINT ( 'NONE',  ( -16.49254807659879418, 4.263190462710909401, 9.999999999999998224 ) ) ;
#2008 = CARTESIAN_POINT ( 'NONE',  ( 18.99999999999999645, -27.00000000000000000, 8.999999999999998224 ) ) ;
#2009 = AXIS2_PLACEMENT_3D ( 'NONE', #1370, #3902, #934 ) ;
#2010 = VERTEX_POINT ( 'NONE', #3593 ) ;
#2011 = VECTOR ( 'NONE', #1452, 1000.000000000000000 ) ;
#2012 = CARTESIAN_POINT ( 'NONE',  ( -10.00000000000000178, 14.00000000000000000, -4.500000000000003553 ) ) ;
#2013 = CARTESIAN_POINT ( 'NONE',  ( 11.33333333333333037, 10.50000000000000000, 0.000000000000000000 ) ) ;
#2014 = LINE ( 'NONE', #4123, #1694 ) ;
#2015 = CIRCLE ( 'NONE', #3068, 4.000000000000234479 ) ;
#2016 = CARTESIAN_POINT ( 'NONE',  ( -8.354753205665357285, 3.663520956208037749, 9.499999999999996447 ) ) ;
#2017 = ORIENTED_EDGE ( 'NONE', *, *, #2440, .F. ) ;
#2018 = VERTEX_POINT ( 'NONE', #315 ) ;
#2019 = VECTOR ( 'NONE', #1578, 1000.000000000000000 ) ;
#2020 = CARTESIAN_POINT ( 'NONE',  ( -8.842548076598786722, 4.263190462710908513, 9.499999999999996447 ) ) ;
#2021 = CARTESIAN_POINT ( 'NONE',  ( -11.01802928365744805, 3.693716400550712819, 9.499999999999994671 ) ) ;
#2022 = VERTEX_POINT ( 'NONE', #786 ) ;
#2023 = FACE_OUTER_BOUND ( 'NONE', #198, .T. ) ;
#2024 = CARTESIAN_POINT ( 'NONE',  ( -16.31627804807781246, 3.813939344366135131, 10.00000000000000000 ) ) ;
#2025 = DIRECTION ( 'NONE',  ( 0.000000000000000000, 0.000000000000000000, -1.000000000000000000 ) ) ;
#2026 = CARTESIAN_POINT ( 'NONE',  ( 12.99999999999999645, 9.000000000000000000, 9.500000000000001776 ) ) ;
#2027 = EDGE_CURVE ( 'NONE', #2451, #379, #4488, .T. ) ;
#2028 = ADVANCED_FACE ( 'NONE', ( #3401 ), #1197, .F. ) ;
#2029 = CARTESIAN_POINT ( 'NONE',  ( -16.49075892709140589, 4.302525162645350676, 9.499999999999996447 ) ) ;
#2030 = DIRECTION ( 'NONE',  ( 0.000000000000000000, -1.000000000000000000, 0.000000000000000000 ) ) ;
#2031 = DIRECTION ( 'NONE',  ( 0.000000000000000000, -0.000000000000000000, 1.000000000000000000 ) ) ;
#2032 = VERTEX_POINT ( 'NONE', #2997 ) ;
#2033 = CARTESIAN_POINT ( 'NONE',  ( -11.39075892709140625, 4.302525162645351564, 9.999999999999998224 ) ) ;
#2034 = FACE_OUTER_BOUND ( 'NONE', #4277, .T. ) ;
#2035 = CARTESIAN_POINT ( 'NONE',  ( 18.99999999999999645, -23.99999999999998934, 9.999999999999996447 ) ) ;
#2036 = CARTESIAN_POINT ( 'NONE',  ( -19.70710678118655323, -24.43933982822017015, 9.707106781186544353 ) ) ;
#2037 = ORIENTED_EDGE ( 'NONE', *, *, #3980, .F. ) ;
#2038 = ORIENTED_EDGE ( 'NONE', *, *, #3457, .F. ) ;
#2039 = CARTESIAN_POINT ( 'NONE',  ( -10.00000000000000178, 19.50000000000000000, 0.000000000000000000 ) ) ;
#2040 = CARTESIAN_POINT ( 'NONE',  ( -7.644183443454637406, 4.303336539538842764, 9.499999999999998224 ) ) ;
#2041 = ORIENTED_EDGE ( 'NONE', *, *, #4161, .T. ) ;
#2042 = CARTESIAN_POINT ( 'NONE',  ( -20.00000000000000355, 2.500000000000000000, 0.5000000000000000000 ) ) ;
#2043 = CARTESIAN_POINT ( 'NONE',  ( -8.354753205665357285, 3.663520956208037749, 9.999999999999996447 ) ) ;
#2044 = LINE ( 'NONE', #2064, #1239 ) ;
#2045 = CARTESIAN_POINT ( 'NONE',  ( -2.999999999999761968, 18.50000000000000000, 6.102458520956803412 ) ) ;
#2046 = EDGE_LOOP ( 'NONE', ( #1577, #4177, #2478, #3423, #657, #4560 ) ) ;
#2047 = CARTESIAN_POINT ( 'NONE',  ( -16.45209291573277000, 4.490605266450366173, 9.499999999999996447 ) ) ;
#2048 = CYLINDRICAL_SURFACE ( 'NONE', #2351, 1.000000000000000888 ) ;
#2049 = AXIS2_PLACEMENT_3D ( 'NONE', #493, #4141, #776 ) ;
#2050 = DIRECTION ( 'NONE',  ( -0.000000000000000000, -1.000000000000000000, -0.000000000000000000 ) ) ;
#2051 = ORIENTED_EDGE ( 'NONE', *, *, #1080, .F. ) ;
#2052 = DIRECTION ( 'NONE',  ( 0.000000000000000000, 0.000000000000000000, 1.000000000000000000 ) ) ;
#2053 = DIRECTION ( 'NONE',  ( -0.9892034623538707994, -0.1465486610894626562, -0.000000000000000000 ) ) ;
#2054 = CARTESIAN_POINT ( 'NONE',  ( -6.877501000800808839, 10.50000000000000000, 9.500000000000001776 ) ) ;
#2055 = EDGE_CURVE ( 'NONE', #2205, #4026, #1328, .T. ) ;
#2056 = CARTESIAN_POINT ( 'NONE',  ( -15.77152723890030650, 3.663285397959088030, 9.999999999999996447 ) ) ;
#2057 = VERTEX_POINT ( 'NONE', #1512 ) ;
#2058 = LINE ( 'NONE', #604, #3678 ) ;
#2059 = EDGE_CURVE ( 'NONE', #3687, #1351, #413, .T. ) ;
#2060 = CARTESIAN_POINT ( 'NONE',  ( -10.19410173964085509, 4.218376293701555646, 9.999999999999994671 ) ) ;
#2061 = ORIENTED_EDGE ( 'NONE', *, *, #2562, .T. ) ;
#2062 = FACE_OUTER_BOUND ( 'NONE', #2943, .T. ) ;
#2063 = DIRECTION ( 'NONE',  ( 0.000000000000000000, 0.000000000000000000, -1.000000000000000000 ) ) ;
#2064 = CARTESIAN_POINT ( 'NONE',  ( 19.00000000000000000, -23.99999999999998934, -10.00000000000000000 ) ) ;
#2065 = DIRECTION ( 'NONE',  ( 1.000000000000000000, 0.000000000000000000, -2.520441720969350620E-13 ) ) ;
#2066 = ORIENTED_EDGE ( 'NONE', *, *, #470, .F. ) ;
#2067 = VECTOR ( 'NONE', #627, 1000.000000000000114 ) ;
#2068 = CARTESIAN_POINT ( 'NONE',  ( -16.49254807659879063, 4.263190462710908513, 9.999999999999998224 ) ) ;
#2069 = CARTESIAN_POINT ( 'NONE',  ( -10.00000000000000178, 2.000000000000000000, -1.500000000000000444 ) ) ;
#2070 = CARTESIAN_POINT ( 'NONE',  ( -7.642548076598787432, 4.263190462710908513, 9.499999999999996447 ) ) ;
#2071 = AXIS2_PLACEMENT_3D ( 'NONE', #1433, #1064, #1872 ) ;
#2072 = PRODUCT_DEFINITION_FORMATION_WITH_SPECIFIED_SOURCE ( 'ANY', '', #1818, .NOT_KNOWN. ) ;
#2073 = ORIENTED_EDGE ( 'NONE', *, *, #3798, .T. ) ;
#2074 = FACE_BOUND ( 'NONE', #1046, .T. ) ;
#2075 = LINE ( 'NONE', #1714, #2920 ) ;
#2076 = CYLINDRICAL_SURFACE ( 'NONE', #78, 2.050000000000000266 ) ;
#2077 = VERTEX_POINT ( 'NONE', #2660 ) ;
#2078 = DIRECTION ( 'NONE',  ( -0.000000000000000000, -1.000000000000000000, -0.000000000000000000 ) ) ;
#2079 = AXIS2_PLACEMENT_3D ( 'NONE', #3307, #1852, #4462 ) ;
#2080 = EDGE_CURVE ( 'NONE', #590, #3938, #67, .T. ) ;
#2081 = ORIENTED_EDGE ( 'NONE', *, *, #2089, .F. ) ;
#2082 = DIRECTION ( 'NONE',  ( -0.000000000000000000, -0.000000000000000000, 1.000000000000000000 ) ) ;
#2083 = AXIS2_PLACEMENT_3D ( 'NONE', #2890, #1035, #2509 ) ;
#2084 = VECTOR ( 'NONE', #414, 1000.000000000000000 ) ;
#2085 = CARTESIAN_POINT ( 'NONE',  ( -12.74410173964085580, 4.218376293701555646, 9.499999999999994671 ) ) ;
#2086 = CARTESIAN_POINT ( 'NONE',  ( -11.35331000572271698, 4.007931246096332778, 9.499999999999994671 ) ) ;
#2087 = EDGE_CURVE ( 'NONE', #3803, #1121, #3392, .T. ) ;
#2088 = ORIENTED_EDGE ( 'NONE', *, *, #4375, .T. ) ;
#2089 = EDGE_CURVE ( 'NONE', #2702, #1849, #1950, .T. ) ;
#2090 = AXIS2_PLACEMENT_3D ( 'NONE', #479, #1213, #2677 ) ;
#2091 = ORIENTED_EDGE ( 'NONE', *, *, #2465, .T. ) ;
#2092 = CARTESIAN_POINT ( 'NONE',  ( -12.74410173964085580, 4.218376293701555646, 9.499999999999994671 ) ) ;
#2093 = FACE_BOUND ( 'NONE', #3705, .T. ) ;
#2094 = FACE_OUTER_BOUND ( 'NONE', #1099, .T. ) ;
#2095 = DIRECTION ( 'NONE',  ( -0.000000000000000000, 1.000000000000000000, 0.000000000000000000 ) ) ;
#2096 = ORIENTED_EDGE ( 'NONE', *, *, #2349, .F. ) ;
#2097 = DIRECTION ( 'NONE',  ( 0.000000000000000000, 1.000000000000000000, 0.000000000000000000 ) ) ;
#2098 = DIRECTION ( 'NONE',  ( 0.000000000000000000, 0.000000000000000000, 1.000000000000000000 ) ) ;
#2099 = DIRECTION ( 'NONE',  ( 0.9892034623538707994, 0.1465486610894626562, 0.000000000000000000 ) ) ;
#2100 = VERTEX_POINT ( 'NONE', #1902 ) ;
#2101 = LINE ( 'NONE', #216, #3107 ) ;
#2102 = CARTESIAN_POINT ( 'NONE',  ( -15.84780545527312690, 3.659341507747735367, 9.499999999999996447 ) ) ;
#2103 = CARTESIAN_POINT ( 'NONE',  ( -15.89840745159878566, 4.857331087710909046, 9.499999999999996447 ) ) ;
#2104 = DIRECTION ( 'NONE',  ( 0.000000000000000000, 0.000000000000000000, 1.000000000000000000 ) ) ;
#2105 = ORIENTED_EDGE ( 'NONE', *, *, #30, .T. ) ;
#2106 = ORIENTED_EDGE ( 'NONE', *, *, #4658, .F. ) ;
#2107 = CARTESIAN_POINT ( 'NONE',  ( -20.00000000000000355, -23.99999999999998934, -10.00000000000000000 ) ) ;
#2108 = EDGE_CURVE ( 'NONE', #2133, #1449, #3845, .T. ) ;
#2109 = EDGE_CURVE ( 'NONE', #1812, #2744, #4129, .T. ) ;
#2110 = VERTEX_POINT ( 'NONE', #2304 ) ;
#2111 = EDGE_LOOP ( 'NONE', ( #4624, #3234, #2770, #1938, #2446, #3115, #4728, #4133 ) ) ;
#2112 = CARTESIAN_POINT ( 'NONE',  ( -20.00000000000000355, 9.000000000000000000, 8.999999999999998224 ) ) ;
#2113 = DIRECTION ( 'NONE',  ( 0.000000000000000000, 0.000000000000000000, 1.000000000000000000 ) ) ;
#2114 = CARTESIAN_POINT ( 'NONE',  ( 0.000000000000000000, 0.000000000000000000, 9.999999999999998224 ) ) ;
#2115 = FACE_OUTER_BOUND ( 'NONE', #4646, .T. ) ;
#2116 = VERTEX_POINT ( 'NONE', #4469 ) ;
#2117 = CARTESIAN_POINT ( 'NONE',  ( -7.642548076598787432, 4.263190462710908513, 9.499999999999996447 ) ) ;
#2118 = DIRECTION ( 'NONE',  ( 0.000000000000000000, -1.000000000000000000, 0.000000000000000000 ) ) ;
#2119 = FACE_OUTER_BOUND ( 'NONE', #2242, .T. ) ;
#2120 = EDGE_CURVE ( 'NONE', #3938, #335, #3011, .T. ) ;
#2121 = ORIENTED_EDGE ( 'NONE', *, *, #253, .F. ) ;
#2122 = AXIS2_PLACEMENT_3D ( 'NONE', #4134, #2244, #3702 ) ;
#2123 = VECTOR ( 'NONE', #1786, 1000.000000000000000 ) ;
#2124 = CARTESIAN_POINT ( 'NONE',  ( -10.23414544758592193, 4.493292991900848854, 9.499999999999992895 ) ) ;
#2125 = CARTESIAN_POINT ( 'NONE',  ( 19.00000000000000355, 9.000000000000000000, -10.00000000000000000 ) ) ;
#2126 = CARTESIAN_POINT ( 'NONE',  ( 19.26876110206469406, -23.99999999999998934, -9.999999999999996447 ) ) ;
#2127 = CARTESIAN_POINT ( 'NONE',  ( 23.99999999999998579, 2.500000000000000000, 4.999999999999998224 ) ) ;
#2128 = ORIENTED_EDGE ( 'NONE', *, *, #86, .F. ) ;
#2129 = LINE ( 'NONE', #4386, #837 ) ;
#2130 = CIRCLE ( 'NONE', #3277, 5.500000000000000000 ) ;
#2131 = PLANE ( 'NONE',  #3004 ) ;
#2132 = ORIENTED_EDGE ( 'NONE', *, *, #4132, .T. ) ;
#2133 = VERTEX_POINT ( 'NONE', #1926 ) ;
#2134 = CARTESIAN_POINT ( 'NONE',  ( -15.29737464725680951, 4.381676339906656281, 9.999999999999998224 ) ) ;
#2135 = LINE ( 'NONE', #1101, #1929 ) ;
#2136 = DIRECTION ( 'NONE',  ( 0.000000000000000000, 0.000000000000000000, -1.000000000000000000 ) ) ;
#2137 = CARTESIAN_POINT ( 'NONE',  ( 26.74999999999998934, 2.500000000000000000, 9.999999999999998224 ) ) ;
#2138 = ORIENTED_EDGE ( 'NONE', *, *, #3440, .F. ) ;
#2139 = ADVANCED_FACE ( 'NONE', ( #1953 ), #3944, .T. ) ;
#2140 = CARTESIAN_POINT ( 'NONE',  ( -7.644101739640854376, 4.218376293701555646, 9.999999999999994671 ) ) ;
#2141 = DIRECTION ( 'NONE',  ( 0.000000000000000000, 0.000000000000000000, -1.000000000000000000 ) ) ;
#2142 = CARTESIAN_POINT ( 'NONE',  ( 0.000000000000000000, 0.000000000000000000, 4.000000000000000000 ) ) ;
#2143 = AXIS2_PLACEMENT_3D ( 'NONE', #537, #178, #1624 ) ;
#2144 = EDGE_CURVE ( 'NONE', #256, #4391, #3213, .T. ) ;
#2145 = EDGE_LOOP ( 'NONE', ( #476, #1900, #3280, #2041 ) ) ;
#2146 = CARTESIAN_POINT ( 'NONE',  ( -10.91777795396625272, 4.852072682277735360, 9.999999999999996447 ) ) ;
#2147 = DIRECTION ( 'NONE',  ( 0.000000000000000000, -1.000000000000000000, 0.000000000000000000 ) ) ;
#2148 = DIRECTION ( 'NONE',  ( -0.000000000000000000, -1.000000000000000000, -0.000000000000000000 ) ) ;
#2149 = CARTESIAN_POINT ( 'NONE',  ( -19.00000000000000355, 2.500000000000000000, 9.999999999999998224 ) ) ;
#2150 = DIRECTION ( 'NONE',  ( 0.000000000000000000, 0.000000000000000000, -1.000000000000000000 ) ) ;
#2151 = VECTOR ( 'NONE', #2319, 1000.000000000000000 ) ;
#2152 = ORIENTED_EDGE ( 'NONE', *, *, #2409, .T. ) ;
#2153 = CARTESIAN_POINT ( 'NONE',  ( 0.000000000000000000, 2.500000000000000000, 9.999999999999998224 ) ) ;
#2154 = CARTESIAN_POINT ( 'NONE',  ( 26.74999999999998934, 0.000000000000000000, -9.999999999999998224 ) ) ;
#2155 = COORDINATED_UNIVERSAL_TIME_OFFSET ( 3, 0, .AHEAD. ) ;
#2156 = AXIS2_PLACEMENT_3D ( 'NONE', #420, #4743, #1137 ) ;
#2157 = ORIENTED_EDGE ( 'NONE', *, *, #465, .T. ) ;
#2158 = CIRCLE ( 'NONE', #2083, 2.250000000000000444 ) ;
#2159 = ORIENTED_EDGE ( 'NONE', *, *, #574, .T. ) ;
#2160 = AXIS2_PLACEMENT_3D ( 'NONE', #3724, #1983, #4544 ) ;
#2161 = DIRECTION ( 'NONE',  ( -0.9906588508047015074, 0.000000000000000000, 0.1363636363636148152 ) ) ;
#2162 = CARTESIAN_POINT ( 'NONE',  ( 0.000000000000000000, 0.000000000000000000, 9.999999999999998224 ) ) ;
#2163 = CARTESIAN_POINT ( 'NONE',  ( -12.74418344345463616, 4.303336539538842764, 9.499999999999996447 ) ) ;
#2164 = CARTESIAN_POINT ( 'NONE',  ( -23.99999999999998579, 2.500000000000000000, -7.249999999999998224 ) ) ;
#2165 = AXIS2_PLACEMENT_3D ( 'NONE', #4392, #105, #1623 ) ;
#2166 = AXIS2_PLACEMENT_3D ( 'NONE', #4483, #2991, #4436 ) ;
#2167 = ORIENTED_EDGE ( 'NONE', *, *, #1494, .F. ) ;
#2168 = PLANE ( 'NONE',  #4190 ) ;
#2169 = CARTESIAN_POINT ( 'NONE',  ( -10.36807131982058827, 3.816818745869935636, 9.999999999999994671 ) ) ;
#2170 = AXIS2_PLACEMENT_3D ( 'NONE', #3919, #302, #4022 ) ;
#2171 = PLANE ( 'NONE',  #2692 ) ;
#2172 = EDGE_CURVE ( 'NONE', #2618, #1812, #802, .T. ) ;
#2173 = EDGE_CURVE ( 'NONE', #1530, #3772, #4086, .T. ) ;
#2174 = ORIENTED_EDGE ( 'NONE', *, *, #3691, .F. ) ;
#2175 = DIRECTION ( 'NONE',  ( 0.000000000000000000, 0.000000000000000000, 1.000000000000000000 ) ) ;
#2176 = DIRECTION ( 'NONE',  ( -0.000000000000000000, -1.000000000000000000, -0.000000000000000000 ) ) ;
#2177 = CARTESIAN_POINT ( 'NONE',  ( 19.00000000000000000, 2.499999999999998668, -10.00000000000000000 ) ) ;
#2178 = DIRECTION ( 'NONE',  ( 0.000000000000000000, 0.000000000000000000, -1.000000000000000000 ) ) ;
#2179 = ADVANCED_FACE ( 'NONE', ( #454 ), #2331, .T. ) ;
#2180 = AXIS2_PLACEMENT_3D ( 'NONE', #1288, #3086, #232 ) ;
#2181 = VERTEX_POINT ( 'NONE', #1633 ) ;
#2182 = CARTESIAN_POINT ( 'NONE',  ( -10.56162162909425817, 3.695022007914731343, 9.499999999999998224 ) ) ;
#2183 = CARTESIAN_POINT ( 'NONE',  ( -11.12168179594637429, 3.745048609832291930, 10.00000000000000000 ) ) ;
#2184 = EDGE_CURVE ( 'NONE', #498, #2116, #184, .T. ) ;
#2185 = ORIENTED_EDGE ( 'NONE', *, *, #3066, .F. ) ;
#2186 = ORIENTED_EDGE ( 'NONE', *, *, #3973, .T. ) ;
#2187 = CARTESIAN_POINT ( 'NONE',  ( -19.00000000000000355, 0.000000000000000000, 9.999999999999996447 ) ) ;
#2188 = CARTESIAN_POINT ( 'NONE',  ( -10.00000000000000178, 15.50000000000000000, 0.000000000000000000 ) ) ;
#2189 = CARTESIAN_POINT ( 'NONE',  ( -19.89714957897566094, -24.15427563153649970, -9.517063983397433091 ) ) ;
#2190 = CARTESIAN_POINT ( 'NONE',  ( -10.19254807659878814, 4.263190462710908513, 9.499999999999996447 ) ) ;
#2191 = VERTEX_POINT ( 'NONE', #3160 ) ;
#2192 = DIRECTION ( 'NONE',  ( 0.000000000000000000, 0.000000000000000000, 1.000000000000000000 ) ) ;
#2193 = CARTESIAN_POINT ( 'NONE',  ( -10.19254807659878814, 4.263190462710908513, 9.999999999999996447 ) ) ;
#2194 = CARTESIAN_POINT ( 'NONE',  ( 17.99999999999999645, -27.00000000000000000, 9.999999999999996447 ) ) ;
#2195 = ORIENTED_EDGE ( 'NONE', *, *, #4602, .T. ) ;
#2196 = CARTESIAN_POINT ( 'NONE',  ( -10.67861541957982752, 4.852081519184668679, 10.00000000000000000 ) ) ;
#2197 = CARTESIAN_POINT ( 'NONE',  ( -8.840758927091405539, 4.302525162645351564, 9.999999999999998224 ) ) ;
#2198 = EDGE_CURVE ( 'NONE', #72, #447, #3113, .T. ) ;
#2199 = LINE ( 'NONE', #3273, #2011 ) ;
#2200 = ORIENTED_EDGE ( 'NONE', *, *, #1991, .T. ) ;
#2201 = ADVANCED_FACE ( 'NONE', ( #2093, #567 ), #3513, .F. ) ;
#2202 = DIRECTION ( 'NONE',  ( -0.000000000000000000, -1.000000000000000000, -0.000000000000000000 ) ) ;
#2203 = CARTESIAN_POINT ( 'NONE',  ( -10.00000000000000178, 15.50000000000000000, 5.999999999999761968 ) ) ;
#2204 = CALENDAR_DATE ( 2026, 15, 6 ) ;
#2205 = VERTEX_POINT ( 'NONE', #3827 ) ;
#2206 = EDGE_CURVE ( 'NONE', #2213, #1110, #3896, .T. ) ;
#2207 = ORIENTED_EDGE ( 'NONE', *, *, #3825, .T. ) ;
#2208 = CARTESIAN_POINT ( 'NONE',  ( -13.77336738693030327, 4.684180621136959211, 9.499999999999994671 ) ) ;
#2209 = CARTESIAN_POINT ( 'NONE',  ( -10.79840745159878779, 4.857331087710909046, 9.999999999999996447 ) ) ;
#2210 = CARTESIAN_POINT ( 'NONE',  ( -13.00972732305172386, 4.763203644927167524, 9.499999999999992895 ) ) ;
#2211 = VECTOR ( 'NONE', #3848, 1000.000000000000000 ) ;
#2212 = CARTESIAN_POINT ( 'NONE',  ( -23.99999999999998579, 2.500000000000000000, -2.749999999999998224 ) ) ;
#2213 = VERTEX_POINT ( 'NONE', #950 ) ;
#2214 = CARTESIAN_POINT ( 'NONE',  ( 18.00000000000000000, -27.00000000000000000, -7.999999999999998224 ) ) ;
#2215 = LINE ( 'NONE', #1810, #654 ) ;
#2216 = CARTESIAN_POINT ( 'NONE',  ( -10.19418344345463723, 4.303336539538842764, 9.999999999999996447 ) ) ;
#2217 = ORIENTED_EDGE ( 'NONE', *, *, #3778, .F. ) ;
#2218 = DIRECTION ( 'NONE',  ( -0.000000000000000000, -1.000000000000000000, -0.000000000000000000 ) ) ;
#2219 = CARTESIAN_POINT ( 'NONE',  ( -8.673367386930305400, 4.684180621136959211, 9.999999999999994671 ) ) ;
#2220 = CARTESIAN_POINT ( 'NONE',  ( -20.00000000000000355, -27.00000000000000000, -9.000000000000000000 ) ) ;
#2221 = ORIENTED_EDGE ( 'NONE', *, *, #2258, .T. ) ;
#2222 = CARTESIAN_POINT ( 'NONE',  ( 11.99999999999999467, 19.50000000000000000, 0.000000000000000000 ) ) ;
#2223 = VECTOR ( 'NONE', #2104, 1000.000000000000000 ) ;
#2224 = DIRECTION ( 'NONE',  ( 0.000000000000000000, -1.000000000000000000, 0.000000000000000000 ) ) ;
#2225 = EDGE_CURVE ( 'NONE', #4445, #4493, #3230, .T. ) ;
#2226 = ORGANIZATION ( 'UNSPECIFIED', 'UNSPECIFIED', '' ) ;
#2227 = ORIENTED_EDGE ( 'NONE', *, *, #1166, .T. ) ;
#2228 = ORIENTED_EDGE ( 'NONE', *, *, #1574, .T. ) ;
#2229 = CARTESIAN_POINT ( 'NONE',  ( -8.128615419579826806, 4.852081519184667791, 9.999999999999994671 ) ) ;
#2230 = LINE ( 'NONE', #3733, #4698 ) ;
#2231 = CARTESIAN_POINT ( 'NONE',  ( -13.68376994224398757, 4.761365935114647563, 9.500000000000000000 ) ) ;
#2232 = ADVANCED_FACE ( 'NONE', ( #2750 ), #1774, .T. ) ;
#2233 = VECTOR ( 'NONE', #2312, 1000.000000000000000 ) ;
#2234 = ORIENTED_EDGE ( 'NONE', *, *, #4427, .T. ) ;
#2235 = CIRCLE ( 'NONE', #156, 1.500000000000000444 ) ;
#2236 = FACE_BOUND ( 'NONE', #4748, .T. ) ;
#2237 = CARTESIAN_POINT ( 'NONE',  ( -13.37671173369988509, 3.659429409365844155, 9.999999999999996447 ) ) ;
#2238 = VECTOR ( 'NONE', #1000, 1000.000000000000000 ) ;
#2239 = LINE ( 'NONE', #4059, #4456 ) ;
#2240 = CARTESIAN_POINT ( 'NONE',  ( -10.00000000000000178, 18.00000000000000355, 2.050000000000000266 ) ) ;
#2241 = AXIS2_PLACEMENT_3D ( 'NONE', #3430, #2267, #1594 ) ;
#2242 = EDGE_LOOP ( 'NONE', ( #3394, #4290, #1760, #393, #3149, #2061, #3747, #1247, #1238, #875 ) ) ;
#2243 = CIRCLE ( 'NONE', #551, 1.500000000000000444 ) ;
#2244 = DIRECTION ( 'NONE',  ( 0.000000000000000000, -1.000000000000000000, -0.000000000000000000 ) ) ;
#2245 = CARTESIAN_POINT ( 'NONE',  ( -10.00000000000000178, 18.50000000000000000, 0.000000000000000000 ) ) ;
#2246 = PLANE ( 'NONE',  #2156 ) ;
#2247 = ORIENTED_EDGE ( 'NONE', *, *, #4747, .F. ) ;
#2248 = CARTESIAN_POINT ( 'NONE',  ( -10.00000000000000178, 19.50000000000000000, 1.500000000000000444 ) ) ;
#2249 = CARTESIAN_POINT ( 'NONE',  ( -11.35331000572271698, 4.007931246096332778, 9.499999999999994671 ) ) ;
#2250 = ORIENTED_EDGE ( 'NONE', *, *, #2326, .F. ) ;
#2251 = ORIENTED_EDGE ( 'NONE', *, *, #1971, .T. ) ;
#2252 = ADVANCED_FACE ( 'NONE', ( #587 ), #2841, .T. ) ;
#2253 = CARTESIAN_POINT ( 'NONE',  ( 12.54545454545448635, 18.50000000000000000, 3.962635403219037844 ) ) ;
#2254 = EDGE_CURVE ( 'NONE', #2372, #1207, #4654, .T. ) ;
#2255 = CARTESIAN_POINT ( 'NONE',  ( -7.644101739640854376, 4.218376293701555646, 9.499999999999994671 ) ) ;
#2256 = CARTESIAN_POINT ( 'NONE',  ( -8.128615419579826806, 4.852081519184667791, 9.499999999999994671 ) ) ;
#2257 = ORIENTED_EDGE ( 'NONE', *, *, #1462, .T. ) ;
#2258 = EDGE_CURVE ( 'NONE', #3541, #2372, #3283, .T. ) ;
#2259 = DIRECTION ( 'NONE',  ( 1.000000000000000000, -0.000000000000000000, 1.734723475976807341E-16 ) ) ;
#2260 = CARTESIAN_POINT ( 'NONE',  ( 19.99999999999999645, 9.000000000000000000, 9.999999999999996447 ) ) ;
#2261 = DIRECTION ( 'NONE',  ( -0.000000000000000000, -1.000000000000000000, -0.000000000000000000 ) ) ;
#2262 = CARTESIAN_POINT ( 'NONE',  ( -13.93606154533482666, 4.130823258813754784, 9.499999999999998224 ) ) ;
#2263 = VERTEX_POINT ( 'NONE', #362 ) ;
#2264 = EDGE_CURVE ( 'NONE', #754, #1058, #3975, .T. ) ;
#2265 = DIRECTION ( 'NONE',  ( -0.000000000000000000, 1.000000000000000000, -0.000000000000000000 ) ) ;
#2266 = LINE ( 'NONE', #419, #1307 ) ;
#2267 = DIRECTION ( 'NONE',  ( -0.000000000000000000, 1.000000000000000000, 0.000000000000000000 ) ) ;
#2268 = VERTEX_POINT ( 'NONE', #3261 ) ;
#2269 = DIRECTION ( 'NONE',  ( 1.000000000000000000, -0.000000000000000000, -0.000000000000000000 ) ) ;
#2270 = DIRECTION ( 'NONE',  ( 0.000000000000000000, 0.000000000000000000, -1.000000000000000000 ) ) ;
#2271 = EDGE_LOOP ( 'NONE', ( #880, #4327, #3370, #1483, #2955 ) ) ;
#2272 = EDGE_LOOP ( 'NONE', ( #4683, #2939, #3613, #4244, #2782, #3492, #1478, #1802 ) ) ;
#2273 = AXIS2_PLACEMENT_3D ( 'NONE', #394, #2265, #1868 ) ;
#2274 = CARTESIAN_POINT ( 'NONE',  ( -10.78668870159878601, 3.657331087710908424, 9.499999999999996447 ) ) ;
#2275 = DIRECTION ( 'NONE',  ( 0.000000000000000000, 1.000000000000000000, -0.000000000000000000 ) ) ;
#2276 = FACE_OUTER_BOUND ( 'NONE', #1995, .T. ) ;
#2277 = AXIS2_PLACEMENT_3D ( 'NONE', #2551, #2881, #1446 ) ;
#2278 = EDGE_CURVE ( 'NONE', #3180, #1016, #2135, .T. ) ;
#2279 = ORIENTED_EDGE ( 'NONE', *, *, #3922, .F. ) ;
#2280 = CARTESIAN_POINT ( 'NONE',  ( -9.181818181818348634, 15.50000000000000000, -5.943953104827972567 ) ) ;
#2281 = CARTESIAN_POINT ( 'NONE',  ( -13.94254807659878637, 4.263190462710908513, 9.999999999999996447 ) ) ;
#2282 = CYLINDRICAL_SURFACE ( 'NONE', #2313, 10.00000000000000000 ) ;
#2283 = ORIENTED_EDGE ( 'NONE', *, *, #168, .F. ) ;
#2284 = FACE_OUTER_BOUND ( 'NONE', #2720, .T. ) ;
#2285 = ADVANCED_FACE ( 'NONE', ( #1726 ), #4645, .T. ) ;
#2286 = ORIENTED_EDGE ( 'NONE', *, *, #2120, .F. ) ;
#2287 = DIRECTION ( 'NONE',  ( 0.000000000000000000, 0.000000000000000000, 1.000000000000000000 ) ) ;
#2288 = CARTESIAN_POINT ( 'NONE',  ( 20.00000000000000355, 4.000000000000000000, -0.5000000000000000000 ) ) ;
#2289 = CYLINDRICAL_SURFACE ( 'NONE', #544, 6.499999999999999112 ) ;
#2290 = ADVANCED_FACE ( 'NONE', ( #4679 ), #3584, .F. ) ;
#2291 = EDGE_LOOP ( 'NONE', ( #2234, #330, #322, #2401 ) ) ;
#2292 = FACE_OUTER_BOUND ( 'NONE', #708, .T. ) ;
#2293 = FACE_OUTER_BOUND ( 'NONE', #4417, .T. ) ;
#2294 = CARTESIAN_POINT ( 'NONE',  ( -11.39031785523684803, 4.217679517995065908, 9.499999999999998224 ) ) ;
#2295 = EDGE_LOOP ( 'NONE', ( #1403, #4153, #852, #3754 ) ) ;
#2296 = AXIS2_PLACEMENT_3D ( 'NONE', #1515, #2078, #2867 ) ;
#2297 = ORIENTED_EDGE ( 'NONE', *, *, #2658, .F. ) ;
#2298 = CARTESIAN_POINT ( 'NONE',  ( -13.94075892709140696, 4.302525162645351564, 9.999999999999998224 ) ) ;
#2299 = CARTESIAN_POINT ( 'NONE',  ( -13.22861541957982645, 4.852081519184668679, 9.500000000000000000 ) ) ;
#2300 = AXIS2_PLACEMENT_3D ( 'NONE', #652, #1040, #15 ) ;
#2301 = CARTESIAN_POINT ( 'NONE',  ( -10.00000000000000178, 10.50000000000000000, 6.499999999999999112 ) ) ;
#2302 = VERTEX_POINT ( 'NONE', #4343 ) ;
#2303 = DIRECTION ( 'NONE',  ( 0.000000000000000000, 0.000000000000000000, 1.000000000000000000 ) ) ;
#2304 = CARTESIAN_POINT ( 'NONE',  ( -26.01556443707462307, 2.500000000000000000, -4.000000000000000000 ) ) ;
#2305 = CARTESIAN_POINT ( 'NONE',  ( -13.00972732305172386, 4.763203644927167524, 9.999999999999992895 ) ) ;
#2306 = ORIENTED_EDGE ( 'NONE', *, *, #871, .T. ) ;
#2307 = CARTESIAN_POINT ( 'NONE',  ( -13.37671173369988509, 3.659429409365844155, 9.499999999999996447 ) ) ;
#2308 = AXIS2_PLACEMENT_3D ( 'NONE', #2188, #3641, #2113 ) ;
#2309 = ORIENTED_EDGE ( 'NONE', *, *, #1934, .F. ) ;
#2310 = AXIS2_PLACEMENT_3D ( 'NONE', #2407, #3543, #1639 ) ;
#2311 = DIRECTION ( 'NONE',  ( 1.000000000000000000, -0.000000000000000000, 0.000000000000000000 ) ) ;
#2312 = DIRECTION ( 'NONE',  ( -0.000000000000000000, -1.000000000000000000, 0.000000000000000000 ) ) ;
#2313 = AXIS2_PLACEMENT_3D ( 'NONE', #859, #69, #3402 ) ;
#2314 = DIRECTION ( 'NONE',  ( -0.000000000000000000, -1.000000000000000000, -0.000000000000000000 ) ) ;
#2315 = EDGE_CURVE ( 'NONE', #3257, #3450, #1231, .T. ) ;
#2316 = EDGE_CURVE ( 'NONE', #1168, #2263, #3756, .T. ) ;
#2317 = VECTOR ( 'NONE', #2878, 1000.000000000000000 ) ;
#2318 = ORIENTED_EDGE ( 'NONE', *, *, #287, .T. ) ;
#2319 = DIRECTION ( 'NONE',  ( 0.000000000000000000, -1.000000000000000000, 0.000000000000000000 ) ) ;
#2320 = CARTESIAN_POINT ( 'NONE',  ( -13.34840745159878672, 4.857331087710909046, 9.499999999999996447 ) ) ;
#2321 = EDGE_CURVE ( 'NONE', #1973, #1323, #915, .T. ) ;
#2322 = AXIS2_PLACEMENT_3D ( 'NONE', #3579, #376, #1770 ) ;
#2323 = CARTESIAN_POINT ( 'NONE',  ( -11.35331000572271698, 4.007931246096332778, 9.999999999999994671 ) ) ;
#2324 = ORIENTED_EDGE ( 'NONE', *, *, #4515, .F. ) ;
#2325 = VERTEX_POINT ( 'NONE', #636 ) ;
#2326 = EDGE_CURVE ( 'NONE', #3081, #4317, #4604, .T. ) ;
#2327 = DIRECTION ( 'NONE',  ( 0.09642365197996849435, -0.7071067811865466846, 0.7005015912464775951 ) ) ;
#2328 = PLANE ( 'NONE',  #681 ) ;
#2329 = EDGE_LOOP ( 'NONE', ( #1555, #3158, #4472, #410 ) ) ;
#2330 = LINE ( 'NONE', #1607, #1206 ) ;
#2331 = PLANE ( 'NONE',  #4109 ) ;
#2332 = DIRECTION ( 'NONE',  ( -0.000000000000000000, -0.000000000000000000, 1.000000000000000000 ) ) ;
#2333 = ORIENTED_EDGE ( 'NONE', *, *, #229, .T. ) ;
#2334 = CARTESIAN_POINT ( 'NONE',  ( -15.89840745159878566, 4.857331087710909046, 9.999999999999996447 ) ) ;
#2335 = ORIENTED_EDGE ( 'NONE', *, *, #904, .T. ) ;
#2336 = CARTESIAN_POINT ( 'NONE',  ( -20.00000000000000355, 0.000000000000000000, -0.000000000000000000 ) ) ;
#2337 = LINE ( 'NONE', #3406, #2233 ) ;
#2338 = DIRECTION ( 'NONE',  ( 0.000000000000000000, 1.000000000000000000, -0.000000000000000000 ) ) ;
#2339 = ORIENTED_EDGE ( 'NONE', *, *, #3305, .T. ) ;
#2340 = EDGE_CURVE ( 'NONE', #292, #4055, #4234, .T. ) ;
#2341 = CARTESIAN_POINT ( 'NONE',  ( -34.81225774829854203, -24.00000000000000000, -3.499999999999998224 ) ) ;
#2342 = CARTESIAN_POINT ( 'NONE',  ( -23.99999999999998579, 2.500000000000000000, 2.749999999999998224 ) ) ;
#2343 = CARTESIAN_POINT ( 'NONE',  ( -8.836061545334825240, 4.130823258813754784, 9.499999999999998224 ) ) ;
#2344 = ADVANCED_FACE ( 'NONE', ( #3209 ), #39, .T. ) ;
#2345 = EDGE_LOOP ( 'NONE', ( #779, #2138, #2081, #2051 ) ) ;
#2346 = ORIENTED_EDGE ( 'NONE', *, *, #386, .F. ) ;
#2347 = DIRECTION ( 'NONE',  ( -0.000000000000000000, -1.000000000000000000, -0.000000000000000000 ) ) ;
#2348 = DIRECTION ( 'NONE',  ( 0.000000000000000000, 0.000000000000000000, 1.000000000000000000 ) ) ;
#2349 = EDGE_CURVE ( 'NONE', #2441, #1212, #313, .T. ) ;
#2350 = EDGE_LOOP ( 'NONE', ( #3721, #3923, #4241, #3084 ) ) ;
#2351 = AXIS2_PLACEMENT_3D ( 'NONE', #1685, #1325, #2785 ) ;
#2352 = DIRECTION ( 'NONE',  ( -1.000000000000000000, 0.000000000000000000, -0.000000000000000000 ) ) ;
#2353 = CARTESIAN_POINT ( 'NONE',  ( -8.803310005722723375, 4.007931246096333666, 9.999999999999996447 ) ) ;
#2354 = CARTESIAN_POINT ( 'NONE',  ( -12.83943417303813384, 4.596678720137733265, 10.00000000000000178 ) ) ;
#2355 = CARTESIAN_POINT ( 'NONE',  ( -15.89840745159878566, 4.857331087710909046, 9.499999999999996447 ) ) ;
#2356 = VERTEX_POINT ( 'NONE', #2253 ) ;
#2357 = VECTOR ( 'NONE', #2303, 1000.000000000000000 ) ;
#2358 = CARTESIAN_POINT ( 'NONE',  ( -10.00000000000000178, 9.000000000000000000, 0.000000000000000000 ) ) ;
#2359 = CARTESIAN_POINT ( 'NONE',  ( 23.99999999999998579, 2.500000000000000000, -4.999999999999998224 ) ) ;
#2360 = DIRECTION ( 'NONE',  ( 7.228014483236982320E-15, 0.000000000000000000, 1.000000000000000000 ) ) ;
#2361 = ORIENTED_EDGE ( 'NONE', *, *, #4346, .F. ) ;
#2362 = CARTESIAN_POINT ( 'NONE',  ( 26.01556443707462307, 0.000000000000000000, -6.000000000000000000 ) ) ;
#2363 = FACE_OUTER_BOUND ( 'NONE', #2910, .T. ) ;
#2364 = CARTESIAN_POINT ( 'NONE',  ( -15.66162162909425604, 3.695022007914732676, 10.00000000000000178 ) ) ;
#2365 = ORIENTED_EDGE ( 'NONE', *, *, #319, .T. ) ;
#2366 = ORIENTED_EDGE ( 'NONE', *, *, #3337, .T. ) ;
#2367 = DIRECTION ( 'NONE',  ( -0.000000000000000000, -0.000000000000000000, 1.000000000000000000 ) ) ;
#2368 = ADVANCED_FACE ( 'NONE', ( #827 ), #3328, .T. ) ;
#2369 = EDGE_CURVE ( 'NONE', #1871, #810, #1906, .T. ) ;
#2370 = CARTESIAN_POINT ( 'NONE',  ( -15.77152723890030650, 3.663285397959088030, 9.999999999999996447 ) ) ;
#2371 = VECTOR ( 'NONE', #688, 1000.000000000000000 ) ;
#2372 = VERTEX_POINT ( 'NONE', #3351 ) ;
#2373 = LINE ( 'NONE', #2749, #4044 ) ;
#2374 = DIRECTION ( 'NONE',  ( 0.000000000000000000, 1.000000000000000000, -0.000000000000000000 ) ) ;
#2375 = FACE_OUTER_BOUND ( 'NONE', #791, .T. ) ;
#2376 = EDGE_CURVE ( 'NONE', #4055, #4025, #913, .T. ) ;
#2377 = CARTESIAN_POINT ( 'NONE',  ( -16.32336738693030398, 4.684180621136961875, 9.499999999999994671 ) ) ;
#2378 = CLOSED_SHELL ( 'NONE', ( #2518, #608, #492, #1553, #3308, #3714, #4566, #932, #1605, #4406, #2344, #1946, #849, #805, #88, #2201, #3155, #2028, #4318, #3808, #3019, #3126, #3880, #4637, #953, #50, #1057, #4665, #2139, #1999, #866, #353 ) ) ;
#2379 = CARTESIAN_POINT ( 'NONE',  ( -16.01777795396625237, 4.852072682277737137, 9.500000000000000000 ) ) ;
#2380 = DIRECTION ( 'NONE',  ( -0.000000000000000000, -1.000000000000000000, -0.000000000000000000 ) ) ;
#2381 = LINE ( 'NONE', #2431, #2620 ) ;
#2382 = AXIS2_PLACEMENT_3D ( 'NONE', #2386, #1690, #193 ) ;
#2383 = ORIENTED_EDGE ( 'NONE', *, *, #1436, .T. ) ;
#2384 = CIRCLE ( 'NONE', #1161, 6.499999999999999112 ) ;
#2385 = CARTESIAN_POINT ( 'NONE',  ( -20.00000000000000355, -27.00000000000000000, 9.999999999999996447 ) ) ;
#2386 = CARTESIAN_POINT ( 'NONE',  ( 11.33333333333333037, 9.000000000000000000, 0.000000000000000000 ) ) ;
#2387 = CARTESIAN_POINT ( 'NONE',  ( -15.85790853901124642, 4.855556330130764486, 9.499999999999994671 ) ) ;
#2388 = ORIENTED_EDGE ( 'NONE', *, *, #3797, .F. ) ;
#2389 = AXIS2_PLACEMENT_3D ( 'NONE', #2717, #4413, #4548 ) ;
#2390 = CARTESIAN_POINT ( 'NONE',  ( -19.00000000000000355, -27.00000000000000000, -10.00000000000000000 ) ) ;
#2391 = VECTOR ( 'NONE', #1421, 1000.000000000000000 ) ;
#2392 = ORIENTED_EDGE ( 'NONE', *, *, #2172, .T. ) ;
#2393 = ORIENTED_EDGE ( 'NONE', *, *, #3219, .F. ) ;
#2394 = VECTOR ( 'NONE', #1343, 1000.000000000000000 ) ;
#2395 = CARTESIAN_POINT ( 'NONE',  ( -12.74410173964085580, 4.218376293701555646, 9.999999999999994671 ) ) ;
#2396 = PLANE ( 'NONE',  #2679 ) ;
#2397 = ORIENTED_EDGE ( 'NONE', *, *, #3481, .T. ) ;
#2398 = DIRECTION ( 'NONE',  ( 0.000000000000000000, -1.000000000000000000, 0.000000000000000000 ) ) ;
#2399 = CARTESIAN_POINT ( 'NONE',  ( -15.92671173369988580, 3.659429409365844155, 9.499999999999994671 ) ) ;
#2400 = CARTESIAN_POINT ( 'NONE',  ( -10.00000000000000178, 18.00000000000000355, -2.050000000000000266 ) ) ;
#2401 = ORIENTED_EDGE ( 'NONE', *, *, #1833, .T. ) ;
#2402 = CARTESIAN_POINT ( 'NONE',  ( -16.45209291573277000, 4.490605266450366173, 9.499999999999996447 ) ) ;
#2403 = VECTOR ( 'NONE', #1129, 1000.000000000000000 ) ;
#2404 = VERTEX_POINT ( 'NONE', #2274 ) ;
#2405 = EDGE_CURVE ( 'NONE', #3681, #4145, #2014, .T. ) ;
#2406 = CARTESIAN_POINT ( 'NONE',  ( -8.207908539011247839, 4.855556330130764486, 9.499999999999994671 ) ) ;
#2407 = CARTESIAN_POINT ( 'NONE',  ( -10.00000000000000178, 19.50000000000000000, 0.000000000000000000 ) ) ;
#2408 = CARTESIAN_POINT ( 'NONE',  ( 19.00000000000000000, 8.999999999999998224, -9.000000000000000000 ) ) ;
#2409 = EDGE_CURVE ( 'NONE', #4074, #1718, #177, .T. ) ;
#2410 = B_SPLINE_CURVE_WITH_KNOTS ( 'NONE', 3,
 ( #2007, #1269, #2454, #3811, #957, #554, #3495, #4663, #3091, #4613, #4562 ),
 .UNSPECIFIED., .F., .F.,
 ( 4, 1, 1, 1, 1, 1, 1, 1, 4 ),
 ( 0.000000000000000000, 0.1259553441376823069, 0.2477952931766743694, 0.3695577194406662880, 0.4961300219278758639, 0.6243084793732031068, 0.7472542167631337495, 0.8702959180579223908, 0.9999999999999998890 ),
 .UNSPECIFIED. ) ;
#2411 = ORIENTED_EDGE ( 'NONE', *, *, #2929, .T. ) ;
#2412 = CARTESIAN_POINT ( 'NONE',  ( -10.00000000000000178, 18.00000000000000355, 0.000000000000000000 ) ) ;
#2413 = FACE_OUTER_BOUND ( 'NONE', #109, .T. ) ;
#2414 = ORIENTED_EDGE ( 'NONE', *, *, #2846, .F. ) ;
#2415 = CARTESIAN_POINT ( 'NONE',  ( -8.236688701598787077, 3.657331087710908424, 9.499999999999996447 ) ) ;
#2416 = ORIENTED_EDGE ( 'NONE', *, *, #4019, .T. ) ;
#2417 = DIRECTION ( 'NONE',  ( 0.000000000000000000, -1.000000000000000000, 0.000000000000000000 ) ) ;
#2418 = CARTESIAN_POINT ( 'NONE',  ( -12.74708306877394826, 4.132382237059232466, 9.499999999999998224 ) ) ;
#2419 = CARTESIAN_POINT ( 'NONE',  ( -10.90475320566535800, 3.663520956208037749, 9.499999999999994671 ) ) ;
#2420 = EDGE_LOOP ( 'NONE', ( #403, #3057, #2473, #3900, #424 ) ) ;
#2421 = DIRECTION ( 'NONE',  ( -0.000000000000000000, -0.000000000000000000, 1.000000000000000000 ) ) ;
#2422 = CARTESIAN_POINT ( 'NONE',  ( -8.276711733699883666, 3.659429409365844155, 9.499999999999996447 ) ) ;
#2423 = DIRECTION ( 'NONE',  ( 0.000000000000000000, 0.000000000000000000, -1.000000000000000000 ) ) ;
#2424 = ORIENTED_EDGE ( 'NONE', *, *, #2959, .T. ) ;
#2425 = CARTESIAN_POINT ( 'NONE',  ( -15.89840745159878566, 4.857331087710909046, 9.499999999999996447 ) ) ;
#2426 = EDGE_CURVE ( 'NONE', #4391, #42, #1671, .T. ) ;
#2427 = ORIENTED_EDGE ( 'NONE', *, *, #1526, .F. ) ;
#2428 = CARTESIAN_POINT ( 'NONE',  ( -7.684145447585930100, 4.493292991900852407, 9.499999999999998224 ) ) ;
#2429 = CARTESIAN_POINT ( 'NONE',  ( 23.99999999999998579, 2.500000000000000000, 4.999999999999998224 ) ) ;
#2430 = VECTOR ( 'NONE', #3360, 1000.000000000000000 ) ;
#2431 = CARTESIAN_POINT ( 'NONE',  ( 18.99999999999999645, -27.00000000000000000, 9.999999999999996447 ) ) ;
#2432 = ADVANCED_FACE ( 'NONE', ( #1531 ), #1146, .F. ) ;
#2433 = VERTEX_POINT ( 'NONE', #2989 ) ;
#2434 = CARTESIAN_POINT ( 'NONE',  ( -19.00000000000000355, -27.00000000000000000, 8.999999999999998224 ) ) ;
#2435 = CARTESIAN_POINT ( 'NONE',  ( -15.89840745159878566, 4.857331087710909046, 9.499999999999996447 ) ) ;
#2436 = FACE_OUTER_BOUND ( 'NONE', #1712, .T. ) ;
#2437 = ORIENTED_EDGE ( 'NONE', *, *, #75, .F. ) ;
#2438 = AXIS2_PLACEMENT_3D ( 'NONE', #3355, #2259, #4487 ) ;
#2439 = CARTESIAN_POINT ( 'NONE',  ( -10.00000000000000178, 19.50000000000000000, 0.000000000000000000 ) ) ;
#2440 = EDGE_CURVE ( 'NONE', #3180, #676, #1190, .T. ) ;
#2441 = VERTEX_POINT ( 'NONE', #449 ) ;
#2442 = LINE ( 'NONE', #3128, #308 ) ;
#2443 = CARTESIAN_POINT ( 'NONE',  ( -12.83943417303813384, 4.596678720137733265, 10.00000000000000178 ) ) ;
#2444 = CARTESIAN_POINT ( 'NONE',  ( -15.46807131982058969, 3.816818745869935636, 9.999999999999996447 ) ) ;
#2445 = ORIENTED_EDGE ( 'NONE', *, *, #195, .F. ) ;
#2446 = ORIENTED_EDGE ( 'NONE', *, *, #2376, .F. ) ;
#2447 = PLANE ( 'NONE',  #1782 ) ;
#2448 = CARTESIAN_POINT ( 'NONE',  ( -15.92671173369988580, 3.659429409365844155, 9.999999999999994671 ) ) ;
#2449 = LINE ( 'NONE', #3161, #1548 ) ;
#2450 = DIRECTION ( 'NONE',  ( 0.000000000000000000, -0.000000000000000000, 1.000000000000000000 ) ) ;
#2451 = VERTEX_POINT ( 'NONE', #90 ) ;
#2452 = CIRCLE ( 'NONE', #1218, 5.500000000000000000 ) ;
#2453 = CARTESIAN_POINT ( 'NONE',  ( -26.74999999999998934, 3.000000000000000000, 0.5000000000000000000 ) ) ;
#2454 = CARTESIAN_POINT ( 'NONE',  ( -16.48723908575593455, 4.379909362331370737, 9.999999999999994671 ) ) ;
#2455 = DIRECTION ( 'NONE',  ( 0.000000000000000000, 1.000000000000000000, -1.084202172485504434E-16 ) ) ;
#2456 = EDGE_LOOP ( 'NONE', ( #4116, #2656, #4621, #1286 ) ) ;
#2457 = EDGE_CURVE ( 'NONE', #1754, #2077, #4529, .T. ) ;
#2458 = LINE ( 'NONE', #911, #3796 ) ;
#2459 = ADVANCED_FACE ( 'NONE', ( #218 ), #4280, .F. ) ;
#2460 = CARTESIAN_POINT ( 'NONE',  ( 11.99999999999999467, 18.50000000000000000, 0.000000000000000000 ) ) ;
#2461 = CARTESIAN_POINT ( 'NONE',  ( 12.54545454545448635, 19.50000000000000000, -3.962635403219037844 ) ) ;
#2462 = CARTESIAN_POINT ( 'NONE',  ( 12.54545454545448635, 18.50000000000000000, 3.962635403219037844 ) ) ;
#2463 = VECTOR ( 'NONE', #1870, 1000.000000000000000 ) ;
#2464 = VERTEX_POINT ( 'NONE', #2035 ) ;
#2465 = EDGE_CURVE ( 'NONE', #1849, #3040, #1377, .T. ) ;
#2466 = VERTEX_POINT ( 'NONE', #270 ) ;
#2467 = VECTOR ( 'NONE', #3410, 1000.000000000000000 ) ;
#2468 = VECTOR ( 'NONE', #2809, 1000.000000000000000 ) ;
#2469 = DIRECTION ( 'NONE',  ( -1.000000000000000000, 0.000000000000000000, 0.000000000000000000 ) ) ;
#2470 = CARTESIAN_POINT ( 'NONE',  ( -20.00000000000000355, -27.00000000000000000, -10.00000000000000000 ) ) ;
#2471 = VERTEX_POINT ( 'NONE', #3884 ) ;
#2472 = EDGE_CURVE ( 'NONE', #3435, #3788, #1739, .T. ) ;
#2473 = ORIENTED_EDGE ( 'NONE', *, *, #2838, .T. ) ;
#2474 = CARTESIAN_POINT ( 'NONE',  ( -12.91807131982058898, 3.816818745869935636, 9.499999999999994671 ) ) ;
#2475 = CARTESIAN_POINT ( 'NONE',  ( -10.83889077459144268, 4.855547751615681307, 9.499999999999998224 ) ) ;
#2476 = CARTESIAN_POINT ( 'NONE',  ( 12.54545454545448635, 16.50000000000000000, 3.962635403219037844 ) ) ;
#2477 = DIRECTION ( 'NONE',  ( -1.826024711554534653E-16, 1.000000000000000000, 0.000000000000000000 ) ) ;
#2478 = ORIENTED_EDGE ( 'NONE', *, *, #378, .T. ) ;
#2479 = CARTESIAN_POINT ( 'NONE',  ( -7.644183443454637406, 4.303336539538842764, 9.999999999999998224 ) ) ;
#2480 = CYLINDRICAL_SURFACE ( 'NONE', #3563, 1.500000000000000444 ) ;
#2481 = CARTESIAN_POINT ( 'NONE',  ( -23.99999999999998579, 2.500000000000000000, 4.999999999999998224 ) ) ;
#2482 = ORIENTED_EDGE ( 'NONE', *, *, #4304, .F. ) ;
#2483 = CARTESIAN_POINT ( 'NONE',  ( -10.75790853901124677, 4.855556330130764486, 9.499999999999996447 ) ) ;
#2484 = DIRECTION ( 'NONE',  ( -1.000000000000000000, 0.000000000000000000, 0.000000000000000000 ) ) ;
#2485 = DIRECTION ( 'NONE',  ( -0.000000000000000000, -1.000000000000000000, -0.000000000000000000 ) ) ;
#2486 = DIRECTION ( 'NONE',  ( 0.000000000000000000, 0.000000000000000000, 1.000000000000000000 ) ) ;
#2487 = EDGE_CURVE ( 'NONE', #1472, #3681, #1846, .T. ) ;
#2488 = VERTEX_POINT ( 'NONE', #1332 ) ;
#2489 = LINE ( 'NONE', #375, #1068 ) ;
#2490 = DIRECTION ( 'NONE',  ( 0.000000000000000000, -1.000000000000000000, -0.000000000000000000 ) ) ;
#2491 = PERSON_AND_ORGANIZATION_ROLE ( 'classification_officer' ) ;
#2492 = ADVANCED_FACE ( 'NONE', ( #2436 ), #3573, .F. ) ;
#2493 = ORIENTED_EDGE ( 'NONE', *, *, #3099, .T. ) ;
#2494 = ORIENTED_EDGE ( 'NONE', *, *, #1228, .T. ) ;
#2495 = CARTESIAN_POINT ( 'NONE',  ( -15.46855283906423217, 4.685782656872676810, 9.999999999999996447 ) ) ;
#2496 = CARTESIAN_POINT ( 'NONE',  ( -11.22336738693030433, 4.684180621136959211, 9.499999999999994671 ) ) ;
#2497 = CARTESIAN_POINT ( 'NONE',  ( -3.999999999999769518, 19.50000000000000000, -6.102458520956801635 ) ) ;
#2498 = LINE ( 'NONE', #4732, #529 ) ;
#2499 = EDGE_CURVE ( 'NONE', #3772, #2205, #560, .T. ) ;
#2500 = VERTEX_POINT ( 'NONE', #599 ) ;
#2501 = DIRECTION ( 'NONE',  ( 0.000000000000000000, 1.000000000000000000, -0.000000000000000000 ) ) ;
#2502 = DIRECTION ( 'NONE',  ( -1.000000000000000000, 0.000000000000000000, 0.000000000000000000 ) ) ;
#2503 = B_SPLINE_SURFACE_WITH_KNOTS ( 'NONE', 3, 1, ( 
 ( #3807, #1246 ),
 ( #2307, #1180 ),
 ( #506, #4559 ),
 ( #457, #3381 ),
 ( #4108, #98 ),
 ( #3765, #2619 ),
 ( #486, #527 ),
 ( #1612, #790 ),
 ( #2262, #435 ),
 ( #1904, #812 ),
 ( #70, #1956 ) ),
 .UNSPECIFIED., .F., .F., .F.,
 ( 4, 1, 1, 1, 1, 1, 1, 1, 4 ),
 ( 2, 2 ),
 ( 0.000000000000000000, 0.1248700636199819303, 0.2434858894426115139, 0.3629263138288142398, 0.4841463935337753655, 0.6067873673243882049, 0.7290275327010896644, 0.8580158402514963534, 1.000000000000000000 ),
 ( 0.000000000000000000, 1.000000000000000000 ),
 .UNSPECIFIED. ) ;
#2504 = DIRECTION ( 'NONE',  ( 0.000000000000000000, 0.000000000000000000, 1.000000000000000000 ) ) ;
#2505 = EDGE_LOOP ( 'NONE', ( #2494, #697, #4312, #3961 ) ) ;
#2506 = AXIS2_PLACEMENT_3D ( 'NONE', #2757, #4229, #3856 ) ;
#2507 = CARTESIAN_POINT ( 'NONE',  ( -10.00000000000000178, 15.00000000000000000, 0.000000000000000000 ) ) ;
#2508 = FACE_OUTER_BOUND ( 'NONE', #4093, .T. ) ;
#2509 = DIRECTION ( 'NONE',  ( 0.000000000000000000, 0.000000000000000000, -1.000000000000000000 ) ) ;
#2510 = CARTESIAN_POINT ( 'NONE',  ( -10.00000000000000178, 12.00000000000000000, 2.050000000000000266 ) ) ;
#2511 = DIRECTION ( 'NONE',  ( 0.000000000000000000, 0.000000000000000000, 1.000000000000000000 ) ) ;
#2512 = VERTEX_POINT ( 'NONE', #987 ) ;
#2513 = DIRECTION ( 'NONE',  ( 0.000000000000000000, -0.000000000000000000, 1.000000000000000000 ) ) ;
#2514 = CARTESIAN_POINT ( 'NONE',  ( 23.99999999999998579, 0.000000000000000000, 7.249999999999998224 ) ) ;
#2515 = PERSON_AND_ORGANIZATION ( #886, #2226 ) ;
#2516 = VERTEX_POINT ( 'NONE', #3863 ) ;
#2517 = ORIENTED_EDGE ( 'NONE', *, *, #2055, .F. ) ;
#2518 = ADVANCED_FACE ( 'NONE', ( #2866 ), #2076, .F. ) ;
#2519 = CARTESIAN_POINT ( 'NONE',  ( 26.01556443707462307, 0.000000000000000000, -4.000000000000000000 ) ) ;
#2520 = CARTESIAN_POINT ( 'NONE',  ( -11.29929127748492945, 4.593794776679944292, 9.999999999999996447 ) ) ;
#2521 = EDGE_CURVE ( 'NONE', #292, #2464, #194, .T. ) ;
#2522 = CARTESIAN_POINT ( 'NONE',  ( -13.30790853901124571, 4.855556330130764486, 9.499999999999996447 ) ) ;
#2523 = DIRECTION ( 'NONE',  ( 0.9906588508047015074, 0.000000000000000000, -0.1363636363636148152 ) ) ;
#2524 = ORIENTED_EDGE ( 'NONE', *, *, #3915, .T. ) ;
#2525 = EDGE_CURVE ( 'NONE', #1797, #1890, #1094, .T. ) ;
#2526 = CARTESIAN_POINT ( 'NONE',  ( -8.121527238900307921, 3.663285397959089362, 10.00000000000000000 ) ) ;
#2527 = CARTESIAN_POINT ( 'NONE',  ( 26.74999999999998934, 2.500000000000000000, 0.000000000000000000 ) ) ;
#2528 = CARTESIAN_POINT ( 'NONE',  ( -10.00000000000000178, 16.50000000000000355, 0.000000000000000000 ) ) ;
#2529 = VECTOR ( 'NONE', #1367, 1000.000000000000000 ) ;
#2530 = ORIENTED_EDGE ( 'NONE', *, *, #1520, .F. ) ;
#2531 = CARTESIAN_POINT ( 'NONE',  ( -10.56496188897878952, 4.817061521759208986, 9.499999999999996447 ) ) ;
#2532 = CARTESIAN_POINT ( 'NONE',  ( -12.74708306877394826, 4.132382237059232466, 9.999999999999998224 ) ) ;
#2533 = DIRECTION ( 'NONE',  ( 0.4850712500726656606, 0.7276068751089994624, -0.4850712500726652165 ) ) ;
#2534 = CARTESIAN_POINT ( 'NONE',  ( -10.00000000000000178, 2.000000000000000000, 0.000000000000000000 ) ) ;
#2535 = VECTOR ( 'NONE', #4647, 1000.000000000000000 ) ;
#2536 = CC_DESIGN_APPROVAL ( #813, ( #1730 ) ) ;
#2537 = EDGE_LOOP ( 'NONE', ( #2383, #3719, #1990, #4574 ) ) ;
#2538 = LINE ( 'NONE', #3997, #1299 ) ;
#2539 = CARTESIAN_POINT ( 'NONE',  ( -6.877501000800801734, 10.50000000000000000, -9.500000000000000000 ) ) ;
#2540 = CALENDAR_DATE ( 2026, 15, 6 ) ;
#2541 = ORIENTED_EDGE ( 'NONE', *, *, #227, .T. ) ;
#2542 = EDGE_LOOP ( 'NONE', ( #1458, #4527 ) ) ;
#2543 = VECTOR ( 'NONE', #3217, 1000.000000000000000 ) ;
#2544 = DIRECTION ( 'NONE',  ( -1.000000000000000000, 0.000000000000000000, 0.000000000000000000 ) ) ;
#2545 = DIRECTION ( 'NONE',  ( 0.000000000000000000, 0.000000000000000000, 1.000000000000000000 ) ) ;
#2546 = CARTESIAN_POINT ( 'NONE',  ( -20.00000000000000355, 4.000000000000000000, 0.5000000000000000000 ) ) ;
#2547 = CARTESIAN_POINT ( 'NONE',  ( -13.34840745159878672, 4.857331087710909046, 9.499999999999996447 ) ) ;
#2548 = VECTOR ( 'NONE', #2261, 1000.000000000000000 ) ;
#2549 = EDGE_CURVE ( 'NONE', #1649, #2488, #3173, .T. ) ;
#2550 = EDGE_LOOP ( 'NONE', ( #1237, #1875, #3292, #4703, #1382 ) ) ;
#2551 = CARTESIAN_POINT ( 'NONE',  ( 19.99999999999999645, -27.00000000000000000, 9.999999999999996447 ) ) ;
#2552 = CARTESIAN_POINT ( 'NONE',  ( -10.23304545312473834, 4.011504287093311305, 9.499999999999994671 ) ) ;
#2553 = VECTOR ( 'NONE', #2872, 1000.000000000000000 ) ;
#2554 = CARTESIAN_POINT ( 'NONE',  ( -8.276711733699883666, 3.659429409365844155, 9.999999999999996447 ) ) ;
#2555 = B_SPLINE_CURVE_WITH_KNOTS ( 'NONE', 3,
 ( #4569, #4307, #176, #3862, #577, #269, #1276, #4641, #624, #2102, #3547 ),
 .UNSPECIFIED., .F., .F.,
 ( 4, 1, 1, 1, 1, 1, 1, 1, 4 ),
 ( 0.000000000000000000, 0.1411572427678501052, 0.2708670984732419740, 0.3951049199775830689, 0.5192445879437858069, 0.6416973881062167928, 0.7592814591052551298, 0.8772923808939696588, 1.000000000000000000 ),
 .UNSPECIFIED. ) ;
#2556 = EDGE_CURVE ( 'NONE', #3521, #3713, #1815, .T. ) ;
#2557 = ORIENTED_EDGE ( 'NONE', *, *, #1996, .F. ) ;
#2558 = PLANE ( 'NONE',  #581 ) ;
#2559 = DIRECTION ( 'NONE',  ( 0.000000000000000000, 0.000000000000000000, -1.000000000000000000 ) ) ;
#2560 = DIRECTION ( 'NONE',  ( -0.000000000000000000, -1.000000000000000000, -0.000000000000000000 ) ) ;
#2561 = B_SPLINE_CURVE_WITH_KNOTS ( 'NONE', 3,
 ( #1077, #3285, #4754, #3263, #311, #1443, #2231, #1855, #4395, #3311, #2547 ),
 .UNSPECIFIED., .F., .F.,
 ( 4, 1, 1, 1, 1, 1, 1, 1, 4 ),
 ( 0.000000000000000000, 0.1259553441376821403, 0.2477952931766743971, 0.3695577194406673427, 0.4961300219278783064, 0.6243084793732043281, 0.7472542167631335275, 0.8702959180579222798, 1.000000000000000000 ),
 .UNSPECIFIED. ) ;
#2562 = EDGE_CURVE ( 'NONE', #4739, #3435, #1466, .T. ) ;
#2563 = ORIENTED_EDGE ( 'NONE', *, *, #252, .F. ) ;
#2564 = DIRECTION ( 'NONE',  ( 0.000000000000000000, 0.000000000000000000, -1.000000000000000000 ) ) ;
#2565 = CARTESIAN_POINT ( 'NONE',  ( -11.01802928365744805, 3.693716400550712819, 9.499999999999994671 ) ) ;
#2566 = ORIENTED_EDGE ( 'NONE', *, *, #2933, .F. ) ;
#2567 = ORIENTED_EDGE ( 'NONE', *, *, #3132, .F. ) ;
#2568 = CARTESIAN_POINT ( 'NONE',  ( 20.00000000000000000, -23.99999999999998934, -9.000000000000000000 ) ) ;
#2569 = CARTESIAN_POINT ( 'NONE',  ( -11.13376994224398508, 4.761365935114647563, 10.00000000000000000 ) ) ;
#2570 = CARTESIAN_POINT ( 'NONE',  ( -10.35728021873263671, 3.831570972529231955, 9.499999999999994671 ) ) ;
#2571 = LINE ( 'NONE', #22, #3131 ) ;
#2572 = ORIENTED_EDGE ( 'NONE', *, *, #3668, .T. ) ;
#2573 = CARTESIAN_POINT ( 'NONE',  ( -10.00000000000000178, 18.00000000000000355, 0.000000000000000000 ) ) ;
#2574 = PLANE ( 'NONE',  #1042 ) ;
#2575 = CARTESIAN_POINT ( 'NONE',  ( -10.19737464725680631, 4.381676339906654505, 9.999999999999996447 ) ) ;
#2576 = ORIENTED_EDGE ( 'NONE', *, *, #988, .T. ) ;
#2577 = DIRECTION ( 'NONE',  ( -0.000000000000000000, -1.000000000000000000, 0.000000000000000000 ) ) ;
#2578 = DIRECTION ( 'NONE',  ( 0.000000000000000000, 1.000000000000000000, 0.000000000000000000 ) ) ;
#2579 = LINE ( 'NONE', #674, #3991 ) ;
#2580 = EDGE_CURVE ( 'NONE', #738, #1874, #2687, .T. ) ;
#2581 = VECTOR ( 'NONE', #2812, 1000.000000000000000 ) ;
#2582 = ORIENTED_EDGE ( 'NONE', *, *, #3393, .F. ) ;
#2583 = FACE_OUTER_BOUND ( 'NONE', #1453, .T. ) ;
#2584 = CARTESIAN_POINT ( 'NONE',  ( -11.38606154533483128, 4.130823258813754784, 9.499999999999998224 ) ) ;
#2585 = EDGE_LOOP ( 'NONE', ( #3487, #4103, #1302, #923 ) ) ;
#2586 = ORIENTED_EDGE ( 'NONE', *, *, #3533, .F. ) ;
#2587 = CARTESIAN_POINT ( 'NONE',  ( -20.00000000000000355, 4.000000000000000000, -0.5000000000000000000 ) ) ;
#2588 = DIRECTION ( 'NONE',  ( 0.000000000000000000, 0.000000000000000000, -1.000000000000000000 ) ) ;
#2589 = CIRCLE ( 'NONE', #517, 5.666666666666666075 ) ;
#2590 = DIRECTION ( 'NONE',  ( 0.000000000000000000, 0.000000000000000000, -1.000000000000000000 ) ) ;
#2591 = ORIENTED_EDGE ( 'NONE', *, *, #2633, .T. ) ;
#2592 = LINE ( 'NONE', #4105, #3493 ) ;
#2593 = CARTESIAN_POINT ( 'NONE',  ( 0.000000000000000000, 2.500000000000000000, -6.000000000000000000 ) ) ;
#2594 = CARTESIAN_POINT ( 'NONE',  ( -8.836061545334825240, 4.130823258813754784, 9.999999999999998224 ) ) ;
#2595 = CARTESIAN_POINT ( 'NONE',  ( -8.480823645987342729, 4.817574663822189684, 9.999999999999996447 ) ) ;
#2596 = VERTEX_POINT ( 'NONE', #3602 ) ;
#2597 = LINE ( 'NONE', #1182, #1823 ) ;
#2598 = DIRECTION ( 'NONE',  ( 0.000000000000000000, 0.000000000000000000, -1.000000000000000000 ) ) ;
#2599 = CYLINDRICAL_SURFACE ( 'NONE', #4072, 2.250000000000000444 ) ;
#2600 = ADVANCED_FACE ( 'NONE', ( #1062 ), #2246, .T. ) ;
#2601 = ORIENTED_EDGE ( 'NONE', *, *, #2080, .F. ) ;
#2602 = EDGE_CURVE ( 'NONE', #3399, #1495, #1889, .T. ) ;
#2603 = CARTESIAN_POINT ( 'NONE',  ( -9.181818181818348634, 15.50000000000000000, 5.943953104827973455 ) ) ;
#2604 = AXIS2_PLACEMENT_3D ( 'NONE', #972, #4554, #1262 ) ;
#2605 = DIRECTION ( 'NONE',  ( 0.9906588508047015074, 0.000000000000000000, 0.1363636363636148152 ) ) ;
#2606 = ADVANCED_FACE ( 'NONE', ( #4717 ), #2599, .F. ) ;
#2607 = ORIENTED_EDGE ( 'NONE', *, *, #2059, .T. ) ;
#2608 = ORIENTED_EDGE ( 'NONE', *, *, #3190, .F. ) ;
#2609 = DIRECTION ( 'NONE',  ( 0.000000000000000000, 1.000000000000000000, 0.000000000000000000 ) ) ;
#2610 = CARTESIAN_POINT ( 'NONE',  ( -13.34840745159878672, 4.857331087710909046, 9.999999999999996447 ) ) ;
#2611 = DIRECTION ( 'NONE',  ( -0.000000000000000000, -1.000000000000000000, -0.000000000000000000 ) ) ;
#2612 = EDGE_CURVE ( 'NONE', #4140, #2022, #33, .T. ) ;
#2613 = VERTEX_POINT ( 'NONE', #11 ) ;
#2614 = AXIS2_PLACEMENT_3D ( 'NONE', #4040, #1936, #3455 ) ;
#2615 = CARTESIAN_POINT ( 'NONE',  ( -8.236688701598787077, 3.657331087710908424, 9.499999999999996447 ) ) ;
#2616 = DIRECTION ( 'NONE',  ( -0.000000000000000000, -1.000000000000000000, -0.000000000000000000 ) ) ;
#2617 = CARTESIAN_POINT ( 'NONE',  ( -10.00000000000000178, 14.00000000000000000, 2.050000000000000266 ) ) ;
#2618 = VERTEX_POINT ( 'NONE', #1498 ) ;
#2619 = CARTESIAN_POINT ( 'NONE',  ( -13.76627804807780464, 3.813939344366133355, 9.999999999999992895 ) ) ;
#2620 = VECTOR ( 'NONE', #1295, 1000.000000000000000 ) ;
#2621 = ORIENTED_EDGE ( 'NONE', *, *, #4019, .F. ) ;
#2622 = AXIS2_PLACEMENT_3D ( 'NONE', #2728, #1318, #208 ) ;
#2623 = LINE ( 'NONE', #839, #4421 ) ;
#2624 = CARTESIAN_POINT ( 'NONE',  ( -10.00000000000000178, 12.00000000000000000, -6.499999999999999112 ) ) ;
#2625 = PLANE ( 'NONE',  #2241 ) ;
#2626 = EDGE_LOOP ( 'NONE', ( #2567, #609, #557, #2724 ) ) ;
#2627 = CARTESIAN_POINT ( 'NONE',  ( -10.79840745159878779, 4.857331087710909046, 9.499999999999996447 ) ) ;
#2628 = DIRECTION ( 'NONE',  ( -0.000000000000000000, -1.000000000000000000, -0.000000000000000000 ) ) ;
#2629 = VERTEX_POINT ( 'NONE', #2510 ) ;
#2630 = ORIENTED_EDGE ( 'NONE', *, *, #1586, .F. ) ;
#2631 = CARTESIAN_POINT ( 'NONE',  ( -7.818552839064236260, 4.685782656872678587, 9.999999999999998224 ) ) ;
#2632 = CARTESIAN_POINT ( 'NONE',  ( -9.181818181818348634, 19.50000000000000000, 5.943953104827968126 ) ) ;
#2633 = EDGE_CURVE ( 'NONE', #2433, #4555, #4382, .T. ) ;
#2634 = CARTESIAN_POINT ( 'NONE',  ( 13.99999999999999645, 10.50000000000000000, -5.000000000000000000 ) ) ;
#2635 = ORIENTED_EDGE ( 'NONE', *, *, #1965, .T. ) ;
#2636 = DIRECTION ( 'NONE',  ( 0.000000000000000000, 1.000000000000000000, 0.000000000000000000 ) ) ;
#2637 = DIRECTION ( 'NONE',  ( 0.000000000000000000, 0.000000000000000000, 1.000000000000000000 ) ) ;
#2638 = LINE ( 'NONE', #1927, #3610 ) ;
#2639 = EDGE_CURVE ( 'NONE', #4433, #1016, #327, .T. ) ;
#2640 = ORIENTED_EDGE ( 'NONE', *, *, #1280, .F. ) ;
#2641 = CARTESIAN_POINT ( 'NONE',  ( -15.66496188897878383, 4.817061521759207210, 9.499999999999994671 ) ) ;
#2642 = VERTEX_POINT ( 'NONE', #2958 ) ;
#2643 = CARTESIAN_POINT ( 'NONE',  ( -26.74999999999998934, 2.500000000000000000, 6.000000000000000000 ) ) ;
#2644 = CARTESIAN_POINT ( 'NONE',  ( 26.74999999999998934, 2.500000000000000000, 4.000000000000000000 ) ) ;
#2645 = LINE ( 'NONE', #819, #2761 ) ;
#2646 = ORIENTED_EDGE ( 'NONE', *, *, #49, .T. ) ;
#2647 = FACE_BOUND ( 'NONE', #2505, .T. ) ;
#2648 = CARTESIAN_POINT ( 'NONE',  ( -20.00000000000000355, -23.99999999999998934, 8.999999999999998224 ) ) ;
#2649 = CARTESIAN_POINT ( 'NONE',  ( -11.38606154533483128, 4.130823258813754784, 9.999999999999998224 ) ) ;
#2650 = ORIENTED_EDGE ( 'NONE', *, *, #4346, .T. ) ;
#2651 = VERTEX_POINT ( 'NONE', #4405 ) ;
#2652 = VECTOR ( 'NONE', #817, 1000.000000000000000 ) ;
#2653 = CARTESIAN_POINT ( 'NONE',  ( -8.207908539011247839, 4.855556330130764486, 9.999999999999994671 ) ) ;
#2654 = DIRECTION ( 'NONE',  ( -0.000000000000000000, -1.000000000000000000, -0.000000000000000000 ) ) ;
#2655 = CARTESIAN_POINT ( 'NONE',  ( -10.00000000000000178, 2.000000000000000000, 0.000000000000000000 ) ) ;
#2656 = ORIENTED_EDGE ( 'NONE', *, *, #4508, .F. ) ;
#2657 = EDGE_CURVE ( 'NONE', #3427, #2464, #3426, .T. ) ;
#2658 = EDGE_CURVE ( 'NONE', #3349, #3530, #2980, .T. ) ;
#2659 = FACE_OUTER_BOUND ( 'NONE', #1857, .T. ) ;
#2660 = CARTESIAN_POINT ( 'NONE',  ( 20.00000000000000355, 0.000000000000000000, 8.999999999999998224 ) ) ;
#2661 = CARTESIAN_POINT ( 'NONE',  ( -20.00000000000000355, 2.500000000000000000, -0.5000000000000000000 ) ) ;
#2662 = ORIENTED_EDGE ( 'NONE', *, *, #2369, .T. ) ;
#2663 = CARTESIAN_POINT ( 'NONE',  ( -15.77861541957982894, 4.852081519184668679, 9.999999999999994671 ) ) ;
#2664 = ORIENTED_EDGE ( 'NONE', *, *, #3505, .T. ) ;
#2665 = EDGE_CURVE ( 'NONE', #4443, #1924, #2235, .T. ) ;
#2666 = CYLINDRICAL_SURFACE ( 'NONE', #4115, 1.500000000000000444 ) ;
#2667 = DIRECTION ( 'NONE',  ( 0.000000000000000000, 1.000000000000000000, 0.000000000000000000 ) ) ;
#2668 = FACE_OUTER_BOUND ( 'NONE', #1784, .T. ) ;
#2669 = EDGE_CURVE ( 'NONE', #1797, #1913, #2579, .T. ) ;
#2670 = VERTEX_POINT ( 'NONE', #3965 ) ;
#2671 = FACE_OUTER_BOUND ( 'NONE', #1427, .T. ) ;
#2672 = CARTESIAN_POINT ( 'NONE',  ( -13.68376994224398757, 4.761365935114647563, 10.00000000000000000 ) ) ;
#2673 = CARTESIAN_POINT ( 'NONE',  ( -8.749291277484926965, 4.593794776679944292, 9.499999999999996447 ) ) ;
#2674 = VERTEX_POINT ( 'NONE', #2149 ) ;
#2675 = VECTOR ( 'NONE', #3403, 1000.000000000000000 ) ;
#2676 = ORIENTED_EDGE ( 'NONE', *, *, #4575, .T. ) ;
#2677 = DIRECTION ( 'NONE',  ( 0.000000000000000000, 0.000000000000000000, 1.000000000000000000 ) ) ;
#2678 = CARTESIAN_POINT ( 'NONE',  ( -10.00000000000000178, 12.00000000000000000, 0.000000000000000000 ) ) ;
#2679 = AXIS2_PLACEMENT_3D ( 'NONE', #2470, #4650, #2722 ) ;
#2680 = EDGE_LOOP ( 'NONE', ( #2335, #3301, #1989, #3246 ) ) ;
#2681 = CARTESIAN_POINT ( 'NONE',  ( -10.00000000000000178, 10.50000000000000000, -10.00000000000000000 ) ) ;
#2682 = CARTESIAN_POINT ( 'NONE',  ( -13.33668870159878672, 3.657331087710908424, 9.999999999999996447 ) ) ;
#2683 = DIRECTION ( 'NONE',  ( 0.000000000000000000, 0.000000000000000000, 1.000000000000000000 ) ) ;
#2684 = EDGE_LOOP ( 'NONE', ( #3843, #3912, #1176, #2646 ) ) ;
#2685 = CARTESIAN_POINT ( 'NONE',  ( -15.66496188897878383, 4.817061521759207210, 9.999999999999994671 ) ) ;
#2686 = ADVANCED_FACE ( 'NONE', ( #1793 ), #3251, .T. ) ;
#2687 = CIRCLE ( 'NONE', #999, 2.250000000000000444 ) ;
#2688 = ORIENTED_EDGE ( 'NONE', *, *, #3510, .T. ) ;
#2689 = AXIS2_PLACEMENT_3D ( 'NONE', #9, #2864, #2598 ) ;
#2690 = CARTESIAN_POINT ( 'NONE',  ( -10.00000000000000178, 12.00000000000000000, 0.000000000000000000 ) ) ;
#2691 = DIRECTION ( 'NONE',  ( 0.000000000000000000, 0.000000000000000000, 1.000000000000000000 ) ) ;
#2692 = AXIS2_PLACEMENT_3D ( 'NONE', #693, #3316, #1837 ) ;
#2693 = DIRECTION ( 'NONE',  ( 0.000000000000000000, 1.000000000000000000, 0.000000000000000000 ) ) ;
#2694 = EDGE_CURVE ( 'NONE', #830, #4639, #2842, .T. ) ;
#2695 = AXIS2_PLACEMENT_3D ( 'NONE', #1704, #3514, #4221 ) ;
#2696 = ORIENTED_EDGE ( 'NONE', *, *, #892, .T. ) ;
#2697 = CARTESIAN_POINT ( 'NONE',  ( -13.76627804807780464, 3.813939344366133355, 9.499999999999992895 ) ) ;
#2698 = CARTESIAN_POINT ( 'NONE',  ( -13.94254807659878637, 4.263190462710908513, 9.999999999999996447 ) ) ;
#2699 = CARTESIAN_POINT ( 'NONE',  ( -8.666278048077808549, 3.813939344366133355, 9.499999999999992895 ) ) ;
#2700 = EDGE_CURVE ( 'NONE', #523, #2372, #2199, .T. ) ;
#2701 = ORIENTED_EDGE ( 'NONE', *, *, #4401, .F. ) ;
#2702 = VERTEX_POINT ( 'NONE', #3653 ) ;
#2703 = CARTESIAN_POINT ( 'NONE',  ( -10.74780545527312547, 3.659341507747735811, 9.999999999999994671 ) ) ;
#2704 = LINE ( 'NONE', #783, #1223 ) ;
#2705 = ORIENTED_EDGE ( 'NONE', *, *, #983, .F. ) ;
#2706 = CARTESIAN_POINT ( 'NONE',  ( -10.00000000000000178, 14.00000000000000000, 0.000000000000000000 ) ) ;
#2707 = CARTESIAN_POINT ( 'NONE',  ( -16.22168179594637749, 3.745048609832291042, 9.499999999999998224 ) ) ;
#2708 = CARTESIAN_POINT ( 'NONE',  ( -13.30790853901124571, 4.855556330130764486, 9.999999999999996447 ) ) ;
#2709 = LINE ( 'NONE', #3425, #4755 ) ;
#2710 = VERTEX_POINT ( 'NONE', #1841 ) ;
#2711 = LINE ( 'NONE', #170, #1509 ) ;
#2712 = DIRECTION ( 'NONE',  ( -1.000000000000000000, 0.000000000000000000, 0.000000000000000000 ) ) ;
#2713 = CYLINDRICAL_SURFACE ( 'NONE', #919, 1.000000000000000888 ) ;
#2714 = ORIENTED_EDGE ( 'NONE', *, *, #1412, .F. ) ;
#2715 = EDGE_CURVE ( 'NONE', #3772, #1339, #4689, .T. ) ;
#2716 = LINE ( 'NONE', #3499, #3953 ) ;
#2717 = CARTESIAN_POINT ( 'NONE',  ( -10.00000000000000178, 12.00000000000000000, 0.000000000000000000 ) ) ;
#2718 = DIRECTION ( 'NONE',  ( -0.000000000000000000, -1.000000000000000000, -0.000000000000000000 ) ) ;
#2719 = EDGE_LOOP ( 'NONE', ( #3189, #3650, #1432, #1398 ) ) ;
#2720 = EDGE_LOOP ( 'NONE', ( #585, #1742, #3867, #199 ) ) ;
#2721 = FACE_OUTER_BOUND ( 'NONE', #4047, .T. ) ;
#2722 = DIRECTION ( 'NONE',  ( 1.000000000000000000, 0.000000000000000000, -0.000000000000000000 ) ) ;
#2723 = AXIS2_PLACEMENT_3D ( 'NONE', #2385, #3146, #4567 ) ;
#2724 = ORIENTED_EDGE ( 'NONE', *, *, #3286, .T. ) ;
#2725 = AXIS2_PLACEMENT_3D ( 'NONE', #3518, #1710, #3167 ) ;
#2726 = DIRECTION ( 'NONE',  ( 0.000000000000000000, 0.000000000000000000, 1.000000000000000000 ) ) ;
#2727 = CARTESIAN_POINT ( 'NONE',  ( -16.45331000572272373, 4.007931246096332778, 9.499999999999998224 ) ) ;
#2728 = CARTESIAN_POINT ( 'NONE',  ( -10.00000000000000178, 12.00000000000000000, 0.000000000000000000 ) ) ;
#2729 = VECTOR ( 'NONE', #4684, 1000.000000000000000 ) ;
#2730 = CARTESIAN_POINT ( 'NONE',  ( -15.93889077459143699, 4.855547751615680419, 9.499999999999996447 ) ) ;
#2731 = CONICAL_SURFACE ( 'NONE', #4738, 5.999999999999756639, 0.7853981633974496113 ) ;
#2732 = CARTESIAN_POINT ( 'NONE',  ( -8.207908539011247839, 4.855556330130764486, 9.999999999999994671 ) ) ;
#2733 = CARTESIAN_POINT ( 'NONE',  ( -23.99999999999998579, 0.000000000000000000, 4.999999999999998224 ) ) ;
#2734 = LINE ( 'NONE', #3168, #3145 ) ;
#2735 = ORIENTED_EDGE ( 'NONE', *, *, #1821, .T. ) ;
#2736 = FACE_OUTER_BOUND ( 'NONE', #2550, .T. ) ;
#2737 = LINE ( 'NONE', #1738, #2766 ) ;
#2738 = CARTESIAN_POINT ( 'NONE',  ( -13.68376994224398757, 4.761365935114647563, 10.00000000000000000 ) ) ;
#2739 = ORIENTED_EDGE ( 'NONE', *, *, #2315, .T. ) ;
#2740 = CARTESIAN_POINT ( 'NONE',  ( -15.29708306877394008, 4.132382237059231578, 9.999999999999994671 ) ) ;
#2741 = EDGE_CURVE ( 'NONE', #182, #3847, #540, .T. ) ;
#2742 = ADVANCED_FACE ( 'NONE', ( #841 ), #76, .T. ) ;
#2743 = ORIENTED_EDGE ( 'NONE', *, *, #3416, .T. ) ;
#2744 = VERTEX_POINT ( 'NONE', #1205 ) ;
#2745 = CARTESIAN_POINT ( 'NONE',  ( -12.74418344345463616, 4.303336539538842764, 9.999999999999996447 ) ) ;
#2746 = ADVANCED_FACE ( 'NONE', ( #1569 ), #2713, .T. ) ;
#2747 = VECTOR ( 'NONE', #1379, 1000.000000000000000 ) ;
#2748 = EDGE_LOOP ( 'NONE', ( #4377, #518, #1504, #4691 ) ) ;
#2749 = CARTESIAN_POINT ( 'NONE',  ( 12.99999999999999645, 9.000000000000000000, -9.500000000000000000 ) ) ;
#2750 = FACE_OUTER_BOUND ( 'NONE', #222, .T. ) ;
#2751 = LINE ( 'NONE', #1831, #2317 ) ;
#2752 = CARTESIAN_POINT ( 'NONE',  ( -26.74999999999998934, 2.500000000000000000, 6.000000000000000000 ) ) ;
#2753 = EDGE_CURVE ( 'NONE', #2110, #4445, #1783, .T. ) ;
#2754 = CIRCLE ( 'NONE', #685, 2.250000000000000444 ) ;
#2755 = EDGE_LOOP ( 'NONE', ( #4083, #4397, #3607, #1696 ) ) ;
#2756 = CARTESIAN_POINT ( 'NONE',  ( -15.93889077459143699, 4.855547751615680419, 9.999999999999998224 ) ) ;
#2757 = CARTESIAN_POINT ( 'NONE',  ( -10.00000000000000178, 18.00000000000000355, 0.000000000000000000 ) ) ;
#2758 = CARTESIAN_POINT ( 'NONE',  ( 12.40909090909087098, 15.50000000000000000, 2.971976552414338002 ) ) ;
#2759 = VECTOR ( 'NONE', #296, 1000.000000000000000 ) ;
#2760 = ORIENTED_EDGE ( 'NONE', *, *, #1821, .F. ) ;
#2761 = VECTOR ( 'NONE', #2314, 1000.000000000000000 ) ;
#2762 = CARTESIAN_POINT ( 'NONE',  ( 0.000000000000000000, 2.500000000000000000, -6.000000000000000000 ) ) ;
#2763 = DIRECTION ( 'NONE',  ( -0.000000000000000000, -0.000000000000000000, 1.000000000000000000 ) ) ;
#2764 = DIRECTION ( 'NONE',  ( 0.000000000000000000, 0.000000000000000000, -1.000000000000000000 ) ) ;
#2765 = EDGE_LOOP ( 'NONE', ( #3841, #4713, #607, #250 ) ) ;
#2766 = VECTOR ( 'NONE', #2484, 1000.000000000000000 ) ;
#2767 = DIRECTION ( 'NONE',  ( 1.000000000000000000, 0.000000000000000000, 0.000000000000000000 ) ) ;
#2768 = AXIS2_PLACEMENT_3D ( 'NONE', #3396, #1192, #4463 ) ;
#2769 = VERTEX_POINT ( 'NONE', #1911 ) ;
#2770 = ORIENTED_EDGE ( 'NONE', *, *, #1522, .F. ) ;
#2771 = VECTOR ( 'NONE', #3233, 1000.000000000000000 ) ;
#2772 = ADVANCED_FACE ( 'NONE', ( #794 ), #490, .T. ) ;
#2773 = CARTESIAN_POINT ( 'NONE',  ( -12.78304545312474083, 4.011504287093311305, 9.499999999999994671 ) ) ;
#2774 = B_SPLINE_CURVE_WITH_KNOTS ( 'NONE', 3,
 ( #4705, #4004, #1024, #3895, #4342, #2495, #660, #1048, #2134, #3536, #3974 ),
 .UNSPECIFIED., .F., .F.,
 ( 4, 1, 1, 1, 1, 1, 1, 1, 4 ),
 ( 0.000000000000000000, 0.1284893937998344560, 0.2515703310852771546, 0.3749708213203460372, 0.5021068943257277484, 0.6298912076876398425, 0.7516855493226266560, 0.8727485777653849475, 1.000000000000000000 ),
 .UNSPECIFIED. ) ;
#2775 = CARTESIAN_POINT ( 'NONE',  ( -15.29410173964085828, 4.218376293701556534, 9.999999999999996447 ) ) ;
#2776 = ORIENTED_EDGE ( 'NONE', *, *, #2846, .T. ) ;
#2777 = ADVANCED_FACE ( 'NONE', ( #2668 ), #2289, .T. ) ;
#2778 = DIRECTION ( 'NONE',  ( 0.000000000000000000, 0.000000000000000000, -1.000000000000000000 ) ) ;
#2779 = CARTESIAN_POINT ( 'NONE',  ( -8.276711733699883666, 3.659429409365844155, 9.999999999999996447 ) ) ;
#2780 = CARTESIAN_POINT ( 'NONE',  ( -26.74999999999998934, 2.500000000000000000, -4.000000000000000000 ) ) ;
#2781 = DIRECTION ( 'NONE',  ( 0.000000000000000000, 0.000000000000000000, -1.000000000000000000 ) ) ;
#2782 = ORIENTED_EDGE ( 'NONE', *, *, #3859, .F. ) ;
#2783 = EDGE_CURVE ( 'NONE', #3450, #3257, #4077, .T. ) ;
#2784 = CARTESIAN_POINT ( 'NONE',  ( 26.74999999999998934, 2.500000000000000000, 6.000000000000000000 ) ) ;
#2785 = DIRECTION ( 'NONE',  ( 0.000000000000000000, 0.000000000000000000, 1.000000000000000000 ) ) ;
#2786 = LINE ( 'NONE', #2070, #2468 ) ;
#2787 = ORIENTED_EDGE ( 'NONE', *, *, #411, .T. ) ;
#2788 = DIRECTION ( 'NONE',  ( 0.000000000000000000, 1.000000000000000000, 0.000000000000000000 ) ) ;
#2789 = CARTESIAN_POINT ( 'NONE',  ( -15.89840745159878566, 4.857331087710909046, 9.499999999999996447 ) ) ;
#2790 = CARTESIAN_POINT ( 'NONE',  ( -23.99999999999998579, 2.500000000000000000, -4.999999999999998224 ) ) ;
#2791 = CARTESIAN_POINT ( 'NONE',  ( -23.99999999999998579, 0.000000000000000000, 2.749999999999998224 ) ) ;
#2792 = ORIENTED_EDGE ( 'NONE', *, *, #4634, .T. ) ;
#2793 = VERTEX_POINT ( 'NONE', #1960 ) ;
#2794 = CARTESIAN_POINT ( 'NONE',  ( -10.36807131982058827, 3.816818745869935636, 9.999999999999994671 ) ) ;
#2795 =( LENGTH_UNIT ( ) NAMED_UNIT ( * ) SI_UNIT ( .MILLI., .METRE. ) );
#2796 = VERTEX_POINT ( 'NONE', #1547 ) ;
#2797 = ORIENTED_EDGE ( 'NONE', *, *, #2741, .F. ) ;
#2798 = DIRECTION ( 'NONE',  ( 0.000000000000000000, -1.084202172485504434E-16, -1.000000000000000000 ) ) ;
#2799 = CARTESIAN_POINT ( 'NONE',  ( -19.00000000000000355, 0.000000000000000000, -9.000000000000001776 ) ) ;
#2800 = DIRECTION ( 'NONE',  ( -0.000000000000000000, -1.000000000000000000, 0.000000000000000000 ) ) ;
#2801 = CARTESIAN_POINT ( 'NONE',  ( -19.00000000000000355, 9.000000000000000000, -10.00000000000000000 ) ) ;
#2802 = VECTOR ( 'NONE', #418, 1000.000000000000114 ) ;
#2803 = ADVANCED_FACE ( 'NONE', ( #1640 ), #885, .F. ) ;
#2804 = ADVANCED_FACE ( 'NONE', ( #4448, #1159 ), #2625, .F. ) ;
#2805 = ORIENTED_EDGE ( 'NONE', *, *, #3331, .T. ) ;
#2806 = CARTESIAN_POINT ( 'NONE',  ( -16.32336738693030398, 4.684180621136961875, 9.999999999999996447 ) ) ;
#2807 = DIRECTION ( 'NONE',  ( -0.000000000000000000, -1.000000000000000000, -0.000000000000000000 ) ) ;
#2808 = VECTOR ( 'NONE', #3452, 1000.000000000000000 ) ;
#2809 = DIRECTION ( 'NONE',  ( -0.000000000000000000, -0.000000000000000000, 1.000000000000000000 ) ) ;
#2810 = EDGE_CURVE ( 'NONE', #3552, #4555, #2384, .T. ) ;
#2811 = ORIENTED_EDGE ( 'NONE', *, *, #4126, .F. ) ;
#2812 = DIRECTION ( 'NONE',  ( -1.000000000000000000, 0.000000000000000000, 0.000000000000000000 ) ) ;
#2813 = DIRECTION ( 'NONE',  ( 0.000000000000000000, 0.000000000000000000, -1.000000000000000000 ) ) ;
#2814 = DIRECTION ( 'NONE',  ( 0.000000000000000000, 0.000000000000000000, -1.000000000000000000 ) ) ;
#2815 = AXIS2_PLACEMENT_3D ( 'NONE', #4266, #1440, #1364 ) ;
#2816 = CARTESIAN_POINT ( 'NONE',  ( -10.00000000000000000, 10.50000000000000000, 10.00000000000000000 ) ) ;
#2817 = EDGE_CURVE ( 'NONE', #2651, #4672, #3007, .T. ) ;
#2818 = ORIENTED_EDGE ( 'NONE', *, *, #4161, .F. ) ;
#2819 = FACE_OUTER_BOUND ( 'NONE', #174, .T. ) ;
#2820 = LINE ( 'NONE', #3255, #2771 ) ;
#2821 = CARTESIAN_POINT ( 'NONE',  ( -11.39031785523684803, 4.217679517995065908, 9.499999999999998224 ) ) ;
#2822 = EDGE_LOOP ( 'NONE', ( #730, #1642, #425, #1773 ) ) ;
#2823 = ORIENTED_EDGE ( 'NONE', *, *, #2657, .T. ) ;
#2824 = CARTESIAN_POINT ( 'NONE',  ( -12.78304545312474083, 4.011504287093311305, 9.499999999999994671 ) ) ;
#2825 = CARTESIAN_POINT ( 'NONE',  ( -11.22336738693030433, 4.684180621136959211, 9.999999999999994671 ) ) ;
#2826 = CARTESIAN_POINT ( 'NONE',  ( -10.00000000000000178, 9.000000000000000000, -10.00000000000000000 ) ) ;
#2827 = CARTESIAN_POINT ( 'NONE',  ( -16.13082364598733776, 4.817574663822187908, 9.499999999999996447 ) ) ;
#2828 = ORIENTED_EDGE ( 'NONE', *, *, #4431, .F. ) ;
#2829 = AXIS2_PLACEMENT_3D ( 'NONE', #2439, #3100, #3462 ) ;
#2830 = CARTESIAN_POINT ( 'NONE',  ( -7.647374647256802049, 4.381676339906653617, 9.499999999999994671 ) ) ;
#2831 = CARTESIAN_POINT ( 'NONE',  ( 26.74999999999998934, 2.500000000000000000, -6.000000000000000000 ) ) ;
#2832 = PLANE ( 'NONE',  #1625 ) ;
#2833 = VECTOR ( 'NONE', #64, 1000.000000000000000 ) ;
#2834 = ORIENTED_EDGE ( 'NONE', *, *, #2059, .F. ) ;
#2835 = DIRECTION ( 'NONE',  ( 0.000000000000000000, 0.000000000000000000, 1.000000000000000000 ) ) ;
#2836 = DIRECTION ( 'NONE',  ( 0.000000000000000000, 0.000000000000000000, 1.000000000000000000 ) ) ;
#2837 = CARTESIAN_POINT ( 'NONE',  ( -10.00000000000000178, 18.00000000000000355, 0.000000000000000000 ) ) ;
#2838 = EDGE_CURVE ( 'NONE', #1121, #3399, #2645, .T. ) ;
#2839 = ORIENTED_EDGE ( 'NONE', *, *, #3041, .F. ) ;
#2840 = CARTESIAN_POINT ( 'NONE',  ( -20.00000000000000355, 0.000000000000000000, 8.999999999999998224 ) ) ;
#2841 = B_SPLINE_SURFACE_WITH_KNOTS ( 'NONE', 3, 1, ( 
 ( #976, #1703 ),
 ( #2399, #2448 ),
 ( #612, #1608 ),
 ( #4536, #1244 ),
 ( #2707, #3805 ),
 ( #525, #2024 ),
 ( #1998, #1265 ),
 ( #2727, #4197 ),
 ( #2924, #4706 ),
 ( #1420, #2854 ),
 ( #1393, #3559 ) ),
 .UNSPECIFIED., .F., .F., .F.,
 ( 4, 1, 1, 1, 1, 1, 1, 1, 4 ),
 ( 2, 2 ),
 ( 0.000000000000000000, 0.1248700636199802511, 0.2434858894426099318, 0.3629263138288127410, 0.4841463935337739777, 0.6067873673243868726, 0.7290275327010893314, 0.8580158402514961313, 1.000000000000000000 ),
 ( 0.000000000000000000, 1.000000000000000000 ),
 .UNSPECIFIED. ) ;
#2842 = CIRCLE ( 'NONE', #3448, 5.500000000000000000 ) ;
#2843 = VERTEX_POINT ( 'NONE', #1227 ) ;
#2844 = ORIENTED_EDGE ( 'NONE', *, *, #501, .T. ) ;
#2845 = AXIS2_PLACEMENT_3D ( 'NONE', #1354, #3501, #2836 ) ;
#2846 = EDGE_CURVE ( 'NONE', #4617, #61, #161, .T. ) ;
#2847 = VECTOR ( 'NONE', #1371, 1000.000000000000000 ) ;
#2848 = CARTESIAN_POINT ( 'NONE',  ( 20.00000000000000355, 2.500000000000000000, 0.000000000000000000 ) ) ;
#2849 = APPLICATION_PROTOCOL_DEFINITION ( 'international standard', 'config_control_design', 1994, #1796 ) ;
#2850 = ORIENTED_EDGE ( 'NONE', *, *, #4215, .F. ) ;
#2851 = AXIS2_PLACEMENT_3D ( 'NONE', #1198, #3718, #1903 ) ;
#2852 = ORIENTED_EDGE ( 'NONE', *, *, #4451, .T. ) ;
#2853 = PLANE ( 'NONE',  #922 ) ;
#2854 = CARTESIAN_POINT ( 'NONE',  ( -16.49031785523684945, 4.217679517995065908, 10.00000000000000000 ) ) ;
#2855 = CARTESIAN_POINT ( 'NONE',  ( -19.00000000000000355, 2.499999999999998668, 9.999999999999996447 ) ) ;
#2856 = DIRECTION ( 'NONE',  ( 0.000000000000000000, 1.000000000000000000, 0.000000000000000000 ) ) ;
#2857 = ORIENTED_EDGE ( 'NONE', *, *, #2027, .F. ) ;
#2858 = CARTESIAN_POINT ( 'NONE',  ( -7.642548076598787432, 4.263190462710908513, 9.999999999999994671 ) ) ;
#2859 = CARTESIAN_POINT ( 'NONE',  ( -10.28763695707778680, 3.903863005938844832, 9.500000000000000000 ) ) ;
#2860 = LINE ( 'NONE', #2142, #4303 ) ;
#2861 = ORIENTED_EDGE ( 'NONE', *, *, #1311, .T. ) ;
#2862 = B_SPLINE_CURVE_WITH_KNOTS ( 'NONE', 3,
 ( #1076, #2522, #663, #3239, #2210, #1394, #1442, #1463, #4415, #2163, #3309 ),
 .UNSPECIFIED., .F., .F.,
 ( 4, 1, 1, 1, 1, 1, 1, 1, 4 ),
 ( 0.000000000000000000, 0.1284893937998359270, 0.2515703310852800412, 0.3749708213203469809, 0.5021068943257283035, 0.6298912076876412858, 0.7516855493226278773, 0.8727485777653851695, 0.9999999999999998890 ),
 .UNSPECIFIED. ) ;
#2863 = DIRECTION ( 'NONE',  ( -0.9892034623538707994, 0.1465486610894626562, 0.000000000000000000 ) ) ;
#2864 = DIRECTION ( 'NONE',  ( -0.000000000000000000, -1.000000000000000000, -0.000000000000000000 ) ) ;
#2865 = CARTESIAN_POINT ( 'NONE',  ( -10.00000000000000178, 14.00000000000000000, 0.000000000000000000 ) ) ;
#2866 = FACE_OUTER_BOUND ( 'NONE', #4486, .T. ) ;
#2867 = DIRECTION ( 'NONE',  ( 0.000000000000000000, 0.000000000000000000, 1.000000000000000000 ) ) ;
#2868 = ADVANCED_FACE ( 'NONE', ( #3771 ), #1617, .F. ) ;
#2869 = ORIENTED_EDGE ( 'NONE', *, *, #4367, .T. ) ;
#2870 = EDGE_CURVE ( 'NONE', #3582, #810, #2786, .T. ) ;
#2871 = FACE_OUTER_BOUND ( 'NONE', #3241, .T. ) ;
#2872 = DIRECTION ( 'NONE',  ( 0.000000000000000000, 1.000000000000000000, 0.000000000000000000 ) ) ;
#2873 = APPROVAL_STATUS ( 'not_yet_approved' ) ;
#2874 = ORIENTED_EDGE ( 'NONE', *, *, #2633, .F. ) ;
#2875 = ORIENTED_EDGE ( 'NONE', *, *, #1462, .F. ) ;
#2876 = FACE_OUTER_BOUND ( 'NONE', #1023, .T. ) ;
#2877 = CARTESIAN_POINT ( 'NONE',  ( -11.38723908575593491, 4.379909362331369849, 9.999999999999994671 ) ) ;
#2878 = DIRECTION ( 'NONE',  ( 1.000000000000000000, 0.000000000000000000, 0.000000000000000000 ) ) ;
#2879 = CARTESIAN_POINT ( 'NONE',  ( -26.01556443707462307, 0.000000000000000000, 6.000000000000000000 ) ) ;
#2880 = ORIENTED_EDGE ( 'NONE', *, *, #3169, .F. ) ;
#2881 = DIRECTION ( 'NONE',  ( 1.000000000000000000, -0.000000000000000000, 1.734723475976807341E-16 ) ) ;
#2882 = CARTESIAN_POINT ( 'NONE',  ( -10.19410173964085509, 4.218376293701555646, 9.999999999999994671 ) ) ;
#2883 = B_SPLINE_SURFACE_WITH_KNOTS ( 'NONE', 3, 1, ( 
 ( #3690, #2610 ),
 ( #3352, #781 ),
 ( #2299, #63 ),
 ( #1969, #3415 ),
 ( #3757, #134 ),
 ( #1877, #3329 ),
 ( #920, #2443 ),
 ( #3891, #605 ),
 ( #946, #4625 ),
 ( #1283, #2745 ),
 ( #3868, #181 ) ),
 .UNSPECIFIED., .F., .F., .F.,
 ( 4, 1, 1, 1, 1, 1, 1, 1, 4 ),
 ( 2, 2 ),
 ( 0.000000000000000000, 0.1284893937998359270, 0.2515703310852800412, 0.3749708213203469809, 0.5021068943257283035, 0.6298912076876412858, 0.7516855493226278773, 0.8727485777653851695, 0.9999999999999998890 ),
 ( 0.000000000000000000, 1.000000000000000000 ),
 .UNSPECIFIED. ) ;
#2884 = LINE ( 'NONE', #2194, #850 ) ;
#2885 = VERTEX_POINT ( 'NONE', #643 ) ;
#2886 = VECTOR ( 'NONE', #268, 1000.000000000000000 ) ;
#2887 = CARTESIAN_POINT ( 'NONE',  ( -10.75790853901124677, 4.855556330130764486, 9.999999999999996447 ) ) ;
#2888 = B_SPLINE_CURVE_WITH_KNOTS ( 'NONE', 3,
 ( #721, #2197, #3321, #3652, #372, #2219, #3676, #32, #2957, #4425, #1034 ),
 .UNSPECIFIED., .F., .F.,
 ( 4, 1, 1, 1, 1, 1, 1, 1, 4 ),
 ( 0.000000000000000000, 0.1259553441376821403, 0.2477952931766743971, 0.3695577194406673427, 0.4961300219278783064, 0.6243084793732043281, 0.7472542167631335275, 0.8702959180579222798, 1.000000000000000000 ),
 .UNSPECIFIED. ) ;
#2889 = CARTESIAN_POINT ( 'NONE',  ( -13.29780545527312619, 3.659341507747735811, 9.999999999999994671 ) ) ;
#2890 = CARTESIAN_POINT ( 'NONE',  ( 23.99999999999998579, 0.000000000000000000, 4.999999999999998224 ) ) ;
#2891 = DIRECTION ( 'NONE',  ( 0.000000000000000000, 0.000000000000000000, -1.000000000000000000 ) ) ;
#2892 = VECTOR ( 'NONE', #4178, 1000.000000000000000 ) ;
#2893 = VERTEX_POINT ( 'NONE', #3519 ) ;
#2894 = DIRECTION ( 'NONE',  ( 1.000000000000000000, 0.000000000000000000, 0.000000000000000000 ) ) ;
#2895 = CARTESIAN_POINT ( 'NONE',  ( -10.82671173369988082, 3.659429409365844599, 9.999999999999996447 ) ) ;
#2896 = PERSON_AND_ORGANIZATION ( #886, #2226 ) ;
#2897 = ORIENTED_EDGE ( 'NONE', *, *, #1854, .F. ) ;
#2898 = ORIENTED_EDGE ( 'NONE', *, *, #3190, .T. ) ;
#2899 = DIRECTION ( 'NONE',  ( -0.000000000000000000, -1.000000000000000000, -0.000000000000000000 ) ) ;
#2900 = DIRECTION ( 'NONE',  ( -0.000000000000000000, -0.000000000000000000, -1.000000000000000000 ) ) ;
#2901 = CARTESIAN_POINT ( 'NONE',  ( 20.00000000000000000, -23.99999999999998934, -10.00000000000000000 ) ) ;
#2902 = EDGE_CURVE ( 'NONE', #1890, #2921, #2734, .T. ) ;
#2903 = DIRECTION ( 'NONE',  ( 0.000000000000000000, 0.7071067811865496822, 0.7071067811865453523 ) ) ;
#2904 = ORIENTED_EDGE ( 'NONE', *, *, #2580, .T. ) ;
#2905 = CARTESIAN_POINT ( 'NONE',  ( -7.647083068773943282, 4.132382237059230690, 9.999999999999992895 ) ) ;
#2906 = LINE ( 'NONE', #3315, #2123 ) ;
#2907 = DIRECTION ( 'NONE',  ( -0.000000000000000000, 1.000000000000000000, -0.000000000000000000 ) ) ;
#2908 = ADVANCED_FACE ( 'NONE', ( #935 ), #1734, .F. ) ;
#2909 = VECTOR ( 'NONE', #2767, 1000.000000000000000 ) ;
#2910 = EDGE_LOOP ( 'NONE', ( #894, #1253, #4209, #110 ) ) ;
#2911 = DIRECTION ( 'NONE',  ( 0.1465486610894626562, 0.9892034623538707994, -0.000000000000000000 ) ) ;
#2912 = CARTESIAN_POINT ( 'NONE',  ( -8.121527238900307921, 3.663285397959089362, 10.00000000000000000 ) ) ;
#2913 = CARTESIAN_POINT ( 'NONE',  ( 23.99999999999998579, 2.500000000000000000, 4.999999999999998224 ) ) ;
#2914 = AXIS2_PLACEMENT_3D ( 'NONE', #1843, #1769, #3298 ) ;
#2915 = ORIENTED_EDGE ( 'NONE', *, *, #2326, .T. ) ;
#2916 = CARTESIAN_POINT ( 'NONE',  ( 12.54545454545448635, 18.50000000000000000, 3.962635403219037844 ) ) ;
#2917 = CARTESIAN_POINT ( 'NONE',  ( -11.29546098914201480, 3.901807813459206020, 9.999999999999994671 ) ) ;
#2918 = VECTOR ( 'NONE', #964, 1000.000000000000000 ) ;
#2919 = ORIENTED_EDGE ( 'NONE', *, *, #3959, .F. ) ;
#2920 = VECTOR ( 'NONE', #2533, 1000.000000000000114 ) ;
#2921 = VERTEX_POINT ( 'NONE', #4274 ) ;
#2922 = CIRCLE ( 'NONE', #4534, 2.050000000000000266 ) ;
#2923 = DIRECTION ( 'NONE',  ( 0.000000000000000000, 1.000000000000000000, 0.000000000000000000 ) ) ;
#2924 = CARTESIAN_POINT ( 'NONE',  ( -16.48606154533482737, 4.130823258813754784, 9.499999999999996447 ) ) ;
#2925 = CARTESIAN_POINT ( 'NONE',  ( 13.99999999999999467, 10.50000000000000000, 5.000000000000000000 ) ) ;
#2926 = CARTESIAN_POINT ( 'NONE',  ( -10.00000000000000178, 2.000000000000000000, 1.500000000000000444 ) ) ;
#2927 = VECTOR ( 'NONE', #383, 1000.000000000000000 ) ;
#2928 = EDGE_LOOP ( 'NONE', ( #633, #4514, #2982, #1155 ) ) ;
#2929 = EDGE_CURVE ( 'NONE', #210, #3569, #4589, .T. ) ;
#2930 = FACE_OUTER_BOUND ( 'NONE', #2272, .T. ) ;
#2931 = CARTESIAN_POINT ( 'NONE',  ( -10.67152723890030330, 3.663285397959088474, 9.499999999999998224 ) ) ;
#2932 = CARTESIAN_POINT ( 'NONE',  ( -8.468029283657452666, 3.693716400550714152, 9.999999999999996447 ) ) ;
#2933 = EDGE_CURVE ( 'NONE', #2100, #590, #1236, .T. ) ;
#2934 = EDGE_LOOP ( 'NONE', ( #4467, #1133, #2904, #2185, #1291, #37, #1663, #1554, #4651, #3764, #3581 ) ) ;
#2935 = ADVANCED_FACE ( 'NONE', ( #1272 ), #4300, .F. ) ;
#2936 = CARTESIAN_POINT ( 'NONE',  ( -10.79840745159878779, 4.857331087710909046, 9.999999999999996447 ) ) ;
#2937 = CARTESIAN_POINT ( 'NONE',  ( -12.83763695707778396, 3.903863005938844832, 10.00000000000000000 ) ) ;
#2938 = CARTESIAN_POINT ( 'NONE',  ( 19.70710678118654968, -24.43933982822017015, -9.707106781186549682 ) ) ;
#2939 = ORIENTED_EDGE ( 'NONE', *, *, #4372, .T. ) ;
#2940 = DIRECTION ( 'NONE',  ( 0.000000000000000000, 1.000000000000000000, 0.000000000000000000 ) ) ;
#2941 = CARTESIAN_POINT ( 'NONE',  ( -15.88668870159878921, 3.657331087710908424, 9.499999999999996447 ) ) ;
#2942 = VERTEX_POINT ( 'NONE', #3474 ) ;
#2943 = EDGE_LOOP ( 'NONE', ( #4423, #4049, #4127, #1010 ) ) ;
#2944 = CARTESIAN_POINT ( 'NONE',  ( -13.58082364598734237, 4.817574663822189684, 9.999999999999996447 ) ) ;
#2945 = DIRECTION ( 'NONE',  ( 0.000000000000000000, 0.000000000000000000, -1.000000000000000000 ) ) ;
#2946 = DIRECTION ( 'NONE',  ( 1.000000000000000000, 0.000000000000000000, 0.000000000000000000 ) ) ;
#2947 = FACE_OUTER_BOUND ( 'NONE', #2329, .T. ) ;
#2948 = ORIENTED_EDGE ( 'NONE', *, *, #4724, .F. ) ;
#2949 = CARTESIAN_POINT ( 'NONE',  ( 12.99999999999999645, 10.50000000000000000, -8.500000000000000000 ) ) ;
#2950 = CARTESIAN_POINT ( 'NONE',  ( 19.00000000000000000, 2.499999999999998668, -9.000000000000000000 ) ) ;
#2951 = CARTESIAN_POINT ( 'NONE',  ( -8.803310005722723375, 4.007931246096333666, 9.999999999999996447 ) ) ;
#2952 = DIRECTION ( 'NONE',  ( 0.000000000000000000, 0.000000000000000000, -1.000000000000000000 ) ) ;
#2953 = EDGE_CURVE ( 'NONE', #498, #2471, #958, .T. ) ;
#2954 = EDGE_CURVE ( 'NONE', #3345, #4168, #2922, .T. ) ;
#2955 = ORIENTED_EDGE ( 'NONE', *, *, #2657, .F. ) ;
#2956 = CARTESIAN_POINT ( 'NONE',  ( -26.74999999999998934, -24.00000000000000000, 3.500000000000002665 ) ) ;
#2957 = CARTESIAN_POINT ( 'NONE',  ( -8.367777953966253790, 4.852072682277735360, 9.999999999999996447 ) ) ;
#2958 = CARTESIAN_POINT ( 'NONE',  ( -10.00000000000000178, 15.50000000000000000, -5.999999999999761968 ) ) ;
#2959 = EDGE_CURVE ( 'NONE', #1162, #2500, #593, .T. ) ;
#2960 = VECTOR ( 'NONE', #2311, 1000.000000000000000 ) ;
#2961 = ORIENTED_EDGE ( 'NONE', *, *, #2472, .F. ) ;
#2962 = CARTESIAN_POINT ( 'NONE',  ( 26.74999999999998934, 2.500000000000000000, -4.000000000000000000 ) ) ;
#2963 = AXIS2_PLACEMENT_3D ( 'NONE', #1981, #881, #4541 ) ;
#2964 = CARTESIAN_POINT ( 'NONE',  ( -10.00000000000000178, 10.50000000000000000, 0.000000000000000000 ) ) ;
#2965 = ADVANCED_FACE ( 'NONE', ( #1711 ), #190, .F. ) ;
#2966 = ORIENTED_EDGE ( 'NONE', *, *, #2810, .F. ) ;
#2967 = ORIENTED_EDGE ( 'NONE', *, *, #1274, .F. ) ;
#2968 = CARTESIAN_POINT ( 'NONE',  ( -13.58082364598734237, 4.817574663822189684, 9.999999999999996447 ) ) ;
#2969 = CARTESIAN_POINT ( 'NONE',  ( -8.121527238900307921, 3.663285397959089362, 9.500000000000000000 ) ) ;
#2970 = DIRECTION ( 'NONE',  ( 0.000000000000000000, -1.000000000000000000, -0.000000000000000000 ) ) ;
#2971 = ORIENTED_EDGE ( 'NONE', *, *, #2144, .T. ) ;
#2972 = CARTESIAN_POINT ( 'NONE',  ( -8.236688701598787077, 3.657331087710908424, 9.999999999999996447 ) ) ;
#2973 = CARTESIAN_POINT ( 'NONE',  ( -13.94031785523684697, 4.217679517995065019, 9.999999999999998224 ) ) ;
#2974 = CARTESIAN_POINT ( 'NONE',  ( -19.00000000000000355, -23.99999999999998934, -10.00000000000000000 ) ) ;
#2975 = VERTEX_POINT ( 'NONE', #4615 ) ;
#2976 = CARTESIAN_POINT ( 'NONE',  ( -10.00000000000000178, 16.50000000000000355, 0.000000000000000000 ) ) ;
#2977 = VERTEX_POINT ( 'NONE', #3544 ) ;
#2978 = CARTESIAN_POINT ( 'NONE',  ( -9.045454545454735040, 16.50000000000000355, -6.934611955632672853 ) ) ;
#2979 = CARTESIAN_POINT ( 'NONE',  ( -26.74999999999998934, 0.000000000000000000, -6.000000000000000000 ) ) ;
#2980 = LINE ( 'NONE', #3295, #1304 ) ;
#2981 = AXIS2_PLACEMENT_3D ( 'NONE', #3927, #1344, #2450 ) ;
#2982 = ORIENTED_EDGE ( 'NONE', *, *, #2525, .T. ) ;
#2983 = EDGE_CURVE ( 'NONE', #2744, #1495, #3835, .T. ) ;
#2984 = DIRECTION ( 'NONE',  ( 0.000000000000000000, 0.000000000000000000, 1.000000000000000000 ) ) ;
#2985 = FACE_OUTER_BOUND ( 'NONE', #370, .T. ) ;
#2986 = ORIENTED_EDGE ( 'NONE', *, *, #287, .F. ) ;
#2987 = EDGE_CURVE ( 'NONE', #1812, #2057, #265, .T. ) ;
#2988 = ORIENTED_EDGE ( 'NONE', *, *, #1311, .F. ) ;
#2989 = CARTESIAN_POINT ( 'NONE',  ( -10.00000000000000178, 12.00000000000000000, 6.499999999999999112 ) ) ;
#2990 = AXIS2_PLACEMENT_3D ( 'NONE', #258, #3185, #309 ) ;
#2991 = DIRECTION ( 'NONE',  ( 0.000000000000000000, 0.000000000000000000, -1.000000000000000000 ) ) ;
#2992 = DIRECTION ( 'NONE',  ( -1.000000000000000000, 0.000000000000000000, 0.000000000000000000 ) ) ;
#2993 = VECTOR ( 'NONE', #4356, 1000.000000000000000 ) ;
#2994 = ORIENTED_EDGE ( 'NONE', *, *, #704, .F. ) ;
#2995 = AXIS2_PLACEMENT_3D ( 'NONE', #3029, #511, #4114 ) ;
#2996 = CARTESIAN_POINT ( 'NONE',  ( -10.00000000000000178, 15.50000000000000000, 0.000000000000000000 ) ) ;
#2997 = CARTESIAN_POINT ( 'NONE',  ( 26.74999999999998934, 0.000000000000000000, 6.000000000000000000 ) ) ;
#2998 = VECTOR ( 'NONE', #2899, 1000.000000000000000 ) ;
#2999 = CARTESIAN_POINT ( 'NONE',  ( 19.00000000000000000, -27.00000000000000000, -9.000000000000000000 ) ) ;
#3000 = EDGE_LOOP ( 'NONE', ( #279, #4533, #3231, #2688, #4633, #3504, #2621, #3124, #4121, #3881, #1582 ) ) ;
#3001 = CARTESIAN_POINT ( 'NONE',  ( -15.29737464725680951, 4.381676339906656281, 9.999999999999998224 ) ) ;
#3002 = CIRCLE ( 'NONE', #1473, 10.00000000000000000 ) ;
#3003 = VERTEX_POINT ( 'NONE', #1686 ) ;
#3004 = AXIS2_PLACEMENT_3D ( 'NONE', #4675, #3999, #3611 ) ;
#3005 = FACE_OUTER_BOUND ( 'NONE', #3030, .T. ) ;
#3006 = CARTESIAN_POINT ( 'NONE',  ( 26.74999999999998934, 2.500000000000000000, 6.000000000000000000 ) ) ;
#3007 = LINE ( 'NONE', #4476, #1397 ) ;
#3008 = VERTEX_POINT ( 'NONE', #908 ) ;
#3009 = CARTESIAN_POINT ( 'NONE',  ( 13.99999999999999822, 9.000000000000000000, 5.396917480816731955E-15 ) ) ;
#3010 = DIRECTION ( 'NONE',  ( -1.000000000000000000, 0.000000000000000000, 0.000000000000000000 ) ) ;
#3011 = CIRCLE ( 'NONE', #3624, 2.250000000000000444 ) ;
#3012 = ADVANCED_FACE ( 'NONE', ( #3931, #2119 ), #2832, .T. ) ;
#3013 = EDGE_CURVE ( 'NONE', #3008, #2618, #2381, .T. ) ;
#3014 = EDGE_LOOP ( 'NONE', ( #2566, #3701, #4150, #2601 ) ) ;
#3015 = ORIENTED_EDGE ( 'NONE', *, *, #1579, .F. ) ;
#3016 = DIRECTION ( 'NONE',  ( 0.000000000000000000, 0.000000000000000000, 1.000000000000000000 ) ) ;
#3017 = DIRECTION ( 'NONE',  ( 0.09642365197996857762, 0.7071067811865497932, 0.7005015912464743755 ) ) ;
#3018 = CARTESIAN_POINT ( 'NONE',  ( -10.00000000000000178, 15.00000000000000000, 5.500000000000000000 ) ) ;
#3019 = ADVANCED_FACE ( 'NONE', ( #3836 ), #555, .T. ) ;
#3020 = ORIENTED_EDGE ( 'NONE', *, *, #3364, .F. ) ;
#3021 = DIRECTION ( 'NONE',  ( 0.000000000000000000, 0.000000000000000000, 1.000000000000000000 ) ) ;
#3022 = CARTESIAN_POINT ( 'NONE',  ( -26.74999999999998934, 0.000000000000000000, -0.000000000000000000 ) ) ;
#3023 = DIRECTION ( 'NONE',  ( -0.000000000000000000, -1.000000000000000000, -0.000000000000000000 ) ) ;
#3024 = CARTESIAN_POINT ( 'NONE',  ( -15.38943417303813455, 4.596678720137730600, 9.999999999999996447 ) ) ;
#3025 = EDGE_CURVE ( 'NONE', #2921, #4096, #4412, .T. ) ;
#3026 = ORIENTED_EDGE ( 'NONE', *, *, #3449, .T. ) ;
#3027 = CARTESIAN_POINT ( 'NONE',  ( -10.00000000000000178, 18.00000000000000355, 1.500000000000000444 ) ) ;
#3028 = DIRECTION ( 'NONE',  ( -0.000000000000000000, -1.000000000000000000, -0.000000000000000000 ) ) ;
#3029 = CARTESIAN_POINT ( 'NONE',  ( -23.99999999999998579, 2.500000000000000000, -4.999999999999998224 ) ) ;
#3030 = EDGE_LOOP ( 'NONE', ( #374, #870, #3987, #1838 ) ) ;
#3031 = DIRECTION ( 'NONE',  ( 0.000000000000000000, -0.000000000000000000, 1.000000000000000000 ) ) ;
#3032 = CARTESIAN_POINT ( 'NONE',  ( -10.00000000000000178, 12.00000000000000000, 0.000000000000000000 ) ) ;
#3033 = CARTESIAN_POINT ( 'NONE',  ( -16.11802928365744592, 3.693716400550712819, 9.999999999999992895 ) ) ;
#3034 = AXIS2_PLACEMENT_3D ( 'NONE', #2507, #1090, #2287 ) ;
#3035 = EDGE_LOOP ( 'NONE', ( #3151, #2283, #2073, #1489 ) ) ;
#3036 = ORIENTED_EDGE ( 'NONE', *, *, #4671, .F. ) ;
#3037 = AXIS2_PLACEMENT_3D ( 'NONE', #2434, #1298, #4235 ) ;
#3038 = FACE_OUTER_BOUND ( 'NONE', #2684, .T. ) ;
#3039 = CARTESIAN_POINT ( 'NONE',  ( -10.00000000000000178, 16.50000000000000355, 6.999999999999760192 ) ) ;
#3040 = VERTEX_POINT ( 'NONE', #3594 ) ;
#3041 = EDGE_CURVE ( 'NONE', #861, #3388, #2884, .T. ) ;
#3042 = FACE_OUTER_BOUND ( 'NONE', #582, .T. ) ;
#3043 = CARTESIAN_POINT ( 'NONE',  ( -13.45475320566535693, 3.663520956208037749, 9.999999999999996447 ) ) ;
#3044 = LINE ( 'NONE', #1153, #1867 ) ;
#3045 = DIRECTION ( 'NONE',  ( 0.000000000000000000, 0.000000000000000000, 1.000000000000000000 ) ) ;
#3046 = VERTEX_POINT ( 'NONE', #4400 ) ;
#3047 = EDGE_CURVE ( 'NONE', #305, #191, #3831, .T. ) ;
#3048 = CARTESIAN_POINT ( 'NONE',  ( -8.236688701598787077, 3.657331087710908424, 9.499999999999996447 ) ) ;
#3049 = PLANE ( 'NONE',  #1861 ) ;
#3050 = DIRECTION ( 'NONE',  ( 0.000000000000000000, 1.000000000000000000, 0.000000000000000000 ) ) ;
#3051 = ORIENTED_EDGE ( 'NONE', *, *, #1222, .T. ) ;
#3052 = DIRECTION ( 'NONE',  ( -0.000000000000000000, -0.000000000000000000, 1.000000000000000000 ) ) ;
#3053 = CARTESIAN_POINT ( 'NONE',  ( 26.74999999999998934, 0.000000000000000000, 9.999999999999998224 ) ) ;
#3054 = CARTESIAN_POINT ( 'NONE',  ( -8.468029283657452666, 3.693716400550714152, 9.499999999999996447 ) ) ;
#3055 = ORIENTED_EDGE ( 'NONE', *, *, #4568, .T. ) ;
#3056 = AXIS2_PLACEMENT_3D ( 'NONE', #1290, #2477, #261 ) ;
#3057 = ORIENTED_EDGE ( 'NONE', *, *, #3588, .F. ) ;
#3058 = CARTESIAN_POINT ( 'NONE',  ( -7.818071319820589338, 3.816818745869934748, 9.499999999999996447 ) ) ;
#3059 = DIRECTION ( 'NONE',  ( -0.000000000000000000, -0.000000000000000000, -1.000000000000000000 ) ) ;
#3060 = ORIENTED_EDGE ( 'NONE', *, *, #2602, .T. ) ;
#3061 = FACE_OUTER_BOUND ( 'NONE', #2748, .T. ) ;
#3062 = CARTESIAN_POINT ( 'NONE',  ( -8.803310005722723375, 4.007931246096333666, 9.499999999999996447 ) ) ;
#3063 = CARTESIAN_POINT ( 'NONE',  ( 0.000000000000000000, 0.000000000000000000, -4.000000000000000000 ) ) ;
#3064 = CARTESIAN_POINT ( 'NONE',  ( -15.85790853901124642, 4.855556330130764486, 9.999999999999994671 ) ) ;
#3065 = VECTOR ( 'NONE', #4066, 1000.000000000000000 ) ;
#3066 = EDGE_CURVE ( 'NONE', #640, #1874, #4011, .T. ) ;
#3067 = ORIENTED_EDGE ( 'NONE', *, *, #201, .T. ) ;
#3068 = AXIS2_PLACEMENT_3D ( 'NONE', #2460, #559, #245 ) ;
#3069 = CARTESIAN_POINT ( 'NONE',  ( -15.89840745159878566, 4.857331087710909046, 9.499999999999996447 ) ) ;
#3070 = CARTESIAN_POINT ( 'NONE',  ( 18.99999999999999645, 0.000000000000000000, 9.999999999999998224 ) ) ;
#3071 = AXIS2_PLACEMENT_3D ( 'NONE', #1250, #3050, #3812 ) ;
#3072 = DIRECTION ( 'NONE',  ( 0.000000000000000000, 0.000000000000000000, 1.000000000000000000 ) ) ;
#3073 = CC_DESIGN_PERSON_AND_ORGANIZATION_ASSIGNMENT ( #377, #1020, ( #1730 ) ) ;
#3074 = ADVANCED_FACE ( 'NONE', ( #1107 ), #2171, .F. ) ;
#3075 = AXIS2_PLACEMENT_3D ( 'NONE', #3112, #1266, #4584 ) ;
#3076 = ORIENTED_EDGE ( 'NONE', *, *, #639, .F. ) ;
#3077 = CARTESIAN_POINT ( 'NONE',  ( -10.00000000000000178, 15.50000000000000000, 0.000000000000000000 ) ) ;
#3078 = CARTESIAN_POINT ( 'NONE',  ( -13.38889077459144339, 4.855547751615681307, 9.499999999999998224 ) ) ;
#3079 = FACE_OUTER_BOUND ( 'NONE', #1672, .T. ) ;
#3080 = ORIENTED_EDGE ( 'NONE', *, *, #726, .T. ) ;
#3081 = VERTEX_POINT ( 'NONE', #3623 ) ;
#3082 = CARTESIAN_POINT ( 'NONE',  ( -8.248407451598787077, 4.857331087710909046, 9.499999999999996447 ) ) ;
#3083 = APPLICATION_PROTOCOL_DEFINITION ( 'international standard', 'config_control_design', 1994, #3994 ) ;
#3084 = ORIENTED_EDGE ( 'NONE', *, *, #2055, .T. ) ;
#3085 = CARTESIAN_POINT ( 'NONE',  ( -11.12168179594637429, 3.745048609832291930, 10.00000000000000000 ) ) ;
#3086 = DIRECTION ( 'NONE',  ( 0.000000000000000000, 1.000000000000000000, 0.000000000000000000 ) ) ;
#3087 = DIRECTION ( 'NONE',  ( 0.000000000000000000, 0.000000000000000000, -1.000000000000000000 ) ) ;
#3088 = CARTESIAN_POINT ( 'NONE',  ( -15.29418344345463510, 4.303336539538842764, 9.499999999999996447 ) ) ;
#3089 = EDGE_LOOP ( 'NONE', ( #856, #502, #1416, #2174 ) ) ;
#3090 = FACE_OUTER_BOUND ( 'NONE', #3708, .T. ) ;
#3091 = CARTESIAN_POINT ( 'NONE',  ( -16.01777795396625237, 4.852072682277737137, 10.00000000000000000 ) ) ;
#3092 = DIRECTION ( 'NONE',  ( 0.000000000000000000, 1.000000000000000000, 0.000000000000000000 ) ) ;
#3093 = EDGE_CURVE ( 'NONE', #312, #2116, #2239, .T. ) ;
#3094 = EDGE_CURVE ( 'NONE', #804, #3170, #83, .T. ) ;
#3095 = ORIENTED_EDGE ( 'NONE', *, *, #556, .T. ) ;
#3096 = CARTESIAN_POINT ( 'NONE',  ( 0.000000000000000000, 0.000000000000000000, 6.000000000000000000 ) ) ;
#3097 = CARTESIAN_POINT ( 'NONE',  ( 26.74999999999998934, 2.500000000000000000, 0.000000000000000000 ) ) ;
#3098 = CARTESIAN_POINT ( 'NONE',  ( -13.46777795396625166, 4.852072682277735360, 9.999999999999996447 ) ) ;
#3099 = EDGE_CURVE ( 'NONE', #3639, #2613, #4180, .T. ) ;
#3100 = DIRECTION ( 'NONE',  ( 0.000000000000000000, 1.000000000000000000, 0.000000000000000000 ) ) ;
#3101 = AXIS2_PLACEMENT_3D ( 'NONE', #4152, #1975, #858 ) ;
#3102 = VERTEX_POINT ( 'NONE', #3698 ) ;
#3103 = DIRECTION ( 'NONE',  ( -0.000000000000000000, -1.000000000000000000, -0.000000000000000000 ) ) ;
#3104 = EDGE_CURVE ( 'NONE', #2116, #438, #1757, .T. ) ;
#3105 = DIRECTION ( 'NONE',  ( 0.000000000000000000, -1.000000000000000000, 0.000000000000000000 ) ) ;
#3106 = CARTESIAN_POINT ( 'NONE',  ( -26.74999999999998934, 3.000000000000000000, 0.5000000000000000000 ) ) ;
#3107 = VECTOR ( 'NONE', #4183, 1000.000000000000000 ) ;
#3108 = ORIENTED_EDGE ( 'NONE', *, *, #723, .T. ) ;
#3109 = AXIS2_PLACEMENT_3D ( 'NONE', #2429, #3878, #592 ) ;
#3110 = PLANE ( 'NONE',  #1984 ) ;
#3111 = CARTESIAN_POINT ( 'NONE',  ( -8.354753205665357285, 3.663520956208037749, 9.499999999999996447 ) ) ;
#3112 = CARTESIAN_POINT ( 'NONE',  ( 0.000000000000000000, 2.500000000000000000, 6.000000000000000000 ) ) ;
#3113 = CIRCLE ( 'NONE', #205, 1.000000000000000888 ) ;
#3114 = CARTESIAN_POINT ( 'NONE',  ( -16.48723908575593455, 4.379909362331370737, 9.499999999999994671 ) ) ;
#3115 = ORIENTED_EDGE ( 'NONE', *, *, #1320, .T. ) ;
#3116 = CARTESIAN_POINT ( 'NONE',  ( -7.909727323051725989, 4.763203644927169300, 9.499999999999996447 ) ) ;
#3117 = DIRECTION ( 'NONE',  ( 0.000000000000000000, -1.000000000000000000, -0.000000000000000000 ) ) ;
#3118 = CARTESIAN_POINT ( 'NONE',  ( -10.00000000000000178, 10.50000000000000000, 0.000000000000000000 ) ) ;
#3119 = EDGE_LOOP ( 'NONE', ( #838, #1314, #1390, #3067 ) ) ;
#3120 = EDGE_CURVE ( 'NONE', #1188, #2769, #2860, .T. ) ;
#3121 = DIRECTION ( 'NONE',  ( 0.000000000000000000, 1.000000000000000000, 0.000000000000000000 ) ) ;
#3122 = PLANE ( 'NONE',  #773 ) ;
#3123 = CARTESIAN_POINT ( 'NONE',  ( -11.29929127748492945, 4.593794776679944292, 9.499999999999996447 ) ) ;
#3124 = ORIENTED_EDGE ( 'NONE', *, *, #1417, .F. ) ;
#3125 = CARTESIAN_POINT ( 'NONE',  ( -10.19254807659878814, 4.263190462710908513, 9.999999999999996447 ) ) ;
#3126 = ADVANCED_FACE ( 'NONE', ( #1448 ), #1546, .T. ) ;
#3127 = EDGE_LOOP ( 'NONE', ( #974, #99, #4238, #594 ) ) ;
#3128 = CARTESIAN_POINT ( 'NONE',  ( 23.99999999999998579, 2.500000000000000000, 2.749999999999998224 ) ) ;
#3129 = DIRECTION ( 'NONE',  ( 0.000000000000000000, 0.000000000000000000, 1.000000000000000000 ) ) ;
#3130 = DIRECTION ( 'NONE',  ( -0.9892034623538707994, -0.1465486610894626562, -0.000000000000000000 ) ) ;
#3131 = VECTOR ( 'NONE', #1487, 1000.000000000000000 ) ;
#3132 = EDGE_CURVE ( 'NONE', #2032, #1338, #1085, .T. ) ;
#3133 = ORIENTED_EDGE ( 'NONE', *, *, #3625, .F. ) ;
#3134 = DIRECTION ( 'NONE',  ( -0.000000000000000000, -1.000000000000000000, -0.000000000000000000 ) ) ;
#3135 = CARTESIAN_POINT ( 'NONE',  ( -8.745460989142015862, 3.901807813459206908, 9.999999999999998224 ) ) ;
#3136 = AXIS2_PLACEMENT_3D ( 'NONE', #3782, #4505, #2348 ) ;
#3137 = CARTESIAN_POINT ( 'NONE',  ( 0.000000000000000000, 0.000000000000000000, -4.000000000000000000 ) ) ;
#3138 = DIRECTION ( 'NONE',  ( 0.000000000000000000, -1.000000000000000000, 1.084202172485504434E-16 ) ) ;
#3139 = ORIENTED_EDGE ( 'NONE', *, *, #4048, .F. ) ;
#3140 = CARTESIAN_POINT ( 'NONE',  ( -2.999999999999761968, 18.50000000000000000, -6.102458520956801635 ) ) ;
#3141 = LINE ( 'NONE', #3192, #4070 ) ;
#3142 = DIRECTION ( 'NONE',  ( -0.000000000000000000, -0.000000000000000000, 1.000000000000000000 ) ) ;
#3143 = VECTOR ( 'NONE', #4331, 1000.000000000000000 ) ;
#3144 = ORIENTED_EDGE ( 'NONE', *, *, #4671, .T. ) ;
#3145 = VECTOR ( 'NONE', #3142, 1000.000000000000000 ) ;
#3146 = DIRECTION ( 'NONE',  ( 0.000000000000000000, 0.000000000000000000, 1.000000000000000000 ) ) ;
#3147 = CARTESIAN_POINT ( 'NONE',  ( -26.74999999999998934, 0.000000000000000000, -4.000000000000000000 ) ) ;
#3148 = CARTESIAN_POINT ( 'NONE',  ( -15.55972732305172634, 4.763203644927169300, 9.499999999999998224 ) ) ;
#3149 = ORIENTED_EDGE ( 'NONE', *, *, #3588, .T. ) ;
#3150 = CARTESIAN_POINT ( 'NONE',  ( -15.29708306877394008, 4.132382237059231578, 9.499999999999994671 ) ) ;
#3151 = ORIENTED_EDGE ( 'NONE', *, *, #1195, .F. ) ;
#3152 = VERTEX_POINT ( 'NONE', #3958 ) ;
#3153 = VECTOR ( 'NONE', #1210, 1000.000000000000000 ) ;
#3154 = CARTESIAN_POINT ( 'NONE',  ( -13.33668870159878672, 3.657331087710908424, 9.999999999999996447 ) ) ;
#3155 = ADVANCED_FACE ( 'NONE', ( #669 ), #317, .F. ) ;
#3156 = EDGE_CURVE ( 'NONE', #136, #992, #97, .T. ) ;
#3157 =( NAMED_UNIT ( * ) SI_UNIT ( $, .STERADIAN. ) SOLID_ANGLE_UNIT ( ) );
#3158 = ORIENTED_EDGE ( 'NONE', *, *, #4658, .T. ) ;
#3159 = DIRECTION ( 'NONE',  ( 0.000000000000000000, 0.000000000000000000, 1.000000000000000000 ) ) ;
#3160 = CARTESIAN_POINT ( 'NONE',  ( -23.99999999999998579, 0.000000000000000000, -2.749999999999998224 ) ) ;
#3161 = CARTESIAN_POINT ( 'NONE',  ( -20.00000000000000355, 9.000000000000000000, 9.999999999999996447 ) ) ;
#3162 = EDGE_CURVE ( 'NONE', #1351, #2793, #809, .T. ) ;
#3163 = EDGE_CURVE ( 'NONE', #3530, #3936, #4107, .T. ) ;
#3164 = DIRECTION ( 'NONE',  ( 0.000000000000000000, 1.000000000000000000, 0.000000000000000000 ) ) ;
#3165 = EDGE_LOOP ( 'NONE', ( #767, #1947, #1735, #3730 ) ) ;
#3166 = CARTESIAN_POINT ( 'NONE',  ( -16.32336738693030398, 4.684180621136961875, 9.499999999999994671 ) ) ;
#3167 = DIRECTION ( 'NONE',  ( 0.000000000000000000, 0.000000000000000000, 1.000000000000000000 ) ) ;
#3168 = CARTESIAN_POINT ( 'NONE',  ( -10.79840745159878779, 4.857331087710909046, 9.499999999999996447 ) ) ;
#3169 = EDGE_CURVE ( 'NONE', #3844, #1695, #4084, .T. ) ;
#3170 = VERTEX_POINT ( 'NONE', #1610 ) ;
#3171 = CARTESIAN_POINT ( 'NONE',  ( -23.99999999999998579, 0.000000000000000000, 7.249999999999998224 ) ) ;
#3172 = LINE ( 'NONE', #3910, #1313 ) ;
#3173 = LINE ( 'NONE', #2461, #3520 ) ;
#3174 = EDGE_LOOP ( 'NONE', ( #359, #2792 ) ) ;
#3175 = DIRECTION ( 'NONE',  ( -0.000000000000000000, -1.000000000000000000, -0.000000000000000000 ) ) ;
#3176 = ORIENTED_EDGE ( 'NONE', *, *, #2525, .F. ) ;
#3177 = ORIENTED_EDGE ( 'NONE', *, *, #1794, .T. ) ;
#3178 = DIRECTION ( 'NONE',  ( 0.000000000000000000, 0.000000000000000000, 1.000000000000000000 ) ) ;
#3179 = CARTESIAN_POINT ( 'NONE',  ( 13.99999999999999645, 10.50000000000000000, -5.000000000000000000 ) ) ;
#3180 = VERTEX_POINT ( 'NONE', #2661 ) ;
#3181 = B_SPLINE_SURFACE_WITH_KNOTS ( 'NONE', 3, 1, ( 
 ( #2117, #1809 ),
 ( #3621, #2140 ),
 ( #263, #2905 ),
 ( #288, #3191 ),
 ( #715, #3265 ),
 ( #3242, #4373 ),
 ( #1755, #1424 ),
 ( #4735, #3215 ),
 ( #3288, #2526 ),
 ( #1054, #3983 ),
 ( #2615, #2972 ) ),
 .UNSPECIFIED., .F., .F., .F.,
 ( 4, 1, 1, 1, 1, 1, 1, 1, 4 ),
 ( 2, 2 ),
 ( 0.000000000000000000, 0.1411572427678503550, 0.2708670984732424736, 0.3951049199775837906, 0.5192445879437866951, 0.6416973881062179030, 0.7592814591052563511, 0.8772923808939694368, 1.000000000000000000 ),
 ( 0.000000000000000000, 1.000000000000000000 ),
 .UNSPECIFIED. ) ;
#3182 = VERTEX_POINT ( 'NONE', #4130 ) ;
#3183 = EDGE_CURVE ( 'NONE', #2629, #2651, #1471, .T. ) ;
#3184 = CARTESIAN_POINT ( 'NONE',  ( 26.74999999999998934, 0.000000000000000000, 4.000000000000000000 ) ) ;
#3185 = DIRECTION ( 'NONE',  ( -0.000000000000000000, -1.000000000000000000, -0.000000000000000000 ) ) ;
#3186 = DIRECTION ( 'NONE',  ( -0.000000000000000000, -1.000000000000000000, -0.000000000000000000 ) ) ;
#3187 = CARTESIAN_POINT ( 'NONE',  ( -20.00000000000000355, -20.00000000000000000, -3.499999999999998668 ) ) ;
#3188 = CIRCLE ( 'NONE', #3486, 2.250000000000000444 ) ;
#3189 = ORIENTED_EDGE ( 'NONE', *, *, #3606, .F. ) ;
#3190 = EDGE_CURVE ( 'NONE', #1362, #4172, #4087, .T. ) ;
#3191 = CARTESIAN_POINT ( 'NONE',  ( -7.683045453124742075, 4.011504287093311305, 9.999999999999998224 ) ) ;
#3192 = CARTESIAN_POINT ( 'NONE',  ( -10.00000000000000178, 12.00000000000000000, -1.500000000000000444 ) ) ;
#3193 = DIRECTION ( 'NONE',  ( 0.000000000000000000, 0.000000000000000000, -1.000000000000000000 ) ) ;
#3194 = ADVANCED_FACE ( 'NONE', ( #4442 ), #2282, .T. ) ;
#3195 = ORIENTED_EDGE ( 'NONE', *, *, #3498, .F. ) ;
#3196 = CARTESIAN_POINT ( 'NONE',  ( -10.45972732305172315, 4.763203644927167524, 9.999999999999992895 ) ) ;
#3197 = DIRECTION ( 'NONE',  ( 0.000000000000000000, 0.000000000000000000, 1.000000000000000000 ) ) ;
#3198 = CARTESIAN_POINT ( 'NONE',  ( -15.38943417303813455, 4.596678720137730600, 9.499999999999996447 ) ) ;
#3199 = ORIENTED_EDGE ( 'NONE', *, *, #2700, .T. ) ;
#3200 = AXIS2_PLACEMENT_3D ( 'NONE', #4173, #503, #2352 ) ;
#3201 = CARTESIAN_POINT ( 'NONE',  ( -8.367777953966253790, 4.852072682277735360, 9.499999999999996447 ) ) ;
#3202 = ORIENTED_EDGE ( 'NONE', *, *, #3778, .T. ) ;
#3203 = EDGE_LOOP ( 'NONE', ( #3026, #3709, #4358, #938 ) ) ;
#3204 = PLANE ( 'NONE',  #2170 ) ;
#3205 = CALENDAR_DATE ( 2026, 15, 6 ) ;
#3206 = VERTEX_POINT ( 'NONE', #834 ) ;
#3207 = ORIENTED_EDGE ( 'NONE', *, *, #3342, .F. ) ;
#3208 = CARTESIAN_POINT ( 'NONE',  ( -20.00000000000000355, 2.500000000000000000, 0.000000000000000000 ) ) ;
#3209 = FACE_OUTER_BOUND ( 'NONE', #1957, .T. ) ;
#3210 = CARTESIAN_POINT ( 'NONE',  ( -9.181818181818348634, 19.50000000000000000, 5.943953104827968126 ) ) ;
#3211 = CARTESIAN_POINT ( 'NONE',  ( 20.00000000000000000, 8.999999999999998224, -9.000000000000000000 ) ) ;
#3212 = CIRCLE ( 'NONE', #1380, 6.999999999999760192 ) ;
#3213 = B_SPLINE_CURVE_WITH_KNOTS ( 'NONE', 3,
 ( #2682, #2237, #3043, #3697, #4510, #504, #1217, #44, #1882, #2973, #2281 ),
 .UNSPECIFIED., .F., .F.,
 ( 4, 1, 1, 1, 1, 1, 1, 1, 4 ),
 ( 0.000000000000000000, 0.1248700636199819303, 0.2434858894426115139, 0.3629263138288142398, 0.4841463935337753655, 0.6067873673243882049, 0.7290275327010896644, 0.8580158402514963534, 1.000000000000000000 ),
 .UNSPECIFIED. ) ;
#3214 = ORIENTED_EDGE ( 'NONE', *, *, #437, .T. ) ;
#3215 = CARTESIAN_POINT ( 'NONE',  ( -8.011621629094252128, 3.695022007914730011, 9.999999999999994671 ) ) ;
#3216 = FACE_OUTER_BOUND ( 'NONE', #1423, .T. ) ;
#3217 = DIRECTION ( 'NONE',  ( -0.000000000000000000, 1.000000000000000000, -1.084202172485504434E-16 ) ) ;
#3218 = EDGE_CURVE ( 'NONE', #2977, #4391, #140, .T. ) ;
#3219 = EDGE_CURVE ( 'NONE', #754, #2213, #2638, .T. ) ;
#3220 = ORIENTED_EDGE ( 'NONE', *, *, #954, .T. ) ;
#3221 = CARTESIAN_POINT ( 'NONE',  ( -10.00000000000000178, 12.00000000000000000, -6.499999999999999112 ) ) ;
#3222 = CARTESIAN_POINT ( 'NONE',  ( 12.54545454545448635, 18.50000000000000000, -3.962635403219037844 ) ) ;
#3223 = DIRECTION ( 'NONE',  ( -0.4850712500726652721, 0.7276068751089996844, -0.4850712500726652721 ) ) ;
#3224 = AXIS2_PLACEMENT_3D ( 'NONE', #147, #4518, #2360 ) ;
#3225 = CARTESIAN_POINT ( 'NONE',  ( -15.66496188897878383, 4.817061521759207210, 9.499999999999994671 ) ) ;
#3226 = CARTESIAN_POINT ( 'NONE',  ( -8.583769942243984374, 4.761365935114647563, 10.00000000000000000 ) ) ;
#3227 = EDGE_CURVE ( 'NONE', #2110, #2793, #433, .T. ) ;
#3228 = B_SPLINE_SURFACE_WITH_KNOTS ( 'NONE', 3, 1, ( 
 ( #1400, #2193 ),
 ( #716, #2882 ),
 ( #4298, #1468 ),
 ( #2552, #1860 ),
 ( #2859, #1491 ),
 ( #691, #2169 ),
 ( #4351, #26 ),
 ( #3646, #289 ),
 ( #2931, #4374 ),
 ( #3622, #1756 ),
 ( #344, #1447 ) ),
 .UNSPECIFIED., .F., .F., .F.,
 ( 4, 1, 1, 1, 1, 1, 1, 1, 4 ),
 ( 2, 2 ),
 ( 0.000000000000000000, 0.1411572427678502439, 0.2708670984732417519, 0.3951049199775829579, 0.5192445879437870282, 0.6416973881062182361, 0.7592814591052565731, 0.8772923808939695478, 0.9999999999999998890 ),
 ( 0.000000000000000000, 1.000000000000000000 ),
 .UNSPECIFIED. ) ;
#3229 = VECTOR ( 'NONE', #4329, 1000.000000000000000 ) ;
#3230 = CIRCLE ( 'NONE', #1772, 2.250000000000000444 ) ;
#3231 = ORIENTED_EDGE ( 'NONE', *, *, #2409, .F. ) ;
#3232 = CARTESIAN_POINT ( 'NONE',  ( 0.000000000000000000, 0.000000000000000000, -0.5000000000000000000 ) ) ;
#3233 = DIRECTION ( 'NONE',  ( 0.000000000000000000, 0.000000000000000000, 1.000000000000000000 ) ) ;
#3234 = ORIENTED_EDGE ( 'NONE', *, *, #3500, .T. ) ;
#3235 = VECTOR ( 'NONE', #2327, 999.9999999999998863 ) ;
#3236 = ORIENTED_EDGE ( 'NONE', *, *, #320, .F. ) ;
#3237 = LINE ( 'NONE', #3208, #4661 ) ;
#3238 = CARTESIAN_POINT ( 'NONE',  ( 23.99999999999998579, 0.000000000000000000, -4.999999999999998224 ) ) ;
#3239 = CARTESIAN_POINT ( 'NONE',  ( -13.11496188897879023, 4.817061521759208986, 9.499999999999996447 ) ) ;
#3240 = FACE_OUTER_BOUND ( 'NONE', #1708, .T. ) ;
#3241 = EDGE_LOOP ( 'NONE', ( #2017, #273, #4060, #2714 ) ) ;
#3242 = CARTESIAN_POINT ( 'NONE',  ( -7.818071319820589338, 3.816818745869934748, 9.499999999999996447 ) ) ;
#3243 = CARTESIAN_POINT ( 'NONE',  ( -10.00000000000000178, 18.50000000000000000, 0.000000000000000000 ) ) ;
#3244 = CARTESIAN_POINT ( 'NONE',  ( -3.012940774064981573E-15, 16.49999999999999645, -10.00000000000000178 ) ) ;
#3245 = AXIS2_PLACEMENT_3D ( 'NONE', #483, #139, #117 ) ;
#3246 = ORIENTED_EDGE ( 'NONE', *, *, #1494, .T. ) ;
#3247 = DIRECTION ( 'NONE',  ( -0.000000000000000000, -1.000000000000000000, -0.000000000000000000 ) ) ;
#3248 = DIRECTION ( 'NONE',  ( 0.000000000000000000, 0.000000000000000000, -1.000000000000000000 ) ) ;
#3249 = EDGE_CURVE ( 'NONE', #42, #154, #1723, .T. ) ;
#3250 = CARTESIAN_POINT ( 'NONE',  ( -10.00000000000000178, 19.50000000000000000, 5.999999999999756639 ) ) ;
#3251 = PLANE ( 'NONE',  #467 ) ;
#3252 = ORIENTED_EDGE ( 'NONE', *, *, #959, .T. ) ;
#3253 = EDGE_CURVE ( 'NONE', #984, #4140, #3044, .T. ) ;
#3254 = DIRECTION ( 'NONE',  ( -0.9906588508047015074, 0.000000000000000000, 0.1363636363636148152 ) ) ;
#3255 = CARTESIAN_POINT ( 'NONE',  ( -26.74999999999998934, 2.500000000000000000, 0.000000000000000000 ) ) ;
#3256 = DATE_TIME_ROLE ( 'classification_date' ) ;
#3257 = VERTEX_POINT ( 'NONE', #2617 ) ;
#3258 = EDGE_CURVE ( 'NONE', #4493, #4617, #787, .T. ) ;
#3259 = ORIENTED_EDGE ( 'NONE', *, *, #3025, .F. ) ;
#3260 = DIRECTION ( 'NONE',  ( 0.000000000000000000, 1.000000000000000000, -0.000000000000000000 ) ) ;
#3261 = CARTESIAN_POINT ( 'NONE',  ( -20.00000000000000355, -19.99999999999999645, -3.499999999999998668 ) ) ;
#3262 = DIRECTION ( 'NONE',  ( 1.000000000000000000, 0.000000000000000000, -2.520441720968715492E-13 ) ) ;
#3263 = CARTESIAN_POINT ( 'NONE',  ( -13.90209291573277994, 4.490605266450368838, 9.500000000000001776 ) ) ;
#3264 = EDGE_LOOP ( 'NONE', ( #2662, #388, #2493, #4182 ) ) ;
#3265 = CARTESIAN_POINT ( 'NONE',  ( -7.737636957077781652, 3.903863005938844832, 9.999999999999994671 ) ) ;
#3266 = CARTESIAN_POINT ( 'NONE',  ( -9.181818181818350411, 19.50000000000000000, -5.943953104827967238 ) ) ;
#3267 = CARTESIAN_POINT ( 'NONE',  ( -8.842548076598786722, 4.263190462710908513, 9.999999999999996447 ) ) ;
#3268 = ORIENTED_EDGE ( 'NONE', *, *, #328, .T. ) ;
#3269 = VECTOR ( 'NONE', #3789, 1000.000000000000000 ) ;
#3270 = CARTESIAN_POINT ( 'NONE',  ( -10.19254807659878814, 4.263190462710908513, 9.999999999999996447 ) ) ;
#3271 = CARTESIAN_POINT ( 'NONE',  ( -7.737636957077781652, 3.903863005938844832, 9.999999999999994671 ) ) ;
#3272 = CARTESIAN_POINT ( 'NONE',  ( 12.54545454545448635, 19.50000000000000000, 3.962635403219037844 ) ) ;
#3273 = CARTESIAN_POINT ( 'NONE',  ( -26.74999999999998934, 0.000000000000000000, 0.000000000000000000 ) ) ;
#3274 = EDGE_CURVE ( 'NONE', #2642, #984, #477, .T. ) ;
#3275 = EDGE_LOOP ( 'NONE', ( #1523, #1220, #38, #4371 ) ) ;
#3276 = CARTESIAN_POINT ( 'NONE',  ( -13.45475320566535693, 3.663520956208037749, 9.499999999999996447 ) ) ;
#3277 = AXIS2_PLACEMENT_3D ( 'NONE', #2996, #3314, #3333 ) ;
#3278 = CARTESIAN_POINT ( 'NONE',  ( 20.00000000000000355, 4.000000000000000000, 0.5000000000000000000 ) ) ;
#3279 = ADVANCED_FACE ( 'NONE', ( #3357 ), #1538, .T. ) ;
#3280 = ORIENTED_EDGE ( 'NONE', *, *, #4014, .T. ) ;
#3281 = VERTEX_POINT ( 'NONE', #3469 ) ;
#3282 = CARTESIAN_POINT ( 'NONE',  ( -13.94075892709140696, 4.302525162645351564, 9.999999999999998224 ) ) ;
#3283 = LINE ( 'NONE', #686, #1621 ) ;
#3284 = DIRECTION ( 'NONE',  ( 1.734723475976807341E-16, 0.000000000000000000, -1.000000000000000000 ) ) ;
#3285 = CARTESIAN_POINT ( 'NONE',  ( -13.94075892709140696, 4.302525162645351564, 9.499999999999998224 ) ) ;
#3286 = EDGE_CURVE ( 'NONE', #4551, #1338, #1727, .T. ) ;
#3287 = EDGE_LOOP ( 'NONE', ( #1070, #3554, #539, #4402 ) ) ;
#3288 = CARTESIAN_POINT ( 'NONE',  ( -8.121527238900307921, 3.663285397959089362, 9.500000000000000000 ) ) ;
#3289 = DIRECTION ( 'NONE',  ( 0.1363636363636148152, 0.000000000000000000, -0.9906588508047015074 ) ) ;
#3290 = CARTESIAN_POINT ( 'NONE',  ( -10.28943417303813668, 4.596678720137733265, 10.00000000000000178 ) ) ;
#3291 = AXIS2_PLACEMENT_3D ( 'NONE', #1589, #4199, #2065 ) ;
#3292 = ORIENTED_EDGE ( 'NONE', *, *, #782, .F. ) ;
#3293 = CARTESIAN_POINT ( 'NONE',  ( 26.74999999999998934, 3.000000000000000000, 0.5000000000000000000 ) ) ;
#3294 = DIRECTION ( 'NONE',  ( -0.000000000000000000, -1.000000000000000000, 0.000000000000000000 ) ) ;
#3295 = CARTESIAN_POINT ( 'NONE',  ( 13.99999999999999467, 10.50000000000000000, 9.500000000000001776 ) ) ;
#3296 = CIRCLE ( 'NONE', #4293, 2.250000000000000444 ) ;
#3297 = ORIENTED_EDGE ( 'NONE', *, *, #107, .F. ) ;
#3298 = DIRECTION ( 'NONE',  ( 0.000000000000000000, 0.000000000000000000, 1.000000000000000000 ) ) ;
#3299 = CARTESIAN_POINT ( 'NONE',  ( 0.000000000000000000, 2.500000000000000000, 4.000000000000000000 ) ) ;
#3300 = AXIS2_PLACEMENT_3D ( 'NONE', #4005, #3925, #711 ) ;
#3301 = ORIENTED_EDGE ( 'NONE', *, *, #2953, .T. ) ;
#3302 = AXIS2_PLACEMENT_3D ( 'NONE', #1762, #2578, #3248 ) ;
#3303 = ORIENTED_EDGE ( 'NONE', *, *, #1015, .T. ) ;
#3304 = VECTOR ( 'NONE', #2332, 1000.000000000000000 ) ;
#3305 = EDGE_CURVE ( 'NONE', #1188, #2975, #1634, .T. ) ;
#3306 = CARTESIAN_POINT ( 'NONE',  ( -13.34840745159878672, 4.857331087710909046, 9.999999999999996447 ) ) ;
#3307 = CARTESIAN_POINT ( 'NONE',  ( 11.99999999999999467, 19.50000000000000000, 0.000000000000000000 ) ) ;
#3308 = ADVANCED_FACE ( 'NONE', ( #1680 ), #3694, .T. ) ;
#3309 = CARTESIAN_POINT ( 'NONE',  ( -12.74254807659878708, 4.263190462710908513, 9.499999999999996447 ) ) ;
#3310 = B_SPLINE_CURVE_WITH_KNOTS ( 'NONE', 3,
 ( #2627, #4094, #1940, #1962, #796, #3727, #445, #468, #3367, #80, #1550 ),
 .UNSPECIFIED., .F., .F.,
 ( 4, 1, 1, 1, 1, 1, 1, 1, 4 ),
 ( 0.000000000000000000, 0.1284893937998359270, 0.2515703310852800412, 0.3749708213203469809, 0.5021068943257283035, 0.6298912076876412858, 0.7516855493226278773, 0.8727485777653851695, 0.9999999999999998890 ),
 .UNSPECIFIED. ) ;
#3311 = CARTESIAN_POINT ( 'NONE',  ( -13.38889077459144339, 4.855547751615681307, 9.499999999999998224 ) ) ;
#3312 = ORIENTED_EDGE ( 'NONE', *, *, #386, .T. ) ;
#3313 = CC_DESIGN_PERSON_AND_ORGANIZATION_ASSIGNMENT ( #4337, #2491, ( #223 ) ) ;
#3314 = DIRECTION ( 'NONE',  ( 0.000000000000000000, 1.000000000000000000, 0.000000000000000000 ) ) ;
#3315 = CARTESIAN_POINT ( 'NONE',  ( 12.40909090909087098, 19.50000000000000000, -2.971976552414333117 ) ) ;
#3316 = DIRECTION ( 'NONE',  ( 0.000000000000000000, 1.084202172485504434E-16, 1.000000000000000000 ) ) ;
#3317 = CARTESIAN_POINT ( 'NONE',  ( -3.999999999999755307, 15.50000000000000000, -5.230678732248648544 ) ) ;
#3318 = ORIENTED_EDGE ( 'NONE', *, *, #4013, .T. ) ;
#3319 = EDGE_CURVE ( 'NONE', #3917, #1168, #233, .T. ) ;
#3320 = LINE ( 'NONE', #1615, #811 ) ;
#3321 = CARTESIAN_POINT ( 'NONE',  ( -8.837239085755937751, 4.379909362331369849, 9.999999999999994671 ) ) ;
#3322 = DIRECTION ( 'NONE',  ( -0.000000000000000000, -1.000000000000000000, -0.000000000000000000 ) ) ;
#3323 = ORIENTED_EDGE ( 'NONE', *, *, #4187, .T. ) ;
#3324 = FACE_OUTER_BOUND ( 'NONE', #1657, .T. ) ;
#3325 = CARTESIAN_POINT ( 'NONE',  ( -15.92671173369988580, 3.659429409365844155, 9.999999999999994671 ) ) ;
#3326 = ORIENTED_EDGE ( 'NONE', *, *, #3093, .T. ) ;
#3327 = ORIENTED_EDGE ( 'NONE', *, *, #281, .F. ) ;
#3328 = PLANE ( 'NONE',  #3905 ) ;
#3329 = CARTESIAN_POINT ( 'NONE',  ( -12.91855283906423679, 4.685782656872675922, 9.999999999999994671 ) ) ;
#3330 = CARTESIAN_POINT ( 'NONE',  ( -2.999999999999761968, 18.50000000000000000, -10.00000000000000178 ) ) ;
#3331 = EDGE_CURVE ( 'NONE', #2500, #4433, #2449, .T. ) ;
#3332 = VERTEX_POINT ( 'NONE', #2780 ) ;
#3333 = DIRECTION ( 'NONE',  ( 0.000000000000000000, 0.000000000000000000, 1.000000000000000000 ) ) ;
#3334 = DIRECTION ( 'NONE',  ( 0.000000000000000000, 0.000000000000000000, 1.000000000000000000 ) ) ;
#3335 = CARTESIAN_POINT ( 'NONE',  ( -12.74737464725680525, 4.381676339906654505, 9.999999999999996447 ) ) ;
#3336 = CARTESIAN_POINT ( 'NONE',  ( -8.248407451598787077, 4.857331087710909046, 9.999999999999996447 ) ) ;
#3337 = EDGE_CURVE ( 'NONE', #2975, #1168, #4631, .T. ) ;
#3338 = ORIENTED_EDGE ( 'NONE', *, *, #1613, .T. ) ;
#3339 = LINE ( 'NONE', #2336, #4262 ) ;
#3340 = DIRECTION ( 'NONE',  ( 0.000000000000000000, 0.000000000000000000, 1.000000000000000000 ) ) ;
#3341 = CARTESIAN_POINT ( 'NONE',  ( -20.00000000000000355, 9.000000000000000000, -10.00000000000000000 ) ) ;
#3342 = EDGE_CURVE ( 'NONE', #1212, #3521, #2044, .T. ) ;
#3343 = CIRCLE ( 'NONE', #1581, 5.999999999999761968 ) ;
#3344 = B_SPLINE_CURVE_WITH_KNOTS ( 'NONE', 3,
 ( #1006, #4710, #3592, #3542, #3929, #1835, #314, #4398, #641, #1785, #618 ),
 .UNSPECIFIED., .F., .F.,
 ( 4, 1, 1, 1, 1, 1, 1, 1, 4 ),
 ( 0.000000000000000000, 0.1248700636199802511, 0.2434858894426099318, 0.3629263138288127410, 0.4841463935337739777, 0.6067873673243868726, 0.7290275327010893314, 0.8580158402514961313, 1.000000000000000000 ),
 .UNSPECIFIED. ) ;
#3345 = VERTEX_POINT ( 'NONE', #2400 ) ;
#3346 = CARTESIAN_POINT ( 'NONE',  ( -12.74254807659878708, 4.263190462710908513, 9.999999999999996447 ) ) ;
#3347 = CARTESIAN_POINT ( 'NONE',  ( -8.842548076598786722, 4.263190462710908513, 9.499999999999996447 ) ) ;
#3348 = AXIS2_PLACEMENT_3D ( 'NONE', #2949, #2636, #762 ) ;
#3349 = VERTEX_POINT ( 'NONE', #3850 ) ;
#3350 = ORIENTED_EDGE ( 'NONE', *, *, #2027, .T. ) ;
#3351 = CARTESIAN_POINT ( 'NONE',  ( -26.74999999999998934, 0.000000000000000000, 9.999999999999998224 ) ) ;
#3352 = CARTESIAN_POINT ( 'NONE',  ( -13.30790853901124571, 4.855556330130764486, 9.499999999999996447 ) ) ;
#3353 = DIRECTION ( 'NONE',  ( 0.000000000000000000, 0.000000000000000000, 1.000000000000000000 ) ) ;
#3354 = ORIENTED_EDGE ( 'NONE', *, *, #3169, .T. ) ;
#3355 = CARTESIAN_POINT ( 'NONE',  ( 19.99999999999999645, -27.00000000000000000, 9.999999999999996447 ) ) ;
#3356 = CARTESIAN_POINT ( 'NONE',  ( -23.99999999999998579, 0.000000000000000000, 4.999999999999998224 ) ) ;
#3357 = FACE_OUTER_BOUND ( 'NONE', #255, .T. ) ;
#3358 = FACE_OUTER_BOUND ( 'NONE', #895, .T. ) ;
#3359 = ORIENTED_EDGE ( 'NONE', *, *, #1520, .T. ) ;
#3360 = DIRECTION ( 'NONE',  ( -0.000000000000000000, -1.000000000000000000, -0.000000000000000000 ) ) ;
#3361 = DIRECTION ( 'NONE',  ( 0.000000000000000000, 1.000000000000000000, 0.000000000000000000 ) ) ;
#3362 = DIRECTION ( 'NONE',  ( -0.000000000000000000, -1.000000000000000000, -0.000000000000000000 ) ) ;
#3363 = ADVANCED_FACE ( 'NONE', ( #951 ), #259, .F. ) ;
#3364 = EDGE_CURVE ( 'NONE', #3152, #1387, #3828, .T. ) ;
#3365 = VECTOR ( 'NONE', #220, 1000.000000000000000 ) ;
#3366 = ORIENTED_EDGE ( 'NONE', *, *, #3959, .T. ) ;
#3367 = CARTESIAN_POINT ( 'NONE',  ( -10.19737464725680631, 4.381676339906654505, 9.499999999999996447 ) ) ;
#3368 = CARTESIAN_POINT ( 'NONE',  ( -16.39546098914201622, 3.901807813459206020, 9.999999999999994671 ) ) ;
#3369 = VECTOR ( 'NONE', #2269, 1000.000000000000000 ) ;
#3370 = ORIENTED_EDGE ( 'NONE', *, *, #2457, .F. ) ;
#3371 = ORIENTED_EDGE ( 'NONE', *, *, #2549, .F. ) ;
#3372 = CARTESIAN_POINT ( 'NONE',  ( 19.00000000000000000, 0.000000000000000000, -9.000000000000000000 ) ) ;
#3373 = CARTESIAN_POINT ( 'NONE',  ( -8.236688701598787077, 3.657331087710908424, 9.999999999999996447 ) ) ;
#3374 = FACE_OUTER_BOUND ( 'NONE', #1945, .T. ) ;
#3375 = ORIENTED_EDGE ( 'NONE', *, *, #3475, .F. ) ;
#3376 = AXIS2_PLACEMENT_3D ( 'NONE', #2528, #2907, #1031 ) ;
#3377 = CYLINDRICAL_SURFACE ( 'NONE', #1130, 10.00000000000000000 ) ;
#3378 = DIRECTION ( 'NONE',  ( -1.000000000000000000, 0.000000000000000000, 0.000000000000000000 ) ) ;
#3379 = VECTOR ( 'NONE', #3197, 1000.000000000000000 ) ;
#3380 = CARTESIAN_POINT ( 'NONE',  ( -10.00000000000000178, 12.00000000000000000, 0.000000000000000000 ) ) ;
#3381 = CARTESIAN_POINT ( 'NONE',  ( -13.56802928365745231, 3.693716400550714152, 9.999999999999996447 ) ) ;
#3382 = VECTOR ( 'NONE', #2367, 1000.000000000000000 ) ;
#3383 = VERTEX_POINT ( 'NONE', #3490 ) ;
#3384 = AXIS2_PLACEMENT_3D ( 'NONE', #1385, #3659, #995 ) ;
#3385 = CARTESIAN_POINT ( 'NONE',  ( -20.00000000000000355, -27.00000000000000000, -9.000000000000000000 ) ) ;
#3386 = DIRECTION ( 'NONE',  ( -0.000000000000000000, -1.000000000000000000, -0.000000000000000000 ) ) ;
#3387 = DIRECTION ( 'NONE',  ( 0.000000000000000000, 0.000000000000000000, 1.000000000000000000 ) ) ;
#3388 = VERTEX_POINT ( 'NONE', #3538 ) ;
#3389 = CARTESIAN_POINT ( 'NONE',  ( -13.33668870159878672, 3.657331087710908424, 9.999999999999996447 ) ) ;
#3390 = LINE ( 'NONE', #3815, #1396 ) ;
#3391 = CARTESIAN_POINT ( 'NONE',  ( -16.31627804807781246, 3.813939344366135131, 10.00000000000000000 ) ) ;
#3392 = CIRCLE ( 'NONE', #3245, 10.00000000000000000 ) ;
#3393 = EDGE_CURVE ( 'NONE', #989, #4672, #4082, .T. ) ;
#3394 = ORIENTED_EDGE ( 'NONE', *, *, #4726, .T. ) ;
#3395 = ORIENTED_EDGE ( 'NONE', *, *, #3656, .F. ) ;
#3396 = CARTESIAN_POINT ( 'NONE',  ( 19.00000000000000000, -27.00000000000000000, -9.000000000000000000 ) ) ;
#3397 = DIRECTION ( 'NONE',  ( -0.000000000000000000, -1.000000000000000000, -0.000000000000000000 ) ) ;
#3398 = ADVANCED_FACE ( 'NONE', ( #2094 ), #1366, .T. ) ;
#3399 = VERTEX_POINT ( 'NONE', #2826 ) ;
#3400 = DIRECTION ( 'NONE',  ( -0.000000000000000000, 1.000000000000000000, -0.000000000000000000 ) ) ;
#3401 = FACE_OUTER_BOUND ( 'NONE', #3275, .T. ) ;
#3402 = DIRECTION ( 'NONE',  ( 0.000000000000000000, 0.000000000000000000, -1.000000000000000000 ) ) ;
#3403 = DIRECTION ( 'NONE',  ( 0.09642365197996843884, -0.7071067811865464625, -0.7005015912464778172 ) ) ;
#3404 = EDGE_LOOP ( 'NONE', ( #602, #4188, #2427, #274, #948, #3214, #2608, #1985, #2365, #1224, #103 ) ) ;
#3405 = FACE_OUTER_BOUND ( 'NONE', #799, .T. ) ;
#3406 = CARTESIAN_POINT ( 'NONE',  ( -19.00000000000000355, -23.99999999999998934, 9.999999999999996447 ) ) ;
#3407 = DIRECTION ( 'NONE',  ( 0.000000000000000000, 0.000000000000000000, 1.000000000000000000 ) ) ;
#3408 = ORIENTED_EDGE ( 'NONE', *, *, #2198, .F. ) ;
#3409 = CARTESIAN_POINT ( 'NONE',  ( -13.84546098914201906, 3.901807813459206908, 9.499999999999998224 ) ) ;
#3410 = DIRECTION ( 'NONE',  ( 0.000000000000000000, 0.7071067811865487940, 0.7071067811865463515 ) ) ;
#3411 = CARTESIAN_POINT ( 'NONE',  ( -15.29254807659878779, 4.263190462710908513, 9.499999999999996447 ) ) ;
#3412 = AXIS2_PLACEMENT_3D ( 'NONE', #461, #1567, #1958 ) ;
#3413 = ORIENTED_EDGE ( 'NONE', *, *, #3162, .T. ) ;
#3414 = ORIENTED_EDGE ( 'NONE', *, *, #2184, .T. ) ;
#3415 = CARTESIAN_POINT ( 'NONE',  ( -13.11496188897879023, 4.817061521759208986, 9.999999999999996447 ) ) ;
#3416 = EDGE_CURVE ( 'NONE', #1539, #1866, #1655, .T. ) ;
#3417 = DIRECTION ( 'NONE',  ( -0.000000000000000000, 1.000000000000000000, -0.000000000000000000 ) ) ;
#3418 = ORIENTED_EDGE ( 'NONE', *, *, #1758, .F. ) ;
#3419 = CARTESIAN_POINT ( 'NONE',  ( -20.00000000000000355, 9.000000000000000000, -10.00000000000000000 ) ) ;
#3420 = DIRECTION ( 'NONE',  ( -0.000000000000000000, -1.000000000000000000, -0.000000000000000000 ) ) ;
#3421 = AXIS2_PLACEMENT_3D ( 'NONE', #3488, #3784, #876 ) ;
#3422 = DIRECTION ( 'NONE',  ( 1.000000000000000000, -0.000000000000000000, 0.000000000000000000 ) ) ;
#3423 = ORIENTED_EDGE ( 'NONE', *, *, #3274, .T. ) ;
#3424 = EDGE_CURVE ( 'NONE', #84, #2975, #3898, .T. ) ;
#3425 = CARTESIAN_POINT ( 'NONE',  ( 13.99999999999999467, 10.50000000000000000, 8.500000000000001776 ) ) ;
#3426 =( BOUNDED_CURVE ( )  B_SPLINE_CURVE ( 3, ( #351, #1519, #772, #1092 ),
 .UNSPECIFIED., .F., .F. ) 
 B_SPLINE_CURVE_WITH_KNOTS ( ( 4, 4 ),
 ( 5.497787143782138841, 6.283185307179586232 ),
 .UNSPECIFIED. ) 
 CURVE ( )  GEOMETRIC_REPRESENTATION_ITEM ( )  RATIONAL_B_SPLINE_CURVE ( ( 1.000000000000000000, 0.9492530216741912330, 0.9492530216741912330, 1.000000000000000000 ) ) 
 REPRESENTATION_ITEM ( '' )  );
#3427 = VERTEX_POINT ( 'NONE', #4198 ) ;
#3428 = CARTESIAN_POINT ( 'NONE',  ( -20.00000000000000355, 4.000000000000000000, -0.5000000000000000000 ) ) ;
#3429 = CARTESIAN_POINT ( 'NONE',  ( -19.00000000000000355, -23.99999999999998934, -10.00000000000000000 ) ) ;
#3430 = CARTESIAN_POINT ( 'NONE',  ( 0.000000000000000000, -27.00000000000000000, 0.000000000000000000 ) ) ;
#3431 = ORIENTED_EDGE ( 'NONE', *, *, #580, .F. ) ;
#3432 = PLANE ( 'NONE',  #1122 ) ;
#3433 = CARTESIAN_POINT ( 'NONE',  ( -13.22152723890030579, 3.663285397959088474, 9.499999999999998224 ) ) ;
#3434 = LINE ( 'NONE', #579, #1683 ) ;
#3435 = VERTEX_POINT ( 'NONE', #613 ) ;
#3436 = ORIENTED_EDGE ( 'NONE', *, *, #726, .F. ) ;
#3437 = CARTESIAN_POINT ( 'NONE',  ( -10.56162162909425817, 3.695022007914731343, 9.999999999999998224 ) ) ;
#3438 = AXIS2_PLACEMENT_3D ( 'NONE', #2655, #522, #829 ) ;
#3439 = ORIENTED_EDGE ( 'NONE', *, *, #4726, .F. ) ;
#3440 = EDGE_CURVE ( 'NONE', #1849, #305, #526, .T. ) ;
#3441 = ADVANCED_FACE ( 'NONE', ( #2375 ), #4558, .F. ) ;
#3442 = CARTESIAN_POINT ( 'NONE',  ( -10.78668870159878601, 3.657331087710908424, 9.999999999999996447 ) ) ;
#3443 = CARTESIAN_POINT ( 'NONE',  ( -8.666278048077808549, 3.813939344366133355, 9.499999999999992895 ) ) ;
#3444 = CARTESIAN_POINT ( 'NONE',  ( -19.00000000000000355, -27.00000000000000000, 8.999999999999998224 ) ) ;
#3445 = VERTEX_POINT ( 'NONE', #1289 ) ;
#3446 = CARTESIAN_POINT ( 'NONE',  ( -15.38943417303813455, 4.596678720137730600, 9.499999999999996447 ) ) ;
#3447 = VECTOR ( 'NONE', #2148, 1000.000000000000000 ) ;
#3448 = AXIS2_PLACEMENT_3D ( 'NONE', #3992, #1817, #722 ) ;
#3449 = EDGE_CURVE ( 'NONE', #3803, #191, #2751, .T. ) ;
#3450 = VERTEX_POINT ( 'NONE', #4344 ) ;
#3451 = CIRCLE ( 'NONE', #4532, 2.250000000000000444 ) ;
#3452 = DIRECTION ( 'NONE',  ( 0.000000000000000000, 0.000000000000000000, 1.000000000000000000 ) ) ;
#3453 = DIRECTION ( 'NONE',  ( 0.000000000000000000, 0.000000000000000000, -1.000000000000000000 ) ) ;
#3454 = AXIS2_PLACEMENT_3D ( 'NONE', #864, #2693, #3072 ) ;
#3455 = DIRECTION ( 'NONE',  ( 0.000000000000000000, 0.000000000000000000, -1.000000000000000000 ) ) ;
#3456 = CONICAL_SURFACE ( 'NONE', #1008, 5.999999999999756639, 0.7853981633974496113 ) ;
#3457 = EDGE_CURVE ( 'NONE', #2181, #3516, #4029, .T. ) ;
#3458 = ORIENTED_EDGE ( 'NONE', *, *, #759, .F. ) ;
#3459 = CARTESIAN_POINT ( 'NONE',  ( -19.00000000000000355, -23.99999999999998934, 9.999999999999996447 ) ) ;
#3460 = DIRECTION ( 'NONE',  ( -0.000000000000000000, -1.000000000000000000, -0.000000000000000000 ) ) ;
#3461 = CARTESIAN_POINT ( 'NONE',  ( -7.684145447585930100, 4.493292991900852407, 9.999999999999998224 ) ) ;
#3462 = DIRECTION ( 'NONE',  ( 0.000000000000000000, 0.000000000000000000, 1.000000000000000000 ) ) ;
#3463 = ORIENTED_EDGE ( 'NONE', *, *, #4014, .F. ) ;
#3464 = EDGE_LOOP ( 'NONE', ( #3551, #2257, #2530, #4429 ) ) ;
#3465 = CARTESIAN_POINT ( 'NONE',  ( -12.78304545312474083, 4.011504287093311305, 9.999999999999994671 ) ) ;
#3466 = EDGE_LOOP ( 'NONE', ( #658, #2850, #4015, #4249 ) ) ;
#3467 = CARTESIAN_POINT ( 'NONE',  ( -11.35331000572271698, 4.007931246096332778, 9.999999999999994671 ) ) ;
#3468 = CARTESIAN_POINT ( 'NONE',  ( -8.571681795946370030, 3.745048609832290154, 9.999999999999996447 ) ) ;
#3469 = CARTESIAN_POINT ( 'NONE',  ( 20.00000000000000355, 2.500000000000000000, -0.5000000000000000000 ) ) ;
#3470 = CYLINDRICAL_SURFACE ( 'NONE', #1918, 6.999999999999760192 ) ;
#3471 = ORIENTED_EDGE ( 'NONE', *, *, #3424, .T. ) ;
#3472 = DIRECTION ( 'NONE',  ( 0.000000000000000000, -1.000000000000000000, 0.000000000000000000 ) ) ;
#3473 = PLANE ( 'NONE',  #2009 ) ;
#3474 = CARTESIAN_POINT ( 'NONE',  ( -10.00000000000000178, 18.50000000000000000, -6.999999999999760192 ) ) ;
#3475 = EDGE_CURVE ( 'NONE', #1747, #3799, #1050, .T. ) ;
#3476 = ORIENTED_EDGE ( 'NONE', *, *, #3631, .F. ) ;
#3477 = CARTESIAN_POINT ( 'NONE',  ( -11.38723908575593491, 4.379909362331369849, 9.999999999999994671 ) ) ;
#3478 = CARTESIAN_POINT ( 'NONE',  ( -19.00000000000000355, -27.00000000000000000, -9.000000000000001776 ) ) ;
#3479 = CARTESIAN_POINT ( 'NONE',  ( -15.33414544758592513, 4.493292991900849742, 9.499999999999994671 ) ) ;
#3480 = CARTESIAN_POINT ( 'NONE',  ( -15.56009163984917265, 3.746645012438336586, 9.499999999999992895 ) ) ;
#3481 = EDGE_CURVE ( 'NONE', #2451, #3383, #310, .T. ) ;
#3482 = ORIENTED_EDGE ( 'NONE', *, *, #3227, .F. ) ;
#3483 = ORIENTED_EDGE ( 'NONE', *, *, #1588, .F. ) ;
#3484 = CARTESIAN_POINT ( 'NONE',  ( -13.33668870159878672, 3.657331087710908424, 9.499999999999996447 ) ) ;
#3485 = CARTESIAN_POINT ( 'NONE',  ( -11.21627804807780926, 3.813939344366133355, 9.499999999999992895 ) ) ;
#3486 = AXIS2_PLACEMENT_3D ( 'NONE', #1059, #1011, #2175 ) ;
#3487 = ORIENTED_EDGE ( 'NONE', *, *, #3416, .F. ) ;
#3488 = CARTESIAN_POINT ( 'NONE',  ( -19.00000000000000355, 2.499999999999998668, 8.999999999999998224 ) ) ;
#3489 = CARTESIAN_POINT ( 'NONE',  ( -8.745460989142015862, 3.901807813459206908, 9.499999999999998224 ) ) ;
#3490 = CARTESIAN_POINT ( 'NONE',  ( 26.74999999999998934, 2.500000000000000000, -9.999999999999998224 ) ) ;
#3491 = PLANE ( 'NONE',  #4596 ) ;
#3492 = ORIENTED_EDGE ( 'NONE', *, *, #3885, .T. ) ;
#3493 = VECTOR ( 'NONE', #807, 1000.000000000000000 ) ;
#3494 = CARTESIAN_POINT ( 'NONE',  ( -7.739434173038131526, 4.596678720137729712, 9.499999999999994671 ) ) ;
#3495 = CARTESIAN_POINT ( 'NONE',  ( -16.23376994224398828, 4.761365935114647563, 10.00000000000000000 ) ) ;
#3496 = CARTESIAN_POINT ( 'NONE',  ( -23.99999999999998579, 2.500000000000000000, 4.999999999999998224 ) ) ;
#3497 = EDGE_LOOP ( 'NONE', ( #2572, #4434, #748, #1528, #670, #29 ) ) ;
#3498 = EDGE_CURVE ( 'NONE', #1338, #1754, #4368, .T. ) ;
#3499 = CARTESIAN_POINT ( 'NONE',  ( 20.00000000000000000, 0.000000000000000000, -9.000000000000000000 ) ) ;
#3500 = EDGE_CURVE ( 'NONE', #2466, #3844, #4543, .T. ) ;
#3501 = DIRECTION ( 'NONE',  ( -1.000000000000000000, 0.000000000000000000, 0.000000000000000000 ) ) ;
#3502 = DIRECTION ( 'NONE',  ( 0.000000000000000000, -1.000000000000000000, 0.000000000000000000 ) ) ;
#3503 = DIRECTION ( 'NONE',  ( 0.000000000000000000, -0.000000000000000000, 1.000000000000000000 ) ) ;
#3504 = ORIENTED_EDGE ( 'NONE', *, *, #1854, .T. ) ;
#3505 = EDGE_CURVE ( 'NONE', #4385, #3788, #687, .T. ) ;
#3506 = CARTESIAN_POINT ( 'NONE',  ( -13.34840745159878672, 4.857331087710909046, 9.999999999999996447 ) ) ;
#3507 = CYLINDRICAL_SURFACE ( 'NONE', #1628, 6.499999999999999112 ) ;
#3508 = VECTOR ( 'NONE', #1978, 1000.000000000000114 ) ;
#3509 = ORIENTED_EDGE ( 'NONE', *, *, #387, .T. ) ;
#3510 = EDGE_CURVE ( 'NONE', #4074, #1560, #3642, .T. ) ;
#3511 = CARTESIAN_POINT ( 'NONE',  ( -10.00000000000000178, 2.000000000000000000, 0.000000000000000000 ) ) ;
#3512 = VECTOR ( 'NONE', #750, 1000.000000000000000 ) ;
#3513 = PLANE ( 'NONE',  #2180 ) ;
#3514 = DIRECTION ( 'NONE',  ( 0.000000000000000000, -1.000000000000000000, 0.000000000000000000 ) ) ;
#3515 = CARTESIAN_POINT ( 'NONE',  ( -16.49075892709140589, 4.302525162645350676, 9.499999999999996447 ) ) ;
#3516 = VERTEX_POINT ( 'NONE', #363 ) ;
#3517 = CARTESIAN_POINT ( 'NONE',  ( -16.48723908575593455, 4.379909362331370737, 9.999999999999996447 ) ) ;
#3518 = CARTESIAN_POINT ( 'NONE',  ( -10.00000000000000178, 16.50000000000000355, 0.000000000000000000 ) ) ;
#3519 = CARTESIAN_POINT ( 'NONE',  ( -26.74999999999998934, 2.500000000000000000, -6.000000000000000000 ) ) ;
#3520 = VECTOR ( 'NONE', #625, 1000.000000000000000 ) ;
#3521 = VERTEX_POINT ( 'NONE', #1780 ) ;
#3522 = AXIS2_PLACEMENT_3D ( 'NONE', #3244, #4712, #1976 ) ;
#3523 = PLANE ( 'NONE',  #3562 ) ;
#3524 = PLANE ( 'NONE',  #2845 ) ;
#3525 = CARTESIAN_POINT ( 'NONE',  ( -11.39075892709140625, 4.302525162645351564, 9.499999999999998224 ) ) ;
#3526 = VERTEX_POINT ( 'NONE', #712 ) ;
#3527 = CARTESIAN_POINT ( 'NONE',  ( -6.877501000800801734, 10.50000000000000000, -9.500000000000000000 ) ) ;
#3528 = AXIS2_PLACEMENT_3D ( 'NONE', #3444, #4247, #2423 ) ;
#3529 = EDGE_CURVE ( 'NONE', #626, #3003, #2862, .T. ) ;
#3530 = VERTEX_POINT ( 'NONE', #2925 ) ;
#3531 = CARTESIAN_POINT ( 'NONE',  ( -12.74254807659878708, 4.263190462710908513, 9.499999999999996447 ) ) ;
#3532 = CARTESIAN_POINT ( 'NONE',  ( -12.91807131982058898, 3.816818745869935636, 9.499999999999994671 ) ) ;
#3533 = EDGE_CURVE ( 'NONE', #3535, #676, #3585, .T. ) ;
#3534 = ORIENTED_EDGE ( 'NONE', *, *, #2753, .T. ) ;
#3535 = VERTEX_POINT ( 'NONE', #1486 ) ;
#3536 = CARTESIAN_POINT ( 'NONE',  ( -15.29418344345463510, 4.303336539538842764, 9.999999999999996447 ) ) ;
#3537 = CARTESIAN_POINT ( 'NONE',  ( -8.571681795946370030, 3.745048609832290154, 9.499999999999996447 ) ) ;
#3538 = CARTESIAN_POINT ( 'NONE',  ( 17.99999999999999645, -27.00000000000000000, 7.999999999999994671 ) ) ;
#3539 = LINE ( 'NONE', #3187, #4062 ) ;
#3540 = ADVANCED_FACE ( 'NONE', ( #3666 ), #3618, .T. ) ;
#3541 = VERTEX_POINT ( 'NONE', #1853 ) ;
#3542 = CARTESIAN_POINT ( 'NONE',  ( -16.11802928365744592, 3.693716400550712819, 9.499999999999992895 ) ) ;
#3543 = DIRECTION ( 'NONE',  ( 0.000000000000000000, 1.000000000000000000, 0.000000000000000000 ) ) ;
#3544 = CARTESIAN_POINT ( 'NONE',  ( -13.94254807659878637, 4.263190462710908513, 9.499999999999996447 ) ) ;
#3545 = ORIENTED_EDGE ( 'NONE', *, *, #407, .T. ) ;
#3546 = CARTESIAN_POINT ( 'NONE',  ( 0.000000000000000000, 9.000000000000000000, -9.500000000000000000 ) ) ;
#3547 = CARTESIAN_POINT ( 'NONE',  ( -15.88668870159878921, 3.657331087710908424, 9.499999999999996447 ) ) ;
#3548 = CARTESIAN_POINT ( 'NONE',  ( 19.00000000000000355, -23.99999999999998934, -10.00000000000000000 ) ) ;
#3549 = ORIENTED_EDGE ( 'NONE', *, *, #253, .T. ) ;
#3550 = CARTESIAN_POINT ( 'NONE',  ( -8.583769942243984374, 4.761365935114647563, 9.500000000000000000 ) ) ;
#3551 = ORIENTED_EDGE ( 'NONE', *, *, #3163, .T. ) ;
#3552 = VERTEX_POINT ( 'NONE', #4731 ) ;
#3553 = LINE ( 'NONE', #4388, #703 ) ;
#3554 = ORIENTED_EDGE ( 'NONE', *, *, #4718, .F. ) ;
#3555 = B_SPLINE_SURFACE_WITH_KNOTS ( 'NONE', 3, 1, ( 
 ( #4561, #1268 ),
 ( #2406, #2732 ),
 ( #1324, #1684 ),
 ( #553, #188 ),
 ( #3116, #4587 ),
 ( #571, #956 ),
 ( #3494, #211 ),
 ( #2428, #591 ),
 ( #2830, #367 ),
 ( #1467, #2479 ),
 ( #3, #1731 ) ),
 .UNSPECIFIED., .F., .F., .F.,
 ( 4, 1, 1, 1, 1, 1, 1, 1, 4 ),
 ( 2, 2 ),
 ( 0.000000000000000000, 0.1284893937998342062, 0.2515703310852802077, 0.3749708213203472584, 0.5021068943257287476, 0.6298912076876405086, 0.7516855493226272111, 0.8727485777653851695, 1.000000000000000000 ),
 ( 0.000000000000000000, 1.000000000000000000 ),
 .UNSPECIFIED. ) ;
#3556 = ORIENTED_EDGE ( 'NONE', *, *, #4013, .F. ) ;
#3557 = EDGE_CURVE ( 'NONE', #1789, #861, #1102, .T. ) ;
#3558 = CARTESIAN_POINT ( 'NONE',  ( -20.00000000000000355, 8.999999999999998224, 8.999999999999998224 ) ) ;
#3559 = CARTESIAN_POINT ( 'NONE',  ( -16.49254807659879418, 4.263190462710909401, 9.999999999999998224 ) ) ;
#3560 = DIRECTION ( 'NONE',  ( 0.000000000000000000, 1.000000000000000000, 0.000000000000000000 ) ) ;
#3561 = CARTESIAN_POINT ( 'NONE',  ( -7.807280218732636001, 3.831570972529231511, 9.499999999999996447 ) ) ;
#3562 = AXIS2_PLACEMENT_3D ( 'NONE', #576, #3882, #3814 ) ;
#3563 = AXIS2_PLACEMENT_3D ( 'NONE', #642, #2118, #2141 ) ;
#3564 = EDGE_LOOP ( 'NONE', ( #666, #2797, #4734, #3076 ) ) ;
#3565 = LINE ( 'NONE', #1081, #4119 ) ;
#3566 = CARTESIAN_POINT ( 'NONE',  ( 19.99999999999999645, -23.99999999999998934, 8.999999999999996447 ) ) ;
#3567 = DIRECTION ( 'NONE',  ( -0.000000000000000000, -1.000000000000000000, -0.000000000000000000 ) ) ;
#3568 = AXIS2_PLACEMENT_3D ( 'NONE', #2706, #926, #3826 ) ;
#3569 = VERTEX_POINT ( 'NONE', #4006 ) ;
#3570 = CARTESIAN_POINT ( 'NONE',  ( -10.19737464725680631, 4.381676339906654505, 9.999999999999996447 ) ) ;
#3571 = CARTESIAN_POINT ( 'NONE',  ( -7.642548076598787432, 4.263190462710908513, 9.999999999999994671 ) ) ;
#3572 = CARTESIAN_POINT ( 'NONE',  ( -26.74999999999998934, -20.00000000000000000, -3.499999999999998668 ) ) ;
#3573 = CYLINDRICAL_SURFACE ( 'NONE', #4147, 2.250000000000000444 ) ;
#3574 = VERTEX_POINT ( 'NONE', #3210 ) ;
#3575 = CARTESIAN_POINT ( 'NONE',  ( -8.837239085755937751, 4.379909362331369849, 9.999999999999994671 ) ) ;
#3576 = VERTEX_POINT ( 'NONE', #2476 ) ;
#3577 = DIRECTION ( 'NONE',  ( 0.000000000000000000, 0.000000000000000000, 1.000000000000000000 ) ) ;
#3578 = B_SPLINE_CURVE_WITH_KNOTS ( 'NONE', 3,
 ( #36, #3325, #3707, #3033, #423, #3391, #3368, #4455, #1502, #4501, #106 ),
 .UNSPECIFIED., .F., .F.,
 ( 4, 1, 1, 1, 1, 1, 1, 1, 4 ),
 ( 0.000000000000000000, 0.1248700636199802511, 0.2434858894426099318, 0.3629263138288127410, 0.4841463935337739777, 0.6067873673243868726, 0.7290275327010893314, 0.8580158402514961313, 1.000000000000000000 ),
 .UNSPECIFIED. ) ;
#3579 = CARTESIAN_POINT ( 'NONE',  ( -9.045454545454733264, 18.50000000000000000, -6.934611955632672853 ) ) ;
#3580 = APPROVAL_DATE_TIME ( #3943, #1525 ) ;
#3581 = ORIENTED_EDGE ( 'NONE', *, *, #2173, .T. ) ;
#3582 = VERTEX_POINT ( 'NONE', #3926 ) ;
#3583 = DIRECTION ( 'NONE',  ( 0.000000000000000000, 1.000000000000000000, -1.084202172485504434E-16 ) ) ;
#3584 = CYLINDRICAL_SURFACE ( 'NONE', #2990, 2.250000000000000444 ) ;
#3585 = LINE ( 'NONE', #2546, #2927 ) ;
#3586 = LINE ( 'NONE', #4708, #4288 ) ;
#3587 = VECTOR ( 'NONE', #2523, 1000.000000000000114 ) ;
#3588 = EDGE_CURVE ( 'NONE', #1121, #4739, #3002, .T. ) ;
#3589 = EDGE_CURVE ( 'NONE', #210, #2674, #283, .T. ) ;
#3590 = ORIENTED_EDGE ( 'NONE', *, *, #2225, .T. ) ;
#3591 = CIRCLE ( 'NONE', #3438, 2.050000000000000266 ) ;
#3592 = CARTESIAN_POINT ( 'NONE',  ( -16.00475320566536652, 3.663520956208039525, 9.499999999999998224 ) ) ;
#3593 = CARTESIAN_POINT ( 'NONE',  ( 19.99999999999999645, 4.000000000000000000, 0.5000000000000004441 ) ) ;
#3594 = CARTESIAN_POINT ( 'NONE',  ( 13.99999999999999645, 9.000000000000000000, -5.000000000000000000 ) ) ;
#3595 = CIRCLE ( 'NONE', #1535, 2.250000000000000444 ) ;
#3596 = EDGE_CURVE ( 'NONE', #182, #3971, #1507, .T. ) ;
#3597 = ORIENTED_EDGE ( 'NONE', *, *, #2556, .F. ) ;
#3598 = CARTESIAN_POINT ( 'NONE',  ( -20.00000000000000355, -20.00000000000000000, 3.500000000000001332 ) ) ;
#3599 = CYLINDRICAL_SURFACE ( 'NONE', #2689, 6.999999999999760192 ) ;
#3600 = CARTESIAN_POINT ( 'NONE',  ( -26.74999999999998934, 2.500000000000000000, 0.000000000000000000 ) ) ;
#3601 = AXIS2_PLACEMENT_3D ( 'NONE', #382, #2945, #1124 ) ;
#3602 = CARTESIAN_POINT ( 'NONE',  ( 13.99999999999999645, 10.50000000000000000, -5.000000000000000000 ) ) ;
#3603 = LINE ( 'NONE', #4444, #2223 ) ;
#3604 = B_SPLINE_SURFACE_WITH_KNOTS ( 'NONE', 3, 1, ( 
 ( #530, #2068 ),
 ( #2029, #4635 ),
 ( #3855, #3517 ),
 ( #2047, #4228 ),
 ( #238, #1658 ),
 ( #3166, #2806 ),
 ( #145, #4272 ),
 ( #980, #1293 ),
 ( #2379, #508 ),
 ( #933, #2756 ),
 ( #3069, #4612 ) ),
 .UNSPECIFIED., .F., .F., .F.,
 ( 4, 1, 1, 1, 1, 1, 1, 1, 4 ),
 ( 2, 2 ),
 ( 0.000000000000000000, 0.1259553441376823069, 0.2477952931766743694, 0.3695577194406662880, 0.4961300219278758639, 0.6243084793732031068, 0.7472542167631337495, 0.8702959180579223908, 0.9999999999999998890 ),
 ( 0.000000000000000000, 1.000000000000000000 ),
 .UNSPECIFIED. ) ;
#3605 = AXIS2_PLACEMENT_3D ( 'NONE', #4380, #1091, #2559 ) ;
#3606 = EDGE_CURVE ( 'NONE', #590, #379, #4230, .T. ) ;
#3607 = ORIENTED_EDGE ( 'NONE', *, *, #4313, .F. ) ;
#3608 = DIRECTION ( 'NONE',  ( -0.000000000000000000, -0.000000000000000000, -1.000000000000000000 ) ) ;
#3609 = AXIS2_PLACEMENT_3D ( 'NONE', #514, #4592, #940 ) ;
#3610 = VECTOR ( 'NONE', #3023, 1000.000000000000000 ) ;
#3611 = DIRECTION ( 'NONE',  ( 1.000000000000000000, 0.000000000000000000, -0.000000000000000000 ) ) ;
#3612 = CALENDAR_DATE ( 2026, 15, 6 ) ;
#3613 = ORIENTED_EDGE ( 'NONE', *, *, #2109, .F. ) ;
#3614 = VECTOR ( 'NONE', #4409, 1000.000000000000000 ) ;
#3615 = ORIENTED_EDGE ( 'NONE', *, *, #2440, .T. ) ;
#3616 = LINE ( 'NONE', #1341, #321 ) ;
#3617 = CARTESIAN_POINT ( 'NONE',  ( -11.39075892709140625, 4.302525162645351564, 9.999999999999998224 ) ) ;
#3618 = PLANE ( 'NONE',  #16 ) ;
#3619 = DIRECTION ( 'NONE',  ( 0.000000000000000000, 0.000000000000000000, -1.000000000000000000 ) ) ;
#3620 = ORIENTED_EDGE ( 'NONE', *, *, #2817, .T. ) ;
#3621 = CARTESIAN_POINT ( 'NONE',  ( -7.644101739640854376, 4.218376293701555646, 9.499999999999994671 ) ) ;
#3622 = CARTESIAN_POINT ( 'NONE',  ( -10.74780545527312547, 3.659341507747735811, 9.499999999999994671 ) ) ;
#3623 = CARTESIAN_POINT ( 'NONE',  ( -10.00000000000000178, 15.50000000000000000, 5.500000000000000000 ) ) ;
#3624 = AXIS2_PLACEMENT_3D ( 'NONE', #3762, #4106, #3334 ) ;
#3625 = EDGE_CURVE ( 'NONE', #4309, #72, #1948, .T. ) ;
#3626 = EDGE_LOOP ( 'NONE', ( #346, #2869, #153, #2414 ) ) ;
#3627 = CARTESIAN_POINT ( 'NONE',  ( -10.19737464725680631, 4.381676339906654505, 9.499999999999996447 ) ) ;
#3628 = LINE ( 'NONE', #4741, #4687 ) ;
#3629 = CARTESIAN_POINT ( 'NONE',  ( -26.74999999999998934, -24.00000000000000000, -3.499999999999998224 ) ) ;
#3630 = EDGE_CURVE ( 'NONE', #3582, #497, #4051, .T. ) ;
#3631 = EDGE_CURVE ( 'NONE', #3281, #1449, #4100, .T. ) ;
#3632 = ORIENTED_EDGE ( 'NONE', *, *, #1939, .T. ) ;
#3633 = CARTESIAN_POINT ( 'NONE',  ( -10.78668870159878601, 3.657331087710908424, 9.499999999999996447 ) ) ;
#3634 = EDGE_CURVE ( 'NONE', #3574, #1834, #408, .T. ) ;
#3635 = CARTESIAN_POINT ( 'NONE',  ( -19.70710678118655323, -24.43933982822016659, -9.707106781186547906 ) ) ;
#3636 = APPROVAL_STATUS ( 'not_yet_approved' ) ;
#3637 = EDGE_LOOP ( 'NONE', ( #630, #3731 ) ) ;
#3638 = ADVANCED_BREP_SHAPE_REPRESENTATION ( 'servo_body_sldprt', ( #1105, #4220, #2604 ), #2000 ) ;
#3639 = VERTEX_POINT ( 'NONE', #3373 ) ;
#3640 = CARTESIAN_POINT ( 'NONE',  ( -12.74254807659878708, 4.263190462710908513, 9.499999999999996447 ) ) ;
#3641 = DIRECTION ( 'NONE',  ( 0.000000000000000000, 1.000000000000000000, 0.000000000000000000 ) ) ;
#3642 = LINE ( 'NONE', #1806, #323 ) ;
#3643 = DIRECTION ( 'NONE',  ( 0.000000000000000000, -1.000000000000000000, 0.000000000000000000 ) ) ;
#3644 = ORIENTED_EDGE ( 'NONE', *, *, #1880, .F. ) ;
#3645 = CARTESIAN_POINT ( 'NONE',  ( -10.00000000000000178, -27.00000000000000000, -1.500000000000000444 ) ) ;
#3646 = CARTESIAN_POINT ( 'NONE',  ( -10.56162162909425817, 3.695022007914731343, 9.499999999999998224 ) ) ;
#3647 = DIRECTION ( 'NONE',  ( 0.000000000000000000, 0.000000000000000000, 1.000000000000000000 ) ) ;
#3648 = VECTOR ( 'NONE', #623, 1000.000000000000000 ) ;
#3649 = B_SPLINE_CURVE_WITH_KNOTS ( 'NONE', 3,
 ( #3347, #797, #473, #17, #2673, #751, #1573, #4120, #4045, #4479, #3752 ),
 .UNSPECIFIED., .F., .F.,
 ( 4, 1, 1, 1, 1, 1, 1, 1, 4 ),
 ( 0.000000000000000000, 0.1259553441376821403, 0.2477952931766743971, 0.3695577194406673427, 0.4961300219278783064, 0.6243084793732043281, 0.7472542167631335275, 0.8702959180579222798, 1.000000000000000000 ),
 .UNSPECIFIED. ) ;
#3650 = ORIENTED_EDGE ( 'NONE', *, *, #2080, .T. ) ;
#3651 = FACE_OUTER_BOUND ( 'NONE', #960, .T. ) ;
#3652 = CARTESIAN_POINT ( 'NONE',  ( -8.802092915732776746, 4.490605266450368838, 10.00000000000000178 ) ) ;
#3653 = CARTESIAN_POINT ( 'NONE',  ( 12.99999999999999645, 9.000000000000000000, -9.500000000000000000 ) ) ;
#3654 = ADVANCED_FACE ( 'NONE', ( #4504 ), #756, .F. ) ;
#3655 = ORIENTED_EDGE ( 'NONE', *, *, #2144, .F. ) ;
#3656 = EDGE_CURVE ( 'NONE', #2793, #2191, #3998, .T. ) ;
#3657 = CARTESIAN_POINT ( 'NONE',  ( -26.01556443707462307, 0.000000000000000000, -6.000000000000000000 ) ) ;
#3658 = AXIS2_PLACEMENT_3D ( 'NONE', #2573, #1561, #1177 ) ;
#3659 = DIRECTION ( 'NONE',  ( 0.8320502943378442762, 0.5547001962252282592, 0.000000000000000000 ) ) ;
#3660 = DATE_TIME_ROLE ( 'creation_date' ) ;
#3661 = ADVANCED_FACE ( 'NONE', ( #1602 ), #1898, .T. ) ;
#3662 = EDGE_LOOP ( 'NONE', ( #2346, #2743, #1306, #4265 ) ) ;
#3663 = ORIENTED_EDGE ( 'NONE', *, *, #3634, .T. ) ;
#3664 = CARTESIAN_POINT ( 'NONE',  ( -13.46777795396625166, 4.852072682277735360, 9.999999999999996447 ) ) ;
#3665 = CARTESIAN_POINT ( 'NONE',  ( -13.94254807659878637, 4.263190462710908513, 9.999999999999996447 ) ) ;
#3666 = FACE_OUTER_BOUND ( 'NONE', #1516, .T. ) ;
#3667 = DIRECTION ( 'NONE',  ( -0.000000000000000000, -1.000000000000000000, -0.000000000000000000 ) ) ;
#3668 = EDGE_CURVE ( 'NONE', #1834, #3971, #2230, .T. ) ;
#3669 = ORIENTED_EDGE ( 'NONE', *, *, #55, .F. ) ;
#3670 = DIRECTION ( 'NONE',  ( 0.000000000000000000, 1.000000000000000000, -0.000000000000000000 ) ) ;
#3671 = DIRECTION ( 'NONE',  ( -0.09642365197996732862, -0.7071067811865495711, 0.7005015912464748196 ) ) ;
#3672 = CARTESIAN_POINT ( 'NONE',  ( 12.99999999999999645, 10.50000000000000000, -8.500000000000000000 ) ) ;
#3673 = CIRCLE ( 'NONE', #2296, 4.500000000000003553 ) ;
#3674 = VERTEX_POINT ( 'NONE', #111 ) ;
#3675 = CARTESIAN_POINT ( 'NONE',  ( -10.79840745159878779, 4.857331087710909046, 9.499999999999996447 ) ) ;
#3676 = CARTESIAN_POINT ( 'NONE',  ( -8.583769942243984374, 4.761365935114647563, 10.00000000000000000 ) ) ;
#3677 = DIRECTION ( 'NONE',  ( -0.000000000000000000, -0.000000000000000000, 1.000000000000000000 ) ) ;
#3678 = VECTOR ( 'NONE', #2082, 1000.000000000000000 ) ;
#3679 = AXIS2_PLACEMENT_3D ( 'NONE', #2678, #4101, #1558 ) ;
#3680 = UNCERTAINTY_MEASURE_WITH_UNIT (LENGTH_MEASURE( 1.000000000000000082E-05 ), #2795, 'distance_accuracy_value', 'NONE');
#3681 = VERTEX_POINT ( 'NONE', #4124 ) ;
#3682 = CARTESIAN_POINT ( 'NONE',  ( -10.19254807659878814, 4.263190462710908513, 9.499999999999996447 ) ) ;
#3683 = VECTOR ( 'NONE', #3361, 1000.000000000000000 ) ;
#3684 = CARTESIAN_POINT ( 'NONE',  ( 13.99999999999999467, 9.000000000000000000, 5.000000000000000888 ) ) ;
#3685 = AXIS2_PLACEMENT_3D ( 'NONE', #4642, #647, #3840 ) ;
#3686 = VERTEX_POINT ( 'NONE', #4079 ) ;
#3687 = VERTEX_POINT ( 'NONE', #40 ) ;
#3688 = AXIS2_PLACEMENT_3D ( 'NONE', #2408, #4202, #4638 ) ;
#3689 = CARTESIAN_POINT ( 'NONE',  ( -7.644183443454637406, 4.303336539538842764, 9.999999999999998224 ) ) ;
#3690 = CARTESIAN_POINT ( 'NONE',  ( -13.34840745159878672, 4.857331087710909046, 9.499999999999996447 ) ) ;
#3691 = EDGE_CURVE ( 'NONE', #3046, #3695, #499, .T. ) ;
#3692 = ADVANCED_FACE ( 'NONE', ( #3038 ), #2883, .T. ) ;
#3693 = DIRECTION ( 'NONE',  ( -1.000000000000000000, 0.000000000000000000, -0.000000000000000000 ) ) ;
#3694 = CONICAL_SURFACE ( 'NONE', #2695, 5.999999999999756639, 0.7853981633974496113 ) ;
#3695 = VERTEX_POINT ( 'NONE', #4242 ) ;
#3696 = CARTESIAN_POINT ( 'NONE',  ( -26.74999999999998934, -24.00000000000000000, -3.499999999999998224 ) ) ;
#3697 = CARTESIAN_POINT ( 'NONE',  ( -13.56802928365745231, 3.693716400550714152, 9.999999999999996447 ) ) ;
#3698 = CARTESIAN_POINT ( 'NONE',  ( -10.78668870159878601, 3.657331087710908424, 9.999999999999996447 ) ) ;
#3699 = ADVANCED_FACE ( 'NONE', ( #4212 ), #4686, .T. ) ;
#3700 = LINE ( 'NONE', #2240, #758 ) ;
#3701 = ORIENTED_EDGE ( 'NONE', *, *, #1108, .T. ) ;
#3702 = DIRECTION ( 'NONE',  ( 0.000000000000000000, 0.000000000000000000, 1.000000000000000000 ) ) ;
#3703 = DIRECTION ( 'NONE',  ( -0.9906588508047015074, -1.808967542289601859E-16, 0.1363636363636148152 ) ) ;
#3704 = DIRECTION ( 'NONE',  ( 0.000000000000000000, 0.000000000000000000, 1.000000000000000000 ) ) ;
#3705 = EDGE_LOOP ( 'NONE', ( #2915, #3220 ) ) ;
#3706 = DIRECTION ( 'NONE',  ( -1.000000000000000000, 0.000000000000000000, 0.000000000000000000 ) ) ;
#3707 = CARTESIAN_POINT ( 'NONE',  ( -16.00475320566536652, 3.663520956208039525, 9.999999999999998224 ) ) ;
#3708 = EDGE_LOOP ( 'NONE', ( #1282, #4506, #4063, #562 ) ) ;
#3709 = ORIENTED_EDGE ( 'NONE', *, *, #1080, .T. ) ;
#3710 = CARTESIAN_POINT ( 'NONE',  ( -8.014961888978788807, 4.817061521759208986, 9.999999999999998224 ) ) ;
#3711 = CARTESIAN_POINT ( 'NONE',  ( 20.00000000000000355, 2.500000000000000000, 0.000000000000000000 ) ) ;
#3712 = CARTESIAN_POINT ( 'NONE',  ( -8.014961888978788807, 4.817061521759208986, 9.499999999999998224 ) ) ;
#3713 = VERTEX_POINT ( 'NONE', #1719 ) ;
#3714 = ADVANCED_FACE ( 'NONE', ( #4170 ), #3456, .T. ) ;
#3715 = EDGE_CURVE ( 'NONE', #4096, #3102, #1073, .T. ) ;
#3716 = FACE_OUTER_BOUND ( 'NONE', #4546, .T. ) ;
#3717 = DIRECTION ( 'NONE',  ( -0.000000000000000000, 1.000000000000000000, -0.000000000000000000 ) ) ;
#3718 = DIRECTION ( 'NONE',  ( -0.000000000000000000, -1.000000000000000000, -0.000000000000000000 ) ) ;
#3719 = ORIENTED_EDGE ( 'NONE', *, *, #6, .T. ) ;
#3720 = CARTESIAN_POINT ( 'NONE',  ( -5.652173913043191611, 13.84782608695654815, 3.790346907426512590 ) ) ;
#3721 = ORIENTED_EDGE ( 'NONE', *, *, #3798, .F. ) ;
#3722 = DIRECTION ( 'NONE',  ( 0.000000000000000000, 0.000000000000000000, -1.000000000000000000 ) ) ;
#3723 = CYLINDRICAL_SURFACE ( 'NONE', #1856, 1.000000000000000888 ) ;
#3724 = CARTESIAN_POINT ( 'NONE',  ( -10.00000000000000178, 14.00000000000000000, 0.000000000000000000 ) ) ;
#3725 = VECTOR ( 'NONE', #3957, 1000.000000000000000 ) ;
#3726 = ORIENTED_EDGE ( 'NONE', *, *, #727, .F. ) ;
#3727 = CARTESIAN_POINT ( 'NONE',  ( -10.36855283906423253, 4.685782656872675922, 9.499999999999994671 ) ) ;
#3728 = CIRCLE ( 'NONE', #2963, 2.050000000000000266 ) ;
#3729 = LINE ( 'NONE', #3776, #1322 ) ;
#3730 = ORIENTED_EDGE ( 'NONE', *, *, #3364, .T. ) ;
#3731 = ORIENTED_EDGE ( 'NONE', *, *, #723, .F. ) ;
#3732 = CARTESIAN_POINT ( 'NONE',  ( -13.38889077459144339, 4.855547751615681307, 9.999999999999998224 ) ) ;
#3733 = CARTESIAN_POINT ( 'NONE',  ( -9.045454545454733264, 19.50000000000000000, 6.934611955632672853 ) ) ;
#3734 = PLANE ( 'NONE',  #1069 ) ;
#3735 = ORIENTED_EDGE ( 'NONE', *, *, #1310, .F. ) ;
#3736 = CARTESIAN_POINT ( 'NONE',  ( -10.00000000000000178, 10.50000000000000000, 0.000000000000000000 ) ) ;
#3737 = DIRECTION ( 'NONE',  ( 0.000000000000000000, 0.000000000000000000, 1.000000000000000000 ) ) ;
#3738 = CARTESIAN_POINT ( 'NONE',  ( -12.74418344345463616, 4.303336539538842764, 9.999999999999996447 ) ) ;
#3739 = ORIENTED_EDGE ( 'NONE', *, *, #597, .F. ) ;
#3740 = PLANE ( 'NONE',  #3291 ) ;
#3741 = ORIENTED_EDGE ( 'NONE', *, *, #3440, .T. ) ;
#3742 = CARTESIAN_POINT ( 'NONE',  ( -26.74999999999998934, 0.000000000000000000, 6.000000000000000000 ) ) ;
#3743 = DIRECTION ( 'NONE',  ( 1.000000000000000000, 0.000000000000000000, -0.000000000000000000 ) ) ;
#3744 = CARTESIAN_POINT ( 'NONE',  ( -10.00000000000000178, 10.50000000000000000, 0.000000000000000000 ) ) ;
#3745 = ADVANCED_FACE ( 'NONE', ( #2721 ), #3507, .T. ) ;
#3746 = CIRCLE ( 'NONE', #68, 2.250000000000000444 ) ;
#3747 = ORIENTED_EDGE ( 'NONE', *, *, #2472, .T. ) ;
#3748 = LINE ( 'NONE', #3009, #883 ) ;
#3749 = CIRCLE ( 'NONE', #2914, 1.000000000000000888 ) ;
#3750 = CARTESIAN_POINT ( 'NONE',  ( -13.84929127748492839, 4.593794776679944292, 9.499999999999996447 ) ) ;
#3751 = AXIS2_PLACEMENT_3D ( 'NONE', #2634, #2992, #855 ) ;
#3752 = CARTESIAN_POINT ( 'NONE',  ( -8.248407451598787077, 4.857331087710909046, 9.499999999999996447 ) ) ;
#3753 = EDGE_CURVE ( 'NONE', #136, #3674, #2243, .T. ) ;
#3754 = ORIENTED_EDGE ( 'NONE', *, *, #1588, .T. ) ;
#3755 = ORIENTED_EDGE ( 'NONE', *, *, #1407, .T. ) ;
#3756 = CIRCLE ( 'NONE', #844, 2.250000000000000444 ) ;
#3757 = CARTESIAN_POINT ( 'NONE',  ( -13.00972732305172386, 4.763203644927167524, 9.499999999999992895 ) ) ;
#3758 = CARTESIAN_POINT ( 'NONE',  ( -23.99999999999998579, 0.000000000000000000, -7.249999999999998224 ) ) ;
#3759 = VECTOR ( 'NONE', #3028, 1000.000000000000000 ) ;
#3760 = EDGE_LOOP ( 'NONE', ( #3866, #4450, #4407, #2852 ) ) ;
#3761 = PLANE ( 'NONE',  #2438 ) ;
#3762 = CARTESIAN_POINT ( 'NONE',  ( 23.99999999999998579, 0.000000000000000000, -4.999999999999998224 ) ) ;
#3763 = CARTESIAN_POINT ( 'NONE',  ( -12.91855283906423679, 4.685782656872675922, 9.999999999999994671 ) ) ;
#3764 = ORIENTED_EDGE ( 'NONE', *, *, #3797, .T. ) ;
#3765 = CARTESIAN_POINT ( 'NONE',  ( -13.76627804807780464, 3.813939344366133355, 9.499999999999992895 ) ) ;
#3766 = VECTOR ( 'NONE', #928, 1000.000000000000000 ) ;
#3767 = EDGE_LOOP ( 'NONE', ( #4122, #249, #843, #1803, #65, #4076, #2091, #2875, #1688, #475, #1885, #3823, #3864, #2392 ) ) ;
#3768 = VECTOR ( 'NONE', #3010, 1000.000000000000000 ) ;
#3769 = CARTESIAN_POINT ( 'NONE',  ( 0.000000000000000000, 0.000000000000000000, -6.000000000000000000 ) ) ;
#3770 = CARTESIAN_POINT ( 'NONE',  ( 19.99999999999999645, 9.000000000000000000, 8.999999999999998224 ) ) ;
#3771 = FACE_OUTER_BOUND ( 'NONE', #3860, .T. ) ;
#3772 = VERTEX_POINT ( 'NONE', #1630 ) ;
#3773 = EDGE_CURVE ( 'NONE', #4503, #1871, #1309, .T. ) ;
#3774 = CARTESIAN_POINT ( 'NONE',  ( -1.768913809028198392, 17.26891380902844020, -7.175694580403513712 ) ) ;
#3775 = CARTESIAN_POINT ( 'NONE',  ( -19.70710678118655323, -24.43933982822017015, 9.707106781186544353 ) ) ;
#3776 = CARTESIAN_POINT ( 'NONE',  ( -26.74999999999998934, 0.000000000000000000, -0.000000000000000000 ) ) ;
#3777 = ORIENTED_EDGE ( 'NONE', *, *, #662, .T. ) ;
#3778 = EDGE_CURVE ( 'NONE', #94, #2613, #541, .T. ) ;
#3779 = VERTEX_POINT ( 'NONE', #2154 ) ;
#3780 = EDGE_CURVE ( 'NONE', #2500, #3399, #1164, .T. ) ;
#3781 = CARTESIAN_POINT ( 'NONE',  ( -23.99999999999998579, 0.000000000000000000, -4.999999999999998224 ) ) ;
#3782 = CARTESIAN_POINT ( 'NONE',  ( -10.00000000000000178, -27.00000000000000000, 0.000000000000000000 ) ) ;
#3783 = ORIENTED_EDGE ( 'NONE', *, *, #1072, .F. ) ;
#3784 = DIRECTION ( 'NONE',  ( -0.000000000000000000, -1.000000000000000000, -0.000000000000000000 ) ) ;
#3785 = CARTESIAN_POINT ( 'NONE',  ( -10.00000000000000178, 15.00000000000000000, 0.000000000000000000 ) ) ;
#3786 = DIRECTION ( 'NONE',  ( 0.000000000000000000, -1.000000000000000000, 0.000000000000000000 ) ) ;
#3787 = CARTESIAN_POINT ( 'NONE',  ( -15.46855283906423217, 4.685782656872676810, 9.999999999999996447 ) ) ;
#3788 = VERTEX_POINT ( 'NONE', #728 ) ;
#3789 = DIRECTION ( 'NONE',  ( 0.000000000000000000, 0.000000000000000000, -1.000000000000000000 ) ) ;
#3790 = CARTESIAN_POINT ( 'NONE',  ( -18.00000000000000355, -27.00000000000000000, -7.999999999999998224 ) ) ;
#3791 = DIRECTION ( 'NONE',  ( 0.000000000000000000, 0.000000000000000000, -1.000000000000000000 ) ) ;
#3792 = EDGE_LOOP ( 'NONE', ( #2482, #4673, #2445, #2037 ) ) ;
#3793 = LINE ( 'NONE', #3774, #197 ) ;
#3794 = CARTESIAN_POINT ( 'NONE',  ( 23.99999999999998579, 2.500000000000000000, 2.749999999999998224 ) ) ;
#3795 = CARTESIAN_POINT ( 'NONE',  ( -8.840317855236849098, 4.217679517995065019, 9.499999999999998224 ) ) ;
#3796 = VECTOR ( 'NONE', #1353, 1000.000000000000000 ) ;
#3797 = EDGE_CURVE ( 'NONE', #2213, #1530, #2820, .T. ) ;
#3798 = EDGE_CURVE ( 'NONE', #1339, #4026, #3553, .T. ) ;
#3799 = VERTEX_POINT ( 'NONE', #4315 ) ;
#3800 = ORIENTED_EDGE ( 'NONE', *, *, #2321, .T. ) ;
#3801 = CARTESIAN_POINT ( 'NONE',  ( -10.67152723890030330, 3.663285397959088474, 9.999999999999998224 ) ) ;
#3802 = CARTESIAN_POINT ( 'NONE',  ( 0.000000000000000000, 0.000000000000000000, 4.000000000000000000 ) ) ;
#3803 = VERTEX_POINT ( 'NONE', #2539 ) ;
#3804 = LINE ( 'NONE', #3419, #4428 ) ;
#3805 = CARTESIAN_POINT ( 'NONE',  ( -16.22168179594637749, 3.745048609832291042, 9.999999999999998224 ) ) ;
#3806 = DIRECTION ( 'NONE',  ( 8.659560562354942719E-17, -0.7071067811865465735, 0.7071067811865483499 ) ) ;
#3807 = CARTESIAN_POINT ( 'NONE',  ( -13.33668870159878672, 3.657331087710908424, 9.499999999999996447 ) ) ;
#3808 = ADVANCED_FACE ( 'NONE', ( #4702 ), #3204, .T. ) ;
#3809 = ORIENTED_EDGE ( 'NONE', *, *, #3832, .F. ) ;
#3810 = CARTESIAN_POINT ( 'NONE',  ( -23.99999999999998579, 2.500000000000000000, 7.249999999999998224 ) ) ;
#3811 = CARTESIAN_POINT ( 'NONE',  ( -16.45209291573277000, 4.490605266450366173, 9.999999999999996447 ) ) ;
#3812 = DIRECTION ( 'NONE',  ( 0.000000000000000000, 0.000000000000000000, -1.000000000000000000 ) ) ;
#3813 = ORIENTED_EDGE ( 'NONE', *, *, #3980, .T. ) ;
#3814 = DIRECTION ( 'NONE',  ( 0.000000000000000000, 0.000000000000000000, -1.000000000000000000 ) ) ;
#3815 = CARTESIAN_POINT ( 'NONE',  ( -20.00000000000000355, -27.00000000000000000, 7.999999999999994671 ) ) ;
#3816 = DIRECTION ( 'NONE',  ( -0.000000000000000000, -0.000000000000000000, 1.000000000000000000 ) ) ;
#3817 = LINE ( 'NONE', #2390, #3365 ) ;
#3818 = ORIENTED_EDGE ( 'NONE', *, *, #545, .T. ) ;
#3819 = CIRCLE ( 'NONE', #2003, 10.00000000000000000 ) ;
#3820 = ORIENTED_EDGE ( 'NONE', *, *, #1641, .F. ) ;
#3821 = CARTESIAN_POINT ( 'NONE',  ( -13.22152723890030579, 3.663285397959088474, 9.499999999999998224 ) ) ;
#3822 = DIRECTION ( 'NONE',  ( 0.000000000000000000, 0.000000000000000000, -1.000000000000000000 ) ) ;
#3823 = ORIENTED_EDGE ( 'NONE', *, *, #704, .T. ) ;
#3824 = VECTOR ( 'NONE', #2900, 1000.000000000000000 ) ;
#3825 = EDGE_CURVE ( 'NONE', #2464, #1754, #277, .T. ) ;
#3826 = DIRECTION ( 'NONE',  ( 0.000000000000000000, 0.000000000000000000, 1.000000000000000000 ) ) ;
#3827 = CARTESIAN_POINT ( 'NONE',  ( -26.01556443707462307, 0.000000000000000000, 4.000000000000000000 ) ) ;
#3828 = LINE ( 'NONE', #4268, #4387 ) ;
#3829 = DIRECTION ( 'NONE',  ( -1.000000000000000000, 0.000000000000000000, -0.000000000000000000 ) ) ;
#3830 = CIRCLE ( 'NONE', #1775, 2.250000000000000444 ) ;
#3831 = CIRCLE ( 'NONE', #774, 1.000000000000000000 ) ;
#3832 = EDGE_CURVE ( 'NONE', #3521, #1695, #1097, .T. ) ;
#3833 = CARTESIAN_POINT ( 'NONE',  ( -26.74999999999998934, 2.500000000000000000, 0.000000000000000000 ) ) ;
#3834 = CARTESIAN_POINT ( 'NONE',  ( -26.01556443707462307, 2.500000000000000000, 6.000000000000000000 ) ) ;
#3835 = CIRCLE ( 'NONE', #3688, 0.9999999999999991118 ) ;
#3836 = FACE_OUTER_BOUND ( 'NONE', #2822, .T. ) ;
#3837 = ORIENTED_EDGE ( 'NONE', *, *, #3589, .T. ) ;
#3838 = CARTESIAN_POINT ( 'NONE',  ( -10.00000000000000178, 18.00000000000000355, 0.000000000000000000 ) ) ;
#3839 = DIRECTION ( 'NONE',  ( 0.000000000000000000, 0.000000000000000000, -1.000000000000000000 ) ) ;
#3840 = DIRECTION ( 'NONE',  ( 0.000000000000000000, 0.000000000000000000, -1.000000000000000000 ) ) ;
#3841 = ORIENTED_EDGE ( 'NONE', *, *, #2838, .F. ) ;
#3842 = CARTESIAN_POINT ( 'NONE',  ( -15.29410173964085828, 4.218376293701556534, 9.499999999999996447 ) ) ;
#3843 = ORIENTED_EDGE ( 'NONE', *, *, #3249, .F. ) ;
#3844 = VERTEX_POINT ( 'NONE', #3635 ) ;
#3845 = CIRCLE ( 'NONE', #937, 0.9999999999999991118 ) ;
#3846 = CARTESIAN_POINT ( 'NONE',  ( -12.74708306877394826, 4.132382237059232466, 9.999999999999998224 ) ) ;
#3847 = VERTEX_POINT ( 'NONE', #2203 ) ;
#3848 = DIRECTION ( 'NONE',  ( -0.000000000000000000, -1.000000000000000000, -0.000000000000000000 ) ) ;
#3849 = DIRECTION ( 'NONE',  ( 1.000000000000000000, 0.000000000000000000, 0.000000000000000000 ) ) ;
#3850 = CARTESIAN_POINT ( 'NONE',  ( 13.99999999999999467, 10.50000000000000000, 8.500000000000001776 ) ) ;
#3851 = DIRECTION ( 'NONE',  ( -0.000000000000000000, -1.000000000000000000, -0.000000000000000000 ) ) ;
#3852 = ADVANCED_FACE ( 'NONE', ( #1744 ), #2131, .F. ) ;
#3853 = ADVANCED_FACE ( 'NONE', ( #1043 ), #631, .F. ) ;
#3854 = ORIENTED_EDGE ( 'NONE', *, *, #1144, .F. ) ;
#3855 = CARTESIAN_POINT ( 'NONE',  ( -16.48723908575593455, 4.379909362331370737, 9.499999999999994671 ) ) ;
#3856 = DIRECTION ( 'NONE',  ( 0.000000000000000000, 0.000000000000000000, -1.000000000000000000 ) ) ;
#3857 = DIRECTION ( 'NONE',  ( 0.000000000000000000, 0.000000000000000000, -1.000000000000000000 ) ) ;
#3858 = APPROVAL ( #2873, 'UNSPECIFIED' ) ;
#3859 = EDGE_CURVE ( 'NONE', #1560, #2057, #679, .T. ) ;
#3860 = EDGE_LOOP ( 'NONE', ( #4594, #4581, #1917, #1596, #2228, #4599, #1273, #965, #1335, #4363, #4260, #1138, #115, #1626, #51, #1278, #2286, #4410 ) ) ;
#3861 = CARTESIAN_POINT ( 'NONE',  ( -11.29929127748492945, 4.593794776679944292, 9.999999999999996447 ) ) ;
#3862 = CARTESIAN_POINT ( 'NONE',  ( -15.33304545312474332, 4.011504287093311305, 9.499999999999998224 ) ) ;
#3863 = CARTESIAN_POINT ( 'NONE',  ( -6.877501000800801734, 9.000000000000000000, -9.500000000000000000 ) ) ;
#3864 = ORIENTED_EDGE ( 'NONE', *, *, #4081, .T. ) ;
#3865 = CYLINDRICAL_SURFACE ( 'NONE', #2143, 2.250000000000000444 ) ;
#3866 = ORIENTED_EDGE ( 'NONE', *, *, #632, .T. ) ;
#3867 = ORIENTED_EDGE ( 'NONE', *, *, #4507, .F. ) ;
#3868 = CARTESIAN_POINT ( 'NONE',  ( -12.74254807659878708, 4.263190462710908513, 9.499999999999996447 ) ) ;
#3869 = CARTESIAN_POINT ( 'NONE',  ( -15.88668870159878921, 3.657331087710908424, 9.999999999999996447 ) ) ;
#3870 = CIRCLE ( 'NONE', #4733, 1.500000000000000444 ) ;
#3871 = ORIENTED_EDGE ( 'NONE', *, *, #86, .T. ) ;
#3872 = DIRECTION ( 'NONE',  ( 0.000000000000000000, 1.000000000000000000, 0.000000000000000000 ) ) ;
#3873 = CARTESIAN_POINT ( 'NONE',  ( -8.842548076598786722, 4.263190462710908513, 9.499999999999996447 ) ) ;
#3874 = CARTESIAN_POINT ( 'NONE',  ( -10.00000000000000178, 19.50000000000000000, 5.999999999999756639 ) ) ;
#3875 = PLANE ( 'NONE',  #1292 ) ;
#3876 = ORIENTED_EDGE ( 'NONE', *, *, #4515, .T. ) ;
#3877 = CARTESIAN_POINT ( 'NONE',  ( 26.74999999999998934, 2.500000000000000000, 0.000000000000000000 ) ) ;
#3878 = DIRECTION ( 'NONE',  ( 0.000000000000000000, 1.000000000000000000, 0.000000000000000000 ) ) ;
#3879 = DIRECTION ( 'NONE',  ( -0.000000000000000000, -1.000000000000000000, -0.000000000000000000 ) ) ;
#3880 = ADVANCED_FACE ( 'NONE', ( #655 ), #1824, .F. ) ;
#3881 = ORIENTED_EDGE ( 'NONE', *, *, #1916, .F. ) ;
#3882 = DIRECTION ( 'NONE',  ( 1.000000000000000000, 0.000000000000000000, 0.000000000000000000 ) ) ;
#3883 = CARTESIAN_POINT ( 'NONE',  ( 26.74999999999998934, 0.000000000000000000, -0.5000000000000000000 ) ) ;
#3884 = CARTESIAN_POINT ( 'NONE',  ( -26.74999999999998934, -20.00000000000000000, 3.500000000000001332 ) ) ;
#3885 = EDGE_CURVE ( 'NONE', #1560, #2010, #1414, .T. ) ;
#3886 = VERTEX_POINT ( 'NONE', #2514 ) ;
#3887 = CARTESIAN_POINT ( 'NONE',  ( -10.78668870159878601, 3.657331087710908424, 9.499999999999996447 ) ) ;
#3888 = ORIENTED_EDGE ( 'NONE', *, *, #3510, .F. ) ;
#3889 = LINE ( 'NONE', #3531, #2535 ) ;
#3890 = ADVANCED_FACE ( 'NONE', ( #3969 ), #650, .T. ) ;
#3891 = CARTESIAN_POINT ( 'NONE',  ( -12.78414544758592086, 4.493292991900848854, 9.499999999999992895 ) ) ;
#3892 = CIRCLE ( 'NONE', #1844, 2.250000000000000444 ) ;
#3893 = ORIENTED_EDGE ( 'NONE', *, *, #4048, .T. ) ;
#3894 = ORIENTED_EDGE ( 'NONE', *, *, #3041, .T. ) ;
#3895 = CARTESIAN_POINT ( 'NONE',  ( -15.66496188897878383, 4.817061521759207210, 9.999999999999994671 ) ) ;
#3896 = LINE ( 'NONE', #207, #771 ) ;
#3897 = CC_DESIGN_APPROVAL ( #1525, ( #223 ) ) ;
#3898 = LINE ( 'NONE', #4655, #89 ) ;
#3899 = LINE ( 'NONE', #2752, #3978 ) ;
#3900 = ORIENTED_EDGE ( 'NONE', *, *, #3780, .F. ) ;
#3901 = FACE_OUTER_BOUND ( 'NONE', #3497, .T. ) ;
#3902 = DIRECTION ( 'NONE',  ( -1.000000000000000000, 0.000000000000000000, -3.854941057726237111E-16 ) ) ;
#3903 = AXIS2_PLACEMENT_3D ( 'NONE', #1888, #2667, #53 ) ;
#3904 = DIRECTION ( 'NONE',  ( 0.000000000000000000, 0.000000000000000000, 1.000000000000000000 ) ) ;
#3905 = AXIS2_PLACEMENT_3D ( 'NONE', #4052, #1556, #800 ) ;
#3906 = VECTOR ( 'NONE', #1497, 1000.000000000000000 ) ;
#3907 = ORIENTED_EDGE ( 'NONE', *, *, #994, .F. ) ;
#3908 = VECTOR ( 'NONE', #3857, 1000.000000000000000 ) ;
#3909 = LINE ( 'NONE', #3546, #2886 ) ;
#3910 = CARTESIAN_POINT ( 'NONE',  ( -26.74999999999998934, 3.000000000000000000, -0.5000000000000000000 ) ) ;
#3911 = CARTESIAN_POINT ( 'NONE',  ( -11.03082364598734166, 4.817574663822189684, 9.499999999999996447 ) ) ;
#3912 = ORIENTED_EDGE ( 'NONE', *, *, #30, .F. ) ;
#3913 = CARTESIAN_POINT ( 'NONE',  ( -8.673367386930305400, 4.684180621136959211, 9.999999999999994671 ) ) ;
#3914 = VECTOR ( 'NONE', #164, 1000.000000000000000 ) ;
#3915 = EDGE_CURVE ( 'NONE', #94, #4503, #3649, .T. ) ;
#3916 = B_SPLINE_CURVE_WITH_KNOTS ( 'NONE', 3,
 ( #3640, #2092, #1725, #2824, #4291, #2474, #3924, #635, #3433, #151, #868 ),
 .UNSPECIFIED., .F., .F.,
 ( 4, 1, 1, 1, 1, 1, 1, 1, 4 ),
 ( 0.000000000000000000, 0.1411572427678502439, 0.2708670984732417519, 0.3951049199775829579, 0.5192445879437870282, 0.6416973881062182361, 0.7592814591052565731, 0.8772923808939695478, 0.9999999999999998890 ),
 .UNSPECIFIED. ) ;
#3917 = VERTEX_POINT ( 'NONE', #1943 ) ;
#3918 = ORIENTED_EDGE ( 'NONE', *, *, #4254, .F. ) ;
#3919 = CARTESIAN_POINT ( 'NONE',  ( 12.40909090909087098, 15.50000000000000000, -2.971976552414337558 ) ) ;
#3920 = CARTESIAN_POINT ( 'NONE',  ( -15.33304545312474332, 4.011504287093311305, 9.999999999999998224 ) ) ;
#3921 = ORIENTED_EDGE ( 'NONE', *, *, #3500, .F. ) ;
#3922 = EDGE_CURVE ( 'NONE', #1717, #4309, #3729, .T. ) ;
#3923 = ORIENTED_EDGE ( 'NONE', *, *, #2715, .F. ) ;
#3924 = CARTESIAN_POINT ( 'NONE',  ( -13.01009163984917727, 3.746645012438337030, 9.499999999999994671 ) ) ;
#3925 = DIRECTION ( 'NONE',  ( 0.000000000000000000, 1.000000000000000000, 0.000000000000000000 ) ) ;
#3926 = CARTESIAN_POINT ( 'NONE',  ( -7.642548076598787432, 4.263190462710908513, 9.499999999999996447 ) ) ;
#3927 = CARTESIAN_POINT ( 'NONE',  ( -3.999999999999755307, 15.50000000000000000, 0.000000000000000000 ) ) ;
#3928 = ORIENTED_EDGE ( 'NONE', *, *, #1499, .T. ) ;
#3929 = CARTESIAN_POINT ( 'NONE',  ( -16.22168179594637749, 3.745048609832291042, 9.499999999999998224 ) ) ;
#3930 = DIRECTION ( 'NONE',  ( 0.000000000000000000, 0.000000000000000000, -1.000000000000000000 ) ) ;
#3931 = FACE_BOUND ( 'NONE', #14, .T. ) ;
#3932 = EDGE_LOOP ( 'NONE', ( #169, #4041, #2696, #1961, #3095, #3323, #1977, #3458 ) ) ;
#3933 = CARTESIAN_POINT ( 'NONE',  ( -10.28943417303813668, 4.596678720137733265, 9.500000000000001776 ) ) ;
#3934 = LINE ( 'NONE', #4716, #1931 ) ;
#3935 = CARTESIAN_POINT ( 'NONE',  ( -10.00000000000000178, 10.50000000000000000, 0.000000000000000000 ) ) ;
#3936 = VERTEX_POINT ( 'NONE', #3684 ) ;
#3937 = FACE_OUTER_BOUND ( 'NONE', #4744, .T. ) ;
#3938 = VERTEX_POINT ( 'NONE', #1187 ) ;
#3939 = CYLINDRICAL_SURFACE ( 'NONE', #2300, 2.250000000000000444 ) ;
#3940 = DIRECTION ( 'NONE',  ( -0.000000000000000000, -0.000000000000000000, 1.000000000000000000 ) ) ;
#3941 = EDGE_CURVE ( 'NONE', #1649, #709, #1845, .T. ) ;
#3942 = ADVANCED_FACE ( 'NONE', ( #2985 ), #446, .T. ) ;
#3943 = DATE_AND_TIME ( #1771, #1687 ) ;
#3944 = CONICAL_SURFACE ( 'NONE', #428, 5.500000000000000000, 0.7853981633974466137 ) ;
#3945 = ORIENTED_EDGE ( 'NONE', *, *, #4451, .F. ) ;
#3946 = B_SPLINE_SURFACE_WITH_KNOTS ( 'NONE', 3, 1, ( 
 ( #2355, #2334 ),
 ( #2002, #3064 ),
 ( #1635, #2663 ),
 ( #2641, #2685 ),
 ( #4492, #4154 ),
 ( #4471, #3787 ),
 ( #3446, #3024 ),
 ( #835, #4513 ),
 ( #1200, #3001 ),
 ( #3088, #142 ),
 ( #4538, #4131 ) ),
 .UNSPECIFIED., .F., .F., .F.,
 ( 4, 1, 1, 1, 1, 1, 1, 1, 4 ),
 ( 2, 2 ),
 ( 0.000000000000000000, 0.1284893937998344560, 0.2515703310852771546, 0.3749708213203460372, 0.5021068943257277484, 0.6298912076876398425, 0.7516855493226266560, 0.8727485777653849475, 1.000000000000000000 ),
 ( 0.000000000000000000, 1.000000000000000000 ),
 .UNSPECIFIED. ) ;
#3947 = EDGE_LOOP ( 'NONE', ( #3463, #2251, #2787, #444 ) ) ;
#3948 = DIRECTION ( 'NONE',  ( 0.000000000000000000, 1.000000000000000000, -0.000000000000000000 ) ) ;
#3949 = DIRECTION ( 'NONE',  ( 0.000000000000000000, 0.000000000000000000, -1.000000000000000000 ) ) ;
#3950 = CARTESIAN_POINT ( 'NONE',  ( -20.00000000000000355, -23.99999999999998579, -9.268761102064688728 ) ) ;
#3951 = EDGE_CURVE ( 'NONE', #2710, #3206, #3578, .T. ) ;
#3952 = CARTESIAN_POINT ( 'NONE',  ( 12.54545454545448635, 18.50000000000000000, 3.962635403219037844 ) ) ;
#3953 = VECTOR ( 'NONE', #3121, 1000.000000000000000 ) ;
#3954 = AXIS2_PLACEMENT_3D ( 'NONE', #3243, #4685, #3984 ) ;
#3955 = ORIENTED_EDGE ( 'NONE', *, *, #2700, .F. ) ;
#3956 = CARTESIAN_POINT ( 'NONE',  ( 12.54545454545448635, 19.50000000000000000, 3.962635403219037844 ) ) ;
#3957 = DIRECTION ( 'NONE',  ( -0.4850712500726656051, -0.7276068751089995734, -0.4850712500726652721 ) ) ;
#3958 = CARTESIAN_POINT ( 'NONE',  ( 20.00000000000000000, 4.000000000000000000, -0.5000000000000004441 ) ) ;
#3959 = EDGE_CURVE ( 'NONE', #523, #4460, #402, .T. ) ;
#3960 = CIRCLE ( 'NONE', #284, 1.500000000000000444 ) ;
#3961 = ORIENTED_EDGE ( 'NONE', *, *, #1880, .T. ) ;
#3962 = LINE ( 'NONE', #1405, #1352 ) ;
#3963 = CARTESIAN_POINT ( 'NONE',  ( -12.78304545312474083, 4.011504287093311305, 9.999999999999994671 ) ) ;
#3964 = LINE ( 'NONE', #3272, #3447 ) ;
#3965 = CARTESIAN_POINT ( 'NONE',  ( -15.89840745159878566, 4.857331087710909046, 9.999999999999996447 ) ) ;
#3966 = CARTESIAN_POINT ( 'NONE',  ( 26.01556443707462307, 2.500000000000000000, 4.000000000000000000 ) ) ;
#3967 = EDGE_LOOP ( 'NONE', ( #969, #3375, #2324, #3907 ) ) ;
#3968 = CARTESIAN_POINT ( 'NONE',  ( -10.74780545527312547, 3.659341507747735811, 9.499999999999994671 ) ) ;
#3969 = FACE_OUTER_BOUND ( 'NONE', #3466, .T. ) ;
#3970 = DATE_AND_TIME ( #3205, #4680 ) ;
#3971 = VERTEX_POINT ( 'NONE', #1165 ) ;
#3972 = ORIENTED_EDGE ( 'NONE', *, *, #3557, .T. ) ;
#3973 = EDGE_CURVE ( 'NONE', #4555, #3552, #1706, .T. ) ;
#3974 = CARTESIAN_POINT ( 'NONE',  ( -15.29254807659878779, 4.263190462710908513, 9.999999999999994671 ) ) ;
#3975 = LINE ( 'NONE', #1365, #3824 ) ;
#3976 = CARTESIAN_POINT ( 'NONE',  ( 12.99999999999999467, 10.50000000000000000, 9.500000000000001776 ) ) ;
#3977 = LINE ( 'NONE', #757, #1373 ) ;
#3978 = VECTOR ( 'NONE', #4585, 1000.000000000000000 ) ;
#3979 = ORIENTED_EDGE ( 'NONE', *, *, #695, .T. ) ;
#3980 = EDGE_CURVE ( 'NONE', #4031, #709, #4144, .T. ) ;
#3981 = CLOSED_SHELL ( 'NONE', ( #3363, #1907, #2777, #1139, #4039, #2803, #1847, #1647, #2908, #2492, #2290, #925, #2742, #266, #659, #788, #1404, #4099, #4378, #215, #4720, #893, #2804, #4701, #2686, #3194, #2432, #1827, #1459, #3012, #2459, #4338, #2005, #1346, #417, #1202, #1700, #2935, #1087, #294, #3654, #2772, #59, #2368, #4550, #4138, #1795, #108, #2868, #2606, #221, #1966, #3441, #2179, #2965, #4545, #113, #478, #1340, #1819, #3745, #898, #3853, #464, #3852, #2600, #967, #3942, #1673, #1469, #3398, #349, #3279, #3661, #1912, #2746, #1191, #24, #3074, #1136, #1753, #4491, #1707, #546, #842, #2232, #4213, #749, #4364, #1979, #3890, #2285, #471, #3540, #3699, #4283, #1319, #3692, #4306, #4042, #2252, #718, #4282, #1285 ) ) ;
#3982 = APPROVAL_PERSON_ORGANIZATION ( #1848, #1525, #334 ) ;
#3983 = CARTESIAN_POINT ( 'NONE',  ( -8.197805455273128317, 3.659341507747737143, 10.00000000000000000 ) ) ;
#3984 = DIRECTION ( 'NONE',  ( 0.000000000000000000, 0.000000000000000000, 1.000000000000000000 ) ) ;
#3985 = CARTESIAN_POINT ( 'NONE',  ( -10.79840745159878779, 4.857331087710909046, 9.999999999999996447 ) ) ;
#3986 = EDGE_CURVE ( 'NONE', #1718, #4167, #848, .T. ) ;
#3987 = ORIENTED_EDGE ( 'NONE', *, *, #387, .F. ) ;
#3988 = CARTESIAN_POINT ( 'NONE',  ( -10.56496188897878952, 4.817061521759208986, 9.999999999999996447 ) ) ;
#3989 = CYLINDRICAL_SURFACE ( 'NONE', #3605, 2.250000000000000444 ) ;
#3990 = CARTESIAN_POINT ( 'NONE',  ( -10.00000000000000178, 18.00000000000000355, -2.050000000000000266 ) ) ;
#3991 = VECTOR ( 'NONE', #3677, 1000.000000000000000 ) ;
#3992 = CARTESIAN_POINT ( 'NONE',  ( -10.00000000000000178, 15.00000000000000000, 0.000000000000000000 ) ) ;
#3993 = AXIS2_PLACEMENT_3D ( 'NONE', #2359, #2807, #3453 ) ;
#3994 = APPLICATION_CONTEXT ( 'configuration controlled 3d designs of mechanical parts and assemblies' ) ;
#3995 = VECTOR ( 'NONE', #3786, 1000.000000000000000 ) ;
#3996 = ORIENTED_EDGE ( 'NONE', *, *, #2953, .F. ) ;
#3997 = CARTESIAN_POINT ( 'NONE',  ( 1.231884057971152968, 20.73188405797095868, -9.791729510852105633 ) ) ;
#3998 = CIRCLE ( 'NONE', #4311, 2.250000000000000444 ) ;
#3999 = DIRECTION ( 'NONE',  ( 0.000000000000000000, 0.5547001962252282592, 0.8320502943378442762 ) ) ;
#4000 = DATE_AND_TIME ( #2540, #459 ) ;
#4001 = ORIENTED_EDGE ( 'NONE', *, *, #3183, .T. ) ;
#4002 = VECTOR ( 'NONE', #1141, 1000.000000000000114 ) ;
#4003 = ORIENTED_EDGE ( 'NONE', *, *, #3505, .F. ) ;
#4004 = CARTESIAN_POINT ( 'NONE',  ( -15.85790853901124642, 4.855556330130764486, 9.999999999999994671 ) ) ;
#4005 = CARTESIAN_POINT ( 'NONE',  ( -10.00000000000000178, 19.50000000000000000, 0.000000000000000000 ) ) ;
#4006 = CARTESIAN_POINT ( 'NONE',  ( -10.00000000000000178, 9.000000000000000000, 9.999999999999996447 ) ) ;
#4007 = LINE ( 'NONE', #2190, #2371 ) ;
#4008 = ORIENTED_EDGE ( 'NONE', *, *, #1526, .T. ) ;
#4009 = FACE_OUTER_BOUND ( 'NONE', #3119, .T. ) ;
#4010 = CARTESIAN_POINT ( 'NONE',  ( 19.99999999999999289, -23.99999999999999289, 9.268761102064685176 ) ) ;
#4011 = LINE ( 'NONE', #369, #318 ) ;
#4012 = VECTOR ( 'NONE', #2616, 1000.000000000000000 ) ;
#4013 = EDGE_CURVE ( 'NONE', #1305, #2710, #1480, .T. ) ;
#4014 = EDGE_CURVE ( 'NONE', #2942, #2302, #4071, .T. ) ;
#4015 = ORIENTED_EDGE ( 'NONE', *, *, #4747, .T. ) ;
#4016 = CARTESIAN_POINT ( 'NONE',  ( -20.00000000000000355, -23.99999999999998934, 9.999999999999996447 ) ) ;
#4017 = CARTESIAN_POINT ( 'NONE',  ( -12.91807131982058898, 3.816818745869935636, 9.999999999999994671 ) ) ;
#4018 = CARTESIAN_POINT ( 'NONE',  ( -10.00000000000000178, 12.00000000000000000, 6.499999999999999112 ) ) ;
#4019 = EDGE_CURVE ( 'NONE', #4551, #3008, #4095, .T. ) ;
#4020 = ORIENTED_EDGE ( 'NONE', *, *, #328, .F. ) ;
#4021 = CARTESIAN_POINT ( 'NONE',  ( -26.74999999999998934, 2.500000000000000000, -9.999999999999998224 ) ) ;
#4022 = DIRECTION ( 'NONE',  ( -0.9906588508047015074, 0.000000000000000000, -0.1363636363636148152 ) ) ;
#4023 = EDGE_CURVE ( 'NONE', #3674, #136, #4390, .T. ) ;
#4024 = APPROVAL_STATUS ( 'not_yet_approved' ) ;
#4025 = VERTEX_POINT ( 'NONE', #4259 ) ;
#4026 = VERTEX_POINT ( 'NONE', #2791 ) ;
#4027 = CARTESIAN_POINT ( 'NONE',  ( -13.94075892709140696, 4.302525162645351564, 9.499999999999998224 ) ) ;
#4028 = CARTESIAN_POINT ( 'NONE',  ( -11.03082364598734166, 4.817574663822189684, 9.499999999999996447 ) ) ;
#4029 = LINE ( 'NONE', #2901, #1315 ) ;
#4030 = CARTESIAN_POINT ( 'NONE',  ( -20.00000000000000355, -23.99999999999998934, 9.999999999999996447 ) ) ;
#4031 = VERTEX_POINT ( 'NONE', #4185 ) ;
#4032 = DIRECTION ( 'NONE',  ( 0.000000000000000000, 0.000000000000000000, -1.000000000000000000 ) ) ;
#4033 = CARTESIAN_POINT ( 'NONE',  ( -9.045454545454733264, 19.50000000000000000, -6.934611955632672853 ) ) ;
#4034 = CARTESIAN_POINT ( 'NONE',  ( -8.666278048077808549, 3.813939344366133355, 9.999999999999992895 ) ) ;
#4035 = AXIS2_PLACEMENT_3D ( 'NONE', #4714, #2577, #2835 ) ;
#4036 = ORIENTED_EDGE ( 'NONE', *, *, #3691, .T. ) ;
#4037 = LINE ( 'NONE', #4328, #1736 ) ;
#4038 = CARTESIAN_POINT ( 'NONE',  ( -8.236688701598787077, 3.657331087710908424, 9.999999999999996447 ) ) ;
#4039 = ADVANCED_FACE ( 'NONE', ( #1303 ), #3865, .F. ) ;
#4040 = CARTESIAN_POINT ( 'NONE',  ( -23.99999999999998579, 2.500000000000000000, 4.999999999999998224 ) ) ;
#4041 = ORIENTED_EDGE ( 'NONE', *, *, #4449, .T. ) ;
#4042 = ADVANCED_FACE ( 'NONE', ( #3079 ), #4340, .T. ) ;
#4043 = PLANE ( 'NONE',  #2 ) ;
#4044 = VECTOR ( 'NONE', #2398, 1000.000000000000000 ) ;
#4045 = CARTESIAN_POINT ( 'NONE',  ( -8.367777953966253790, 4.852072682277735360, 9.499999999999996447 ) ) ;
#4046 = B_SPLINE_CURVE_WITH_KNOTS ( 'NONE', 3,
 ( #3682, #4700, #1798, #1479, #4721, #4745, #400, #2182, #35, #3968, #3633 ),
 .UNSPECIFIED., .F., .F.,
 ( 4, 1, 1, 1, 1, 1, 1, 1, 4 ),
 ( 0.000000000000000000, 0.1411572427678502439, 0.2708670984732417519, 0.3951049199775829579, 0.5192445879437870282, 0.6416973881062182361, 0.7592814591052565731, 0.8772923808939695478, 0.9999999999999998890 ),
 .UNSPECIFIED. ) ;
#4047 = EDGE_LOOP ( 'NONE', ( #2874, #2988, #3545, #160 ) ) ;
#4048 = EDGE_CURVE ( 'NONE', #4172, #4334, #3817, .T. ) ;
#4049 = ORIENTED_EDGE ( 'NONE', *, *, #4659, .T. ) ;
#4050 =( BOUNDED_CURVE ( )  B_SPLINE_CURVE ( 3, ( #4118, #4523, #1233, #2568 ),
 .UNSPECIFIED., .F., .T. ) 
 B_SPLINE_CURVE_WITH_KNOTS ( ( 4, 4 ),
 ( 2.356194490192343505, 3.141592653589793116 ),
 .UNSPECIFIED. ) 
 CURVE ( )  GEOMETRIC_REPRESENTATION_ITEM ( )  RATIONAL_B_SPLINE_CURVE ( ( 1.000000000000000000, 0.9492530216741910110, 0.9492530216741910110, 1.000000000000000000 ) ) 
 REPRESENTATION_ITEM ( '' )  );
#4051 = B_SPLINE_CURVE_WITH_KNOTS ( 'NONE', 3,
 ( #1171, #2255, #854, #1147, #450, #3058, #1921, #1125, #2969, #427, #1532 ),
 .UNSPECIFIED., .F., .F.,
 ( 4, 1, 1, 1, 1, 1, 1, 1, 4 ),
 ( 0.000000000000000000, 0.1411572427678503550, 0.2708670984732424736, 0.3951049199775837906, 0.5192445879437866951, 0.6416973881062179030, 0.7592814591052563511, 0.8772923808939694368, 1.000000000000000000 ),
 .UNSPECIFIED. ) ;
#4052 = CARTESIAN_POINT ( 'NONE',  ( 0.000000000000000000, 2.500000000000000000, -6.000000000000000000 ) ) ;
#4053 = DIRECTION ( 'NONE',  ( -0.000000000000000000, -0.000000000000000000, 1.000000000000000000 ) ) ;
#4054 = CARTESIAN_POINT ( 'NONE',  ( -20.00000000000000355, 9.000000000000000000, -9.000000000000000000 ) ) ;
#4055 = VERTEX_POINT ( 'NONE', #2036 ) ;
#4056 = LINE ( 'NONE', #1997, #4580 ) ;
#4057 = DIRECTION ( 'NONE',  ( 0.000000000000000000, -0.000000000000000000, -1.000000000000000000 ) ) ;
#4058 = AXIS2_PLACEMENT_3D ( 'NONE', #1126, #1422, #3693 ) ;
#4059 = CARTESIAN_POINT ( 'NONE',  ( -20.00000000000000355, -24.00000000000000000, -3.499999999999998224 ) ) ;
#4060 = ORIENTED_EDGE ( 'NONE', *, *, #1664, .F. ) ;
#4061 = CARTESIAN_POINT ( 'NONE',  ( -8.802092915732776746, 4.490605266450368838, 10.00000000000000178 ) ) ;
#4062 = VECTOR ( 'NONE', #3138, 1000.000000000000000 ) ;
#4063 = ORIENTED_EDGE ( 'NONE', *, *, #4718, .T. ) ;
#4064 = LINE ( 'NONE', #1225, #2652 ) ;
#4065 = CARTESIAN_POINT ( 'NONE',  ( -26.74999999999998934, 2.500000000000000000, -4.000000000000000000 ) ) ;
#4066 = DIRECTION ( 'NONE',  ( 0.000000000000000000, 0.000000000000000000, 1.000000000000000000 ) ) ;
#4067 = LOCAL_TIME ( 2, 32, 48.00000000000000000, #1119 ) ;
#4068 = ORIENTED_EDGE ( 'NONE', *, *, #3606, .T. ) ;
#4069 = FACE_OUTER_BOUND ( 'NONE', #1968, .T. ) ;
#4070 = VECTOR ( 'NONE', #2030, 1000.000000000000000 ) ;
#4071 = LINE ( 'NONE', #1892, #1551 ) ;
#4072 = AXIS2_PLACEMENT_3D ( 'NONE', #2913, #3322, #2178 ) ;
#4073 = EDGE_CURVE ( 'NONE', #1866, #4586, #3434, .T. ) ;
#4074 = VERTEX_POINT ( 'NONE', #1646 ) ;
#4075 = CIRCLE ( 'NONE', #159, 6.499999999999999112 ) ;
#4076 = ORIENTED_EDGE ( 'NONE', *, *, #2089, .T. ) ;
#4077 = CIRCLE ( 'NONE', #2160, 2.050000000000000266 ) ;
#4078 = CARTESIAN_POINT ( 'NONE',  ( -19.00000000000000355, -23.99999999999998934, 9.999999999999996447 ) ) ;
#4079 = CARTESIAN_POINT ( 'NONE',  ( -26.01556443707462307, 2.500000000000000000, -6.000000000000000000 ) ) ;
#4080 = DIRECTION ( 'NONE',  ( 0.7071067811865452413, 0.7071067811865497932, 0.000000000000000000 ) ) ;
#4081 = EDGE_CURVE ( 'NONE', #3569, #2618, #130, .T. ) ;
#4082 = CIRCLE ( 'NONE', #4461, 2.050000000000000266 ) ;
#4083 = ORIENTED_EDGE ( 'NONE', *, *, #4139, .F. ) ;
#4084 =( BOUNDED_CURVE ( )  B_SPLINE_CURVE ( 3, ( #45, #1179, #456, #2974 ),
 .UNSPECIFIED., .F., .T. ) 
 B_SPLINE_CURVE_WITH_KNOTS ( ( 4, 4 ),
 ( 5.497787143782137953, 6.283185307179586232 ),
 .UNSPECIFIED. ) 
 CURVE ( )  GEOMETRIC_REPRESENTATION_ITEM ( )  RATIONAL_B_SPLINE_CURVE ( ( 1.000000000000000000, 0.9492530216741911220, 0.9492530216741911220, 1.000000000000000000 ) ) 
 REPRESENTATION_ITEM ( '' )  );
#4085 = FACE_OUTER_BOUND ( 'NONE', #3947, .T. ) ;
#4086 = LINE ( 'NONE', #1562, #4489 ) ;
#4087 = LINE ( 'NONE', #505, #1086 ) ;
#4088 = DIRECTION ( 'NONE',  ( 0.000000000000000000, 0.000000000000000000, 1.000000000000000000 ) ) ;
#4089 = ORIENTED_EDGE ( 'NONE', *, *, #3094, .F. ) ;
#4090 = DIRECTION ( 'NONE',  ( 0.000000000000000000, 0.000000000000000000, -1.000000000000000000 ) ) ;
#4091 = LINE ( 'NONE', #793, #1084 ) ;
#4092 = DIRECTION ( 'NONE',  ( 0.000000000000000000, 0.000000000000000000, 1.000000000000000000 ) ) ;
#4093 = EDGE_LOOP ( 'NONE', ( #3921, #1510, #3408, #955, #2880 ) ) ;
#4094 = CARTESIAN_POINT ( 'NONE',  ( -10.75790853901124677, 4.855556330130764486, 9.499999999999996447 ) ) ;
#4095 = LINE ( 'NONE', #4572, #4232 ) ;
#4096 = VERTEX_POINT ( 'NONE', #3125 ) ;
#4097 = EDGE_LOOP ( 'NONE', ( #3259, #4389, #3549, #4314 ) ) ;
#4098 = CARTESIAN_POINT ( 'NONE',  ( -19.70710678118655323, -24.43933982822017015, 9.707106781186544353 ) ) ;
#4099 = ADVANCED_FACE ( 'NONE', ( #4239 ), #1599, .T. ) ;
#4100 = LINE ( 'NONE', #3711, #620 ) ;
#4101 = DIRECTION ( 'NONE',  ( 0.000000000000000000, 1.000000000000000000, 0.000000000000000000 ) ) ;
#4102 = B_SPLINE_CURVE_WITH_KNOTS ( 'NONE', 3,
 ( #1603, #1241, #2256, #3712, #1899, #4601, #1676, #4579, #606, #2040, #203 ),
 .UNSPECIFIED., .F., .F.,
 ( 4, 1, 1, 1, 1, 1, 1, 1, 4 ),
 ( 0.000000000000000000, 0.1284893937998342062, 0.2515703310852802077, 0.3749708213203472584, 0.5021068943257287476, 0.6298912076876405086, 0.7516855493226272111, 0.8727485777653851695, 1.000000000000000000 ),
 .UNSPECIFIED. ) ;
#4103 = ORIENTED_EDGE ( 'NONE', *, *, #1863, .F. ) ;
#4104 = EDGE_CURVE ( 'NONE', #497, #94, #4565, .T. ) ;
#4105 = CARTESIAN_POINT ( 'NONE',  ( 0.000000000000000000, 2.500000000000000000, -4.000000000000000000 ) ) ;
#4106 = DIRECTION ( 'NONE',  ( -0.000000000000000000, -1.000000000000000000, -0.000000000000000000 ) ) ;
#4107 = LINE ( 'NONE', #1513, #616 ) ;
#4108 = CARTESIAN_POINT ( 'NONE',  ( -13.67168179594637323, 3.745048609832290154, 9.499999999999996447 ) ) ;
#4109 = AXIS2_PLACEMENT_3D ( 'NONE', #1152, #1317, #2063 ) ;
#4110 = EDGE_LOOP ( 'NONE', ( #122, #1028, #2250, #1600 ) ) ;
#4111 = EDGE_CURVE ( 'NONE', #3803, #2516, #1037, .T. ) ;
#4112 = FACE_OUTER_BOUND ( 'NONE', #3932, .T. ) ;
#4113 = CARTESIAN_POINT ( 'NONE',  ( 0.000000000000000000, 2.500000000000000000, -4.000000000000000000 ) ) ;
#4114 = DIRECTION ( 'NONE',  ( 0.000000000000000000, 0.000000000000000000, 1.000000000000000000 ) ) ;
#4115 = AXIS2_PLACEMENT_3D ( 'NONE', #1887, #440, #1156 ) ;
#4116 = ORIENTED_EDGE ( 'NONE', *, *, #3715, .F. ) ;
#4117 = PLANE ( 'NONE',  #2723 ) ;
#4118 = CARTESIAN_POINT ( 'NONE',  ( 19.70710678118654968, -24.43933982822017015, -9.707106781186549682 ) ) ;
#4119 = VECTOR ( 'NONE', #343, 1000.000000000000000 ) ;
#4120 = CARTESIAN_POINT ( 'NONE',  ( -8.480823645987342729, 4.817574663822189684, 9.499999999999996447 ) ) ;
#4121 = ORIENTED_EDGE ( 'NONE', *, *, #1372, .T. ) ;
#4122 = ORIENTED_EDGE ( 'NONE', *, *, #2109, .T. ) ;
#4123 = CARTESIAN_POINT ( 'NONE',  ( -15.29254807659878779, 4.263190462710908513, 9.499999999999996447 ) ) ;
#4124 = CARTESIAN_POINT ( 'NONE',  ( -15.29254807659878779, 4.263190462710908513, 9.499999999999996447 ) ) ;
#4125 = LINE ( 'NONE', #1214, #603 ) ;
#4126 = EDGE_CURVE ( 'NONE', #4168, #3257, #3700, .T. ) ;
#4127 = ORIENTED_EDGE ( 'NONE', *, *, #4466, .F. ) ;
#4128 = CARTESIAN_POINT ( 'NONE',  ( 26.01556443707462307, 2.500000000000000000, 6.000000000000000000 ) ) ;
#4129 = LINE ( 'NONE', #2260, #4474 ) ;
#4130 = CARTESIAN_POINT ( 'NONE',  ( 23.99999999999998579, 0.000000000000000000, 2.749999999999998224 ) ) ;
#4131 = CARTESIAN_POINT ( 'NONE',  ( -15.29254807659878779, 4.263190462710908513, 9.999999999999996447 ) ) ;
#4132 = EDGE_CURVE ( 'NONE', #4739, #3569, #1884, .T. ) ;
#4133 = ORIENTED_EDGE ( 'NONE', *, *, #3093, .F. ) ;
#4134 = CARTESIAN_POINT ( 'NONE',  ( 12.99999999999999645, 9.000000000000000000, 8.500000000000001776 ) ) ;
#4135 = LINE ( 'NONE', #2644, #316 ) ;
#4136 = DIRECTION ( 'NONE',  ( -0.000000000000000000, -1.000000000000000000, -0.000000000000000000 ) ) ;
#4137 = CIRCLE ( 'NONE', #601, 2.250000000000000444 ) ;
#4138 = ADVANCED_FACE ( 'NONE', ( #3937 ), #248, .F. ) ;
#4139 = EDGE_CURVE ( 'NONE', #380, #1692, #3673, .T. ) ;
#4140 = VERTEX_POINT ( 'NONE', #3317 ) ;
#4141 = DIRECTION ( 'NONE',  ( 0.000000000000000000, -0.000000000000000000, 1.000000000000000000 ) ) ;
#4142 = AXIS2_PLACEMENT_3D ( 'NONE', #2222, #2940, #2513 ) ;
#4143 = CARTESIAN_POINT ( 'NONE',  ( -20.00000000000000355, -23.99999999999998579, 9.268761102064686952 ) ) ;
#4144 = LINE ( 'NONE', #1552, #930 ) ;
#4145 = VERTEX_POINT ( 'NONE', #4310 ) ;
#4146 = ORIENTED_EDGE ( 'NONE', *, *, #437, .F. ) ;
#4147 = AXIS2_PLACEMENT_3D ( 'NONE', #2790, #2485, #2814 ) ;
#4148 = CARTESIAN_POINT ( 'NONE',  ( 0.000000000000000000, 0.000000000000000000, -9.999999999999998224 ) ) ;
#4149 = DIRECTION ( 'NONE',  ( 0.000000000000000000, -0.000000000000000000, 1.000000000000000000 ) ) ;
#4150 = ORIENTED_EDGE ( 'NONE', *, *, #4275, .T. ) ;
#4151 = CARTESIAN_POINT ( 'NONE',  ( -34.81225774829854203, -24.00000000000000000, -3.499999999999998224 ) ) ;
#4152 = CARTESIAN_POINT ( 'NONE',  ( 18.99999999999999645, 8.999999999999998224, 8.999999999999998224 ) ) ;
#4153 = ORIENTED_EDGE ( 'NONE', *, *, #2499, .F. ) ;
#4154 = CARTESIAN_POINT ( 'NONE',  ( -15.55972732305172634, 4.763203644927169300, 9.999999999999998224 ) ) ;
#4155 = VECTOR ( 'NONE', #3017, 1000.000000000000114 ) ;
#4156 = ORIENTED_EDGE ( 'NONE', *, *, #628, .F. ) ;
#4157 = DIRECTION ( 'NONE',  ( 0.000000000000000000, 0.000000000000000000, -1.000000000000000000 ) ) ;
#4158 = DIRECTION ( 'NONE',  ( 0.000000000000000000, 0.000000000000000000, -1.000000000000000000 ) ) ;
#4159 = DIRECTION ( 'NONE',  ( 0.000000000000000000, 1.000000000000000000, -0.000000000000000000 ) ) ;
#4160 = EDGE_CURVE ( 'NONE', #1296, #3445, #3746, .T. ) ;
#4161 = EDGE_CURVE ( 'NONE', #2302, #4586, #3212, .T. ) ;
#4162 = ORIENTED_EDGE ( 'NONE', *, *, #4139, .T. ) ;
#4163 = CARTESIAN_POINT ( 'NONE',  ( -13.90331000572271947, 4.007931246096333666, 9.499999999999996447 ) ) ;
#4164 = CARTESIAN_POINT ( 'NONE',  ( -13.77336738693030327, 4.684180621136959211, 9.999999999999994671 ) ) ;
#4165 = CC_DESIGN_PERSON_AND_ORGANIZATION_ASSIGNMENT ( #4361, #4316, ( #2072 ) ) ;
#4166 = CARTESIAN_POINT ( 'NONE',  ( -8.803310005722723375, 4.007931246096333666, 9.499999999999996447 ) ) ;
#4167 = VERTEX_POINT ( 'NONE', #3966 ) ;
#4168 = VERTEX_POINT ( 'NONE', #4644 ) ;
#4169 = EDGE_CURVE ( 'NONE', #4339, #1834, #272, .T. ) ;
#4170 = FACE_OUTER_BOUND ( 'NONE', #2585, .T. ) ;
#4171 = CARTESIAN_POINT ( 'NONE',  ( -26.01556443707462307, 2.500000000000000000, -6.000000000000000000 ) ) ;
#4172 = VERTEX_POINT ( 'NONE', #1356 ) ;
#4173 = CARTESIAN_POINT ( 'NONE',  ( 0.000000000000000000, 2.500000000000000000, 6.000000000000000000 ) ) ;
#4174 = DIRECTION ( 'NONE',  ( 0.000000000000000000, 0.000000000000000000, 1.000000000000000000 ) ) ;
#4175 = CARTESIAN_POINT ( 'NONE',  ( -13.22861541957982645, 4.852081519184668679, 10.00000000000000000 ) ) ;
#4176 = CARTESIAN_POINT ( 'NONE',  ( 23.99999999999998579, 0.000000000000000000, -4.999999999999998224 ) ) ;
#4177 = ORIENTED_EDGE ( 'NONE', *, *, #2741, .T. ) ;
#4178 = DIRECTION ( 'NONE',  ( 0.000000000000000000, 0.000000000000000000, -1.000000000000000000 ) ) ;
#4179 = CARTESIAN_POINT ( 'NONE',  ( 12.54545454545448635, 16.50000000000000000, 3.962635403219037844 ) ) ;
#4180 = B_SPLINE_CURVE_WITH_KNOTS ( 'NONE', 3,
 ( #4688, #2554, #1492, #2932, #1131, #4034, #4737, #2951, #2594, #764, #3267 ),
 .UNSPECIFIED., .F., .F.,
 ( 4, 1, 1, 1, 1, 1, 1, 1, 4 ),
 ( 0.000000000000000000, 0.1248700636199819303, 0.2434858894426115139, 0.3629263138288142398, 0.4841463935337753655, 0.6067873673243882049, 0.7290275327010896644, 0.8580158402514963534, 1.000000000000000000 ),
 .UNSPECIFIED. ) ;
#4181 = DIRECTION ( 'NONE',  ( -0.000000000000000000, -1.000000000000000000, -0.000000000000000000 ) ) ;
#4182 = ORIENTED_EDGE ( 'NONE', *, *, #1666, .T. ) ;
#4183 = DIRECTION ( 'NONE',  ( -0.000000000000000000, -1.000000000000000000, -0.000000000000000000 ) ) ;
#4184 = CARTESIAN_POINT ( 'NONE',  ( -13.46777795396625166, 4.852072682277735360, 9.499999999999996447 ) ) ;
#4185 = CARTESIAN_POINT ( 'NONE',  ( -9.045454545454735040, 18.50000000000000000, -6.934611955632672853 ) ) ;
#4186 = CIRCLE ( 'NONE', #434, 1.000000000000000888 ) ;
#4187 = EDGE_CURVE ( 'NONE', #2466, #312, #3603, .T. ) ;
#4188 = ORIENTED_EDGE ( 'NONE', *, *, #545, .F. ) ;
#4189 = ORIENTED_EDGE ( 'NONE', *, *, #1664, .T. ) ;
#4190 = AXIS2_PLACEMENT_3D ( 'NONE', #3956, #4324, #690 ) ;
#4191 = CARTESIAN_POINT ( 'NONE',  ( -12.83763695707778396, 3.903863005938844832, 9.500000000000000000 ) ) ;
#4192 = CARTESIAN_POINT ( 'NONE',  ( -10.00000000000000000, 10.50000000000000000, 10.00000000000000000 ) ) ;
#4193 = VECTOR ( 'NONE', #2421, 1000.000000000000000 ) ;
#4194 = EDGE_CURVE ( 'NONE', #2471, #979, #4332, .T. ) ;
#4195 = ORIENTED_EDGE ( 'NONE', *, *, #552, .T. ) ;
#4196 = CARTESIAN_POINT ( 'NONE',  ( 26.01556443707462307, 0.000000000000000000, 6.000000000000000000 ) ) ;
#4197 = CARTESIAN_POINT ( 'NONE',  ( -16.45331000572272373, 4.007931246096332778, 9.999999999999998224 ) ) ;
#4198 = CARTESIAN_POINT ( 'NONE',  ( 19.70710678118654258, -24.43933982822017015, 9.707106781186544353 ) ) ;
#4199 = DIRECTION ( 'NONE',  ( 2.520441720969350620E-13, -4.744738635427685784E-14, 1.000000000000000000 ) ) ;
#4200 = DIRECTION ( 'NONE',  ( 0.9906588508047015074, 0.000000000000000000, -0.1363636363636148152 ) ) ;
#4201 = DIRECTION ( 'NONE',  ( -0.000000000000000000, -1.000000000000000000, -0.000000000000000000 ) ) ;
#4202 = DIRECTION ( 'NONE',  ( -0.000000000000000000, 1.000000000000000000, 0.000000000000000000 ) ) ;
#4203 = ORIENTED_EDGE ( 'NONE', *, *, #727, .T. ) ;
#4204 = DIRECTION ( 'NONE',  ( 0.000000000000000000, 1.000000000000000000, 0.000000000000000000 ) ) ;
#4205 = FACE_OUTER_BOUND ( 'NONE', #430, .T. ) ;
#4206 = CARTESIAN_POINT ( 'NONE',  ( -19.26876110206469050, -23.99999999999998579, 9.999999999999996447 ) ) ;
#4207 = CARTESIAN_POINT ( 'NONE',  ( -15.84780545527312690, 3.659341507747735367, 9.499999999999996447 ) ) ;
#4208 = CIRCLE ( 'NONE', #148, 2.250000000000000444 ) ;
#4209 = ORIENTED_EDGE ( 'NONE', *, *, #4333, .F. ) ;
#4210 = CIRCLE ( 'NONE', #3679, 6.499999999999999112 ) ;
#4211 = VERTEX_POINT ( 'NONE', #2840 ) ;
#4212 = FACE_OUTER_BOUND ( 'NONE', #404, .T. ) ;
#4213 = ADVANCED_FACE ( 'NONE', ( #649 ), #4727, .T. ) ;
#4214 = VECTOR ( 'NONE', #2894, 1000.000000000000000 ) ;
#4215 = EDGE_CURVE ( 'NONE', #2404, #3102, #47, .T. ) ;
#4216 = ORIENTED_EDGE ( 'NONE', *, *, #806, .T. ) ;
#4217 = VECTOR ( 'NONE', #1355, 1000.000000000000000 ) ;
#4218 = CARTESIAN_POINT ( 'NONE',  ( -2.999999999999761968, 18.50000000000000000, -10.00000000000000178 ) ) ;
#4219 = CARTESIAN_POINT ( 'NONE',  ( -34.81225774829854203, -24.00000000000000000, 3.500000000000001776 ) ) ;
#4220 = MANIFOLD_SOLID_BREP ( 'Cut-Extrude2', #2378 ) ;
#4221 = DIRECTION ( 'NONE',  ( 0.000000000000000000, 0.000000000000000000, -1.000000000000000000 ) ) ;
#4222 = EDGE_CURVE ( 'NONE', #2022, #3695, #1565, .T. ) ;
#4223 = DIRECTION ( 'NONE',  ( 3.612435781581985275E-13, -5.123322206568347492E-14, 1.000000000000000000 ) ) ;
#4224 = AXIS2_PLACEMENT_3D ( 'NONE', #2013, #3460, #2813 ) ;
#4225 = AXIS2_PLACEMENT_3D ( 'NONE', #2481, #2050, #3193 ) ;
#4226 = ORIENTED_EDGE ( 'NONE', *, *, #2639, .T. ) ;
#4227 = VECTOR ( 'NONE', #2161, 1000.000000000000000 ) ;
#4228 = CARTESIAN_POINT ( 'NONE',  ( -16.45209291573277000, 4.490605266450366173, 9.999999999999998224 ) ) ;
#4229 = DIRECTION ( 'NONE',  ( 0.000000000000000000, -1.000000000000000000, 0.000000000000000000 ) ) ;
#4230 = CIRCLE ( 'NONE', #2090, 2.250000000000000444 ) ;
#4231 = DIRECTION ( 'NONE',  ( 0.09642365197996882742, -0.7071067811865453523, 0.7005015912464789274 ) ) ;
#4232 = VECTOR ( 'NONE', #1670, 1000.000000000000000 ) ;
#4233 = EDGE_LOOP ( 'NONE', ( #204, #821, #2038, #3632, #1201, #2839 ) ) ;
#4234 =( BOUNDED_CURVE ( )  B_SPLINE_CURVE ( 3, ( #4078, #4206, #1897, #4098 ),
 .UNSPECIFIED., .F., .T. ) 
 B_SPLINE_CURVE_WITH_KNOTS ( ( 4, 4 ),
 ( 3.141592653589793116, 3.926990816987243171 ),
 .UNSPECIFIED. ) 
 CURVE ( )  GEOMETRIC_REPRESENTATION_ITEM ( )  RATIONAL_B_SPLINE_CURVE ( ( 1.000000000000000000, 0.9492530216741910110, 0.9492530216741910110, 1.000000000000000000 ) ) 
 REPRESENTATION_ITEM ( '' )  );
#4235 = DIRECTION ( 'NONE',  ( 0.000000000000000000, 0.000000000000000000, -1.000000000000000000 ) ) ;
#4236 = LINE ( 'NONE', #3097, #3379 ) ;
#4237 = CARTESIAN_POINT ( 'NONE',  ( -10.91777795396625272, 4.852072682277735360, 9.499999999999996447 ) ) ;
#4238 = ORIENTED_EDGE ( 'NONE', *, *, #639, .T. ) ;
#4239 = FACE_OUTER_BOUND ( 'NONE', #3767, .T. ) ;
#4240 = ORIENTED_EDGE ( 'NONE', *, *, #2783, .T. ) ;
#4241 = ORIENTED_EDGE ( 'NONE', *, *, #2499, .T. ) ;
#4242 = CARTESIAN_POINT ( 'NONE',  ( -2.999999999999763745, 16.49999999999999645, 6.102458520956798971 ) ) ;
#4243 =( NAMED_UNIT ( * ) PLANE_ANGLE_UNIT ( ) SI_UNIT ( $, .RADIAN. ) );
#4244 = ORIENTED_EDGE ( 'NONE', *, *, #2987, .T. ) ;
#4245 = CARTESIAN_POINT ( 'NONE',  ( -11.21627804807780926, 3.813939344366133355, 9.999999999999992895 ) ) ;
#4246 = CARTESIAN_POINT ( 'NONE',  ( -8.836061545334825240, 4.130823258813754784, 9.499999999999998224 ) ) ;
#4247 = DIRECTION ( 'NONE',  ( -0.000000000000000000, -1.000000000000000000, 0.000000000000000000 ) ) ;
#4248 = FACE_OUTER_BOUND ( 'NONE', #3287, .T. ) ;
#4249 = ORIENTED_EDGE ( 'NONE', *, *, #2669, .T. ) ;
#4250 = EDGE_CURVE ( 'NONE', #3399, #2516, #678, .T. ) ;
#4251 = FACE_OUTER_BOUND ( 'NONE', #1104, .T. ) ;
#4252 = CARTESIAN_POINT ( 'NONE',  ( -11.39254807659878743, 4.263190462710908513, 9.999999999999996447 ) ) ;
#4253 = DIRECTION ( 'NONE',  ( 0.000000000000000000, 0.000000000000000000, 1.000000000000000000 ) ) ;
#4254 = EDGE_CURVE ( 'NONE', #3349, #2325, #2709, .T. ) ;
#4255 = ORIENTED_EDGE ( 'NONE', *, *, #1833, .F. ) ;
#4256 = CARTESIAN_POINT ( 'NONE',  ( -11.03082364598734166, 4.817574663822189684, 9.999999999999996447 ) ) ;
#4257 = DIRECTION ( 'NONE',  ( 0.000000000000000000, 0.000000000000000000, -1.000000000000000000 ) ) ;
#4258 = CARTESIAN_POINT ( 'NONE',  ( 13.99999999999999645, 9.000000000000000000, 0.000000000000000000 ) ) ;
#4259 = CARTESIAN_POINT ( 'NONE',  ( -18.00000000000000355, -27.00000000000000000, 7.999999999999994671 ) ) ;
#4260 = ORIENTED_EDGE ( 'NONE', *, *, #2457, .T. ) ;
#4261 = ORIENTED_EDGE ( 'NONE', *, *, #443, .F. ) ;
#4262 = VECTOR ( 'NONE', #4157, 1000.000000000000000 ) ;
#4263 = CARTESIAN_POINT ( 'NONE',  ( -13.29780545527312619, 3.659341507747735811, 9.999999999999994671 ) ) ;
#4264 = EDGE_LOOP ( 'NONE', ( #1980, #1930, #4068, #2857, #2397, #2541, #724, #3476, #4603, #3080, #4271 ) ) ;
#4265 = ORIENTED_EDGE ( 'NONE', *, *, #3634, .F. ) ;
#4266 = CARTESIAN_POINT ( 'NONE',  ( 23.99999999999998579, 2.500000000000000000, 4.999999999999998224 ) ) ;
#4267 = CARTESIAN_POINT ( 'NONE',  ( -8.236688701598787077, 3.657331087710908424, 9.499999999999996447 ) ) ;
#4268 = CARTESIAN_POINT ( 'NONE',  ( 26.74999999999998934, 3.000000000000000000, -0.5000000000000000000 ) ) ;
#4269 = AXIS2_PLACEMENT_3D ( 'NONE', #162, #231, #2726 ) ;
#4270 = CARTESIAN_POINT ( 'NONE',  ( -10.00000000000000178, 15.00000000000000000, 0.000000000000000000 ) ) ;
#4271 = ORIENTED_EDGE ( 'NONE', *, *, #983, .T. ) ;
#4272 = CARTESIAN_POINT ( 'NONE',  ( -16.23376994224398828, 4.761365935114647563, 10.00000000000000178 ) ) ;
#4273 = CARTESIAN_POINT ( 'NONE',  ( -13.33668870159878672, 3.657331087710908424, 9.499999999999996447 ) ) ;
#4274 = CARTESIAN_POINT ( 'NONE',  ( -10.79840745159878779, 4.857331087710909046, 9.999999999999996447 ) ) ;
#4275 = EDGE_CURVE ( 'NONE', #2263, #3938, #4137, .T. ) ;
#4276 = B_SPLINE_CURVE_WITH_KNOTS ( 'NONE', 3,
 ( #1689, #2033, #3477, #192, #3861, #4618, #1330, #4256, #2146, #1790, #1111 ),
 .UNSPECIFIED., .F., .F.,
 ( 4, 1, 1, 1, 1, 1, 1, 1, 4 ),
 ( 0.000000000000000000, 0.1259553441376821403, 0.2477952931766743971, 0.3695577194406673427, 0.4961300219278783064, 0.6243084793732043281, 0.7472542167631335275, 0.8702959180579222798, 1.000000000000000000 ),
 .UNSPECIFIED. ) ;
#4277 = EDGE_LOOP ( 'NONE', ( #4146, #4498, #1648, #3139 ) ) ;
#4278 = FACE_OUTER_BOUND ( 'NONE', #3637, .T. ) ;
#4279 = CYLINDRICAL_SURFACE ( 'NONE', #235, 1.000000000000000888 ) ;
#4280 = CYLINDRICAL_SURFACE ( 'NONE', #3685, 2.250000000000000444 ) ;
#4281 = CARTESIAN_POINT ( 'NONE',  ( -8.837239085755937751, 4.379909362331369849, 9.499999999999994671 ) ) ;
#4282 = ADVANCED_FACE ( 'NONE', ( #165 ), #3946, .T. ) ;
#4283 = ADVANCED_FACE ( 'NONE', ( #3358 ), #2503, .T. ) ;
#4284 = EDGE_LOOP ( 'NONE', ( #1095, #1729, #1828, #2105 ) ) ;
#4285 = PLANE ( 'NONE',  #458 ) ;
#4286 = DIRECTION ( 'NONE',  ( 0.000000000000000000, 1.000000000000000000, -0.000000000000000000 ) ) ;
#4287 = CARTESIAN_POINT ( 'NONE',  ( -15.29254807659878779, 4.263190462710908513, 9.999999999999994671 ) ) ;
#4288 = VECTOR ( 'NONE', #3667, 1000.000000000000000 ) ;
#4289 = ORIENTED_EDGE ( 'NONE', *, *, #3457, .T. ) ;
#4290 = ORIENTED_EDGE ( 'NONE', *, *, #3047, .T. ) ;
#4291 = CARTESIAN_POINT ( 'NONE',  ( -12.83763695707778396, 3.903863005938844832, 9.500000000000000000 ) ) ;
#4292 = DIRECTION ( 'NONE',  ( -0.000000000000000000, -1.000000000000000000, -0.000000000000000000 ) ) ;
#4293 = AXIS2_PLACEMENT_3D ( 'NONE', #41, #1508, #451 ) ;
#4294 = DIRECTION ( 'NONE',  ( 0.000000000000000000, 0.000000000000000000, -1.000000000000000000 ) ) ;
#4295 = DIRECTION ( 'NONE',  ( 1.000000000000000000, 0.000000000000000000, -3.612435781581985275E-13 ) ) ;
#4296 = ORIENTED_EDGE ( 'NONE', *, *, #4169, .F. ) ;
#4297 = CARTESIAN_POINT ( 'NONE',  ( 19.99999999999999645, -27.00000000000000000, 8.999999999999998224 ) ) ;
#4298 = CARTESIAN_POINT ( 'NONE',  ( -10.19708306877394399, 4.132382237059232466, 9.499999999999998224 ) ) ;
#4299 = VECTOR ( 'NONE', #3703, 1000.000000000000114 ) ;
#4300 = CYLINDRICAL_SURFACE ( 'NONE', #4225, 2.250000000000000444 ) ;
#4301 = AXIS2_PLACEMENT_3D ( 'NONE', #3935, #746, #3704 ) ;
#4302 = EDGE_LOOP ( 'NONE', ( #2897, #1482, #4521, #60 ) ) ;
#4303 = VECTOR ( 'NONE', #1426, 1000.000000000000000 ) ;
#4304 = EDGE_CURVE ( 'NONE', #1973, #4031, #120, .T. ) ;
#4305 = DIRECTION ( 'NONE',  ( -1.000000000000000000, 0.000000000000000000, -0.000000000000000000 ) ) ;
#4306 = ADVANCED_FACE ( 'NONE', ( #2284 ), #3740, .T. ) ;
#4307 = CARTESIAN_POINT ( 'NONE',  ( -15.29410173964085828, 4.218376293701556534, 9.499999999999996447 ) ) ;
#4308 = CARTESIAN_POINT ( 'NONE',  ( -11.39254807659878743, 4.263190462710908513, 9.499999999999996447 ) ) ;
#4309 = VERTEX_POINT ( 'NONE', #589 ) ;
#4310 = CARTESIAN_POINT ( 'NONE',  ( -15.29254807659878779, 4.263190462710908513, 9.999999999999994671 ) ) ;
#4311 = AXIS2_PLACEMENT_3D ( 'NONE', #3781, #2275, #91 ) ;
#4312 = ORIENTED_EDGE ( 'NONE', *, *, #3951, .T. ) ;
#4313 = EDGE_CURVE ( 'NONE', #4639, #830, #2452, .T. ) ;
#4314 = ORIENTED_EDGE ( 'NONE', *, *, #4508, .T. ) ;
#4315 = CARTESIAN_POINT ( 'NONE',  ( -3.999999999999769518, 19.50000000000000000, -5.230678732248644103 ) ) ;
#4316 = PERSON_AND_ORGANIZATION_ROLE ( 'design_supplier' ) ;
#4317 = VERTEX_POINT ( 'NONE', #285 ) ;
#4318 = ADVANCED_FACE ( 'NONE', ( #1321 ), #638, .F. ) ;
#4319 = ORIENTED_EDGE ( 'NONE', *, *, #3753, .F. ) ;
#4320 = CARTESIAN_POINT ( 'NONE',  ( 19.00000000000000000, 0.000000000000000000, -10.00000000000000000 ) ) ;
#4321 = DIRECTION ( 'NONE',  ( 1.000000000000000000, 0.000000000000000000, 0.000000000000000000 ) ) ;
#4322 = CARTESIAN_POINT ( 'NONE',  ( 23.99999999999998579, 0.000000000000000000, 4.999999999999998224 ) ) ;
#4323 = ORIENTED_EDGE ( 'NONE', *, *, #1905, .F. ) ;
#4324 = DIRECTION ( 'NONE',  ( 0.1363636363636148152, -0.000000000000000000, 0.9906588508047015074 ) ) ;
#4325 = PLANE ( 'NONE',  #1896 ) ;
#4326 = CARTESIAN_POINT ( 'NONE',  ( -10.56496188897878952, 4.817061521759208986, 9.999999999999996447 ) ) ;
#4327 = ORIENTED_EDGE ( 'NONE', *, *, #806, .F. ) ;
#4328 = CARTESIAN_POINT ( 'NONE',  ( -16.49254807659879418, 4.263190462710909401, 9.499999999999998224 ) ) ;
#4329 = DIRECTION ( 'NONE',  ( -0.000000000000000000, -1.000000000000000000, -0.000000000000000000 ) ) ;
#4330 = DIRECTION ( 'NONE',  ( 0.000000000000000000, 1.000000000000000000, 0.000000000000000000 ) ) ;
#4331 = DIRECTION ( 'NONE',  ( 1.000000000000000000, 0.000000000000000000, 0.000000000000000000 ) ) ;
#4332 = LINE ( 'NONE', #392, #4519 ) ;
#4333 = EDGE_CURVE ( 'NONE', #2843, #1472, #1297, .T. ) ;
#4334 = VERTEX_POINT ( 'NONE', #2801 ) ;
#4335 = DIRECTION ( 'NONE',  ( -1.000000000000000000, 0.000000000000000000, 0.000000000000000000 ) ) ;
#4336 = DIRECTION ( 'NONE',  ( -0.000000000000000000, -1.000000000000000000, -0.000000000000000000 ) ) ;
#4337 = PERSON_AND_ORGANIZATION ( #886, #2226 ) ;
#4338 = ADVANCED_FACE ( 'NONE', ( #2115 ), #3491, .T. ) ;
#4339 = VERTEX_POINT ( 'NONE', #2045 ) ;
#4340 = B_SPLINE_SURFACE_WITH_KNOTS ( 'NONE', 3, 1, ( 
 ( #3411, #1279 ),
 ( #3842, #1964 ),
 ( #3150, #2740 ),
 ( #4622, #561 ),
 ( #495, #869 ),
 ( #891, #4595 ),
 ( #3480, #966 ),
 ( #914, #2364 ),
 ( #1257, #2056 ),
 ( #4207, #196 ),
 ( #4549, #1333 ) ),
 .UNSPECIFIED., .F., .F., .F.,
 ( 4, 1, 1, 1, 1, 1, 1, 1, 4 ),
 ( 2, 2 ),
 ( 0.000000000000000000, 0.1411572427678501052, 0.2708670984732419740, 0.3951049199775830689, 0.5192445879437858069, 0.6416973881062167928, 0.7592814591052551298, 0.8772923808939696588, 1.000000000000000000 ),
 ( 0.000000000000000000, 1.000000000000000000 ),
 .UNSPECIFIED. ) ;
#4341 = EDGE_LOOP ( 'NONE', ( #1570, #3556, #1627, #4480 ) ) ;
#4342 = CARTESIAN_POINT ( 'NONE',  ( -15.55972732305172634, 4.763203644927169300, 9.999999999999998224 ) ) ;
#4343 = CARTESIAN_POINT ( 'NONE',  ( -10.00000000000000178, 16.50000000000000355, -6.999999999999760192 ) ) ;
#4344 = CARTESIAN_POINT ( 'NONE',  ( -10.00000000000000178, 14.00000000000000000, -2.050000000000000266 ) ) ;
#4345 = LINE ( 'NONE', #1052, #1529 ) ;
#4346 = EDGE_CURVE ( 'NONE', #640, #523, #3899, .T. ) ;
#4347 = CIRCLE ( 'NONE', #653, 4.500000000000003553 ) ;
#4348 = CIRCLE ( 'NONE', #2725, 6.999999999999760192 ) ;
#4349 = ORIENTED_EDGE ( 'NONE', *, *, #2426, .T. ) ;
#4350 = DIRECTION ( 'NONE',  ( 0.000000000000000000, 0.000000000000000000, 1.000000000000000000 ) ) ;
#4351 = CARTESIAN_POINT ( 'NONE',  ( -10.46009163984917656, 3.746645012438337030, 9.499999999999994671 ) ) ;
#4352 = DIRECTION ( 'NONE',  ( -1.734723475976807341E-16, 0.000000000000000000, 1.000000000000000000 ) ) ;
#4353 = ORIENTED_EDGE ( 'NONE', *, *, #167, .F. ) ;
#4354 = DIRECTION ( 'NONE',  ( -1.000000000000000000, -0.000000000000000000, 0.000000000000000000 ) ) ;
#4355 = FACE_OUTER_BOUND ( 'NONE', #1534, .T. ) ;
#4356 = DIRECTION ( 'NONE',  ( 0.000000000000000000, -1.000000000000000000, 0.000000000000000000 ) ) ;
#4357 = DIRECTION ( 'NONE',  ( -1.000000000000000000, 0.000000000000000000, -0.000000000000000000 ) ) ;
#4358 = ORIENTED_EDGE ( 'NONE', *, *, #358, .T. ) ;
#4359 = CARTESIAN_POINT ( 'NONE',  ( -10.00000000000000178, 19.50000000000000000, -1.500000000000000444 ) ) ;
#4360 = CARTESIAN_POINT ( 'NONE',  ( -10.90475320566535800, 3.663520956208037749, 9.499999999999994671 ) ) ;
#4361 = PERSON_AND_ORGANIZATION ( #886, #2226 ) ;
#4362 = ORIENTED_EDGE ( 'NONE', *, *, #1252, .T. ) ;
#4363 = ORIENTED_EDGE ( 'NONE', *, *, #3498, .T. ) ;
#4364 = ADVANCED_FACE ( 'NONE', ( #4248 ), #952, .T. ) ;
#4365 = LINE ( 'NONE', #710, #2238 ) ;
#4366 = DIRECTION ( 'NONE',  ( -0.000000000000000000, -1.000000000000000000, -0.000000000000000000 ) ) ;
#4367 = EDGE_CURVE ( 'NONE', #4493, #3686, #3892, .T. ) ;
#4368 = LINE ( 'NONE', #2114, #240 ) ;
#4369 = CYLINDRICAL_SURFACE ( 'NONE', #1143, 2.050000000000000266 ) ;
#4370 = AXIS2_PLACEMENT_3D ( 'NONE', #4670, #1493, #2511 ) ;
#4371 = ORIENTED_EDGE ( 'NONE', *, *, #1444, .F. ) ;
#4372 = EDGE_CURVE ( 'NONE', #1449, #2744, #1751, .T. ) ;
#4373 = CARTESIAN_POINT ( 'NONE',  ( -7.818071319820589338, 3.816818745869934748, 9.999999999999996447 ) ) ;
#4374 = CARTESIAN_POINT ( 'NONE',  ( -10.67152723890030330, 3.663285397959088474, 9.999999999999998224 ) ) ;
#4375 = EDGE_CURVE ( 'NONE', #2268, #312, #3539, .T. ) ;
#4376 = DIRECTION ( 'NONE',  ( 1.000000000000000000, 0.000000000000000000, 0.000000000000000000 ) ) ;
#4377 = ORIENTED_EDGE ( 'NONE', *, *, #1733, .F. ) ;
#4378 = ADVANCED_FACE ( 'NONE', ( #929 ), #3875, .T. ) ;
#4379 = LINE ( 'NONE', #371, #360 ) ;
#4380 = CARTESIAN_POINT ( 'NONE',  ( -23.99999999999998579, 2.500000000000000000, 4.999999999999998224 ) ) ;
#4381 = VECTOR ( 'NONE', #3016, 1000.000000000000000 ) ;
#4382 = LINE ( 'NONE', #4018, #610 ) ;
#4383 = AXIS2_PLACEMENT_3D ( 'NONE', #264, #2380, #2098 ) ;
#4384 = AXIS2_PLACEMENT_3D ( 'NONE', #4420, #27, #345 ) ;
#4385 = VERTEX_POINT ( 'NONE', #2026 ) ;
#4386 = CARTESIAN_POINT ( 'NONE',  ( 20.00000000000000355, 4.000000000000000000, 0.5000000000000000000 ) ) ;
#4387 = VECTOR ( 'NONE', #588, 1000.000000000000000 ) ;
#4388 = CARTESIAN_POINT ( 'NONE',  ( -23.99999999999998579, 2.500000000000000000, 2.749999999999998224 ) ) ;
#4389 = ORIENTED_EDGE ( 'NONE', *, *, #2902, .F. ) ;
#4390 = CIRCLE ( 'NONE', #2829, 1.500000000000000444 ) ;
#4391 = VERTEX_POINT ( 'NONE', #4608 ) ;
#4392 = CARTESIAN_POINT ( 'NONE',  ( -15.45728021873263636, 3.831570972529231067, 9.499999999999994671 ) ) ;
#4393 = CARTESIAN_POINT ( 'NONE',  ( -11.39254807659878743, 4.263190462710908513, 9.999999999999996447 ) ) ;
#4394 = CARTESIAN_POINT ( 'NONE',  ( -20.00000000000000355, -23.99999999999998934, -9.000000000000000000 ) ) ;
#4395 = CARTESIAN_POINT ( 'NONE',  ( -13.46777795396625166, 4.852072682277735360, 9.499999999999996447 ) ) ;
#4396 = EDGE_CURVE ( 'NONE', #3576, #2488, #385, .T. ) ;
#4397 = ORIENTED_EDGE ( 'NONE', *, *, #281, .T. ) ;
#4398 = CARTESIAN_POINT ( 'NONE',  ( -16.45331000572272373, 4.007931246096332778, 9.499999999999998224 ) ) ;
#4399 = DIRECTION ( 'NONE',  ( -0.9906588508047015074, 0.000000000000000000, -0.1363636363636148152 ) ) ;
#4400 = CARTESIAN_POINT ( 'NONE',  ( -2.999999999999759748, 16.49999999999999289, -6.102458520956801635 ) ) ;
#4401 = EDGE_CURVE ( 'NONE', #4385, #2796, #1728, .T. ) ;
#4402 = ORIENTED_EDGE ( 'NONE', *, *, #4104, .F. ) ;
#4403 = CARTESIAN_POINT ( 'NONE',  ( -10.36855283906423253, 4.685782656872675922, 9.499999999999994671 ) ) ;
#4404 = CARTESIAN_POINT ( 'NONE',  ( -8.011621629094252128, 3.695022007914730011, 9.999999999999994671 ) ) ;
#4405 = CARTESIAN_POINT ( 'NONE',  ( -10.00000000000000178, 12.00000000000000000, -2.050000000000000266 ) ) ;
#4406 = ADVANCED_FACE ( 'NONE', ( #1267 ), #3470, .T. ) ;
#4407 = ORIENTED_EDGE ( 'NONE', *, *, #319, .F. ) ;
#4408 = PLANE ( 'NONE',  #2071 ) ;
#4409 = DIRECTION ( 'NONE',  ( -0.000000000000000000, -0.000000000000000000, 1.000000000000000000 ) ) ;
#4410 = ORIENTED_EDGE ( 'NONE', *, *, #4275, .F. ) ;
#4411 = ORIENTED_EDGE ( 'NONE', *, *, #1559, .F. ) ;
#4412 = B_SPLINE_CURVE_WITH_KNOTS ( 'NONE', 3,
 ( #3985, #1470, #1811, #4326, #1787, #741, #3290, #391, #2575, #2216, #717 ),
 .UNSPECIFIED., .F., .F.,
 ( 4, 1, 1, 1, 1, 1, 1, 1, 4 ),
 ( 0.000000000000000000, 0.1284893937998359270, 0.2515703310852800412, 0.3749708213203469809, 0.5021068943257283035, 0.6298912076876412858, 0.7516855493226278773, 0.8727485777653851695, 0.9999999999999998890 ),
 .UNSPECIFIED. ) ;
#4413 = DIRECTION ( 'NONE',  ( -0.000000000000000000, -1.000000000000000000, -0.000000000000000000 ) ) ;
#4414 = CARTESIAN_POINT ( 'NONE',  ( -7.909727323051725989, 4.763203644927169300, 9.999999999999996447 ) ) ;
#4415 = CARTESIAN_POINT ( 'NONE',  ( -12.74737464725680525, 4.381676339906654505, 9.499999999999996447 ) ) ;
#4416 = PLANE ( 'NONE',  #4058 ) ;
#4417 = EDGE_LOOP ( 'NONE', ( #3888, #4323, #1259, #460 ) ) ;
#4418 = DIRECTION ( 'NONE',  ( -0.000000000000000000, -1.000000000000000000, -0.000000000000000000 ) ) ;
#4419 = CARTESIAN_POINT ( 'NONE',  ( 0.000000000000000000, 18.50000000000000000, -10.00000000000000178 ) ) ;
#4420 = CARTESIAN_POINT ( 'NONE',  ( -10.00000000000000178, -27.00000000000000000, 0.000000000000000000 ) ) ;
#4421 = VECTOR ( 'NONE', #4494, 1000.000000000000000 ) ;
#4422 = CARTESIAN_POINT ( 'NONE',  ( -8.749291277484926965, 4.593794776679944292, 9.499999999999996447 ) ) ;
#4423 = ORIENTED_EDGE ( 'NONE', *, *, #4160, .T. ) ;
#4424 = CARTESIAN_POINT ( 'NONE',  ( 26.74999999999998934, 2.500000000000000000, -9.999999999999998224 ) ) ;
#4425 = CARTESIAN_POINT ( 'NONE',  ( -8.288890774591445521, 4.855547751615681307, 9.999999999999998224 ) ) ;
#4426 = DIRECTION ( 'NONE',  ( -0.000000000000000000, -1.000000000000000000, -0.000000000000000000 ) ) ;
#4427 = EDGE_CURVE ( 'NONE', #2885, #3779, #2498, .T. ) ;
#4428 = VECTOR ( 'NONE', #1243, 1000.000000000000000 ) ;
#4429 = ORIENTED_EDGE ( 'NONE', *, *, #1167, .T. ) ;
#4430 = DIRECTION ( 'NONE',  ( -0.000000000000000000, 1.000000000000000000, 0.000000000000000000 ) ) ;
#4431 = EDGE_CURVE ( 'NONE', #2471, #438, #4345, .T. ) ;
#4432 = DIRECTION ( 'NONE',  ( 0.000000000000000000, 0.000000000000000000, 1.000000000000000000 ) ) ;
#4433 = VERTEX_POINT ( 'NONE', #4054 ) ;
#4434 = ORIENTED_EDGE ( 'NONE', *, *, #1752, .T. ) ;
#4435 = CARTESIAN_POINT ( 'NONE',  ( 18.99999999999999645, 0.000000000000000000, 8.999999999999998224 ) ) ;
#4436 = DIRECTION ( 'NONE',  ( -1.000000000000000000, 0.000000000000000000, -0.000000000000000000 ) ) ;
#4437 = FACE_OUTER_BOUND ( 'NONE', #3967, .T. ) ;
#4438 = ORIENTED_EDGE ( 'NONE', *, *, #3424, .F. ) ;
#4439 = CARTESIAN_POINT ( 'NONE',  ( -10.00000000000000178, 19.50000000000000000, 0.000000000000000000 ) ) ;
#4440 = DIRECTION ( 'NONE',  ( 1.000000000000000000, 0.000000000000000000, 0.000000000000000000 ) ) ;
#4441 = CONICAL_SURFACE ( 'NONE', #301, 6.999999999999760192, 0.7853981633974452814 ) ;
#4442 = FACE_OUTER_BOUND ( 'NONE', #2765, .T. ) ;
#4443 = VERTEX_POINT ( 'NONE', #2926 ) ;
#4444 = CARTESIAN_POINT ( 'NONE',  ( -20.00000000000000355, -23.99999999999998934, 9.999999999999996447 ) ) ;
#4445 = VERTEX_POINT ( 'NONE', #2212 ) ;
#4446 = CARTESIAN_POINT ( 'NONE',  ( 0.000000000000000000, 2.500000000000000000, -0.5000000000000000000 ) ) ;
#4447 = PLANE ( 'NONE',  #3903 ) ;
#4448 = FACE_BOUND ( 'NONE', #3174, .T. ) ;
#4449 = EDGE_CURVE ( 'NONE', #2116, #3526, #364, .T. ) ;
#4450 = ORIENTED_EDGE ( 'NONE', *, *, #4628, .F. ) ;
#4451 = EDGE_CURVE ( 'NONE', #2893, #1717, #3586, .T. ) ;
#4452 = AXIS2_PLACEMENT_3D ( 'NONE', #1441, #4366, #1779 ) ;
#4453 = DIRECTION ( 'NONE',  ( -3.854941057726237111E-16, -0.000000000000000000, 1.000000000000000000 ) ) ;
#4454 = CIRCLE ( 'NONE', #2310, 5.999999999999756639 ) ;
#4455 = CARTESIAN_POINT ( 'NONE',  ( -16.45331000572272373, 4.007931246096332778, 9.999999999999998224 ) ) ;
#4456 = VECTOR ( 'NONE', #5, 1000.000000000000000 ) ;
#4457 = EDGE_CURVE ( 'NONE', #4339, #2356, #1878, .T. ) ;
#4458 = ORIENTED_EDGE ( 'NONE', *, *, #3249, .T. ) ;
#4459 = VECTOR ( 'NONE', #4629, 1000.000000000000000 ) ;
#4460 = VERTEX_POINT ( 'NONE', #2879 ) ;
#4461 = AXIS2_PLACEMENT_3D ( 'NONE', #977, #568, #4607 ) ;
#4462 = DIRECTION ( 'NONE',  ( 0.000000000000000000, 0.000000000000000000, -1.000000000000000000 ) ) ;
#4463 = DIRECTION ( 'NONE',  ( 0.000000000000000000, 0.000000000000000000, -1.000000000000000000 ) ) ;
#4464 = CARTESIAN_POINT ( 'NONE',  ( -10.00000000000000178, 16.50000000000000355, 0.000000000000000000 ) ) ;
#4465 = VECTOR ( 'NONE', #3806, 1000.000000000000114 ) ;
#4466 = EDGE_CURVE ( 'NONE', #3182, #3886, #4208, .T. ) ;
#4467 = ORIENTED_EDGE ( 'NONE', *, *, #2715, .T. ) ;
#4468 = DIRECTION ( 'NONE',  ( 0.9892034623538707994, -0.1465486610894626562, -0.000000000000000000 ) ) ;
#4469 = CARTESIAN_POINT ( 'NONE',  ( -20.00000000000000355, -24.00000000000000000, 3.500000000000001776 ) ) ;
#4470 = DIRECTION ( 'NONE',  ( -0.000000000000000000, -1.000000000000000000, 0.000000000000000000 ) ) ;
#4471 = CARTESIAN_POINT ( 'NONE',  ( -15.46855283906423217, 4.685782656872676810, 9.499999999999996447 ) ) ;
#4472 = ORIENTED_EDGE ( 'NONE', *, *, #4724, .T. ) ;
#4473 = CARTESIAN_POINT ( 'NONE',  ( -13.34840745159878672, 4.857331087710909046, 9.499999999999996447 ) ) ;
#4474 = VECTOR ( 'NONE', #808, 1000.000000000000000 ) ;
#4475 = CARTESIAN_POINT ( 'NONE',  ( 26.74999999999998934, 2.500000000000000000, 4.000000000000000000 ) ) ;
#4476 = CARTESIAN_POINT ( 'NONE',  ( -10.00000000000000178, 18.00000000000000355, -2.050000000000000266 ) ) ;
#4477 = ORIENTED_EDGE ( 'NONE', *, *, #4396, .T. ) ;
#4478 = FACE_BOUND ( 'NONE', #2004, .T. ) ;
#4479 = CARTESIAN_POINT ( 'NONE',  ( -8.288890774591445521, 4.855547751615681307, 9.499999999999998224 ) ) ;
#4480 = ORIENTED_EDGE ( 'NONE', *, *, #470, .T. ) ;
#4481 = ORIENTED_EDGE ( 'NONE', *, *, #3656, .T. ) ;
#4482 = CARTESIAN_POINT ( 'NONE',  ( -13.84929127748492839, 4.593794776679944292, 9.999999999999996447 ) ) ;
#4483 = CARTESIAN_POINT ( 'NONE',  ( 0.000000000000000000, 2.500000000000000000, 4.000000000000000000 ) ) ;
#4484 = EDGE_CURVE ( 'NONE', #3847, #4586, #3977, .T. ) ;
#4485 = CARTESIAN_POINT ( 'NONE',  ( -10.00000000000000178, 14.00000000000000000, 0.000000000000000000 ) ) ;
#4486 = EDGE_LOOP ( 'NONE', ( #1215, #1631, #2739, #4411 ) ) ;
#4487 = DIRECTION ( 'NONE',  ( 1.734723475976807341E-16, 0.000000000000000000, -1.000000000000000000 ) ) ;
#4488 = LINE ( 'NONE', #2593, #48 ) ;
#4489 = VECTOR ( 'NONE', #4440, 1000.000000000000000 ) ;
#4490 = DIRECTION ( 'NONE',  ( 0.9906588508047015074, 0.000000000000000000, 0.1363636363636148152 ) ) ;
#4491 = ADVANCED_FACE ( 'NONE', ( #3240 ), #4369, .F. ) ;
#4492 = CARTESIAN_POINT ( 'NONE',  ( -15.55972732305172634, 4.763203644927169300, 9.499999999999998224 ) ) ;
#4493 = VERTEX_POINT ( 'NONE', #2164 ) ;
#4494 = DIRECTION ( 'NONE',  ( 1.000000000000000000, -0.000000000000000000, 0.000000000000000000 ) ) ;
#4495 = CARTESIAN_POINT ( 'NONE',  ( -3.999999999999769518, 19.50000000000000000, 5.230678732248644103 ) ) ;
#4496 = DIRECTION ( 'NONE',  ( 0.000000000000000000, 0.000000000000000000, -1.000000000000000000 ) ) ;
#4497 = VECTOR ( 'NONE', #1375, 1000.000000000000000 ) ;
#4498 = ORIENTED_EDGE ( 'NONE', *, *, #2639, .F. ) ;
#4499 = CARTESIAN_POINT ( 'NONE',  ( -13.94031785523684697, 4.217679517995065019, 9.499999999999998224 ) ) ;
#4500 = AXIS2_PLACEMENT_3D ( 'NONE', #4439, #1151, #831 ) ;
#4501 = CARTESIAN_POINT ( 'NONE',  ( -16.49031785523684945, 4.217679517995065908, 10.00000000000000000 ) ) ;
#4502 = ORIENTED_EDGE ( 'NONE', *, *, #4222, .F. ) ;
#4503 = VERTEX_POINT ( 'NONE', #384 ) ;
#4504 = FACE_OUTER_BOUND ( 'NONE', #2295, .T. ) ;
#4505 = DIRECTION ( 'NONE',  ( 0.000000000000000000, 1.000000000000000000, 0.000000000000000000 ) ) ;
#4506 = ORIENTED_EDGE ( 'NONE', *, *, #3773, .F. ) ;
#4507 = EDGE_CURVE ( 'NONE', #2977, #626, #2561, .T. ) ;
#4508 = EDGE_CURVE ( 'NONE', #23, #4096, #4007, .T. ) ;
#4509 = CARTESIAN_POINT ( 'NONE',  ( -10.90475320566535800, 3.663520956208037749, 9.999999999999994671 ) ) ;
#4510 = CARTESIAN_POINT ( 'NONE',  ( -13.67168179594637323, 3.745048609832290154, 9.999999999999996447 ) ) ;
#4511 = DIRECTION ( 'NONE',  ( -0.000000000000000000, -1.000000000000000000, -0.000000000000000000 ) ) ;
#4512 = ORIENTED_EDGE ( 'NONE', *, *, #2108, .F. ) ;
#4513 = CARTESIAN_POINT ( 'NONE',  ( -15.33414544758592513, 4.493292991900849742, 9.999999999999994671 ) ) ;
#4514 = ORIENTED_EDGE ( 'NONE', *, *, #2669, .F. ) ;
#4515 = EDGE_CURVE ( 'NONE', #4339, #1747, #1781, .T. ) ;
#4516 = DIRECTION ( 'NONE',  ( -0.000000000000000000, 1.000000000000000000, 0.000000000000000000 ) ) ;
#4517 = CARTESIAN_POINT ( 'NONE',  ( 0.000000000000000000, 0.000000000000000000, -0.5000000000000000000 ) ) ;
#4518 = DIRECTION ( 'NONE',  ( -0.000000000000000000, -1.000000000000000000, -0.000000000000000000 ) ) ;
#4519 = VECTOR ( 'NONE', #2952, 1000.000000000000000 ) ;
#4520 = EDGE_CURVE ( 'NONE', #1695, #72, #2571, .T. ) ;
#4521 = ORIENTED_EDGE ( 'NONE', *, *, #2172, .F. ) ;
#4522 = CARTESIAN_POINT ( 'NONE',  ( -13.56802928365745231, 3.693716400550714152, 9.499999999999996447 ) ) ;
#4523 = CARTESIAN_POINT ( 'NONE',  ( 19.89714957897565739, -24.15427563153650325, -9.517063983397434868 ) ) ;
#4524 = LOCAL_TIME ( 2, 32, 48.00000000000000000, #729 ) ;
#4525 = CARTESIAN_POINT ( 'NONE',  ( -8.571681795946370030, 3.745048609832290154, 9.499999999999996447 ) ) ;
#4526 = ORIENTED_EDGE ( 'NONE', *, *, #3258, .T. ) ;
#4527 = ORIENTED_EDGE ( 'NONE', *, *, #2665, .T. ) ;
#4528 = CIRCLE ( 'NONE', #81, 6.999999999999760192 ) ;
#4529 = CIRCLE ( 'NONE', #230, 1.000000000000000888 ) ;
#4530 = CARTESIAN_POINT ( 'NONE',  ( -13.11162162909425710, 3.695022007914731343, 9.499999999999998224 ) ) ;
#4531 = LINE ( 'NONE', #1148, #1759 ) ;
#4532 = AXIS2_PLACEMENT_3D ( 'NONE', #4668, #912, #4257 ) ;
#4533 = ORIENTED_EDGE ( 'NONE', *, *, #3986, .F. ) ;
#4534 = AXIS2_PLACEMENT_3D ( 'NONE', #4664, #1349, #3904 ) ;
#4535 = PLANE ( 'NONE',  #3200 ) ;
#4536 = CARTESIAN_POINT ( 'NONE',  ( -16.11802928365744592, 3.693716400550712819, 9.499999999999992895 ) ) ;
#4537 = CARTESIAN_POINT ( 'NONE',  ( -13.94254807659878637, 4.263190462710908513, 9.499999999999996447 ) ) ;
#4538 = CARTESIAN_POINT ( 'NONE',  ( -15.29254807659878779, 4.263190462710908513, 9.499999999999996447 ) ) ;
#4539 = VECTOR ( 'NONE', #1026, 1000.000000000000000 ) ;
#4540 = ORIENTED_EDGE ( 'NONE', *, *, #1222, .F. ) ;
#4541 = DIRECTION ( 'NONE',  ( 0.000000000000000000, 0.000000000000000000, 1.000000000000000000 ) ) ;
#4542 = DIRECTION ( 'NONE',  ( 0.000000000000000000, 1.000000000000000000, -0.000000000000000000 ) ) ;
#4543 =( BOUNDED_CURVE ( )  B_SPLINE_CURVE ( 3, ( #4394, #3950, #2189, #1750 ),
 .UNSPECIFIED., .F., .F. ) 
 B_SPLINE_CURVE_WITH_KNOTS ( ( 4, 4 ),
 ( 0.000000000000000000, 0.7853981633974473908 ),
 .UNSPECIFIED. ) 
 CURVE ( )  GEOMETRIC_REPRESENTATION_ITEM ( )  RATIONAL_B_SPLINE_CURVE ( ( 1.000000000000000000, 0.9492530216741912330, 0.9492530216741912330, 1.000000000000000000 ) ) 
 REPRESENTATION_ITEM ( '' )  );
#4544 = DIRECTION ( 'NONE',  ( 0.000000000000000000, 0.000000000000000000, 1.000000000000000000 ) ) ;
#4545 = ADVANCED_FACE ( 'NONE', ( #2947 ), #4416, .F. ) ;
#4546 = EDGE_LOOP ( 'NONE', ( #2861, #2195 ) ) ;
#4547 = LINE ( 'NONE', #3096, #2581 ) ;
#4548 = DIRECTION ( 'NONE',  ( 0.000000000000000000, 0.000000000000000000, 1.000000000000000000 ) ) ;
#4549 = CARTESIAN_POINT ( 'NONE',  ( -15.88668870159878921, 3.657331087710908424, 9.499999999999996447 ) ) ;
#4550 = ADVANCED_FACE ( 'NONE', ( #409 ), #4682, .F. ) ;
#4551 = VERTEX_POINT ( 'NONE', #2137 ) ;
#4552 = ORIENTED_EDGE ( 'NONE', *, *, #2340, .T. ) ;
#4553 = CARTESIAN_POINT ( 'NONE',  ( -13.29780545527312619, 3.659341507747735811, 9.499999999999994671 ) ) ;
#4554 = DIRECTION ( 'NONE',  ( 0.000000000000000000, 0.000000000000000000, 1.000000000000000000 ) ) ;
#4555 = VERTEX_POINT ( 'NONE', #2301 ) ;
#4556 = CARTESIAN_POINT ( 'NONE',  ( -11.29546098914201480, 3.901807813459206020, 9.999999999999994671 ) ) ;
#4557 = CARTESIAN_POINT ( 'NONE',  ( -8.666278048077808549, 3.813939344366133355, 9.999999999999992895 ) ) ;
#4558 = PLANE ( 'NONE',  #3075 ) ;
#4559 = CARTESIAN_POINT ( 'NONE',  ( -13.45475320566535693, 3.663520956208037749, 9.999999999999996447 ) ) ;
#4560 = ORIENTED_EDGE ( 'NONE', *, *, #2612, .T. ) ;
#4561 = CARTESIAN_POINT ( 'NONE',  ( -8.248407451598787077, 4.857331087710909046, 9.499999999999996447 ) ) ;
#4562 = CARTESIAN_POINT ( 'NONE',  ( -15.89840745159878566, 4.857331087710909046, 9.999999999999996447 ) ) ;
#4563 = CARTESIAN_POINT ( 'NONE',  ( -26.74999999999998934, 3.000000000000000000, 0.5000000000000000000 ) ) ;
#4564 = ORIENTED_EDGE ( 'NONE', *, *, #3589, .F. ) ;
#4565 = B_SPLINE_CURVE_WITH_KNOTS ( 'NONE', 3,
 ( #2415, #1693, #2016, #3054, #4525, #2699, #516, #4166, #2343, #3795, #152 ),
 .UNSPECIFIED., .F., .F.,
 ( 4, 1, 1, 1, 1, 1, 1, 1, 4 ),
 ( 0.000000000000000000, 0.1248700636199819303, 0.2434858894426115139, 0.3629263138288142398, 0.4841463935337753655, 0.6067873673243882049, 0.7290275327010896644, 0.8580158402514963534, 1.000000000000000000 ),
 .UNSPECIFIED. ) ;
#4566 = ADVANCED_FACE ( 'NONE', ( #3374 ), #4441, .T. ) ;
#4567 = DIRECTION ( 'NONE',  ( 1.000000000000000000, 0.000000000000000000, -0.000000000000000000 ) ) ;
#4568 = EDGE_CURVE ( 'NONE', #4709, #1387, #4531, .T. ) ;
#4569 = CARTESIAN_POINT ( 'NONE',  ( -15.29254807659878779, 4.263190462710908513, 9.499999999999996447 ) ) ;
#4570 = DIRECTION ( 'NONE',  ( 0.4850712500726652721, -0.7276068751089996844, -0.4850712500726652721 ) ) ;
#4571 = ORIENTED_EDGE ( 'NONE', *, *, #1905, .T. ) ;
#4572 = CARTESIAN_POINT ( 'NONE',  ( 0.000000000000000000, 2.500000000000000000, 9.999999999999998224 ) ) ;
#4573 = AXIS2_PLACEMENT_3D ( 'NONE', #3293, #2911, #2863 ) ;
#4574 = ORIENTED_EDGE ( 'NONE', *, *, #4577, .F. ) ;
#4575 = EDGE_CURVE ( 'NONE', #3569, #2500, #3819, .T. ) ;
#4576 = PLANE ( 'NONE',  #303 ) ;
#4577 = EDGE_CURVE ( 'NONE', #4167, #2769, #500, .T. ) ;
#4578 = DIRECTION ( 'NONE',  ( 0.000000000000000000, 0.000000000000000000, -1.000000000000000000 ) ) ;
#4579 = CARTESIAN_POINT ( 'NONE',  ( -7.684145447585930100, 4.493292991900852407, 9.499999999999998224 ) ) ;
#4580 = VECTOR ( 'NONE', #1974, 1000.000000000000000 ) ;
#4581 = ORIENTED_EDGE ( 'NONE', *, *, #3337, .F. ) ;
#4582 = CYLINDRICAL_SURFACE ( 'NONE', #3568, 5.500000000000000000 ) ;
#4583 = CARTESIAN_POINT ( 'NONE',  ( -8.468029283657452666, 3.693716400550714152, 9.999999999999996447 ) ) ;
#4584 = DIRECTION ( 'NONE',  ( 1.000000000000000000, 0.000000000000000000, -0.000000000000000000 ) ) ;
#4585 = DIRECTION ( 'NONE',  ( -0.000000000000000000, -1.000000000000000000, -0.000000000000000000 ) ) ;
#4586 = VERTEX_POINT ( 'NONE', #3039 ) ;
#4587 = CARTESIAN_POINT ( 'NONE',  ( -7.909727323051725989, 4.763203644927169300, 9.999999999999996447 ) ) ;
#4588 = CYLINDRICAL_SURFACE ( 'NONE', #2506, 2.050000000000000266 ) ;
#4589 = LINE ( 'NONE', #982, #694 ) ;
#4590 = ORIENTED_EDGE ( 'NONE', *, *, #4634, .F. ) ;
#4591 = CARTESIAN_POINT ( 'NONE',  ( -9.045454545454733264, 16.49999999999999289, -6.934611955632672853 ) ) ;
#4592 = DIRECTION ( 'NONE',  ( 0.000000000000000000, 0.000000000000000000, -1.000000000000000000 ) ) ;
#4593 = CARTESIAN_POINT ( 'NONE',  ( -11.13376994224398508, 4.761365935114647563, 9.500000000000000000 ) ) ;
#4594 = ORIENTED_EDGE ( 'NONE', *, *, #2316, .F. ) ;
#4595 = CARTESIAN_POINT ( 'NONE',  ( -15.46807131982058969, 3.816818745869935636, 9.999999999999996447 ) ) ;
#4596 = AXIS2_PLACEMENT_3D ( 'NONE', #978, #2781, #3829 ) ;
#4597 = ORIENTED_EDGE ( 'NONE', *, *, #4431, .T. ) ;
#4598 = VECTOR ( 'NONE', #92, 1000.000000000000000 ) ;
#4599 = ORIENTED_EDGE ( 'NONE', *, *, #4466, .T. ) ;
#4600 = CARTESIAN_POINT ( 'NONE',  ( -10.23304545312473834, 4.011504287093311305, 9.999999999999994671 ) ) ;
#4601 = CARTESIAN_POINT ( 'NONE',  ( -7.818552839064236260, 4.685782656872678587, 9.499999999999998224 ) ) ;
#4602 = EDGE_CURVE ( 'NONE', #2433, #1682, #4210, .T. ) ;
#4603 = ORIENTED_EDGE ( 'NONE', *, *, #1174, .F. ) ;
#4604 = CIRCLE ( 'NONE', #2308, 5.500000000000000000 ) ;
#4605 = CARTESIAN_POINT ( 'NONE',  ( -10.00000000000000178, 2.000000000000000000, 2.050000000000000266 ) ) ;
#4606 = CARTESIAN_POINT ( 'NONE',  ( -8.840317855236849098, 4.217679517995065019, 9.999999999999998224 ) ) ;
#4607 = DIRECTION ( 'NONE',  ( 0.000000000000000000, 0.000000000000000000, 1.000000000000000000 ) ) ;
#4608 = CARTESIAN_POINT ( 'NONE',  ( -13.94254807659878637, 4.263190462710908513, 9.999999999999996447 ) ) ;
#4609 = CIRCLE ( 'NONE', #3302, 2.250000000000000444 ) ;
#4610 = EDGE_CURVE ( 'NONE', #3687, #2205, #1580, .T. ) ;
#4611 = ORIENTED_EDGE ( 'NONE', *, *, #2694, .F. ) ;
#4612 = CARTESIAN_POINT ( 'NONE',  ( -15.89840745159878566, 4.857331087710909046, 9.999999999999998224 ) ) ;
#4613 = CARTESIAN_POINT ( 'NONE',  ( -15.93889077459143699, 4.855547751615680419, 9.999999999999996447 ) ) ;
#4614 = VECTOR ( 'NONE', #1954, 1000.000000000000000 ) ;
#4615 = CARTESIAN_POINT ( 'NONE',  ( 26.74999999999998934, 0.000000000000000000, -4.000000000000000000 ) ) ;
#4616 = VECTOR ( 'NONE', #2469, 1000.000000000000000 ) ;
#4617 = VERTEX_POINT ( 'NONE', #3758 ) ;
#4618 = CARTESIAN_POINT ( 'NONE',  ( -11.22336738693030433, 4.684180621136959211, 9.999999999999994671 ) ) ;
#4619 = DIRECTION ( 'NONE',  ( 0.000000000000000000, 1.000000000000000000, -0.000000000000000000 ) ) ;
#4620 = CARTESIAN_POINT ( 'NONE',  ( -15.29418344345463510, 4.303336539538842764, 9.499999999999996447 ) ) ;
#4621 = ORIENTED_EDGE ( 'NONE', *, *, #107, .T. ) ;
#4622 = CARTESIAN_POINT ( 'NONE',  ( -15.33304545312474332, 4.011504287093311305, 9.499999999999998224 ) ) ;
#4623 = ORIENTED_EDGE ( 'NONE', *, *, #407, .F. ) ;
#4624 = ORIENTED_EDGE ( 'NONE', *, *, #4187, .F. ) ;
#4625 = CARTESIAN_POINT ( 'NONE',  ( -12.74737464725680525, 4.381676339906654505, 9.999999999999996447 ) ) ;
#4626 = B_SPLINE_CURVE_WITH_KNOTS ( 'NONE', 3,
 ( #706, #1822, #3276, #4522, #1232, #2697, #3409, #4163, #1571, #4499, #1914 ),
 .UNSPECIFIED., .F., .F.,
 ( 4, 1, 1, 1, 1, 1, 1, 1, 4 ),
 ( 0.000000000000000000, 0.1248700636199819303, 0.2434858894426115139, 0.3629263138288142398, 0.4841463935337753655, 0.6067873673243882049, 0.7290275327010896644, 0.8580158402514963534, 1.000000000000000000 ),
 .UNSPECIFIED. ) ;
#4627 = ORIENTED_EDGE ( 'NONE', *, *, #405, .T. ) ;
#4628 = EDGE_CURVE ( 'NONE', #3686, #61, #1172, .T. ) ;
#4629 = DIRECTION ( 'NONE',  ( 8.659560562354906974E-17, 0.7071067811865496822, -0.7071067811865453523 ) ) ;
#4630 = DIRECTION ( 'NONE',  ( 0.000000000000000000, 0.000000000000000000, 1.000000000000000000 ) ) ;
#4631 = LINE ( 'NONE', #3137, #2394 ) ;
#4632 = CARTESIAN_POINT ( 'NONE',  ( -16.01777795396625237, 4.852072682277737137, 9.500000000000000000 ) ) ;
#4633 = ORIENTED_EDGE ( 'NONE', *, *, #3859, .T. ) ;
#4634 = EDGE_CURVE ( 'NONE', #3170, #804, #761, .T. ) ;
#4635 = CARTESIAN_POINT ( 'NONE',  ( -16.49075892709140589, 4.302525162645350676, 9.999999999999998224 ) ) ;
#4636 = CARTESIAN_POINT ( 'NONE',  ( -9.045454545454733264, 18.50000000000000000, 6.934611955632672853 ) ) ;
#4637 = ADVANCED_FACE ( 'NONE', ( #4437 ), #2328, .T. ) ;
#4638 = DIRECTION ( 'NONE',  ( 0.000000000000000000, 0.000000000000000000, 1.000000000000000000 ) ) ;
#4639 = VERTEX_POINT ( 'NONE', #3018 ) ;
#4640 = CYLINDRICAL_SURFACE ( 'NONE', #3037, 1.000000000000000888 ) ;
#4641 = CARTESIAN_POINT ( 'NONE',  ( -15.66162162909425604, 3.695022007914732676, 9.500000000000001776 ) ) ;
#4642 = CARTESIAN_POINT ( 'NONE',  ( -23.99999999999998579, 2.500000000000000000, -4.999999999999998224 ) ) ;
#4643 = ORIENTED_EDGE ( 'NONE', *, *, #79, .F. ) ;
#4644 = CARTESIAN_POINT ( 'NONE',  ( -10.00000000000000178, 18.00000000000000355, 2.050000000000000266 ) ) ;
#4645 = B_SPLINE_SURFACE_WITH_KNOTS ( 'NONE', 3, 1, ( 
 ( #1461, #4393 ),
 ( #1830, #3617 ),
 ( #1025, #2877 ),
 ( #1001, #339 ),
 ( #4751, #2520 ),
 ( #2496, #2825 ),
 ( #1049, #2569 ),
 ( #4028, #1805 ),
 ( #1749, #4730 ),
 ( #2475, #734 ),
 ( #661, #2209 ) ),
 .UNSPECIFIED., .F., .F., .F.,
 ( 4, 1, 1, 1, 1, 1, 1, 1, 4 ),
 ( 2, 2 ),
 ( 0.000000000000000000, 0.1259553441376821403, 0.2477952931766743971, 0.3695577194406673427, 0.4961300219278783064, 0.6243084793732043281, 0.7472542167631335275, 0.8702959180579222798, 1.000000000000000000 ),
 ( 0.000000000000000000, 1.000000000000000000 ),
 .UNSPECIFIED. ) ;
#4646 = EDGE_LOOP ( 'NONE', ( #132, #1127, #3818, #1614 ) ) ;
#4647 = DIRECTION ( 'NONE',  ( -0.000000000000000000, -0.000000000000000000, 1.000000000000000000 ) ) ;
#4648 = VECTOR ( 'NONE', #3706, 1000.000000000000000 ) ;
#4649 = CARTESIAN_POINT ( 'NONE',  ( -10.90475320566535800, 3.663520956208037749, 9.999999999999994671 ) ) ;
#4650 = DIRECTION ( 'NONE',  ( 0.000000000000000000, 0.000000000000000000, 1.000000000000000000 ) ) ;
#4651 = ORIENTED_EDGE ( 'NONE', *, *, #2206, .F. ) ;
#4652 = ORIENTED_EDGE ( 'NONE', *, *, #1327, .T. ) ;
#4653 = CARTESIAN_POINT ( 'NONE',  ( 0.000000000000000000, 2.500000000000000000, 0.000000000000000000 ) ) ;
#4654 = LINE ( 'NONE', #2162, #10 ) ;
#4655 = CARTESIAN_POINT ( 'NONE',  ( 26.74999999999998934, 2.500000000000000000, -4.000000000000000000 ) ) ;
#4656 = AXIS2_PLACEMENT_3D ( 'NONE', #431, #66, #95 ) ;
#4657 = CARTESIAN_POINT ( 'NONE',  ( 0.000000000000000000, 9.000000000000000000, 9.500000000000001776 ) ) ;
#4658 = EDGE_CURVE ( 'NONE', #1110, #3535, #4125, .T. ) ;
#4659 = EDGE_CURVE ( 'NONE', #3445, #3886, #2704, .T. ) ;
#4660 = ORIENTED_EDGE ( 'NONE', *, *, #1636, .T. ) ;
#4661 = VECTOR ( 'NONE', #257, 1000.000000000000000 ) ;
#4662 = LINE ( 'NONE', #4297, #2729 ) ;
#4663 = CARTESIAN_POINT ( 'NONE',  ( -16.13082364598733776, 4.817574663822187908, 9.999999999999996447 ) ) ;
#4664 = CARTESIAN_POINT ( 'NONE',  ( -10.00000000000000178, 18.00000000000000355, 0.000000000000000000 ) ) ;
#4665 = ADVANCED_FACE ( 'NONE', ( #1970, #2276 ), #3734, .F. ) ;
#4666 = ORIENTED_EDGE ( 'NONE', *, *, #1965, .F. ) ;
#4667 = CARTESIAN_POINT ( 'NONE',  ( -10.36855283906423253, 4.685782656872675922, 9.999999999999994671 ) ) ;
#4668 = CARTESIAN_POINT ( 'NONE',  ( 23.99999999999998579, 2.500000000000000000, 4.999999999999998224 ) ) ;
#4669 = CARTESIAN_POINT ( 'NONE',  ( -26.01556443707462307, 2.500000000000000000, 4.000000000000000000 ) ) ;
#4670 = CARTESIAN_POINT ( 'NONE',  ( 26.74999999999998934, 2.500000000000000000, 0.000000000000000000 ) ) ;
#4671 = EDGE_CURVE ( 'NONE', #4672, #989, #3591, .T. ) ;
#4672 = VERTEX_POINT ( 'NONE', #1533 ) ;
#4673 = ORIENTED_EDGE ( 'NONE', *, *, #1991, .F. ) ;
#4674 = VECTOR ( 'NONE', #3164, 1000.000000000000000 ) ;
#4675 = CARTESIAN_POINT ( 'NONE',  ( 0.000000000000000000, -27.00000000000000000, -7.999999999999998224 ) ) ;
#4676 = ORIENTED_EDGE ( 'NONE', *, *, #3625, .T. ) ;
#4677 = ORIENTED_EDGE ( 'NONE', *, *, #632, .F. ) ;
#4678 = LINE ( 'NONE', #1074, #4459 ) ;
#4679 = FACE_OUTER_BOUND ( 'NONE', #1258, .T. ) ;
#4680 = LOCAL_TIME ( 2, 32, 48.00000000000000000, #680 ) ;
#4681 = DIRECTION ( 'NONE',  ( 0.000000000000000000, 0.000000000000000000, 1.000000000000000000 ) ) ;
#4682 = PLANE ( 'NONE',  #1994 ) ;
#4683 = ORIENTED_EDGE ( 'NONE', *, *, #3631, .T. ) ;
#4684 = DIRECTION ( 'NONE',  ( -0.000000000000000000, -1.000000000000000000, -0.000000000000000000 ) ) ;
#4685 = DIRECTION ( 'NONE',  ( 0.000000000000000000, -1.000000000000000000, 0.000000000000000000 ) ) ;
#4686 = B_SPLINE_SURFACE_WITH_KNOTS ( 'NONE', 3, 1, ( 
 ( #1336, #225 ),
 ( #2085, #2395 ),
 ( #2418, #3846 ),
 ( #2773, #3465 ),
 ( #4191, #1650 ),
 ( #3532, #1261 ),
 ( #202, #564 ),
 ( #4530, #251 ),
 ( #3821, #584 ),
 ( #4553, #4263 ),
 ( #3484, #3154 ) ),
 .UNSPECIFIED., .F., .F., .F.,
 ( 4, 1, 1, 1, 1, 1, 1, 1, 4 ),
 ( 2, 2 ),
 ( 0.000000000000000000, 0.1411572427678502439, 0.2708670984732417519, 0.3951049199775829579, 0.5192445879437870282, 0.6416973881062182361, 0.7592814591052565731, 0.8772923808939695478, 0.9999999999999998890 ),
 ( 0.000000000000000000, 1.000000000000000000 ),
 .UNSPECIFIED. ) ;
#4687 = VECTOR ( 'NONE', #325, 1000.000000000000114 ) ;
#4688 = CARTESIAN_POINT ( 'NONE',  ( -8.236688701598787077, 3.657331087710908424, 9.999999999999996447 ) ) ;
#4689 = CIRCLE ( 'NONE', #2614, 2.250000000000000444 ) ;
#4690 = CIRCLE ( 'NONE', #2382, 5.666666666666666075 ) ;
#4691 = ORIENTED_EDGE ( 'NONE', *, *, #954, .F. ) ;
#4692 = FACE_OUTER_BOUND ( 'NONE', #1021, .T. ) ;
#4693 = FACE_OUTER_BOUND ( 'NONE', #3127, .T. ) ;
#4694 = LINE ( 'NONE', #3600, #1389 ) ;
#4695 = CARTESIAN_POINT ( 'NONE',  ( -15.46855283906423217, 4.685782656872676810, 9.499999999999996447 ) ) ;
#4696 = EDGE_CURVE ( 'NONE', #4026, #342, #3296, .T. ) ;
#4697 = CARTESIAN_POINT ( 'NONE',  ( -8.288890774591445521, 4.855547751615681307, 9.499999999999998224 ) ) ;
#4698 = VECTOR ( 'NONE', #2654, 1000.000000000000000 ) ;
#4699 = EDGE_LOOP ( 'NONE', ( #1194, #3741, #3439, #3359 ) ) ;
#4700 = CARTESIAN_POINT ( 'NONE',  ( -10.19410173964085509, 4.218376293701555646, 9.499999999999994671 ) ) ;
#4701 = ADVANCED_FACE ( 'NONE', ( #1193 ), #112, .F. ) ;
#4702 = FACE_OUTER_BOUND ( 'NONE', #814, .T. ) ;
#4703 = ORIENTED_EDGE ( 'NONE', *, *, #892, .F. ) ;
#4704 = ORIENTED_EDGE ( 'NONE', *, *, #2580, .F. ) ;
#4705 = CARTESIAN_POINT ( 'NONE',  ( -15.89840745159878566, 4.857331087710909046, 9.999999999999996447 ) ) ;
#4706 = CARTESIAN_POINT ( 'NONE',  ( -16.48606154533482737, 4.130823258813754784, 9.999999999999996447 ) ) ;
#4707 = DIRECTION ( 'NONE',  ( -1.000000000000000000, 0.000000000000000000, 0.000000000000000000 ) ) ;
#4708 = CARTESIAN_POINT ( 'NONE',  ( -26.74999999999998934, 2.500000000000000000, -6.000000000000000000 ) ) ;
#4709 = VERTEX_POINT ( 'NONE', #135 ) ;
#4710 = CARTESIAN_POINT ( 'NONE',  ( -15.92671173369988580, 3.659429409365844155, 9.499999999999994671 ) ) ;
#4711 = FACE_OUTER_BOUND ( 'NONE', #2626, .T. ) ;
#4712 = DIRECTION ( 'NONE',  ( -1.826024711554534653E-16, 1.000000000000000000, 0.000000000000000000 ) ) ;
#4713 = ORIENTED_EDGE ( 'NONE', *, *, #2087, .F. ) ;
#4714 = CARTESIAN_POINT ( 'NONE',  ( -19.00000000000000355, 2.499999999999998668, -9.000000000000001776 ) ) ;
#4715 = CARTESIAN_POINT ( 'NONE',  ( -13.33668870159878672, 3.657331087710908424, 9.999999999999996447 ) ) ;
#4716 = CARTESIAN_POINT ( 'NONE',  ( -16.11764705882353610, -29.82352941176470296, -6.117647058823532547 ) ) ;
#4717 = FACE_OUTER_BOUND ( 'NONE', #519, .T. ) ;
#4718 = EDGE_CURVE ( 'NONE', #4503, #3582, #4102, .T. ) ;
#4719 = EDGE_LOOP ( 'NONE', ( #1701, #77, #3133, #2128, #2898, #3893, #352, #3060, #1334, #651, #1746, #1439, #629 ) ) ;
#4720 = ADVANCED_FACE ( 'NONE', ( #1312 ), #2396, .F. ) ;
#4721 = CARTESIAN_POINT ( 'NONE',  ( -10.28763695707778680, 3.903863005938844832, 9.500000000000000000 ) ) ;
#4722 = CARTESIAN_POINT ( 'NONE',  ( -10.82671173369988082, 3.659429409365844599, 9.499999999999996447 ) ) ;
#4723 = SHAPE_DEFINITION_REPRESENTATION ( #1038, #3638 ) ;
#4724 = EDGE_CURVE ( 'NONE', #3535, #754, #254, .T. ) ;
#4725 = ORIENTED_EDGE ( 'NONE', *, *, #3393, .T. ) ;
#4726 = EDGE_CURVE ( 'NONE', #2596, #305, #1720, .T. ) ;
#4727 = B_SPLINE_SURFACE_WITH_KNOTS ( 'NONE', 3, 1, ( 
 ( #1014, #1154 ),
 ( #675, #1864 ),
 ( #4281, #3575 ),
 ( #28, #4061 ),
 ( #4422, #298 ),
 ( #1765, #3913 ),
 ( #3550, #3226 ),
 ( #1132, #2595 ),
 ( #3201, #1741 ),
 ( #4697, #415 ),
 ( #1410, #3336 ) ),
 .UNSPECIFIED., .F., .F., .F.,
 ( 4, 1, 1, 1, 1, 1, 1, 1, 4 ),
 ( 2, 2 ),
 ( 0.000000000000000000, 0.1259553441376821403, 0.2477952931766743971, 0.3695577194406673427, 0.4961300219278783064, 0.6243084793732043281, 0.7472542167631335275, 0.8702959180579222798, 1.000000000000000000 ),
 ( 0.000000000000000000, 1.000000000000000000 ),
 .UNSPECIFIED. ) ;
#4728 = ORIENTED_EDGE ( 'NONE', *, *, #4449, .F. ) ;
#4729 = DIRECTION ( 'NONE',  ( -1.000000000000000000, 0.000000000000000000, 0.000000000000000000 ) ) ;
#4730 = CARTESIAN_POINT ( 'NONE',  ( -10.91777795396625272, 4.852072682277735360, 9.999999999999996447 ) ) ;
#4731 = CARTESIAN_POINT ( 'NONE',  ( -10.00000000000000178, 10.50000000000000000, -6.499999999999999112 ) ) ;
#4732 = CARTESIAN_POINT ( 'NONE',  ( 26.74999999999998934, 0.000000000000000000, 0.000000000000000000 ) ) ;
#4733 = AXIS2_PLACEMENT_3D ( 'NONE', #3838, #2788, #558 ) ;
#4734 = ORIENTED_EDGE ( 'NONE', *, *, #3596, .T. ) ;
#4735 = CARTESIAN_POINT ( 'NONE',  ( -8.011621629094252128, 3.695022007914730011, 9.499999999999994671 ) ) ;
#4736 = PLANE ( 'NONE',  #884 ) ;
#4737 = CARTESIAN_POINT ( 'NONE',  ( -8.745460989142015862, 3.901807813459206908, 9.999999999999998224 ) ) ;
#4738 = AXIS2_PLACEMENT_3D ( 'NONE', #1196, #116, #4032 ) ;
#4739 = VERTEX_POINT ( 'NONE', #4192 ) ;
#4740 = CARTESIAN_POINT ( 'NONE',  ( -10.67861541957982752, 4.852081519184668679, 9.500000000000000000 ) ) ;
#4741 = CARTESIAN_POINT ( 'NONE',  ( -10.00000000000000178, 19.50000000000000000, -5.999999999999756639 ) ) ;
#4742 = LINE ( 'NONE', #3572, #768 ) ;
#4743 = DIRECTION ( 'NONE',  ( 0.8320502943378440541, -0.5547001962252287033, 1.443377178781270508E-16 ) ) ;
#4744 = EDGE_LOOP ( 'NONE', ( #2339, #4438, #3436, #1098, #644, #4571, #2152, #1039 ) ) ;
#4745 = CARTESIAN_POINT ( 'NONE',  ( -10.36807131982058827, 3.816818745869935636, 9.499999999999994671 ) ) ;
#4746 = CARTESIAN_POINT ( 'NONE',  ( -11.21627804807780926, 3.813939344366133355, 9.499999999999992895 ) ) ;
#4747 = EDGE_CURVE ( 'NONE', #2404, #1797, #1357, .T. ) ;
#4748 = EDGE_LOOP ( 'NONE', ( #968, #4001 ) ) ;
#4749 = ORIENTED_EDGE ( 'NONE', *, *, #114, .F. ) ;
#4750 = CARTESIAN_POINT ( 'NONE',  ( -19.89714957897566094, -24.15427563153649970, 9.517063983397429539 ) ) ;
#4751 = CARTESIAN_POINT ( 'NONE',  ( -11.29929127748492945, 4.593794776679944292, 9.499999999999996447 ) ) ;
#4752 = DIRECTION ( 'NONE',  ( -1.000000000000000000, 0.000000000000000000, 0.000000000000000000 ) ) ;
#4753 = EDGE_CURVE ( 'NONE', #4145, #2710, #200, .T. ) ;
#4754 = CARTESIAN_POINT ( 'NONE',  ( -13.93723908575593562, 4.379909362331369849, 9.499999999999994671 ) ) ;
#4755 = VECTOR ( 'NONE', #879, 1000.000000000000000 ) ;
ENDSEC;
END-ISO-10303-21;
