ISO-10303-21;
HEADER;
FILE_DESCRIPTION (( 'STEP AP203' ),
    '1' );
FILE_NAME ('tibia (1).step_Default_sldprt.step_Default_sldprt.STEP',
    '2026-06-14T23:32:51',
    ( '' ),
    ( '' ),
    'SwSTEP 2.0',
    'SolidWorks 2025',
    '' );
FILE_SCHEMA (( 'CONFIG_CONTROL_DESIGN' ));
ENDSEC;

DATA;
#1 = CARTESIAN_POINT ( 'NONE',  ( 25.87717765014799554, 2.539591510400000950E-07, -30.19182371069001647 ) ) ;
#2 = ORIENTED_EDGE ( 'NONE', *, *, #2790, .F. ) ;
#3 = CIRCLE ( 'NONE', #6493, 4.500000000000000888 ) ;
#4 = PLANE ( 'NONE',  #2114 ) ;
#5 = CARTESIAN_POINT ( 'NONE',  ( 25.83041958865498700, 0.03528705725955998823, -30.95466331156002227 ) ) ;
#6 = DIRECTION ( 'NONE',  ( 0.6427876096867995992, 0.000000000000000000, 0.7660444431187596326 ) ) ;
#7 = CARTESIAN_POINT ( 'NONE',  ( 6.762260773609000353, 9.000000000000000000, -51.59350684617000127 ) ) ;
#8 = VECTOR ( 'NONE', #3730, 1000.000000000000000 ) ;
#9 = DIRECTION ( 'NONE',  ( 0.000000000000000000, 1.000000000000000000, 0.000000000000000000 ) ) ;
#10 = CARTESIAN_POINT ( 'NONE',  ( 68.40284199462999482, 12.50000000000000000, -3.267615873137999838 ) ) ;
#11 = ORIENTED_EDGE ( 'NONE', *, *, #6509, .F. ) ;
#12 = EDGE_CURVE ( 'NONE', #2990, #759, #2443, .T. ) ;
#13 = EDGE_CURVE ( 'NONE', #2935, #6070, #5904, .T. ) ;
#14 = ORIENTED_EDGE ( 'NONE', *, *, #6441, .F. ) ;
#15 = CARTESIAN_POINT ( 'NONE',  ( 25.81604722937597529, 1.139780639846552202, -33.91690408006635238 ) ) ;
#16 = CARTESIAN_POINT ( 'NONE',  ( 69.63845337762300858, 8.881784197000999888E-16, -4.128657308696999095 ) ) ;
#17 = CARTESIAN_POINT ( 'NONE',  ( 25.89304435296000051, 0.0001019352425384000005, -30.23511432281000211 ) ) ;
#18 = B_SPLINE_CURVE_WITH_KNOTS ( 'NONE', 5,
 ( #2268, #803, #4337, #1691, #3248, #2332 ),
 .UNSPECIFIED., .F., .F.,
 ( 6, 6 ),
 ( 62.29202788403900115, 63.18568961097300019 ),
 .UNSPECIFIED. ) ;
#19 = CARTESIAN_POINT ( 'NONE',  ( 25.86991621313402945, 3.199119952279999823E-06, -30.19691721093998638 ) ) ;
#20 = LINE ( 'NONE', #3134, #3529 ) ;
#21 = EDGE_CURVE ( 'NONE', #6392, #2678, #1105, .T. ) ;
#22 = CARTESIAN_POINT ( 'NONE',  ( 5.332337761447999647, 2.646971730650999888, -110.0920097305999832 ) ) ;
#23 = EDGE_CURVE ( 'NONE', #2455, #5832, #3776, .T. ) ;
#24 = ORIENTED_EDGE ( 'NONE', *, *, #3487, .F. ) ;
#25 = CARTESIAN_POINT ( 'NONE',  ( 5.589562661546000122, 7.380167319847999785, -108.5880377619999990 ) ) ;
#26 = ORIENTED_EDGE ( 'NONE', *, *, #632, .F. ) ;
#27 = AXIS2_PLACEMENT_3D ( 'NONE', #368, #4101, #6570 ) ;
#28 = CARTESIAN_POINT ( 'NONE',  ( 25.47826374549099882, 8.259560932650998666, -34.17177253508000234 ) ) ;
#29 = CARTESIAN_POINT ( 'NONE',  ( -0.1676627900569999940, 0.1464466094069999946, -107.5914846093999842 ) ) ;
#30 = EDGE_CURVE ( 'NONE', #1990, #6398, #2338, .T. ) ;
#31 = CARTESIAN_POINT ( 'NONE',  ( 35.95670135185301319, 0.1481231777350000001, -0.4355117043149997480 ) ) ;
#32 = LINE ( 'NONE', #3389, #1627 ) ;
#33 = CARTESIAN_POINT ( 'NONE',  ( 59.91545265747680560, 1.500000000000000000, 7.619779055177949623 ) ) ;
#34 = AXIS2_PLACEMENT_3D ( 'NONE', #2872, #5978, #4807 ) ;
#35 = CARTESIAN_POINT ( 'NONE',  ( 40.72104578684999865, 11.29452431127399947, -38.59108169350999873 ) ) ;
#36 = ORIENTED_EDGE ( 'NONE', *, *, #5161, .T. ) ;
#37 = FACE_OUTER_BOUND ( 'NONE', #2780, .T. ) ;
#38 = B_SPLINE_CURVE_WITH_KNOTS ( 'NONE', 7,
 ( #5336, #687, #6484, #2762, #755, #1302, #217, #2285, #4831, #4895, #4358, #6416, #251, #2319, #4392, #6454, #3880, #4931, #285, #3980, #1473, #4995, #5095, #445, #6137, #6549, #2015, #5629, #1947, #6069, #4521, #4082 ),
 .UNSPECIFIED., .F., .F.,
 ( 8, 6, 6, 6, 6, 8 ),
 ( 0.5001274425319570671, 0.6013800819529659947, 0.6447372887069700020, 0.7549025124669790365, 0.8596802357459880639, 1.000000000000000000 ),
 .UNSPECIFIED. ) ;
#39 = VERTEX_POINT ( 'NONE', #4838 ) ;
#40 = CARTESIAN_POINT ( 'NONE',  ( 7.001722903719000080, 4.893799970739000749, -61.36118819696999793 ) ) ;
#41 = CARTESIAN_POINT ( 'NONE',  ( 25.86457718108500003, 0.0003733256973880999942, -30.26999039837999916 ) ) ;
#42 = CARTESIAN_POINT ( 'NONE',  ( 20.07089655794900196, 8.934869377498998233, -28.95196025967000253 ) ) ;
#43 = LINE ( 'NONE', #1566, #1538 ) ;
#44 = CARTESIAN_POINT ( 'NONE',  ( 19.82801002854600370, 10.70064248896199999, -26.85432883534999959 ) ) ;
#45 = DIRECTION ( 'NONE',  ( 0.000000000000000000, 1.000000000000000000, -2.200000000000000003E-16 ) ) ;
#46 = VERTEX_POINT ( 'NONE', #1750 ) ;
#47 = ORIENTED_EDGE ( 'NONE', *, *, #2293, .T. ) ;
#48 = CARTESIAN_POINT ( 'NONE',  ( 25.77820238009653409, 0.2532173023262424549, -32.18269508711291138 ) ) ;
#49 = DIRECTION ( 'NONE',  ( 0.000000000000000000, 1.000000000000000000, 0.000000000000000000 ) ) ;
#50 = CARTESIAN_POINT ( 'NONE',  ( 25.88235838780500231, 3.124260676435000340E-05, -30.21605950489000136 ) ) ;
#51 = CIRCLE ( 'NONE', #913, 0.7500000000000006661 ) ;
#52 = CARTESIAN_POINT ( 'NONE',  ( 25.87184484618502722, 2.093997807149997646E-06, -30.19534875461998524 ) ) ;
#53 = CARTESIAN_POINT ( 'NONE',  ( 4.038391062854000069, 8.639452292649000498, -107.8055857072999970 ) ) ;
#54 = ORIENTED_EDGE ( 'NONE', *, *, #3628, .F. ) ;
#55 = DIRECTION ( 'NONE',  ( 0.000000000000000000, -1.000000000000000000, 0.000000000000000000 ) ) ;
#56 = ORIENTED_EDGE ( 'NONE', *, *, #6591, .F. ) ;
#57 = TOROIDAL_SURFACE ( 'NONE', #4169, 2.500000000000000000, 1.500000000000000000 ) ;
#58 = CARTESIAN_POINT ( 'NONE',  ( 59.36908318924299977, 12.50000000000000000, 6.968641278527000438 ) ) ;
#59 = AXIS2_PLACEMENT_3D ( 'NONE', #269, #5817, #5952 ) ;
#60 = ORIENTED_EDGE ( 'NONE', *, *, #5394, .T. ) ;
#61 = CIRCLE ( 'NONE', #2221, 1.499999999999999556 ) ;
#62 = CARTESIAN_POINT ( 'NONE',  ( 19.25564788445300124, 10.80000000000000071, -25.97966445995999862 ) ) ;
#63 = EDGE_CURVE ( 'NONE', #1717, #5782, #6663, .T. ) ;
#64 = CARTESIAN_POINT ( 'NONE',  ( -1.580134187705000137, 0.2470441545929999982, -107.4441198064000105 ) ) ;
#65 = CARTESIAN_POINT ( 'NONE',  ( 35.81452132336298888, 3.037763582899999382E-06, -1.651299597961000343 ) ) ;
#66 = DIRECTION ( 'NONE',  ( 0.000000000000000000, -1.000000000000000000, 0.000000000000000000 ) ) ;
#67 = VECTOR ( 'NONE', #5414, 1000.000000000000000 ) ;
#68 = VECTOR ( 'NONE', #1756, 1000.000000000000000 ) ;
#69 = CARTESIAN_POINT ( 'NONE',  ( 70.21696222634099627, 1.500000000000000000, -3.439217309890000074 ) ) ;
#70 = EDGE_CURVE ( 'NONE', #6270, #5488, #5470, .T. ) ;
#71 = CARTESIAN_POINT ( 'NONE',  ( 40.33069229077499784, 12.39425763867400221, -36.72270113454000295 ) ) ;
#72 = VERTEX_POINT ( 'NONE', #2190 ) ;
#73 = DIRECTION ( 'NONE',  ( 0.6427876096867997102, 0.000000000000000000, 0.7660444431187596326 ) ) ;
#74 = CARTESIAN_POINT ( 'NONE',  ( 21.18947901920400056, 12.50000000000000000, -19.08549131918000086 ) ) ;
#75 = ORIENTED_EDGE ( 'NONE', *, *, #1339, .T. ) ;
#76 = AXIS2_PLACEMENT_3D ( 'NONE', #923, #1978, #6063 ) ;
#77 = EDGE_CURVE ( 'NONE', #2590, #4864, #4256, .T. ) ;
#78 = CARTESIAN_POINT ( 'NONE',  ( 7.012591753974000142, 4.824414692621999734, -61.32350962758999913 ) ) ;
#79 = CARTESIAN_POINT ( 'NONE',  ( 25.81314498771600086, 0.07859532218630999045, -31.31972039779999761 ) ) ;
#80 = CARTESIAN_POINT ( 'NONE',  ( 2.832337209942999756, 8.500000000000000000, -107.2379312188000000 ) ) ;
#81 = CYLINDRICAL_SURFACE ( 'NONE', #6512, 3.000000000000001332 ) ;
#82 = CARTESIAN_POINT ( 'NONE',  ( 37.58304551562100215, 1.481597114916999969, 2.785186188642999827 ) ) ;
#83 = CARTESIAN_POINT ( 'NONE',  ( -11.00000000000000000, 4.500000000000000000, -61.25000000000000000 ) ) ;
#84 = EDGE_LOOP ( 'NONE', ( #6638, #2605, #326, #827 ) ) ;
#85 = ORIENTED_EDGE ( 'NONE', *, *, #1340, .F. ) ;
#86 = CARTESIAN_POINT ( 'NONE',  ( 25.79492417117426228, 0.1500848957514416271, -31.73984559770715563 ) ) ;
#87 = LINE ( 'NONE', #16, #2107 ) ;
#88 = LINE ( 'NONE', #6273, #5564 ) ;
#89 = AXIS2_PLACEMENT_3D ( 'NONE', #5207, #2028, #594 ) ;
#90 = CARTESIAN_POINT ( 'NONE',  ( 5.664475489418995480, 7.165727948674994963, -109.2793100513000439 ) ) ;
#91 = EDGE_LOOP ( 'NONE', ( #4393, #1607, #1676, #5538 ) ) ;
#92 = LINE ( 'NONE', #6208, #2233 ) ;
#93 = ORIENTED_EDGE ( 'NONE', *, *, #13, .F. ) ;
#94 = CARTESIAN_POINT ( 'NONE',  ( 52.64631673005799684, -4.000000000000000000, 6.735379332924999574 ) ) ;
#95 = DIRECTION ( 'NONE',  ( 0.000000000000000000, 2.200000000000000003E-16, 1.000000000000000000 ) ) ;
#96 = CARTESIAN_POINT ( 'NONE',  ( 26.10759902401898103, 8.753328384935993967, -32.35013502663003493 ) ) ;
#97 = DIRECTION ( 'NONE',  ( 0.6427876096868009315, 0.000000000000000000, 0.7660444431187585224 ) ) ;
#98 = CARTESIAN_POINT ( 'NONE',  ( 35.81510823388999398, 1.313379054223998829E-05, -1.645492530688999810 ) ) ;
#99 = DIRECTION ( 'NONE',  ( 0.6427876096867997102, 0.000000000000000000, 0.7660444431187596326 ) ) ;
#100 = CARTESIAN_POINT ( 'NONE',  ( 69.62809873014100503, 0.3911118663300000020, -3.532535447613999846 ) ) ;
#101 = EDGE_CURVE ( 'NONE', #3808, #3732, #3747, .T. ) ;
#102 = EDGE_CURVE ( 'NONE', #3174, #5330, #658, .T. ) ;
#103 = CARTESIAN_POINT ( 'NONE',  ( 40.64873218076000683, 11.00000000000000000, -38.67726169336000197 ) ) ;
#104 = ORIENTED_EDGE ( 'NONE', *, *, #5357, .T. ) ;
#105 = CARTESIAN_POINT ( 'NONE',  ( 4.730732509261000196, 1.500000000000000000, -51.00542408796000160 ) ) ;
#106 = CARTESIAN_POINT ( 'NONE',  ( 37.69260015160099897, 3.000000000000000000, 3.053098811051000006 ) ) ;
#107 = ORIENTED_EDGE ( 'NONE', *, *, #5474, .T. ) ;
#108 = CARTESIAN_POINT ( 'NONE',  ( 14.99501500000000043, -4.000000000000000000, -25.90555200000000013 ) ) ;
#109 = CARTESIAN_POINT ( 'NONE',  ( 25.85439747577500214, 0.004771213734479000032, -30.47163232143999778 ) ) ;
#110 = CARTESIAN_POINT ( 'NONE',  ( 5.780911999431010528, 5.158512667780279060, -110.9450379999999683 ) ) ;
#111 = CARTESIAN_POINT ( 'NONE',  ( 52.64631673005799684, 0.5999999999999999778, 6.735379332924999574 ) ) ;
#112 =( BOUNDED_CURVE ( )  B_SPLINE_CURVE ( 2, ( #3192, #1022, #3636 ),
 .UNSPECIFIED., .F., .F. ) 
 B_SPLINE_CURVE_WITH_KNOTS ( ( 3, 3 ),
 ( 0.000000000000000000, 2.381453318124000074 ),
 .UNSPECIFIED. ) 
 CURVE ( )  GEOMETRIC_REPRESENTATION_ITEM ( )  RATIONAL_B_SPLINE_CURVE ( ( 1.000000000000000000, 0.7071067811869999886, 1.000000000000000000 ) ) 
 REPRESENTATION_ITEM ( '' )  );
#113 = ADVANCED_FACE ( 'NONE', ( #4296 ), #4362, .F. ) ;
#114 = DIRECTION ( 'NONE',  ( 1.000000000000000000, 0.000000000000000000, 0.000000000000000000 ) ) ;
#115 = CIRCLE ( 'NONE', #1736, 0.8499999999999990896 ) ;
#116 = ORIENTED_EDGE ( 'NONE', *, *, #5518, .F. ) ;
#117 = ORIENTED_EDGE ( 'NONE', *, *, #6385, .T. ) ;
#118 = CARTESIAN_POINT ( 'NONE',  ( 25.87400453931805799, 1.565522504636015499, -34.28396749624884166 ) ) ;
#119 = DIRECTION ( 'NONE',  ( 0.000000000000000000, 1.000000000000000000, 0.000000000000000000 ) ) ;
#120 = CARTESIAN_POINT ( 'NONE',  ( 25.91994543905899917, 0.0004560634621228999382, -30.28308175899999810 ) ) ;
#121 = AXIS2_PLACEMENT_3D ( 'NONE', #2890, #6415, #1781 ) ;
#122 = CARTESIAN_POINT ( 'NONE',  ( 5.332337761447999647, 6.353028269349000112, -110.0920097305999832 ) ) ;
#123 = ORIENTED_EDGE ( 'NONE', *, *, #4160, .T. ) ;
#124 = CARTESIAN_POINT ( 'NONE',  ( 35.81404049575502313, 2.661225743770002425E-06, -1.651937555944998914 ) ) ;
#125 = ORIENTED_EDGE ( 'NONE', *, *, #5880, .T. ) ;
#126 = CARTESIAN_POINT ( 'NONE',  ( 5.047243375220999972, 8.174550594543999793, -107.9275364110000055 ) ) ;
#127 = DIRECTION ( 'NONE',  ( -0.7660444431187601877, 0.000000000000000000, 0.6427876096867988220 ) ) ;
#128 = CYLINDRICAL_SURFACE ( 'NONE', #2463, 3.000000000000000000 ) ;
#129 = CARTESIAN_POINT ( 'NONE',  ( 2.832337209942999756, 0.5000000000000000000, -107.2379312188000000 ) ) ;
#130 = CARTESIAN_POINT ( 'NONE',  ( 36.27308151431398642, 0.6490226449449997270, 0.8458594083320000179 ) ) ;
#131 = CARTESIAN_POINT ( 'NONE',  ( 37.59828017118599774, 1.978671273547000675, 2.803342144143001313 ) ) ;
#132 = CARTESIAN_POINT ( 'NONE',  ( 70.21696222634099627, 1.500000000000000000, -3.439217309890000074 ) ) ;
#133 = CIRCLE ( 'NONE', #5747, 3.000000000000000444 ) ;
#134 = CARTESIAN_POINT ( 'NONE',  ( -2.667662790057000244, 5.646446609406999606, -110.0914846093999984 ) ) ;
#135 = ORIENTED_EDGE ( 'NONE', *, *, #4198, .F. ) ;
#136 = DIRECTION ( 'NONE',  ( -0.9078645223467951553, 8.999999999997964551E-17, 0.4192636510169055475 ) ) ;
#137 = CIRCLE ( 'NONE', #997, 0.7500000000000006661 ) ;
#138 = CARTESIAN_POINT ( 'NONE',  ( 35.65619157922400007, 0.000000000000000000, -38.40424458396999796 ) ) ;
#139 = ORIENTED_EDGE ( 'NONE', *, *, #1416, .F. ) ;
#140 = CARTESIAN_POINT ( 'NONE',  ( 40.64873218076000683, 1.500000000000000000, -38.67726169336000197 ) ) ;
#141 = CARTESIAN_POINT ( 'NONE',  ( 25.86800301079598796, 7.058086436200001157E-06, -30.20227963105998370 ) ) ;
#142 = CARTESIAN_POINT ( 'NONE',  ( 40.64873218076000683, 0.5999999999999999778, -38.67726169336000197 ) ) ;
#143 = DIRECTION ( 'NONE',  ( -0.7738183182906475110, 0.000000000000000000, 0.6334076177927088214 ) ) ;
#144 = EDGE_CURVE ( 'NONE', #6070, #6384, #5994, .T. ) ;
#145 = EDGE_CURVE ( 'NONE', #6249, #1667, #6121, .T. ) ;
#146 = CARTESIAN_POINT ( 'NONE',  ( 28.14406282888900179, 10.80000000000000071, -8.463755338704999076 ) ) ;
#147 = LINE ( 'NONE', #511, #4770 ) ;
#148 = EDGE_LOOP ( 'NONE', ( #4245, #4989, #3686, #3426 ) ) ;
#149 = EDGE_LOOP ( 'NONE', ( #4233, #2162, #1171, #2300 ) ) ;
#150 = PLANE ( 'NONE',  #5133 ) ;
#151 = CARTESIAN_POINT ( 'NONE',  ( 5.832337209943000644, 4.500000000000000000, -71.00000000000000000 ) ) ;
#152 = EDGE_CURVE ( 'NONE', #2687, #5777, #6641, .T. ) ;
#153 = CARTESIAN_POINT ( 'NONE',  ( 37.87177507382500607, 1.912317506910999887, 3.129280676920000115 ) ) ;
#154 = EDGE_LOOP ( 'NONE', ( #3790, #3613 ) ) ;
#155 = CARTESIAN_POINT ( 'NONE',  ( 35.81407785287002810, 6.633738876439996877E-06, -1.649178598090998316 ) ) ;
#156 = VERTEX_POINT ( 'NONE', #4551 ) ;
#157 = DIRECTION ( 'NONE',  ( 0.000000000000000000, -2.200000000000000003E-16, -1.000000000000000000 ) ) ;
#158 = CARTESIAN_POINT ( 'NONE',  ( 51.11422784382000373, 0.5999999999999999778, 8.020954552298000806 ) ) ;
#159 = VECTOR ( 'NONE', #1857, 1000.000000000000114 ) ;
#160 = DIRECTION ( 'NONE',  ( 0.6427876096867958244, 0.000000000000000000, 0.7660444431187628522 ) ) ;
#161 = CARTESIAN_POINT ( 'NONE',  ( 36.03519766427798032, 0.2800803639079997853, -0.007196293700969002768 ) ) ;
#162 = CARTESIAN_POINT ( 'NONE',  ( 37.20650288707300035, 8.047518763108000073, 2.336440158305999937 ) ) ;
#163 = CARTESIAN_POINT ( 'NONE',  ( 68.87854382653199536, 0.08449601788258000179, -3.648182165840999858 ) ) ;
#164 = TOROIDAL_SURFACE ( 'NONE', #5034, 27.00000000000000000, 3.000000000000000000 ) ;
#165 = CARTESIAN_POINT ( 'NONE',  ( 40.74284989908299792, 12.34913959675500017, -37.18521419166999920 ) ) ;
#166 = ORIENTED_EDGE ( 'NONE', *, *, #5486, .F. ) ;
#167 = CARTESIAN_POINT ( 'NONE',  ( 18.04285487668899890, 8.983677343196999843, -27.01441118932000052 ) ) ;
#168 = CARTESIAN_POINT ( 'NONE',  ( 10.55311763816800052, 6.000000000000000000, -48.44323113179999751 ) ) ;
#169 = AXIS2_PLACEMENT_3D ( 'NONE', #2179, #3097, #5167 ) ;
#170 = AXIS2_PLACEMENT_3D ( 'NONE', #2297, #735, #865 ) ;
#171 = DIRECTION ( 'NONE',  ( 0.000000000000000000, 1.000000000000000000, 0.000000000000000000 ) ) ;
#172 = VERTEX_POINT ( 'NONE', #987 ) ;
#173 = CIRCLE ( 'NONE', #6553, 6.999999999999998224 ) ;
#174 = CARTESIAN_POINT ( 'NONE',  ( 40.74273060912399558, 0.9109512847440000005, -38.46241909982999374 ) ) ;
#175 = CARTESIAN_POINT ( 'NONE',  ( 27.00882350863797043, 1.928842503399000430, -33.19357112425002043 ) ) ;
#176 = DIRECTION ( 'NONE',  ( 0.7660444431187601877, 0.000000000000000000, -0.6427876096867991551 ) ) ;
#177 = FACE_OUTER_BOUND ( 'NONE', #2741, .T. ) ;
#178 = PLANE ( 'NONE',  #644 ) ;
#179 = VECTOR ( 'NONE', #6545, 1000.000000000000000 ) ;
#180 = CARTESIAN_POINT ( 'NONE',  ( 26.89851424999099194, 0.1876701434539999880, -32.00732083815000095 ) ) ;
#181 = CARTESIAN_POINT ( 'NONE',  ( 69.00303607273001205, 12.06779004502499930, -3.989566944067999721 ) ) ;
#182 = ORIENTED_EDGE ( 'NONE', *, *, #1209, .F. ) ;
#183 = ORIENTED_EDGE ( 'NONE', *, *, #4113, .T. ) ;
#184 = EDGE_CURVE ( 'NONE', #438, #3890, #5680, .T. ) ;
#185 = DIRECTION ( 'NONE',  ( 0.000000000000000000, -0.7071067811865474617, 0.7071067811865474617 ) ) ;
#186 = ADVANCED_FACE ( 'NONE', ( #378 ), #6133, .F. ) ;
#187 = CARTESIAN_POINT ( 'NONE',  ( -11.00000000000000000, 4.500000000000000000, -71.75000000000000000 ) ) ;
#188 = FACE_OUTER_BOUND ( 'NONE', #4317, .T. ) ;
#189 = CARTESIAN_POINT ( 'NONE',  ( 27.08739667074803492, 2.062508559219998094, -33.17228287063001346 ) ) ;
#190 = ORIENTED_EDGE ( 'NONE', *, *, #685, .T. ) ;
#191 = CARTESIAN_POINT ( 'NONE',  ( 35.81415238380100874, 1.988968038668998385E-05, -1.643672583883998728 ) ) ;
#192 = EDGE_LOOP ( 'NONE', ( #3237, #6114 ) ) ;
#193 = ORIENTED_EDGE ( 'NONE', *, *, #637, .T. ) ;
#194 = LINE ( 'NONE', #1821, #3370 ) ;
#195 = CARTESIAN_POINT ( 'NONE',  ( 35.81486405658797878, 1.788664996560002275E-06, -1.652028005007999178 ) ) ;
#196 = EDGE_CURVE ( 'NONE', #3823, #602, #6294, .T. ) ;
#197 = FACE_OUTER_BOUND ( 'NONE', #4906, .T. ) ;
#198 = CARTESIAN_POINT ( 'NONE',  ( 25.58588440017400245, 12.50000000000000000, -21.46910616353000023 ) ) ;
#199 = ORIENTED_EDGE ( 'NONE', *, *, #3446, .F. ) ;
#200 = CARTESIAN_POINT ( 'NONE',  ( 21.58746067762499976, 10.70591551117800044, -28.55728860730000207 ) ) ;
#201 = DIRECTION ( 'NONE',  ( 0.7738183182906459567, 0.000000000000000000, -0.6334076177927103757 ) ) ;
#202 = DIRECTION ( 'NONE',  ( -0.6427876096867989331, 0.000000000000000000, -0.7660444431187601877 ) ) ;
#203 = EDGE_LOOP ( 'NONE', ( #5230, #4154, #1949, #2016 ) ) ;
#204 = CARTESIAN_POINT ( 'NONE',  ( 40.33069229078000006, 0.1057423613240000004, -36.72270113454000295 ) ) ;
#205 = CARTESIAN_POINT ( 'NONE',  ( 26.41467602654501690, 0.6003828604689998016, -32.38484671880998889 ) ) ;
#206 = DIRECTION ( 'NONE',  ( 0.6427876096867997102, 0.000000000000000000, 0.7660444431187596326 ) ) ;
#207 = DIRECTION ( 'NONE',  ( 0.000000000000000000, 1.000000000000000000, 0.000000000000000000 ) ) ;
#208 = CARTESIAN_POINT ( 'NONE',  ( 70.04532869745399637, 1.500000000000000000, 2.579133122891999808 ) ) ;
#209 = CARTESIAN_POINT ( 'NONE',  ( 28.21536110237398987, 1.195728383916998760, -34.08287191586999398 ) ) ;
#210 = CARTESIAN_POINT ( 'NONE',  ( 68.10371414713200977, 11.90000000000000036, -3.624102560038000131 ) ) ;
#211 = ORIENTED_EDGE ( 'NONE', *, *, #5931, .F. ) ;
#212 = EDGE_LOOP ( 'NONE', ( #1704, #3676, #3465, #166 ) ) ;
#213 = LINE ( 'NONE', #4826, #592 ) ;
#214 = CARTESIAN_POINT ( 'NONE',  ( 70.21696222634099627, 11.00000000000000000, -3.439217309890000074 ) ) ;
#215 = DIRECTION ( 'NONE',  ( 0.000000000000000000, 1.000000000000000000, 0.000000000000000000 ) ) ;
#216 = EDGE_CURVE ( 'NONE', #6525, #3639, #609, .T. ) ;
#217 = CARTESIAN_POINT ( 'NONE',  ( 7.006237315617010353, 4.127897625389025826, -61.34543160551999819 ) ) ;
#218 = ORIENTED_EDGE ( 'NONE', *, *, #4121, .T. ) ;
#219 = ORIENTED_EDGE ( 'NONE', *, *, #4198, .T. ) ;
#220 = CIRCLE ( 'NONE', #5410, 1.500000000000000222 ) ;
#221 = DIRECTION ( 'NONE',  ( 0.000000000000000000, -1.000000000000000000, 0.000000000000000000 ) ) ;
#222 = VERTEX_POINT ( 'NONE', #3430 ) ;
#223 = DIRECTION ( 'NONE',  ( 0.000000000000000000, 0.000000000000000000, -1.000000000000000000 ) ) ;
#224 = ADVANCED_FACE ( 'NONE', ( #855 ), #2919, .T. ) ;
#225 = EDGE_CURVE ( 'NONE', #2687, #3337, #4836, .T. ) ;
#226 = CARTESIAN_POINT ( 'NONE',  ( 37.26759906632102570, 1.674395558309999643, 2.442745495341998030 ) ) ;
#227 = CARTESIAN_POINT ( 'NONE',  ( 18.98376455325700007, 1.500000000000000000, -27.40255919615000124 ) ) ;
#228 = DIRECTION ( 'NONE',  ( 0.6427876096867974898, 0.000000000000000000, 0.7660444431187614089 ) ) ;
#229 = CARTESIAN_POINT ( 'NONE',  ( 35.81406384562099987, 4.945853985029999998E-06, -1.650213204132000122 ) ) ;
#230 = ORIENTED_EDGE ( 'NONE', *, *, #5794, .F. ) ;
#231 = CARTESIAN_POINT ( 'NONE',  ( 22.49947188305500134, 10.80000000000000071, -29.32255687341000083 ) ) ;
#232 = ADVANCED_FACE ( 'NONE', ( #1397 ), #3459, .T. ) ;
#233 = CARTESIAN_POINT ( 'NONE',  ( 11.94530745890200052, -5.999999999999999677E-15, -28.88052048012000128 ) ) ;
#234 = CARTESIAN_POINT ( 'NONE',  ( 19.48154756883599958, 1.500000000000000000, -33.68652751859999483 ) ) ;
#235 = AXIS2_PLACEMENT_3D ( 'NONE', #3288, #207, #4952 ) ;
#236 = CARTESIAN_POINT ( 'NONE',  ( 40.96550206280900142, 0.5185745849330000157, -37.79802260277000414 ) ) ;
#237 = CARTESIAN_POINT ( 'NONE',  ( 26.98366241412500699, 1.884784430318999338, -33.19705434440998459 ) ) ;
#238 = DIRECTION ( 'NONE',  ( -4.032068369548324164E-18, -1.000000000000000000, 2.233004424428395026E-16 ) ) ;
#239 = CARTESIAN_POINT ( 'NONE',  ( 3.268137160922000906, -1.531999999999999808E-14, -107.4450379999999541 ) ) ;
#240 = VECTOR ( 'NONE', #5009, 1000.000000000000000 ) ;
#241 = DIRECTION ( 'NONE',  ( -0.7660444431187630743, 0.000000000000000000, 0.6427876096867953803 ) ) ;
#242 = CARTESIAN_POINT ( 'NONE',  ( 25.88235838780501652, 3.124260676435000340E-05, -30.21605950488998005 ) ) ;
#243 = CARTESIAN_POINT ( 'NONE',  ( 69.40608726594099664, 11.98142541506799930, -3.903853011465999945 ) ) ;
#244 = ORIENTED_EDGE ( 'NONE', *, *, #5436, .F. ) ;
#245 = AXIS2_PLACEMENT_3D ( 'NONE', #3885, #290, #5802 ) ;
#246 = ORIENTED_EDGE ( 'NONE', *, *, #6141, .T. ) ;
#247 = CARTESIAN_POINT ( 'NONE',  ( 67.02952762043200607, 9.500000000000000000, 0.5407651816620000496 ) ) ;
#248 = CARTESIAN_POINT ( 'NONE',  ( -2.667662790057000244, 2.646446609407000050, -110.0914846093999984 ) ) ;
#249 = B_SPLINE_CURVE_WITH_KNOTS ( 'NONE', 8,
 ( #5143, #1552, #1519, #3584, #3649, #3176, #2124, #5244, #1007 ),
 .UNSPECIFIED., .F., .F.,
 ( 9, 9 ),
 ( 0.000000000000000000, 1.000000000000000000 ),
 .UNSPECIFIED. ) ;
#250 = CARTESIAN_POINT ( 'NONE',  ( 35.80272395166500132, 1.695022509000000201E-07, -1.653880604817999922 ) ) ;
#251 = CARTESIAN_POINT ( 'NONE',  ( 6.963025650352999918, 3.943013795006999889, -61.49687699594999657 ) ) ;
#252 = ORIENTED_EDGE ( 'NONE', *, *, #2003, .F. ) ;
#253 = ORIENTED_EDGE ( 'NONE', *, *, #5394, .F. ) ;
#254 = CARTESIAN_POINT ( 'NONE',  ( 35.21154094094779907, 9.500000000000000000, -37.37843475271814953 ) ) ;
#255 = DIRECTION ( 'NONE',  ( 1.000000000000000000, 0.000000000000000000, 0.000000000000000000 ) ) ;
#256 = CARTESIAN_POINT ( 'NONE',  ( 35.81608727411000359, 1.012563654523000078E-05, -1.645599997845999862 ) ) ;
#257 = FACE_OUTER_BOUND ( 'NONE', #5957, .T. ) ;
#258 = CYLINDRICAL_SURFACE ( 'NONE', #4180, 1.500000000000000000 ) ;
#259 = CARTESIAN_POINT ( 'NONE',  ( 35.79681855938400048, 2.521890698499999925E-07, -1.653232057326999849 ) ) ;
#260 = EDGE_CURVE ( 'NONE', #5028, #3262, #283, .T. ) ;
#261 = ORIENTED_EDGE ( 'NONE', *, *, #3368, .T. ) ;
#262 = AXIS2_PLACEMENT_3D ( 'NONE', #4283, #5413, #6306 ) ;
#263 = CARTESIAN_POINT ( 'NONE',  ( 22.04345796655399781, 10.76077541564799844, -28.93991576426000023 ) ) ;
#264 = CARTESIAN_POINT ( 'NONE',  ( 45.69734128048799704, 1.790000000000000293E-15, 8.051238592469999844 ) ) ;
#265 = DIRECTION ( 'NONE',  ( 0.000000000000000000, 0.000000000000000000, -1.000000000000000000 ) ) ;
#266 = CARTESIAN_POINT ( 'NONE',  ( 25.82942294844253794, 0.03278529811692794393, -30.97025984830689183 ) ) ;
#267 = CARTESIAN_POINT ( 'NONE',  ( 40.64873218076000683, 1.500000000000000000, -38.67726169336000197 ) ) ;
#268 = CARTESIAN_POINT ( 'NONE',  ( 25.86530898586499916, 0.0002475562848031999711, -30.25552379586999763 ) ) ;
#269 = CARTESIAN_POINT ( 'NONE',  ( -3.167662790056999800, 4.500000000000000000, -71.00000000000000000 ) ) ;
#270 = AXIS2_PLACEMENT_3D ( 'NONE', #280, #5927, #1297 ) ;
#271 = AXIS2_PLACEMENT_3D ( 'NONE', #1560, #3627, #2604 ) ;
#272 = DIRECTION ( 'NONE',  ( 0.000000000000000000, 0.7071067811865475727, 0.7071067811865475727 ) ) ;
#273 = CARTESIAN_POINT ( 'NONE',  ( 28.51527792428900199, 9.500000000000000000, -29.80149199118000070 ) ) ;
#274 = CARTESIAN_POINT ( 'NONE',  ( 25.88663337724500835, 5.434661580117001637E-05, -30.22368253686001083 ) ) ;
#275 = DIRECTION ( 'NONE',  ( -0.7660444431187609649, 0.000000000000000000, 0.6427876096867979339 ) ) ;
#276 = EDGE_CURVE ( 'NONE', #4134, #759, #2742, .T. ) ;
#277 = ORIENTED_EDGE ( 'NONE', *, *, #4284, .T. ) ;
#278 = AXIS2_PLACEMENT_3D ( 'NONE', #520, #4732, #55 ) ;
#279 = ORIENTED_EDGE ( 'NONE', *, *, #669, .F. ) ;
#280 = CARTESIAN_POINT ( 'NONE',  ( 17.16009261396400021, -7.059999999999999547E-15, -31.78630466522000475 ) ) ;
#281 = DIRECTION ( 'NONE',  ( 0.9055964464100790812, 0.000000000000000000, -0.4241403968610356623 ) ) ;
#282 = DIRECTION ( 'NONE',  ( -5.294566031639740353E-29, 1.000000000000000000, -2.199999999999150006E-16 ) ) ;
#283 = CIRCLE ( 'NONE', #1041, 0.7500000000000006661 ) ;
#284 = FACE_OUTER_BOUND ( 'NONE', #6157, .T. ) ;
#285 = CARTESIAN_POINT ( 'NONE',  ( 6.840323522497000042, 3.747864879744999822, -61.94384131334000188 ) ) ;
#286 = ORIENTED_EDGE ( 'NONE', *, *, #3952, .F. ) ;
#287 =( BOUNDED_SURFACE ( )  B_SPLINE_SURFACE ( 2, 10, ( 
 ( #5389, #747, #4887, #2849, #3261, #1327, #3391, #5454, #817, #4821, #2377, #6341, #3765, #680, #6573, #6538, #3425, #5589, #6506, #3020, #5519, #2507, #4987, #408, #372, #983, #4002, #338, #3052 ),
 ( #1871, #6058, #2005, #1427, #1359, #4576, #6637, #5118, #3936, #2477, #437, #4071, #1459, #6129, #4512, #4546, #5484, #850, #5620, #1940, #467, #3972, #6025, #5087, #2406, #883, #1497, #2987, #6606 ),
 ( #2947, #3559, #5551, #2914, #4443, #4475, #3490, #3527, #1973, #950, #1905, #1391, #916, #4039, #5017, #5057, #5988, #3454, #2444, #6093, #1015, #2539, #3593, #3082, #6670, #2037, #5154, #4611, #6160 ) ),
 .UNSPECIFIED., .F., .F., .T. ) 
 B_SPLINE_SURFACE_WITH_KNOTS ( ( 3, 3 ),
 ( 11, 9, 9, 11 ),
 ( 0.000000000000000000, 16.21322204524600252 ),
 ( 9.540674547241000170, 15.48725807351099881, 21.43384159977999914, 25.75389659248699914 ),
 .UNSPECIFIED. ) 
 GEOMETRIC_REPRESENTATION_ITEM ( )  RATIONAL_B_SPLINE_SURFACE ( (
 ( 1.000000000000000000, 1.000000000000000000, 1.000000000000000000, 1.000000000000000000, 1.000000000001000089, 0.9999999999990000221, 1.000000000000000000, 1.000000000000000000, 1.000000000000000000, 1.000000000000000000, 1.000000000000000000, 1.000000000000000000, 1.000000000000000000, 0.9999999999990000221, 1.000000000001000089, 1.000000000000000000, 1.000000000000000000, 1.000000000000000000, 1.000000000000000000, 1.000000000000000000, 1.000000000000000000, 1.000000000000000000, 1.000000000000000000, 1.000000000000000000, 1.000000000000000000, 1.000000000000000000, 1.000000000000000000, 1.000000000000000000, 1.000000000000000000),
 ( 0.9876617738020000425, 0.9876617738020000425, 0.9869638365910000655, 0.9857221256470000137, 0.9823102642040000276, 0.9786914594139999313, 0.9734404958810000119, 0.9674790280899999706, 0.9604437924479999333, 0.9525096399189999508, 0.9348791982299999859, 0.9251856558930000585, 0.9146609511440000340, 0.9033537798380000261, 0.8913198269150000019, 0.8786200396789999312, 0.8653168047579999911, 0.8514731113810000140, 0.8371597836930000369, 0.8118083382769999412, 0.8007993819620000675, 0.7896829056250000978, 0.7784512255719999718, 0.7670540199780000457, 0.7554701482710000082, 0.7437014827399999195, 0.7317379006010000797, 0.7195425847149999887, 0.7071067811869999886),
 ( 1.000000000000000000, 1.000000000000000000, 1.000000000000000000, 1.000000000000000000, 1.000000000001000089, 0.9999999999990000221, 1.000000000000000000, 1.000000000000000000, 1.000000000000000000, 1.000000000000000000, 1.000000000000000000, 1.000000000000000000, 1.000000000000000000, 0.9999999999990000221, 1.000000000001000089, 1.000000000000000000, 1.000000000000000000, 1.000000000000000000, 1.000000000000000000, 1.000000000000000000, 1.000000000000000000, 1.000000000000000000, 1.000000000000000000, 1.000000000000000000, 1.000000000000000000, 1.000000000000000000, 1.000000000000000000, 1.000000000000000000, 1.000000000000000000) ) ) 
 REPRESENTATION_ITEM ( '' )  SURFACE ( )  );
#288 = ORIENTED_EDGE ( 'NONE', *, *, #6519, .F. ) ;
#289 = CARTESIAN_POINT ( 'NONE',  ( 58.40490177471279765, 9.500000000000000000, 5.819574613848859990 ) ) ;
#290 = DIRECTION ( 'NONE',  ( 0.000000000000000000, 1.000000000000000000, 0.000000000000000000 ) ) ;
#291 = CARTESIAN_POINT ( 'NONE',  ( 35.81582974779601614, 7.780729438970004506E-06, -1.646953276948998957 ) ) ;
#292 = CARTESIAN_POINT ( 'NONE',  ( 37.75269439494999801, 1.703989640205000100, 2.987365850061999950 ) ) ;
#293 = CARTESIAN_POINT ( 'NONE',  ( 47.54377101635200376, 1.500000000000000000, 12.32233084869299944 ) ) ;
#294 = CARTESIAN_POINT ( 'NONE',  ( 35.81412919125899919, 1.506508888660000225E-05, -1.645385060770000019 ) ) ;
#295 = ORIENTED_EDGE ( 'NONE', *, *, #6141, .F. ) ;
#296 = CARTESIAN_POINT ( 'NONE',  ( 20.12336569947400022, -5.999999999999999677E-15, -28.39971159538000123 ) ) ;
#297 = TOROIDAL_SURFACE ( 'NONE', #2359, 27.00000000000000000, 3.000000000000000000 ) ;
#298 = ADVANCED_FACE ( 'NONE', ( #2071 ), #3692, .T. ) ;
#299 = CARTESIAN_POINT ( 'NONE',  ( -3.167662790056999800, 3.000000000000000000, -109.7379312188000000 ) ) ;
#300 = EDGE_CURVE ( 'NONE', #5944, #3580, #6674, .T. ) ;
#301 = CARTESIAN_POINT ( 'NONE',  ( 70.04532869745399637, 1.500000000000000000, 2.579133122891999808 ) ) ;
#302 = CARTESIAN_POINT ( 'NONE',  ( 41.01149974629600337, 0.6024507154379999951, -37.33365461144000363 ) ) ;
#303 = CARTESIAN_POINT ( 'NONE',  ( 26.11165060616501066, 0.1178925064049999444, -31.22595268347000896 ) ) ;
#304 = CARTESIAN_POINT ( 'NONE',  ( 70.53835603118399433, 11.00000000000000000, -3.056195088329999976 ) ) ;
#305 = CARTESIAN_POINT ( 'NONE',  ( 3.721211210568998951, 0.07045528048160999701, -107.5154932804000083 ) ) ;
#306 = DIRECTION ( 'NONE',  ( -0.7660369567204458052, 1.445602896647338917E-16, 0.6427965315233724608 ) ) ;
#307 = EDGE_CURVE ( 'NONE', #46, #3475, #1150, .T. ) ;
#308 = CARTESIAN_POINT ( 'NONE',  ( 25.87470686913500018, 6.555466982800002330E-06, -30.20241549051001329 ) ) ;
#309 = CARTESIAN_POINT ( 'NONE',  ( 70.21696222634099627, 11.00000000000000000, -3.439217309890000074 ) ) ;
#310 = AXIS2_PLACEMENT_3D ( 'NONE', #2715, #676, #3728 ) ;
#311 = VERTEX_POINT ( 'NONE', #5658 ) ;
#312 = ORIENTED_EDGE ( 'NONE', *, *, #4982, .F. ) ;
#313 = CARTESIAN_POINT ( 'NONE',  ( -2.476000749504000176, 7.478185077975999739, -108.9668529219999868 ) ) ;
#314 = LINE ( 'NONE', #4042, #2109 ) ;
#315 = CARTESIAN_POINT ( 'NONE',  ( -2.475824007380345027, 1.521485817100090010, -108.9665238170790076 ) ) ;
#316 = ADVANCED_FACE ( 'NONE', ( #5225 ), #6264, .F. ) ;
#317 = CARTESIAN_POINT ( 'NONE',  ( 35.81730046868700157, 2.500204627664999807E-05, -1.639224578584999925 ) ) ;
#318 = CARTESIAN_POINT ( 'NONE',  ( 28.52564139517100017, 2.087257240313999951, -34.37911348843999804 ) ) ;
#319 = ORIENTED_EDGE ( 'NONE', *, *, #4834, .T. ) ;
#320 = VERTEX_POINT ( 'NONE', #2102 ) ;
#321 = CYLINDRICAL_SURFACE ( 'NONE', #4704, 0.7500000000000006661 ) ;
#322 = CARTESIAN_POINT ( 'NONE',  ( 35.81704517992100989, 2.127914612514998882E-05, -1.640566138350000314 ) ) ;
#323 = CARTESIAN_POINT ( 'NONE',  ( 37.91332506392300417, 2.660276933147001088, 3.178798026891000550 ) ) ;
#324 = CARTESIAN_POINT ( 'NONE',  ( 59.36908318924299977, 12.50000000000000000, 6.968641278527000438 ) ) ;
#325 = AXIS2_PLACEMENT_3D ( 'NONE', #2264, #5281, #4260 ) ;
#326 = ORIENTED_EDGE ( 'NONE', *, *, #2131, .T. ) ;
#327 = CARTESIAN_POINT ( 'NONE',  ( 35.81406151077300137, 4.683413871390000168E-06, -1.650385638903999919 ) ) ;
#328 = ORIENTED_EDGE ( 'NONE', *, *, #5684, .T. ) ;
#329 = LINE ( 'NONE', #970, #4812 ) ;
#330 = CARTESIAN_POINT ( 'NONE',  ( 13.30370212851699918, 7.500000000000000000, -29.51673107541000363 ) ) ;
#331 = CIRCLE ( 'NONE', #979, 1.499999999999999556 ) ;
#332 = CARTESIAN_POINT ( 'NONE',  ( -1.739065120221000127, 0.5865012556640000208, -108.0315392555999949 ) ) ;
#333 = CARTESIAN_POINT ( 'NONE',  ( 25.81623007508550316, 0.06957244748572029291, -31.25311194717094665 ) ) ;
#334 = CARTESIAN_POINT ( 'NONE',  ( 40.91532518377099592, 1.063079855647000027, -38.27823308943000313 ) ) ;
#335 = CARTESIAN_POINT ( 'NONE',  ( -3.167662790056999800, 5.292893218813000011, -110.4450379999999967 ) ) ;
#336 = CYLINDRICAL_SURFACE ( 'NONE', #3681, 1.000000000000002665 ) ;
#337 = CARTESIAN_POINT ( 'NONE',  ( 26.09550119304800830, 0.008920258366118006058, -30.59592908523000432 ) ) ;
#338 = CARTESIAN_POINT ( 'NONE',  ( 27.16936577264500130, 9.000000000000000000, -6.923548361802999374 ) ) ;
#339 = ORIENTED_EDGE ( 'NONE', *, *, #4653, .F. ) ;
#340 = ORIENTED_EDGE ( 'NONE', *, *, #4121, .F. ) ;
#341 = CARTESIAN_POINT ( 'NONE',  ( 6.762260773609000353, -1.131999999999999935E-14, -51.59350684617000127 ) ) ;
#342 = AXIS2_PLACEMENT_3D ( 'NONE', #2245, #5787, #2173 ) ;
#343 = DIRECTION ( 'NONE',  ( -1.100000000000000002E-16, -1.000000000000000000, 8.999999999999999565E-17 ) ) ;
#344 = CARTESIAN_POINT ( 'NONE',  ( -3.116237579544822278, 5.158512667780920324, -110.9450379999999114 ) ) ;
#345 = ADVANCED_FACE ( 'NONE', ( #1054 ), #1911, .F. ) ;
#346 = CARTESIAN_POINT ( 'NONE',  ( -0.1676627900569999940, -1.332000000000000029E-14, -58.05141188318999923 ) ) ;
#347 = ADVANCED_FACE ( 'NONE', ( #2041 ), #5786, .F. ) ;
#348 = CARTESIAN_POINT ( 'NONE',  ( 35.96322332933799970, 0.04260549328963000176, -0.8858986079000000791 ) ) ;
#349 = VECTOR ( 'NONE', #4062, 1000.000000000000114 ) ;
#350 = DIRECTION ( 'NONE',  ( 0.000000000000000000, -0.7071067811865497932, -0.7071067811865454633 ) ) ;
#351 = ORIENTED_EDGE ( 'NONE', *, *, #3165, .T. ) ;
#353 = EDGE_LOOP ( 'NONE', ( #5729, #2349, #4280, #468 ) ) ;
#352 = EDGE_CURVE ( 'NONE', #2150, #2321, #2683, .T. ) ;
#354 = CARTESIAN_POINT ( 'NONE',  ( 26.17133752011599768, 0.01593103929235999833, -30.73087399941000086 ) ) ;
#355 = PERSON_AND_ORGANIZATION_ROLE ( 'creator' ) ;
#356 = B_SPLINE_CURVE_WITH_KNOTS ( 'NONE', 7,
 ( #1723, #2773, #6254, #1621, #2702, #5282, #1147, #3715 ),
 .UNSPECIFIED., .F., .F.,
 ( 8, 8 ),
 ( 0.000000000000000000, 1.000000000000000000 ),
 .UNSPECIFIED. ) ;
#357 = CARTESIAN_POINT ( 'NONE',  ( 26.00400697275203044, 0.03641266838946001505, -30.77292544544999942 ) ) ;
#358 = CARTESIAN_POINT ( 'NONE',  ( 22.72750926798499904, 10.80000000000000071, -29.51390295899999927 ) ) ;
#359 = ORIENTED_EDGE ( 'NONE', *, *, #1507, .T. ) ;
#360 = CARTESIAN_POINT ( 'NONE',  ( 37.15503923575099776, 2.061865814116000450, 2.540262667944000352 ) ) ;
#361 = ORIENTED_EDGE ( 'NONE', *, *, #1759, .F. ) ;
#362 = CARTESIAN_POINT ( 'NONE',  ( 4.955616626776659928, 7.822714444859909300, -108.6223235551310040 ) ) ;
#363 = DIRECTION ( 'NONE',  ( 0.6334076177927098206, 1.699999999999219288E-16, 0.7738183182906467339 ) ) ;
#364 = CARTESIAN_POINT ( 'NONE',  ( 35.81438620541001683, 1.714879940050000734E-06, -1.652636516246998255 ) ) ;
#365 = CARTESIAN_POINT ( 'NONE',  ( 4.827714977881999658, 1.500000000000000000, -50.00998780169000213 ) ) ;
#366 = FACE_OUTER_BOUND ( 'NONE', #5441, .T. ) ;
#367 = CARTESIAN_POINT ( 'NONE',  ( 40.46384693061100535, 0.4653603196309999968, -36.56401361414999940 ) ) ;
#368 = CARTESIAN_POINT ( 'NONE',  ( 12.82631710353700072, -1.074000000000000018E-14, -48.37030025313000436 ) ) ;
#369 = AXIS2_PLACEMENT_3D ( 'NONE', #2743, #1660, #3320 ) ;
#370 = CARTESIAN_POINT ( 'NONE',  ( 20.68775344203898925, 9.324900602290000506, -27.79470544440999902 ) ) ;
#371 = CARTESIAN_POINT ( 'NONE',  ( 26.11714448925098253, 0.01073608265509999778, -30.63445661306001000 ) ) ;
#372 = CARTESIAN_POINT ( 'NONE',  ( 28.38194616130699899, 8.972612010366001201, -5.774069345287999866 ) ) ;
#373 = ORIENTED_EDGE ( 'NONE', *, *, #4899, .T. ) ;
#374 = AXIS2_PLACEMENT_3D ( 'NONE', #227, #2931, #5003 ) ;
#375 = ORIENTED_EDGE ( 'NONE', *, *, #6432, .T. ) ;
#376 = CIRCLE ( 'NONE', #1245, 0.7500000000000006661 ) ;
#377 = CARTESIAN_POINT ( 'NONE',  ( -2.924888241659999721, 7.380167319846999696, -108.5880377619999990 ) ) ;
#378 = FACE_OUTER_BOUND ( 'NONE', #1516, .T. ) ;
#379 = CARTESIAN_POINT ( 'NONE',  ( -0.1676627900569999940, 0.1464466094069999946, -107.5914846093999842 ) ) ;
#380 = CARTESIAN_POINT ( 'NONE',  ( 35.90411365423400269, 0.01363801027858000010, -1.184700796785000065 ) ) ;
#381 = AXIS2_PLACEMENT_3D ( 'NONE', #3618, #4098, #2979 ) ;
#382 = CARTESIAN_POINT ( 'NONE',  ( 67.99370903496219398, 12.50000000000000000, 1.689831846340140054 ) ) ;
#383 = ORIENTED_EDGE ( 'NONE', *, *, #144, .T. ) ;
#384 = EDGE_CURVE ( 'NONE', #6139, #5164, #1692, .T. ) ;
#385 = EDGE_CURVE ( 'NONE', #1282, #5823, #4010, .T. ) ;
#386 = EDGE_LOOP ( 'NONE', ( #4369, #5302, #5834, #768 ) ) ;
#387 = CARTESIAN_POINT ( 'NONE',  ( 27.74368254513399989, 0.6673996596790000568, -33.39984133556999524 ) ) ;
#388 = VECTOR ( 'NONE', #4021, 1000.000000000000000 ) ;
#389 = DATE_AND_TIME ( #2390, #2287 ) ;
#390 = CARTESIAN_POINT ( 'NONE',  ( 25.90726777634002076, 0.002958904209849999405, -30.35822347907998875 ) ) ;
#391 = CARTESIAN_POINT ( 'NONE',  ( 36.61511335300502168, 0.6972390407130005796, 1.282489380162999071 ) ) ;
#392 = AXIS2_PLACEMENT_3D ( 'NONE', #1202, #4223, #6281 ) ;
#393 = CARTESIAN_POINT ( 'NONE',  ( 40.46384693061100535, 0.5999999999999999778, -36.56401361414999940 ) ) ;
#394 = ORIENTED_EDGE ( 'NONE', *, *, #5935, .F. ) ;
#395 = CARTESIAN_POINT ( 'NONE',  ( 36.43743440192800165, 1.299785347390999934, 1.657179643726000018 ) ) ;
#396 = ORIENTED_EDGE ( 'NONE', *, *, #4618, .T. ) ;
#397 = CARTESIAN_POINT ( 'NONE',  ( 4.705244709009430260, 8.139383033224461883, -108.3056549667125950 ) ) ;
#398 = FACE_OUTER_BOUND ( 'NONE', #212, .T. ) ;
#399 = EDGE_CURVE ( 'NONE', #579, #6574, #5292, .T. ) ;
#400 = ADVANCED_FACE ( 'NONE', ( #4107 ), #6165, .F. ) ;
#401 = CARTESIAN_POINT ( 'NONE',  ( 35.81422653005701306, 4.014627412685000182E-05, -1.638202224033998622 ) ) ;
#402 = CARTESIAN_POINT ( 'NONE',  ( 29.59486494110799981, 8.903210349266000634, -4.625053663423999595 ) ) ;
#403 = CARTESIAN_POINT ( 'NONE',  ( 41.06190266176800208, 11.44999999999999929, -37.57640223883999653 ) ) ;
#404 = CARTESIAN_POINT ( 'NONE',  ( 40.97673661261200095, 1.275000000000000133, -38.18354160448000556 ) ) ;
#405 = CARTESIAN_POINT ( 'NONE',  ( 35.83233720994299887, 3.000000000000000000, -69.65551667206999298 ) ) ;
#406 = DIRECTION ( 'NONE',  ( 6.958190271454439941E-18, -1.000000000000000000, 2.088561516315269892E-16 ) ) ;
#407 = LINE ( 'NONE', #3051, #4716 ) ;
#408 = CARTESIAN_POINT ( 'NONE',  ( 28.78639080593699973, 8.954248112340000176, -5.390848934257999936 ) ) ;
#409 = CARTESIAN_POINT ( 'NONE',  ( -3.167662790056999800, 4.500000000000000000, -71.00000000000000000 ) ) ;
#410 = DIRECTION ( 'NONE',  ( -1.000000000000000000, 0.000000000000000000, 0.000000000000000000 ) ) ;
#411 = DIRECTION ( 'NONE',  ( 0.4241403968610359954, 2.000000000000174740E-16, 0.9055964464100789701 ) ) ;
#412 = CARTESIAN_POINT ( 'NONE',  ( 69.63845337762300858, 11.90000000000000036, -4.128657308696999095 ) ) ;
#413 = CARTESIAN_POINT ( 'NONE',  ( 35.81755576053700452, 2.904414846516000138E-05, -1.637883017767000071 ) ) ;
#414 = CARTESIAN_POINT ( 'NONE',  ( 2.832337209942999756, 9.000000000000000000, -69.65551667206999298 ) ) ;
#415 = VERTEX_POINT ( 'NONE', #5159 ) ;
#416 = ORIENTED_EDGE ( 'NONE', *, *, #3451, .T. ) ;
#417 = CARTESIAN_POINT ( 'NONE',  ( 27.98136029753699816, 0.9014231294479999601, -33.76153496447999913 ) ) ;
#418 = APPROVAL_DATE_TIME ( #4968, #6107 ) ;
#419 = CARTESIAN_POINT ( 'NONE',  ( 26.04292333106300816, 0.06004011847932998885, -30.93818882096999445 ) ) ;
#420 = CARTESIAN_POINT ( 'NONE',  ( 37.49588740015600763, 1.425967992357999758, 2.679027549568001820 ) ) ;
#421 = DIRECTION ( 'NONE',  ( 0.000000000000000000, 0.000000000000000000, -1.000000000000000000 ) ) ;
#422 = VERTEX_POINT ( 'NONE', #4142 ) ;
#423 = CARTESIAN_POINT ( 'NONE',  ( 19.09688979853999768, 8.943067439306000566, -28.04623370376999958 ) ) ;
#424 = ORIENTED_EDGE ( 'NONE', *, *, #3404, .T. ) ;
#425 = CARTESIAN_POINT ( 'NONE',  ( 39.17827171123799701, 1.500000000000000000, -38.09610250039000334 ) ) ;
#426 = CIRCLE ( 'NONE', #6595, 29.99999999999999645 ) ;
#427 = ADVANCED_FACE ( 'NONE', ( #5187 ), #6196, .T. ) ;
#428 = DIRECTION ( 'NONE',  ( -0.7738183182906475110, 0.000000000000000000, 0.6334076177927088214 ) ) ;
#429 = EDGE_CURVE ( 'NONE', #759, #6277, #5693, .T. ) ;
#430 = CARTESIAN_POINT ( 'NONE',  ( 37.13120682084700519, 2.040013028650999427, 2.516878537502997837 ) ) ;
#431 = CARTESIAN_POINT ( 'NONE',  ( 68.95676148174099751, 0.6024507154379999951, -4.029788542242999760 ) ) ;
#432 = EDGE_CURVE ( 'NONE', #1265, #4453, #3534, .T. ) ;
#433 = DIRECTION ( 'NONE',  ( -4.267970161406379674E-17, -1.000000000000000000, 2.558125218831420296E-16 ) ) ;
#434 = VERTEX_POINT ( 'NONE', #5722 ) ;
#435 = CARTESIAN_POINT ( 'NONE',  ( 68.10371414713200977, 11.90000000000000036, -3.624102560038000131 ) ) ;
#436 = CYLINDRICAL_SURFACE ( 'NONE', #4064, 3.000000000000000000 ) ;
#437 = CARTESIAN_POINT ( 'NONE',  ( 35.77320333291998367, 8.369820859217997011, 0.6283002653800003889 ) ) ;
#438 = VERTEX_POINT ( 'NONE', #1086 ) ;
#439 = DIRECTION ( 'NONE',  ( 0.000000000000000000, 1.000000000000000000, 0.000000000000000000 ) ) ;
#440 = CYLINDRICAL_SURFACE ( 'NONE', #6214, 0.7500000000000006661 ) ;
#441 = CARTESIAN_POINT ( 'NONE',  ( -2.602613288545999826, 7.114470243287000173, -109.3305677567000060 ) ) ;
#442 = LINE ( 'NONE', #5160, #1078 ) ;
#443 = VECTOR ( 'NONE', #1683, 1000.000000000000000 ) ;
#444 = CARTESIAN_POINT ( 'NONE',  ( 35.81704517992100278, 2.127914612514999898E-05, -1.640566138350000092 ) ) ;
#445 = CARTESIAN_POINT ( 'NONE',  ( 6.727124953904999316, 3.848152697379999765, -62.38275097486000220 ) ) ;
#446 = EDGE_LOOP ( 'NONE', ( #1616, #5520, #1983, #4587 ) ) ;
#447 = TOROIDAL_SURFACE ( 'NONE', #4238, 4.500000000000000000, 1.500000000000000000 ) ;
#448 = ORIENTED_EDGE ( 'NONE', *, *, #4777, .T. ) ;
#449 = CARTESIAN_POINT ( 'NONE',  ( 27.21616862141199888, 0.3265031930339999944, -32.54543589970000284 ) ) ;
#450 = APPLICATION_PROTOCOL_DEFINITION ( 'international standard', 'config_control_design', 1994, #5743 ) ;
#451 = AXIS2_PLACEMENT_3D ( 'NONE', #804, #3821, #1249 ) ;
#452 = CARTESIAN_POINT ( 'NONE',  ( 25.87855653621900842, 0.0001931490181166001696, -30.23455181840997952 ) ) ;
#453 = CARTESIAN_POINT ( 'NONE',  ( 2.319995106579999966, -1.100000000000000046E-14, -46.73129330573999596 ) ) ;
#454 = CARTESIAN_POINT ( 'NONE',  ( 5.589562661546000122, 1.619832680151999993, -108.5880377619999990 ) ) ;
#455 = VERTEX_POINT ( 'NONE', #641 ) ;
#456 = CARTESIAN_POINT ( 'NONE',  ( 36.59565194421900003, 1.489666240995000113, 1.893977176144000074 ) ) ;
#457 = ORIENTED_EDGE ( 'NONE', *, *, #632, .T. ) ;
#458 = CARTESIAN_POINT ( 'NONE',  ( 26.04546980513999799, 6.000000000000000000, -34.64770817618000365 ) ) ;
#459 = FACE_OUTER_BOUND ( 'NONE', #720, .T. ) ;
#460 = CARTESIAN_POINT ( 'NONE',  ( 35.81708428640401820, 9.893553685200004007E-07, -1.653879654028999280 ) ) ;
#461 = CARTESIAN_POINT ( 'NONE',  ( 36.77057665313299850, 7.243395176980000016, 2.175856988015000049 ) ) ;
#462 = EDGE_CURVE ( 'NONE', #2799, #6011, #6559, .T. ) ;
#463 = DIRECTION ( 'NONE',  ( -0.6334076177927103757, 0.000000000000000000, -0.7738183182906462898 ) ) ;
#464 = EDGE_LOOP ( 'NONE', ( #1294, #4673, #6182, #534 ) ) ;
#465 = DIRECTION ( 'NONE',  ( 0.000000000000000000, 1.000000000000000000, -2.200000000000000003E-16 ) ) ;
#466 = CARTESIAN_POINT ( 'NONE',  ( 25.86836541402499989, 2.540188238000000064E-08, -30.19254961405999893 ) ) ;
#467 = CARTESIAN_POINT ( 'NONE',  ( 30.98032789551496791, 9.253439854474001081, -5.083626256004998289 ) ) ;
#468 = ORIENTED_EDGE ( 'NONE', *, *, #2747, .F. ) ;
#469 = CARTESIAN_POINT ( 'NONE',  ( 6.711868792745000256, 5.108433958439999145, -62.44432037636000388 ) ) ;
#470 = CARTESIAN_POINT ( 'NONE',  ( 25.86508489549400025, 0.0002842737408279999997, -30.25995355938000131 ) ) ;
#471 = DIRECTION ( 'NONE',  ( 0.000000000000000000, 1.000000000000000000, 0.000000000000000000 ) ) ;
#472 = CIRCLE ( 'NONE', #3400, 1.800000000000002265 ) ;
#473 = DIRECTION ( 'NONE',  ( 0.000000000000000000, -1.000000000000000000, 0.000000000000000000 ) ) ;
#474 = EDGE_CURVE ( 'NONE', #4360, #6261, #3420, .T. ) ;
#475 = DIRECTION ( 'NONE',  ( -0.4241403968610368280, -2.000000000000173754E-16, -0.9055964464100785261 ) ) ;
#476 = AXIS2_PLACEMENT_3D ( 'NONE', #4467, #4975, #4026 ) ;
#477 = DIRECTION ( 'NONE',  ( 0.000000000000000000, -1.000000000000000000, 0.000000000000000000 ) ) ;
#478 = ORIENTED_EDGE ( 'NONE', *, *, #3446, .T. ) ;
#479 = CIRCLE ( 'NONE', #6430, 1.499999999999999334 ) ;
#480 = ORIENTED_EDGE ( 'NONE', *, *, #2305, .F. ) ;
#481 = CARTESIAN_POINT ( 'NONE',  ( 25.76467874988269813, 0.5332271903417669101, -32.97138178621192139 ) ) ;
#482 = DIRECTION ( 'NONE',  ( 0.000000000000000000, 1.000000000000000000, 0.000000000000000000 ) ) ;
#483 = CARTESIAN_POINT ( 'NONE',  ( 25.96046542030400062, 0.001457839018754999993, -30.35532526291000011 ) ) ;
#484 = CIRCLE ( 'NONE', #4822, 1.500000000000000000 ) ;
#485 = AXIS2_PLACEMENT_3D ( 'NONE', #5439, #5909, #4842 ) ;
#486 = CARTESIAN_POINT ( 'NONE',  ( 25.98946179032098058, 0.02911114053930000459, -30.71087291893001847 ) ) ;
#487 = CARTESIAN_POINT ( 'NONE',  ( 36.05817050542798796, 0.1145977987160000378, -0.4442121348079997589 ) ) ;
#488 = CARTESIAN_POINT ( 'NONE',  ( -2.691742525662000229, 7.797182481810000176, -108.2411259489999935 ) ) ;
#489 = EDGE_LOOP ( 'NONE', ( #3246, #1505 ) ) ;
#490 = AXIS2_PLACEMENT_3D ( 'NONE', #965, #6686, #4120 ) ;
#491 = CARTESIAN_POINT ( 'NONE',  ( 39.17827171123799701, 1.500000000000000000, -38.09610250039000334 ) ) ;
#492 = ORIENTED_EDGE ( 'NONE', *, *, #1553, .T. ) ;
#493 = LINE ( 'NONE', #1550, #590 ) ;
#494 = CARTESIAN_POINT ( 'NONE',  ( 35.65619157922400007, 1.500000000000000000, -38.40424458396999796 ) ) ;
#495 = VECTOR ( 'NONE', #2608, 1000.000000000000114 ) ;
#496 = CARTESIAN_POINT ( 'NONE',  ( 35.81444672587001321, 1.451052547900000341E-06, -1.652958771568000529 ) ) ;
#497 = PLANE ( 'NONE',  #4824 ) ;
#498 = CARTESIAN_POINT ( 'NONE',  ( 41.02776438666199255, 11.69868224291799841, -37.28441854409000200 ) ) ;
#499 = ORIENTED_EDGE ( 'NONE', *, *, #4870, .T. ) ;
#500 = DIRECTION ( 'NONE',  ( 0.6585051301128197476, 1.445602896647338670E-16, 0.7525762377427940297 ) ) ;
#501 = EDGE_CURVE ( 'NONE', #3890, #4384, #2783, .T. ) ;
#502 = ADVANCED_FACE ( 'NONE', ( #4273 ), #2238, .T. ) ;
#503 = DIRECTION ( 'NONE',  ( 0.000000000000000000, 0.000000000000000000, 1.000000000000000000 ) ) ;
#504 = EDGE_LOOP ( 'NONE', ( #4352, #4167, #6627 ) ) ;
#505 = CARTESIAN_POINT ( 'NONE',  ( 6.840196950931000330, 5.252119999088000313, -61.94432247669000446 ) ) ;
#506 = CARTESIAN_POINT ( 'NONE',  ( 25.85947915546898557, 0.001938987214827000679, -30.37084937860002753 ) ) ;
#507 = CARTESIAN_POINT ( 'NONE',  ( 59.36908318924299977, 1.500000000000000000, 6.968641278527000438 ) ) ;
#508 = DIRECTION ( 'NONE',  ( -0.5296313450659208000, 1.879283765641540444E-16, 0.8482279400748736764 ) ) ;
#509 = ADVANCED_FACE ( 'NONE', ( #1698 ), #1322, .F. ) ;
#510 = FACE_OUTER_BOUND ( 'NONE', #2629, .T. ) ;
#511 = CARTESIAN_POINT ( 'NONE',  ( 11.89735597859200134, -4.180000000000000080E-15, -18.83727930035999876 ) ) ;
#512 = ORIENTED_EDGE ( 'NONE', *, *, #4899, .F. ) ;
#513 = EDGE_LOOP ( 'NONE', ( #569, #731, #5976, #5088 ) ) ;
#514 = CARTESIAN_POINT ( 'NONE',  ( 25.78774645949276945, 0.9169152362440575743, -33.64635228525363431 ) ) ;
#515 = CARTESIAN_POINT ( 'NONE',  ( 69.38928936650499679, 1.500000000000000000, -2.092013673799999918 ) ) ;
#516 = ADVANCED_FACE ( 'NONE', ( #6437 ), #6009, .T. ) ;
#517 = CARTESIAN_POINT ( 'NONE',  ( 25.92535015782700114, 0.0005582370331486999869, -30.29271851959000017 ) ) ;
#518 = CARTESIAN_POINT ( 'NONE',  ( 28.06136573644000975, 0.9903088366419994237, -33.87641825043998267 ) ) ;
#519 = CARTESIAN_POINT ( 'NONE',  ( 51.11422784382000373, 11.90000000000000036, 8.020954552298000806 ) ) ;
#520 = CARTESIAN_POINT ( 'NONE',  ( 6.762260773609000353, 1.500000000000000000, -51.59350684617000127 ) ) ;
#521 = ORIENTED_EDGE ( 'NONE', *, *, #3334, .T. ) ;
#522 = CARTESIAN_POINT ( 'NONE',  ( 5.832337209943000644, 4.500000000000000000, -98.00000000000000000 ) ) ;
#523 = EDGE_LOOP ( 'NONE', ( #2395, #3491, #116, #3872 ) ) ;
#524 = CARTESIAN_POINT ( 'NONE',  ( 25.85650090989899752, 7.570731440875999141, -34.48914669613999706 ) ) ;
#525 = CARTESIAN_POINT ( 'NONE',  ( -3.167662790056999800, 4.500000000000000000, -61.25000000000000000 ) ) ;
#526 = CARTESIAN_POINT ( 'NONE',  ( 35.81469394176898646, 5.273036733259998783E-06, -1.649591643277001030 ) ) ;
#527 = CARTESIAN_POINT ( 'NONE',  ( 20.68775344203900346, 10.65336895904700043, -27.79470544441000257 ) ) ;
#528 = CARTESIAN_POINT ( 'NONE',  ( 24.75993584667200054, -4.000000000000000000, -23.38686761557999816 ) ) ;
#529 = CYLINDRICAL_SURFACE ( 'NONE', #2214, 2.999999999999999556 ) ;
#530 = CIRCLE ( 'NONE', #3999, 0.8499999999999994227 ) ;
#531 = ORIENTED_EDGE ( 'NONE', *, *, #669, .T. ) ;
#532 = CARTESIAN_POINT ( 'NONE',  ( 10.55311763816800052, 3.000000000000000000, -48.44323113179999751 ) ) ;
#533 = DIRECTION ( 'NONE',  ( 0.6585051301128203027, 0.000000000000000000, 0.7525762377427935856 ) ) ;
#534 = ORIENTED_EDGE ( 'NONE', *, *, #3131, .T. ) ;
#535 = AXIS2_PLACEMENT_3D ( 'NONE', #3797, #5922, #2344 ) ;
#536 = CARTESIAN_POINT ( 'NONE',  ( 6.939822494575000000, 5.125299649371999777, -61.57924655523999746 ) ) ;
#537 = CARTESIAN_POINT ( 'NONE',  ( 25.86315960599499419, 0.0006841565243395999509, -30.29801950289998302 ) ) ;
#538 = CARTESIAN_POINT ( 'NONE',  ( -2.667662790057000244, 6.000000000000000000, -110.4450379999999967 ) ) ;
#539 = LINE ( 'NONE', #4237, #2569 ) ;
#540 = TOROIDAL_SURFACE ( 'NONE', #2065, 2.500000000000000000, 1.500000000000000000 ) ;
#541 = CARTESIAN_POINT ( 'NONE',  ( 4.827714977881999658, 7.500000000000000000, -50.00998780169000213 ) ) ;
#542 = CARTESIAN_POINT ( 'NONE',  ( 69.80335737341499680, 11.83708690212000114, -3.655295502128999896 ) ) ;
#543 = EDGE_LOOP ( 'NONE', ( #3380, #56, #6256, #6342 ) ) ;
#544 = ORIENTED_EDGE ( 'NONE', *, *, #1050, .T. ) ;
#545 = CARTESIAN_POINT ( 'NONE',  ( 25.77383518653363126, 0.3004297146132279828, -32.34004323898756184 ) ) ;
#546 = EDGE_CURVE ( 'NONE', #4212, #4221, #5461, .T. ) ;
#547 = CYLINDRICAL_SURFACE ( 'NONE', #1481, 1.499999999999999334 ) ;
#548 = VECTOR ( 'NONE', #831, 1000.000000000000000 ) ;
#549 = CARTESIAN_POINT ( 'NONE',  ( 25.87723810781400147, 5.333792980599999198E-07, -30.19286890700000114 ) ) ;
#550 = CIRCLE ( 'NONE', #2294, 0.5000000000000004441 ) ;
#551 = CARTESIAN_POINT ( 'NONE',  ( 26.99827808259999884, 0.2276707927259999931, -32.17783438988999478 ) ) ;
#552 = CARTESIAN_POINT ( 'NONE',  ( 4.955821798435000147, 7.822454915191000779, -108.6225830847999987 ) ) ;
#553 = ADVANCED_FACE ( 'NONE', ( #1186 ), #1734, .T. ) ;
#554 = CARTESIAN_POINT ( 'NONE',  ( 35.81405450589898010, 3.941404889129998721E-06, -1.650902943887001761 ) ) ;
#555 = VERTEX_POINT ( 'NONE', #4345 ) ;
#556 = ORIENTED_EDGE ( 'NONE', *, *, #5508, .F. ) ;
#557 = AXIS2_PLACEMENT_3D ( 'NONE', #2828, #2861, #3852 ) ;
#558 = LINE ( 'NONE', #6250, #840 ) ;
#559 = CARTESIAN_POINT ( 'NONE',  ( -0.1676627900569999940, 0.1464466094069999946, -107.5914846093999842 ) ) ;
#560 = CARTESIAN_POINT ( 'NONE',  ( 36.57886168896101253, 1.038479666860000705, 1.518764487140997987 ) ) ;
#561 = CARTESIAN_POINT ( 'NONE',  ( 32.21456079812199391, 10.37913151362899988, -3.612724760224999887 ) ) ;
#562 = EDGE_CURVE ( 'NONE', #1274, #3560, #675, .T. ) ;
#563 = ADVANCED_FACE ( 'NONE', ( #2341 ), #4414, .F. ) ;
#564 = CARTESIAN_POINT ( 'NONE',  ( 69.08923319995000156, 0.2981110303509999504, -3.886841208032000061 ) ) ;
#565 = FACE_BOUND ( 'NONE', #1370, .T. ) ;
#566 = EDGE_LOOP ( 'NONE', ( #1730, #6171 ) ) ;
#567 = CARTESIAN_POINT ( 'NONE',  ( 16.02049146774800192, 1.500000000000000000, -30.78915226599000121 ) ) ;
#568 = CARTESIAN_POINT ( 'NONE',  ( 20.07089655794900196, 8.934869377498998233, -28.95196025967000253 ) ) ;
#569 = ORIENTED_EDGE ( 'NONE', *, *, #1849, .F. ) ;
#570 = CARTESIAN_POINT ( 'NONE',  ( -11.00000000000000000, 4.500000000000000000, -89.00000000000000000 ) ) ;
#571 = CARTESIAN_POINT ( 'NONE',  ( 25.84373218788000059, 0.01473737185888000095, -30.68453017826002593 ) ) ;
#572 = CARTESIAN_POINT ( 'NONE',  ( -2.667663341562000134, 6.353028269349000112, -110.0920097305999832 ) ) ;
#573 = CARTESIAN_POINT ( 'NONE',  ( 51.75701545350700172, 12.50000000000000000, 8.786998995416999136 ) ) ;
#574 =( BOUNDED_CURVE ( )  B_SPLINE_CURVE ( 2, ( #29, #3211, #4769 ),
 .UNSPECIFIED., .F., .F. ) 
 B_SPLINE_CURVE_WITH_KNOTS ( ( 3, 3 ),
 ( 0.000000000000000000, 5.229713722390000541 ),
 .UNSPECIFIED. ) 
 CURVE ( )  GEOMETRIC_REPRESENTATION_ITEM ( )  RATIONAL_B_SPLINE_CURVE ( ( 1.000000000000000000, 0.9238795325109999679, 1.000000000000000000 ) ) 
 REPRESENTATION_ITEM ( '' )  );
#575 = PRODUCT_DEFINITION_SHAPE ( 'NONE', 'NONE',  #6530 ) ;
#576 = CARTESIAN_POINT ( 'NONE',  ( 37.24148126862999675, 1.251345819741999987, 2.346062763352000147 ) ) ;
#577 = CARTESIAN_POINT ( 'NONE',  ( 68.23686878696800306, 12.39425763867600061, -3.465415039647000484 ) ) ;
#578 = ORIENTED_EDGE ( 'NONE', *, *, #4691, .F. ) ;
#579 = VERTEX_POINT ( 'NONE', #3865 ) ;
#580 = CARTESIAN_POINT ( 'NONE',  ( 25.80878659205914616, 0.09274512584983835017, -31.41615082087269428 ) ) ;
#581 = CARTESIAN_POINT ( 'NONE',  ( 36.17572235547799409, 1.500000000000000000, -36.22936808803999753 ) ) ;
#582 = CARTESIAN_POINT ( 'NONE',  ( 25.87064496949000159, 1.143055576409999852E-06, -30.19619495161000344 ) ) ;
#583 = EDGE_CURVE ( 'NONE', #2087, #72, #4601, .T. ) ;
#584 = AXIS2_PLACEMENT_3D ( 'NONE', #6376, #5300, #281 ) ;
#585 = EDGE_CURVE ( 'NONE', #1992, #2592, #2541, .T. ) ;
#586 = CARTESIAN_POINT ( 'NONE',  ( 5.749844423118999792, 6.935406852536000422, -108.9584287021999955 ) ) ;
#587 = EDGE_LOOP ( 'NONE', ( #1192, #4104, #969, #1131, #2693, #60 ) ) ;
#588 = CARTESIAN_POINT ( 'NONE',  ( 35.81735909357599468, 1.134842001039999353E-06, -1.653909834235998133 ) ) ;
#589 = ORIENTED_EDGE ( 'NONE', *, *, #4571, .T. ) ;
#590 = VECTOR ( 'NONE', #1141, 1000.000000000000000 ) ;
#591 = CARTESIAN_POINT ( 'NONE',  ( 5.749844423118999792, 6.935406852536000422, -108.9584287021999955 ) ) ;
#592 = VECTOR ( 'NONE', #185, 1000.000000000000114 ) ;
#593 = ORIENTED_EDGE ( 'NONE', *, *, #1686, .T. ) ;
#594 = DIRECTION ( 'NONE',  ( -0.5296313450659205779, 2.891205793294678326E-16, 0.8482279400748738984 ) ) ;
#595 = CARTESIAN_POINT ( 'NONE',  ( 20.68775344203900346, 10.65336895904700043, -27.79470544441000257 ) ) ;
#596 = CARTESIAN_POINT ( 'NONE',  ( 35.81589578672201668, 3.767270020604998284E-05, -1.637700732400999559 ) ) ;
#597 = CARTESIAN_POINT ( 'NONE',  ( 37.69260015160099897, 2.879816149113000101, 3.053098811051000006 ) ) ;
#598 = VECTOR ( 'NONE', #1696, 1000.000000000000114 ) ;
#599 = CIRCLE ( 'NONE', #5517, 2.599999999999999645 ) ;
#600 = CARTESIAN_POINT ( 'NONE',  ( 70.08696737980099556, 1.267161835447000229, -3.594139135272000019 ) ) ;
#601 = CARTESIAN_POINT ( 'NONE',  ( 40.79262801972499375, 11.21682204610299927, -38.50577331030999773 ) ) ;
#602 = VERTEX_POINT ( 'NONE', #6368 ) ;
#603 = ADVANCED_FACE ( 'NONE', ( #5852 ), #4851, .T. ) ;
#604 = PRODUCT_RELATED_PRODUCT_CATEGORY ( 'detail', '', ( #4264 ) ) ;
#605 = VECTOR ( 'NONE', #2229, 1000.000000000000114 ) ;
#606 = CARTESIAN_POINT ( 'NONE',  ( 68.40284199463098957, -2.500000000000000194E-16, -3.267615873137000193 ) ) ;
#607 = DIRECTION ( 'NONE',  ( 0.000000000000000000, -1.000000000000000000, 0.000000000000000000 ) ) ;
#608 = ORIENTED_EDGE ( 'NONE', *, *, #1310, .T. ) ;
#609 = CIRCLE ( 'NONE', #3745, 1.499999999999999778 ) ;
#610 = DIRECTION ( 'NONE',  ( 0.7738183182906464008, -1.393496759143362291E-16, -0.6334076177927100426 ) ) ;
#611 = CARTESIAN_POINT ( 'NONE',  ( 25.83262381454400014, 0.03123392311024999687, -30.90949569875997938 ) ) ;
#612 = DIRECTION ( 'NONE',  ( 1.073070864617528140E-28, -1.000000000000000000, 2.199999999999099962E-16 ) ) ;
#613 = DIRECTION ( 'NONE',  ( 0.000000000000000000, -1.000000000000000000, 0.000000000000000000 ) ) ;
#614 = CARTESIAN_POINT ( 'NONE',  ( 26.03384392568099770, 2.618608576673000066, -34.63795347333999786 ) ) ;
#615 = DIRECTION ( 'NONE',  ( 0.000000000000000000, 1.000000000000000000, -2.200000000000000003E-16 ) ) ;
#616 = ORIENTED_EDGE ( 'NONE', *, *, #260, .F. ) ;
#617 = EDGE_LOOP ( 'NONE', ( #616, #3455, #6201, #11 ) ) ;
#618 = CARTESIAN_POINT ( 'NONE',  ( 25.77145530337817192, 0.3283948041572842813, -32.43065732384804534 ) ) ;
#619 = FACE_OUTER_BOUND ( 'NONE', #587, .T. ) ;
#620 = CARTESIAN_POINT ( 'NONE',  ( 25.94966316265599815, 0.001137837542245000036, -30.33606697461999957 ) ) ;
#621 = ORIENTED_EDGE ( 'NONE', *, *, #3628, .T. ) ;
#622 = CARTESIAN_POINT ( 'NONE',  ( 35.81406384562101408, 4.945853985029997457E-06, -1.650213204132000344 ) ) ;
#623 = VERTEX_POINT ( 'NONE', #5385 ) ;
#624 = CARTESIAN_POINT ( 'NONE',  ( 4.827714977881999658, -1.109999999999999972E-14, -50.00998780169000213 ) ) ;
#625 = CARTESIAN_POINT ( 'NONE',  ( 25.40272345635900209, 0.000000000000000000, -22.62082317245999974 ) ) ;
#626 = DIRECTION ( 'NONE',  ( 8.450200795878899255E-17, -1.000000000000000000, 1.804230832251244873E-16 ) ) ;
#627 = DIRECTION ( 'NONE',  ( 0.000000000000000000, -0.7071067811865495711, -0.7071067811865455743 ) ) ;
#628 = CARTESIAN_POINT ( 'NONE',  ( 35.81457310879198985, 3.645147197419998372E-06, -1.650787211401002264 ) ) ;
#629 = CARTESIAN_POINT ( 'NONE',  ( 37.67357651100600435, 2.759971782897999937, 3.034573479111000172 ) ) ;
#630 = DIRECTION ( 'NONE',  ( 0.000000000000000000, -0.7071067811865497932, -0.7071067811865454633 ) ) ;
#631 = CARTESIAN_POINT ( 'NONE',  ( 40.95273424120700412, 11.73115359540999947, -38.06975026797000083 ) ) ;
#632 = EDGE_CURVE ( 'NONE', #6000, #2799, #3829, .T. ) ;
#633 = VERTEX_POINT ( 'NONE', #743 ) ;
#634 = EDGE_CURVE ( 'NONE', #3594, #6249, #2813, .T. ) ;
#635 = CYLINDRICAL_SURFACE ( 'NONE', #1752, 3.000000000000000000 ) ;
#636 = DIRECTION ( 'NONE',  ( 0.6427876096867977118, 0.000000000000000000, 0.7660444431187611869 ) ) ;
#637 = EDGE_CURVE ( 'NONE', #5859, #5579, #5416, .T. ) ;
#638 = VERTEX_POINT ( 'NONE', #811 ) ;
#639 = CARTESIAN_POINT ( 'NONE',  ( 40.62210847492300303, 0.08449601788372000655, -37.32289051001999525 ) ) ;
#640 = CARTESIAN_POINT ( 'NONE',  ( 25.86780822950099790, 1.309640849988999965E-05, -30.20612888622000014 ) ) ;
#641 = CARTESIAN_POINT ( 'NONE',  ( 17.99600685808700007, 1.500000000000000000, -28.53142355275999975 ) ) ;
#642 = CARTESIAN_POINT ( 'NONE',  ( 17.16009261396400021, -4.000000000000000000, -31.78630466522000475 ) ) ;
#643 = DIRECTION ( 'NONE',  ( 1.000000000000000000, 0.000000000000000000, 0.000000000000000000 ) ) ;
#644 = AXIS2_PLACEMENT_3D ( 'NONE', #273, #5294, #1771 ) ;
#645 = CARTESIAN_POINT ( 'NONE',  ( 69.98570901614898787, 11.56211936102399918, -3.622746622109000114 ) ) ;
#646 = EDGE_LOOP ( 'NONE', ( #6333, #2651, #3371, #4677 ) ) ;
#647 = VERTEX_POINT ( 'NONE', #4951 ) ;
#648 = DIRECTION ( 'NONE',  ( -0.9078645223467951553, 0.000000000000000000, 0.4192636510169055475 ) ) ;
#649 = FACE_OUTER_BOUND ( 'NONE', #4427, .T. ) ;
#650 = DIRECTION ( 'NONE',  ( 0.7660444431187608538, 0.000000000000000000, -0.6427876096867981559 ) ) ;
#651 = AXIS2_PLACEMENT_3D ( 'NONE', #5397, #2353, #4830 ) ;
#652 = CARTESIAN_POINT ( 'NONE',  ( 18.74067659610600245, 8.953866360295000604, -27.68037361530999974 ) ) ;
#653 = ORIENTED_EDGE ( 'NONE', *, *, #4910, .F. ) ;
#654 = CARTESIAN_POINT ( 'NONE',  ( 35.81404983582799417, 3.484479864200001910E-06, -1.651247814357001298 ) ) ;
#655 = ORIENTED_EDGE ( 'NONE', *, *, #6356, .F. ) ;
#656 = LINE ( 'NONE', #1104, #4379 ) ;
#657 = B_SPLINE_CURVE_WITH_KNOTS ( 'NONE', 8,
 ( #2802, #6423, #2833, #6461, #5469, #833, #4461, #1886, #6008 ),
 .UNSPECIFIED., .F., .F.,
 ( 9, 9 ),
 ( 0.000000000000000000, 1.000000000000000000 ),
 .UNSPECIFIED. ) ;
#658 = LINE ( 'NONE', #158, #605 ) ;
#659 = CARTESIAN_POINT ( 'NONE',  ( 5.832337209943000644, 4.500000000000000000, -88.25000000000000000 ) ) ;
#660 = CARTESIAN_POINT ( 'NONE',  ( 35.81596424690201275, 4.044943349424002111E-05, -1.637023447060997672 ) ) ;
#661 = FACE_OUTER_BOUND ( 'NONE', #6691, .T. ) ;
#662 = CARTESIAN_POINT ( 'NONE',  ( 69.84813555389300177, 0.6337301484970000454, -3.570309945218999914 ) ) ;
#663 = VECTOR ( 'NONE', #6022, 1000.000000000000114 ) ;
#664 = PLANE ( 'NONE',  #5029 ) ;
#665 = VERTEX_POINT ( 'NONE', #304 ) ;
#666 = CARTESIAN_POINT ( 'NONE',  ( 26.29202473291000075, 11.90000000000000036, -24.67244283495000090 ) ) ;
#667 = CARTESIAN_POINT ( 'NONE',  ( 24.83324533220999797, 3.000000000000000000, -8.513034448850998359 ) ) ;
#668 = AXIS2_PLACEMENT_3D ( 'NONE', #2594, #2563, #5676 ) ;
#669 = EDGE_CURVE ( 'NONE', #4304, #638, #3932, .T. ) ;
#670 = CARTESIAN_POINT ( 'NONE',  ( 40.71378714485000216, 11.86626985150300051, -38.29127432957999844 ) ) ;
#671 = EDGE_CURVE ( 'NONE', #5601, #1274, #5449, .T. ) ;
#672 = EDGE_LOOP ( 'NONE', ( #3464, #2099, #1925, #2025 ) ) ;
#673 = CARTESIAN_POINT ( 'NONE',  ( 40.38478464766799902, 0.06609118344180998916, -37.57463349539000319 ) ) ;
#674 = CARTESIAN_POINT ( 'NONE',  ( 25.86813286569899617, 4.117080235399999792E-06, -30.19971346192000183 ) ) ;
#675 = LINE ( 'NONE', #711, #812 ) ;
#676 = DIRECTION ( 'NONE',  ( 0.000000000000000000, 1.000000000000000000, 0.000000000000000000 ) ) ;
#677 = B_SPLINE_CURVE_WITH_KNOTS ( 'NONE', 10,
 ( #5980, #1252, #3318, #1799, #3861, #5915, #4603, #461, #3044, #1996, #1417, #5615, #945, #6085, #4539, #4670, #5682, #5583, #3586, #2530, #6665, #402, #2598, #1963, #1009, #3074, #4065, #4570, #5146 ),
 .UNSPECIFIED., .F., .F.,
 ( 11, 9, 9, 11 ),
 ( 9.540674547241000170, 15.48725807351099881, 21.43384159977999914, 25.75389659248699914 ),
 .UNSPECIFIED. ) ;
#678 = CARTESIAN_POINT ( 'NONE',  ( 2.832337209942999756, 3.000000000000000000, -107.4450380000000109 ) ) ;
#679 = CARTESIAN_POINT ( 'NONE',  ( 27.74368254513399279, 0.6673996596790003899, -33.39984133557000945 ) ) ;
#680 = CARTESIAN_POINT ( 'NONE',  ( 34.00539331853900649, 8.268498423909999673, -0.4462554987760002922 ) ) ;
#681 = ORIENTED_EDGE ( 'NONE', *, *, #12, .T. ) ;
#682 = ORIENTED_EDGE ( 'NONE', *, *, #671, .T. ) ;
#683 = CARTESIAN_POINT ( 'NONE',  ( 20.37856825541100037, 10.65920028596799973, -27.50244997330000274 ) ) ;
#684 = CARTESIAN_POINT ( 'NONE',  ( -3.167662790056999800, 4.500000000000000000, -98.00000000000000000 ) ) ;
#685 = EDGE_CURVE ( 'NONE', #2150, #3105, #1866, .T. ) ;
#686 = CARTESIAN_POINT ( 'NONE',  ( 18.66153235691199797, 10.80000000000000071, -16.96429220722000153 ) ) ;
#687 = CARTESIAN_POINT ( 'NONE',  ( 7.033946812642001056, 4.435979517427054653, -61.25000000000000000 ) ) ;
#688 = VERTEX_POINT ( 'NONE', #1671 ) ;
#689 = CARTESIAN_POINT ( 'NONE',  ( 35.81412452206502905, 1.414758615369999304E-05, -1.645729932306001286 ) ) ;
#690 = ORIENTED_EDGE ( 'NONE', *, *, #2182, .T. ) ;
#691 = DIRECTION ( 'NONE',  ( 1.000000000000000000, 0.000000000000000000, 0.000000000000000000 ) ) ;
#692 = ORIENTED_EDGE ( 'NONE', *, *, #1048, .T. ) ;
#693 = VECTOR ( 'NONE', #157, 1000.000000000000000 ) ;
#694 = CARTESIAN_POINT ( 'NONE',  ( -11.00000000000000000, 4.500000000000000000, -79.25000000000000000 ) ) ;
#695 = CARTESIAN_POINT ( 'NONE',  ( 35.81474085195100088, 1.322102310959999960E-06, -1.652675464979999953 ) ) ;
#696 = CARTESIAN_POINT ( 'NONE',  ( 38.11814372809600115, 6.308080970283000077, 3.422891405750000171 ) ) ;
#697 = CARTESIAN_POINT ( 'NONE',  ( 69.08525142017201404, 0.06609118344180998916, -3.370749110134000137 ) ) ;
#698 = CIRCLE ( 'NONE', #3842, 1.500000000000000222 ) ;
#699 = AXIS2_PLACEMENT_3D ( 'NONE', #247, #3909, #2216 ) ;
#700 = CARTESIAN_POINT ( 'NONE',  ( 56.25652872131300342, 11.00000000000000000, 14.14931009724999988 ) ) ;
#701 = ORIENTED_EDGE ( 'NONE', *, *, #5527, .F. ) ;
#702 = CARTESIAN_POINT ( 'NONE',  ( 20.90321018855297552, 9.322510883939003179, -27.98313427429000910 ) ) ;
#703 = DIRECTION ( 'NONE',  ( 0.000000000000000000, 1.000000000000000000, -2.200000000000000003E-16 ) ) ;
#704 = AXIS2_PLACEMENT_3D ( 'NONE', #3287, #4916, #1833 ) ;
#705 = CIRCLE ( 'NONE', #485, 1.500000000000000222 ) ;
#706 = CARTESIAN_POINT ( 'NONE',  ( 21.32029299999999949, -4.000000000000000000, -31.44017799999999951 ) ) ;
#707 = EDGE_LOOP ( 'NONE', ( #3117, #4243, #3007, #4219 ) ) ;
#708 = AXIS2_PLACEMENT_3D ( 'NONE', #1234, #1744, #3300 ) ;
#709 = CYLINDRICAL_SURFACE ( 'NONE', #369, 1.800000000000002265 ) ;
#710 = CARTESIAN_POINT ( 'NONE',  ( 26.56692547534601090, 0.9733474815020000115, -32.83746233479001830 ) ) ;
#711 = CARTESIAN_POINT ( 'NONE',  ( 22.00773040517200485, 0.000000000000000000, -20.18027251698000057 ) ) ;
#712 = EDGE_CURVE ( 'NONE', #320, #156, #1030, .T. ) ;
#713 = LINE ( 'NONE', #5853, #5960 ) ;
#714 = EDGE_CURVE ( 'NONE', #6446, #5944, #2345, .T. ) ;
#715 = DIRECTION ( 'NONE',  ( 0.000000000000000000, -1.000000000000000000, 0.000000000000000000 ) ) ;
#716 = AXIS2_PLACEMENT_3D ( 'NONE', #2714, #238, #4782 ) ;
#717 = CARTESIAN_POINT ( 'NONE',  ( 25.87019866716699568, 5.369617246180001593E-06, -30.19853713757997937 ) ) ;
#718 = CARTESIAN_POINT ( 'NONE',  ( 70.21696222634099627, 11.00000000000000000, -3.439217309890000074 ) ) ;
#719 = ORIENTED_EDGE ( 'NONE', *, *, #562, .T. ) ;
#720 = EDGE_LOOP ( 'NONE', ( #1537, #2857, #4024, #2706 ) ) ;
#721 = CARTESIAN_POINT ( 'NONE',  ( 19.09688979853999768, 8.943067439306000566, -28.04623370376999958 ) ) ;
#722 = DIRECTION ( 'NONE',  ( 0.000000000000000000, 0.000000000000000000, -1.000000000000000000 ) ) ;
#723 = ADVANCED_FACE ( 'NONE', ( #4215 ), #547, .T. ) ;
#724 = ADVANCED_FACE ( 'NONE', ( #1573 ), #3605, .T. ) ;
#725 = DIRECTION ( 'NONE',  ( -1.000000000000000000, -1.930163174001124888E-48, 4.246358982802474538E-64 ) ) ;
#726 = CARTESIAN_POINT ( 'NONE',  ( 28.56278414417599976, 2.389790517559999827, -34.41027995542999918 ) ) ;
#727 = EDGE_LOOP ( 'NONE', ( #4318, #5221 ) ) ;
#729 = ORIENTED_EDGE ( 'NONE', *, *, #5645, .F. ) ;
#728 = ADVANCED_FACE ( 'NONE', ( #2049 ), #1609, .F. ) ;
#730 = CARTESIAN_POINT ( 'NONE',  ( -0.1676627900569999940, 6.000000000000000000, -58.05141188318999923 ) ) ;
#731 = ORIENTED_EDGE ( 'NONE', *, *, #5070, .F. ) ;
#732 = CARTESIAN_POINT ( 'NONE',  ( -11.00000000000000000, 4.500000000000000000, -89.00000000000000000 ) ) ;
#733 = CARTESIAN_POINT ( 'NONE',  ( 35.81130301356000700, 5.085057220000004878E-08, -1.655454000616001009 ) ) ;
#734 = DIRECTION ( 'NONE',  ( 1.000000000000000000, 0.000000000000000000, 0.000000000000000000 ) ) ;
#735 = DIRECTION ( 'NONE',  ( 0.7660444431187604097, 0.000000000000000000, -0.6427876096867984890 ) ) ;
#736 = CARTESIAN_POINT ( 'NONE',  ( 35.81403155875700151, 1.967059813480000015E-06, -1.652597567386000055 ) ) ;
#737 = ORIENTED_EDGE ( 'NONE', *, *, #4455, .F. ) ;
#738 = CARTESIAN_POINT ( 'NONE',  ( 19.82801002854600370, 9.293515744213008745, -26.85432883534998183 ) ) ;
#739 = DIRECTION ( 'NONE',  ( 0.000000000000000000, 1.000000000000000000, 0.000000000000000000 ) ) ;
#740 = DIRECTION ( 'NONE',  ( 0.000000000000000000, 1.000000000000000000, 0.000000000000000000 ) ) ;
#741 = CARTESIAN_POINT ( 'NONE',  ( 40.39587705093099856, 0.2071518458469999990, -36.64501696245000062 ) ) ;
#742 = CARTESIAN_POINT ( 'NONE',  ( 25.86598142320501736, 0.0001529055381644001154, -30.24223230373002380 ) ) ;
#743 = CARTESIAN_POINT ( 'NONE',  ( 2.832337209942999756, -1.600000000000000124E-14, -69.65551667206999298 ) ) ;
#744 = CARTESIAN_POINT ( 'NONE',  ( 22.51451700000000145, -5.999999999999999677E-15, -27.01383599999999774 ) ) ;
#745 = DIRECTION ( 'NONE',  ( -0.000000000000000000, 1.000000000000000000, 0.000000000000000000 ) ) ;
#746 = CARTESIAN_POINT ( 'NONE',  ( 27.33654729574099562, 0.3890786727899998021, -32.74411089275997000 ) ) ;
#747 = CARTESIAN_POINT ( 'NONE',  ( 37.69260015160099897, 6.166709948051999568, 3.053098811051000006 ) ) ;
#748 = ORIENTED_EDGE ( 'NONE', *, *, #2907, .F. ) ;
#749 = VERTEX_POINT ( 'NONE', #6242 ) ;
#750 = MANIFOLD_SOLID_BREP ( 'NONE', #3316 ) ;
#751 = CARTESIAN_POINT ( 'NONE',  ( 20.53044200318101886, 9.324142429244998809, -27.65134719269001806 ) ) ;
#752 = CARTESIAN_POINT ( 'NONE',  ( 40.07817436479899698, 12.50000000000000000, -37.02364028001999685 ) ) ;
#753 = DIRECTION ( 'NONE',  ( 1.000000000000000000, 0.000000000000000000, 0.000000000000000000 ) ) ;
#754 = DIRECTION ( 'NONE',  ( 0.6585051301128203027, 1.445602896647339903E-16, 0.7525762377427935856 ) ) ;
#755 = CARTESIAN_POINT ( 'NONE',  ( 7.022787262223009641, 4.246215343399049935, -61.28826689195999933 ) ) ;
#756 = ORIENTED_EDGE ( 'NONE', *, *, #4571, .F. ) ;
#757 = EDGE_CURVE ( 'NONE', #3629, #991, #484, .T. ) ;
#758 =( BOUNDED_SURFACE ( )  B_SPLINE_SURFACE ( 2, 8, ( 
 ( #4333, #6389, #3815, #1755, #2296, #4365, #1790, #1309, #2237 ),
 ( #702, #2776, #2839, #1315, #5408, #3755, #3859, #5912, #4907 ),
 ( #769, #4404, #4845, #200, #3279, #263, #5875, #231, #1248 ) ),
 .UNSPECIFIED., .F., .F., .T. ) 
 B_SPLINE_SURFACE_WITH_KNOTS ( ( 3, 3 ),
 ( 9, 9 ),
 ( 0.000000000000000000, 2.381453318124000074 ),
 ( 49.35651300565599797, 51.73796632377999316 ),
 .UNSPECIFIED. ) 
 GEOMETRIC_REPRESENTATION_ITEM ( )  RATIONAL_B_SPLINE_SURFACE ( (
 ( 1.000000000000000000, 1.000000000000000000, 1.000000000000000000, 1.000000000000000000, 1.000000000000000000, 1.000000000000000000, 1.000000000000000000, 1.000000000000000000, 1.000000000000000000),
 ( 0.8032484630099999690, 0.7998282286489999393, 0.7935797162969999707, 0.7858869669770000010, 0.7744672641379999334, 0.7610869214309999853, 0.7449084267169999718, 0.7268275369960000010, 0.7071067811869999886),
 ( 1.000000000000000000, 1.000000000000000000, 1.000000000000000000, 1.000000000000000000, 1.000000000000000000, 1.000000000000000000, 1.000000000000000000, 1.000000000000000000, 1.000000000000000000) ) ) 
 REPRESENTATION_ITEM ( '' )  SURFACE ( )  );
#759 = VERTEX_POINT ( 'NONE', #1541 ) ;
#760 = AXIS2_PLACEMENT_3D ( 'NONE', #4648, #9, #4241 ) ;
#761 = CARTESIAN_POINT ( 'NONE',  ( 68.10371414713200977, 11.90000000000000036, -3.624102560038000131 ) ) ;
#762 = CYLINDRICAL_SURFACE ( 'NONE', #245, 1.500000000000000888 ) ;
#763 = EDGE_CURVE ( 'NONE', #1906, #6417, #5701, .T. ) ;
#764 = CARTESIAN_POINT ( 'NONE',  ( 37.18379196936599129, 1.608456421917001444, 2.350272027936000097 ) ) ;
#765 = DIRECTION ( 'NONE',  ( 1.000000000000000000, 0.000000000000000000, 0.000000000000000000 ) ) ;
#766 = DIRECTION ( 'NONE',  ( -0.6427876096867979339, 0.000000000000000000, -0.7660444431187609649 ) ) ;
#767 = CARTESIAN_POINT ( 'NONE',  ( 35.81418018060500685, 2.659544995430999890E-05, -1.641621189915999812 ) ) ;
#768 = ORIENTED_EDGE ( 'NONE', *, *, #2182, .F. ) ;
#769 = CARTESIAN_POINT ( 'NONE',  ( 20.90321018855299684, 10.65729015676100033, -27.98313427429000200 ) ) ;
#770 = DIRECTION ( 'NONE',  ( 1.000000000000000000, 0.000000000000000000, 0.000000000000000000 ) ) ;
#771 = EDGE_CURVE ( 'NONE', #6149, #6525, #4149, .T. ) ;
#772 = CARTESIAN_POINT ( 'NONE',  ( -0.1676627900569999108, -2.375999999999999165E-14, -107.4450379999999541 ) ) ;
#773 = AXIS2_PLACEMENT_3D ( 'NONE', #3388, #3933, #4378 ) ;
#774 = CARTESIAN_POINT ( 'NONE',  ( 24.90434069745200318, 10.80000000000000071, -31.34048140860000586 ) ) ;
#775 = CARTESIAN_POINT ( 'NONE',  ( 27.96890845605519615, 1.500000000000000000, -30.45262976783094899 ) ) ;
#776 = CARTESIAN_POINT ( 'NONE',  ( 25.86870556879399530, 7.082999999999999960E-14, -30.19192954980999843 ) ) ;
#777 = DIRECTION ( 'NONE',  ( 0.000000000000000000, 1.000000000000000000, 0.000000000000000000 ) ) ;
#778 = CARTESIAN_POINT ( 'NONE',  ( 5.356416945548000186, 1.202817518188000090, -108.2411259489999935 ) ) ;
#779 = AXIS2_PLACEMENT_3D ( 'NONE', #1142, #1108, #3072 ) ;
#780 = FACE_OUTER_BOUND ( 'NONE', #2226, .T. ) ;
#781 = CARTESIAN_POINT ( 'NONE',  ( 25.93075405731500993, 0.0006714319123330996951, -30.30235362601000304 ) ) ;
#782 = CARTESIAN_POINT ( 'NONE',  ( 70.03747334847699335, 11.14461914737099946, -3.653123824914999762 ) ) ;
#783 = B_SPLINE_CURVE_WITH_KNOTS ( 'NONE', 7,
 ( #3113, #4231, #5252, #6698, #3756, #5286, #606, #4135 ),
 .UNSPECIFIED., .F., .F.,
 ( 8, 8 ),
 ( 0.000000000000000000, 1.000000000000000000 ),
 .UNSPECIFIED. ) ;
#784 = EDGE_LOOP ( 'NONE', ( #1484, #183, #6304, #1558 ) ) ;
#785 = ORIENTED_EDGE ( 'NONE', *, *, #4091, .T. ) ;
#786 = DIRECTION ( 'NONE',  ( 0.000000000000000000, 1.000000000000000000, 0.000000000000000000 ) ) ;
#787 = CARTESIAN_POINT ( 'NONE',  ( 40.25126339580199897, 12.46475066660099884, -36.81736080548999723 ) ) ;
#788 = DIRECTION ( 'NONE',  ( 1.000000000000000000, 0.000000000000000000, 0.000000000000000000 ) ) ;
#789 = CARTESIAN_POINT ( 'NONE',  ( 35.81405328418100709, 9.322523397700002384E-07, -1.653231171444000003 ) ) ;
#790 = CARTESIAN_POINT ( 'NONE',  ( 26.03384392568099770, 2.618608576673000066, -34.63795347333999786 ) ) ;
#791 = ORIENTED_EDGE ( 'NONE', *, *, #3777, .F. ) ;
#792 = ORIENTED_EDGE ( 'NONE', *, *, #3589, .T. ) ;
#793 = DIRECTION ( 'NONE',  ( 0.6427876096867995992, 0.000000000000000000, 0.7660444431187596326 ) ) ;
#794 = EDGE_CURVE ( 'NONE', #5749, #1678, #3630, .T. ) ;
#795 = EDGE_CURVE ( 'NONE', #3197, #2087, #87, .T. ) ;
#796 =( BOUNDED_SURFACE ( )  B_SPLINE_SURFACE ( 2, 14, ( 
 ( #5737, #3171, #3742, #2151, #3206, #5273, #4153, #4763, #1168, #5237, #588, #5303, #5705, #1068, #3236, #124, #4220, #6351, #6278, #654, #1645, #554, #2727, #2625, #4694, #622, #2694, #4797, #155, #1713, #3773, #1199, #4325, #6380, #1746, #5831, #3268, #5338, #689, #2764, #4833, #191, #2256, #2433, #6567, #6694, #944, #2060, #5049, #401, #4097, #6046, #6598, #6154, #4063, #1489, #1415, #3553, #4028, #4635, #6629, #3994, #6185, #3479, #3013, #2529, #973, #4600, #907, #1930, #5080, #5614, #6084, #2500, #4130, #5507, #5144, #3043, #1522, #3585, #874, #2976, #1554, #5544, #5646, #1008, #2469, #6664, #4538, #430, #2938, #3516, #4569 ),
 ( #5111, #3073, #4504, #2564, #1962, #5010, #1995, #1450, #5582, #6122, #460, #2030, #496, #364, #6285, #4226, #4701, #3617, #6320, #65, #5772, #4161, #628, #3108, #2194, #5280, #3241, #526, #3682, #6218, #1587, #1144, #5177, #3650, #5804, #3750, #5711, #1042, #5246, #98, #2126, #1619, #1684, #1174, #1074, #5309, #5744, #2633, #4195, #6252, #596, #660, #2596, #3143, #2700, #1652, #4668, #4802, #2733, #3713, #31, #4259, #5211, #161, #1109, #3177, #2231, #4298, #130, #2090, #4771, #6357, #5677, #560, #2671, #4738, #2157, #3213, #2801, #2361, #5402, #6460, #764, #3308, #1241, #226, #4902, #2295, #5376, #3406, #5468, #5343, #5870 ),
 ( #1789, #1205, #2832, #733, #4871, #4332, #4460, #832, #4364, #3375, #2325, #1822, #1854, #695, #2897, #195, #5837, #3342, #2770, #3814, #6422, #3853, #3886, #4399, #5939, #1308, #5437, #5907, #1721, #4430, #1278, #797, #2263, #2862, #3274, #291, #4937, #1341, #4840, #256, #6388, #1754, #6490, #3918, #5972, #4969, #322, #2391, #3781, #5038, #5536, #5668, #5572, #4561, #4529, #1406, #3577, #4495, #999, #3507, #487, #3471, #3005, #4592, #3986, #1988, #2964, #1033, #900, #6623, #6587, #391, #5636, #6558, #3066, #935, #2557, #2460, #5072, #6655, #6039, #4055, #1954, #3101, #4020, #1921, #6112, #5606, #420, #2490, #5135, #4628, #6076 ) ),
 .UNSPECIFIED., .F., .F., .F. ) 
 B_SPLINE_SURFACE_WITH_KNOTS ( ( 3, 3 ),
 ( 15, 13, 13, 13, 13, 13, 13, 15 ),
 ( 0.000000000000000000, 4.542637142608000111 ),
 ( 7.141400000000000246E-13, 0.003735181293793000089, 0.005778960311110000261, 0.009866520827219000048, 0.01797118365144000085, 1.836667241096999970, 3.901113557168999879, 4.542637142609000200 ),
 .UNSPECIFIED. ) 
 GEOMETRIC_REPRESENTATION_ITEM ( )  RATIONAL_B_SPLINE_SURFACE ( (
 ( 1.000000000000000000, 1.000000000001000089, 0.9999999999970000664, 1.000000000008999912, 0.9999999999820000651, 1.000000000026999958, 0.9999999999670000639, 1.000000000033999914, 0.9999999999720000643, 1.000000000020000002, 0.9999999999890000213, 1.000000000005000000, 0.9999999999990000221, 1.000000000000000000, 1.000000000000000000, 0.9999999999980000442, 1.000000000005000000, 0.9999999999890000213, 1.000000000018999913, 0.9999999999749999979, 1.000000000026999958, 0.9999999999759999758, 1.000000000016999957, 0.9999999999909999771, 1.000000000003999912, 0.9999999999990000221, 1.000000000000000000, 1.000000000000000000, 0.9999999999980000442, 1.000000000006999956, 0.9999999999840000209, 1.000000000026000091, 0.9999999999659999750, 1.000000000035000003, 0.9999999999699999975, 1.000000000021000091, 0.9999999999880000434, 1.000000000005000000, 0.9999999999980000442, 1.000000000000000000, 0.9999999999990000221, 1.000000000003000045, 0.9999999999909999771, 1.000000000020000002, 0.9999999999680000418, 1.000000000041999959, 0.9999999999559999742, 1.000000000038999914, 0.9999999999720000643, 1.000000000016000090, 0.9999999999930000438, 1.000000000001999956, 1.000000000000000000, 1.000000000000000000, 1.000000000001000089, 0.9999999999970000664, 1.000000000006999956, 0.9999999999880000434, 1.000000000018000046, 0.9999999999790000205, 1.000000000020000002, 0.9999999999849999988, 1.000000000008999912, 0.9999999999959999775, 1.000000000001000089, 1.000000000000000000, 1.000000000000000000, 1.000000000000000000, 1.000000000000000000, 1.000000000000000000, 0.9999999999990000221, 1.000000000001999956, 0.9999999999959999775, 1.000000000003999912, 0.9999999999959999775, 1.000000000003000045, 0.9999999999980000442, 1.000000000001000089, 1.000000000000000000, 1.000000000000000000, 0.9999999999970000664, 1.000000000008999912, 0.9999999999820000651, 1.000000000028999914, 0.9999999999630000413, 1.000000000038999914, 0.9999999999659999750, 1.000000000023999913, 0.9999999999859999766, 1.000000000006000089, 0.9999999999980000442, 1.000000000000000000, 1.000000000000000000),
 ( 1.000000000000000000, 1.000000000001000089, 0.9999999997470000457, 0.9999999992560000273, 0.9999999984829999189, 0.9999999975189999279, 0.9999999962169999757, 0.9999999947699999003, 0.9999999929670000398, 0.9999999910030000771, 0.9999999887260000442, 0.9999999862339999934, 0.9999999834760000539, 0.9999999804729999830, 0.9999999754370000327, 0.9999999735800000344, 0.9999999716540000083, 0.9999999696379999747, 0.9999999675770000485, 0.9999999653929999566, 0.9999999631960000412, 0.9999999608580000254, 0.9999999585029999416, 0.9999999560319999814, 0.9999999535089999503, 0.9999999509010000232, 0.9999999482210000235, 0.9999999399559998947, 0.9999999341429999244, 0.9999999280430000859, 0.9999999216079999975, 0.9999999149409999344, 0.9999999078689999488, 0.9999999006290000159, 0.9999998929529999581, 0.9999998850940000628, 0.9999998768519999803, 0.9999998683590000104, 0.9999998595429999693, 0.9999998504360000373, 0.9999998223720000246, 0.9999998025420000491, 0.9999997815189999306, 0.9999997593560000508, 0.9999997359419999787, 0.9999997114629999295, 0.9999996856610000595, 0.9999996588330000158, 0.9999996306920000411, 0.9999996014709999770, 0.9999995710110000102, 0.9999995394010000593, 0.9999995066019999879, 0.9999918483549999904, 0.9999249101549999574, 0.9997987249080000360, 0.9996141387389999577, 0.9993726968449999637, 0.9990765633700000592, 0.9987284411490000569, 0.9983314916969999731, 0.9978892548409999952, 0.9974055687789999958, 0.9968844897160000773, 0.9963302118469999913, 0.9957469871019999363, 0.9944489551379999126, 0.9937253405100000547, 0.9929798050840000778, 0.9922105366029999596, 0.9914202541690000370, 0.9906156698489999579, 0.9898019325750000430, 0.9889801042069999992, 0.9881502974079999779, 0.9873176874179999674, 0.9864931889449999325, 0.9856751720890000179, 0.9847931705669999980, 0.9832149599459999445, 0.9828198864039999760, 0.9824063504369999755, 0.9819764427079999969, 0.9815319294789999205, 0.9810742903360000211, 0.9806047571020000131, 0.9801243510349999521, 0.9796339221130000441, 0.9791341861540000524, 0.9786257638630000422, 0.9781092184039998916, 0.9775850939369999937, 0.9770539536260000046),
 ( 1.000000000000000000, 1.000000000001000089, 0.9999999999970000664, 1.000000000008999912, 0.9999999999820000651, 1.000000000026999958, 0.9999999999670000639, 1.000000000033999914, 0.9999999999720000643, 1.000000000020000002, 0.9999999999890000213, 1.000000000005000000, 0.9999999999990000221, 1.000000000000000000, 1.000000000000000000, 0.9999999999980000442, 1.000000000005000000, 0.9999999999890000213, 1.000000000018999913, 0.9999999999749999979, 1.000000000026999958, 0.9999999999759999758, 1.000000000016999957, 0.9999999999909999771, 1.000000000003999912, 0.9999999999990000221, 1.000000000000000000, 1.000000000000000000, 0.9999999999980000442, 1.000000000006999956, 0.9999999999840000209, 1.000000000026000091, 0.9999999999659999750, 1.000000000035000003, 0.9999999999699999975, 1.000000000021000091, 0.9999999999880000434, 1.000000000005000000, 0.9999999999980000442, 1.000000000000000000, 0.9999999999990000221, 1.000000000003000045, 0.9999999999909999771, 1.000000000020000002, 0.9999999999680000418, 1.000000000041999959, 0.9999999999559999742, 1.000000000038999914, 0.9999999999720000643, 1.000000000016000090, 0.9999999999930000438, 1.000000000001999956, 1.000000000000000000, 1.000000000000000000, 1.000000000001000089, 0.9999999999970000664, 1.000000000006999956, 0.9999999999880000434, 1.000000000018000046, 0.9999999999790000205, 1.000000000020000002, 0.9999999999849999988, 1.000000000008999912, 0.9999999999959999775, 1.000000000001000089, 1.000000000000000000, 1.000000000000000000, 1.000000000000000000, 1.000000000000000000, 1.000000000000000000, 0.9999999999990000221, 1.000000000001999956, 0.9999999999959999775, 1.000000000003999912, 0.9999999999959999775, 1.000000000003000045, 0.9999999999980000442, 1.000000000001000089, 1.000000000000000000, 1.000000000000000000, 0.9999999999970000664, 1.000000000008999912, 0.9999999999820000651, 1.000000000028999914, 0.9999999999630000413, 1.000000000038999914, 0.9999999999659999750, 1.000000000023999913, 0.9999999999859999766, 1.000000000006000089, 0.9999999999980000442, 1.000000000000000000, 1.000000000000000000) ) ) 
 REPRESENTATION_ITEM ( '' )  SURFACE ( )  );
#797 = CARTESIAN_POINT ( 'NONE',  ( 35.81557221952299130, 5.760617823650003257E-06, -1.648306554819998659 ) ) ;
#798 = DIRECTION ( 'NONE',  ( 1.000000000000000000, 0.000000000000000000, 0.000000000000000000 ) ) ;
#799 = CARTESIAN_POINT ( 'NONE',  ( -3.167662790056999800, 6.000000000000000000, -109.7379312188000000 ) ) ;
#800 = CARTESIAN_POINT ( 'NONE',  ( 35.81407785287000678, 6.633738876439999418E-06, -1.649178598090999870 ) ) ;
#801 = ORIENTED_EDGE ( 'NONE', *, *, #5527, .T. ) ;
#802 = CIRCLE ( 'NONE', #4053, 1.500000000000000000 ) ;
#803 = CARTESIAN_POINT ( 'NONE',  ( 28.58135402467300068, 2.694895950767000503, -34.42586193529999861 ) ) ;
#804 = CARTESIAN_POINT ( 'NONE',  ( -3.167662790056999800, 7.250000000000000000, -109.1950379999999967 ) ) ;
#805 = AXIS2_PLACEMENT_3D ( 'NONE', #94, #3208, #1136 ) ;
#806 = CARTESIAN_POINT ( 'NONE',  ( -1.929223434378002144, 0.4553961270549998774, -107.9004341270000111 ) ) ;
#807 = ADVANCED_FACE ( 'NONE', ( #5196 ), #4116, .F. ) ;
#808 = DIRECTION ( 'NONE',  ( 0.000000000000000000, -2.200000000000000003E-16, -1.000000000000000000 ) ) ;
#809 = CARTESIAN_POINT ( 'NONE',  ( 40.44118909585399990, 0.3307212703020000477, -36.59101617011999963 ) ) ;
#810 = CARTESIAN_POINT ( 'NONE',  ( 26.20177515084998632, 0.2198694863809998457, -31.59434117757997385 ) ) ;
#811 = CARTESIAN_POINT ( 'NONE',  ( 67.57589708866579770, 9.500000000000000000, 1.191902958312946126 ) ) ;
#812 = VECTOR ( 'NONE', #2745, 1000.000000000000000 ) ;
#813 = AXIS2_PLACEMENT_3D ( 'NONE', #1764, #607, #2677 ) ;
#814 = CARTESIAN_POINT ( 'NONE',  ( 4.593897854263997438, 0.4553961270549998774, -107.9004341270000111 ) ) ;
#815 = DIRECTION ( 'NONE',  ( 0.6427876096867991551, 0.000000000000000000, 0.7660444431187601877 ) ) ;
#816 = CARTESIAN_POINT ( 'NONE',  ( 25.87532558479902889, 7.969613681209999662E-06, -30.20351877166000421 ) ) ;
#817 = CARTESIAN_POINT ( 'NONE',  ( 36.45878870520199655, 7.411972473622000734, 1.880268803566000013 ) ) ;
#818 = EDGE_LOOP ( 'NONE', ( #5598, #1974, #1914, #1941 ) ) ;
#819 = AXIS2_PLACEMENT_3D ( 'NONE', #1197, #3644, #2725 ) ;
#820 = ORIENTED_EDGE ( 'NONE', *, *, #5613, .F. ) ;
#821 = CARTESIAN_POINT ( 'NONE',  ( -0.1676627900569999108, 9.000000000000000000, -107.4450379999999541 ) ) ;
#822 = CARTESIAN_POINT ( 'NONE',  ( 25.81148449394501299, 1.172645032180998692, -33.99269177426999278 ) ) ;
#823 = DIRECTION ( 'NONE',  ( -0.6427876096867990441, -1.845660109888465252E-16, -0.7660444431187601877 ) ) ;
#824 = AXIS2_PLACEMENT_3D ( 'NONE', #6354, #2666, #1139 ) ;
#825 = DIRECTION ( 'NONE',  ( 0.7660444431187601877, 0.000000000000000000, -0.6427876096867990441 ) ) ;
#826 = CARTESIAN_POINT ( 'NONE',  ( 67.99370903496219398, 9.500000000000000000, 1.689831846340140054 ) ) ;
#827 = ORIENTED_EDGE ( 'NONE', *, *, #3575, .T. ) ;
#828 = ORIENTED_EDGE ( 'NONE', *, *, #5392, .T. ) ;
#829 = B_SPLINE_CURVE_WITH_KNOTS ( 'NONE', 8,
 ( #5961, #4792, #4892, #1299, #4926, #4860, #2853, #1331, #214 ),
 .UNSPECIFIED., .F., .F.,
 ( 9, 9 ),
 ( 0.000000000000000000, 1.000000000000000000 ),
 .UNSPECIFIED. ) ;
#830 = CARTESIAN_POINT ( 'NONE',  ( -0.1676627900569999940, -2.353999999999999991E-14, -107.2379312188000000 ) ) ;
#831 = DIRECTION ( 'NONE',  ( 0.000000000000000000, 1.000000000000000000, 0.000000000000000000 ) ) ;
#832 = CARTESIAN_POINT ( 'NONE',  ( 35.79998176315900338, 3.559534955700001083E-07, -1.652948231632999754 ) ) ;
#833 = CARTESIAN_POINT ( 'NONE',  ( 69.50824884496900324, 1.162499999999999867, -3.975371151651000190 ) ) ;
#834 = PLANE ( 'NONE',  #3085 ) ;
#835 = EDGE_LOOP ( 'NONE', ( #1474, #4324, #4888, #2893 ) ) ;
#836 = CARTESIAN_POINT ( 'NONE',  ( 35.81408252049899232, 7.249216324560000068E-06, -1.648833731345000109 ) ) ;
#837 = ORIENTED_EDGE ( 'NONE', *, *, #2081, .T. ) ;
#838 = DIRECTION ( 'NONE',  ( 0.000000000000000000, 1.000000000000000000, -2.200000000000000003E-16 ) ) ;
#839 = DIRECTION ( 'NONE',  ( 0.7660444431187601877, 0.000000000000000000, -0.6427876096867990441 ) ) ;
#840 = VECTOR ( 'NONE', #1584, 1000.000000000000000 ) ;
#841 = FACE_OUTER_BOUND ( 'NONE', #4731, .T. ) ;
#842 = ADVANCED_FACE ( 'NONE', ( #619 ), #4080, .T. ) ;
#843 = EDGE_CURVE ( 'NONE', #1124, #5530, #2228, .T. ) ;
#844 = FACE_OUTER_BOUND ( 'NONE', #6632, .T. ) ;
#845 = CARTESIAN_POINT ( 'NONE',  ( 41.02776438666199255, 0.8013177570830000152, -37.28441854409000200 ) ) ;
#846 = CARTESIAN_POINT ( 'NONE',  ( 4.174836394360002423, 0.2201550123599998188, -107.6651930123000369 ) ) ;
#847 = ADVANCED_FACE ( 'NONE', ( #5762 ), #2977, .T. ) ;
#848 = CARTESIAN_POINT ( 'NONE',  ( 45.69734128048799704, 6.000000000000000000, 8.051238592469999844 ) ) ;
#849 = CARTESIAN_POINT ( 'NONE',  ( 25.90158970557899920, 0.0001895083583606999901, -30.25035185073999600 ) ) ;
#850 = CARTESIAN_POINT ( 'NONE',  ( 32.67173520772498563, 9.162432692507998411, -3.067885515138000230 ) ) ;
#851 = ORIENTED_EDGE ( 'NONE', *, *, #5848, .F. ) ;
#852 = ORIENTED_EDGE ( 'NONE', *, *, #3540, .T. ) ;
#853 = CARTESIAN_POINT ( 'NONE',  ( -2.291147378551000369, 7.822454915187999624, -108.6225830847999987 ) ) ;
#854 = CARTESIAN_POINT ( 'NONE',  ( 40.32733837591700166, 1.500000000000000000, -39.06028391491999940 ) ) ;
#855 = FACE_OUTER_BOUND ( 'NONE', #4651, .T. ) ;
#856 = DIRECTION ( 'NONE',  ( 0.000000000000000000, 1.000000000000000000, 0.000000000000000000 ) ) ;
#857 = CARTESIAN_POINT ( 'NONE',  ( 35.81570098332999663, 6.730076596019999682E-06, -1.647629916758000190 ) ) ;
#858 = LINE ( 'NONE', #2924, #4722 ) ;
#859 = ORIENTED_EDGE ( 'NONE', *, *, #4953, .F. ) ;
#860 = ORIENTED_EDGE ( 'NONE', *, *, #1881, .F. ) ;
#861 = CARTESIAN_POINT ( 'NONE',  ( 27.10367336020799556, 0.2735670431269999758, -32.35659706981000028 ) ) ;
#862 = APPROVAL_STATUS ( 'not_yet_approved' ) ;
#863 = CARTESIAN_POINT ( 'NONE',  ( 25.87377379526400034, 5.101541636531997377E-05, -30.21394287478999630 ) ) ;
#864 = CARTESIAN_POINT ( 'NONE',  ( 5.332337209943000644, 3.353553390593000394, -110.7985913904999933 ) ) ;
#865 = DIRECTION ( 'NONE',  ( 0.6427876096867978228, 0.000000000000000000, 0.7660444431187611869 ) ) ;
#866 = VECTOR ( 'NONE', #2847, 1000.000000000000114 ) ;
#867 = ORIENTED_EDGE ( 'NONE', *, *, #5929, .F. ) ;
#868 = B_SPLINE_CURVE_WITH_KNOTS ( 'NONE', 6,
 ( #912, #6088, #1013, #3079, #1527, #877, #4033 ),
 .UNSPECIFIED., .F., .F.,
 ( 7, 7 ),
 ( 54.57962580090960358, 59.29202788403600266 ),
 .UNSPECIFIED. ) ;
#869 = CARTESIAN_POINT ( 'NONE',  ( 36.13004626248999784, 0.8369047896579999701, 1.005530131385000026 ) ) ;
#870 = VERTEX_POINT ( 'NONE', #3199 ) ;
#871 = DIRECTION ( 'NONE',  ( -0.7660444431187601877, 0.000000000000000000, 0.6427876096867989331 ) ) ;
#872 = LINE ( 'NONE', #5612, #2298 ) ;
#873 = AXIS2_PLACEMENT_3D ( 'NONE', #5361, #275, #4350 ) ;
#874 = CARTESIAN_POINT ( 'NONE',  ( 36.90838971307602634, 1.819703868290999171, 2.278551095470000121 ) ) ;
#875 = CARTESIAN_POINT ( 'NONE',  ( -2.691742525660000052, 1.202817518187000001, -108.2411259489999935 ) ) ;
#876 = LINE ( 'NONE', #2437, #6205 ) ;
#877 = CARTESIAN_POINT ( 'NONE',  ( 28.58135402467300068, 7.256629314426730204, -34.42586193529999861 ) ) ;
#878 = EDGE_CURVE ( 'NONE', #638, #222, #3084, .T. ) ;
#879 = ADVANCED_FACE ( 'NONE', ( #3641 ), #4387, .F. ) ;
#880 = VECTOR ( 'NONE', #4639, 1000.000000000000114 ) ;
#881 = PLANE ( 'NONE',  #3461 ) ;
#882 = CARTESIAN_POINT ( 'NONE',  ( 25.89945363325900018, 0.0001650319936750000024, -30.24654296714999901 ) ) ;
#883 = CARTESIAN_POINT ( 'NONE',  ( 29.19777211373400405, 9.160174564982005663, -7.207993512942006298 ) ) ;
#884 = ORIENTED_EDGE ( 'NONE', *, *, #2840, .F. ) ;
#885 = EDGE_LOOP ( 'NONE', ( #1167, #4998 ) ) ;
#886 = FACE_BOUND ( 'NONE', #192, .T. ) ;
#887 = CIRCLE ( 'NONE', #4671, 30.00000000000000000 ) ;
#888 = CARTESIAN_POINT ( 'NONE',  ( 25.87309246718000111, 1.533890519270000086, -34.25887685763999713 ) ) ;
#889 = CARTESIAN_POINT ( 'NONE',  ( 14.62094954563200133, 3.000000000000000000, -20.09507025341000030 ) ) ;
#890 = FACE_OUTER_BOUND ( 'NONE', #958, .T. ) ;
#891 = CARTESIAN_POINT ( 'NONE',  ( 36.61511335300500747, 0.6972390407130000245, 1.282489380162999959 ) ) ;
#892 = TOROIDAL_SURFACE ( 'NONE', #2511, 4.500000000000000000, 1.500000000000000000 ) ;
#893 = CYLINDRICAL_SURFACE ( 'NONE', #5899, 29.99999999999999645 ) ;
#894 = ORIENTED_EDGE ( 'NONE', *, *, #3114, .T. ) ;
#895 = VERTEX_POINT ( 'NONE', #2350 ) ;
#896 = EDGE_CURVE ( 'NONE', #5337, #5738, #1900, .T. ) ;
#897 = CARTESIAN_POINT ( 'NONE',  ( 27.52920693277799913, 0.5055698104810000260, -33.05794216780000028 ) ) ;
#898 = EDGE_CURVE ( 'NONE', #3412, #2837, #3843, .T. ) ;
#899 = CARTESIAN_POINT ( 'NONE',  ( 25.92901312470201702, 0.007276190381731005401, -30.45178041119998724 ) ) ;
#900 = CARTESIAN_POINT ( 'NONE',  ( 36.43893251589700100, 0.5112454292900000530, 0.8538867672550000121 ) ) ;
#901 = LINE ( 'NONE', #5136, #2772 ) ;
#902 = EDGE_LOOP ( 'NONE', ( #2580, #3848, #6426, #139 ) ) ;
#903 = CARTESIAN_POINT ( 'NONE',  ( 36.36586052245500156, 1.204937320754999819, 1.533989552494000153 ) ) ;
#904 = EDGE_LOOP ( 'NONE', ( #6550, #1498, #556, #2110, #737, #941, #5304, #3509 ) ) ;
#905 = CARTESIAN_POINT ( 'NONE',  ( 4.403539954838950443, 8.413622168169409221, -108.0314158317685980 ) ) ;
#906 = DIRECTION ( 'NONE',  ( -0.7660369567204458052, 0.000000000000000000, 0.6427965315233724608 ) ) ;
#907 = CARTESIAN_POINT ( 'NONE',  ( 36.08368586229600083, 0.7502386209110000204, 0.8641856030119999810 ) ) ;
#908 = CARTESIAN_POINT ( 'NONE',  ( 69.54257758595799999, 1.068614426789000094, -3.966080750706000302 ) ) ;
#909 = CIRCLE ( 'NONE', #4267, 0.8499999999999994227 ) ;
#910 = CARTESIAN_POINT ( 'NONE',  ( 54.31756451524299933, 12.50000000000000000, 8.727094885033999105 ) ) ;
#911 = CARTESIAN_POINT ( 'NONE',  ( 40.83648296782899934, 0.2965275992739999644, -37.07362664560999832 ) ) ;
#912 = CARTESIAN_POINT ( 'NONE',  ( 24.90434069745200318, 10.80000000000000071, -31.34048140860000586 ) ) ;
#913 = AXIS2_PLACEMENT_3D ( 'NONE', #522, #3611, #3173 ) ;
#914 = CARTESIAN_POINT ( 'NONE',  ( 20.23213833084000157, 10.66637787519599989, -27.34803093726999990 ) ) ;
#915 = CARTESIAN_POINT ( 'NONE',  ( 40.32733837591700166, 1.500000000000000000, -39.06028391491999940 ) ) ;
#916 = CARTESIAN_POINT ( 'NONE',  ( 35.09195933626200059, 9.463917890549000234, -0.1835747150710000108 ) ) ;
#917 = ORIENTED_EDGE ( 'NONE', *, *, #5844, .T. ) ;
#918 = VECTOR ( 'NONE', #1518, 1000.000000000000000 ) ;
#919 = ORIENTED_EDGE ( 'NONE', *, *, #352, .F. ) ;
#920 = CIRCLE ( 'NONE', #2329, 1.500000000000000222 ) ;
#921 = DIRECTION ( 'NONE',  ( 0.000000000000000000, 1.000000000000000000, 0.000000000000000000 ) ) ;
#922 = CARTESIAN_POINT ( 'NONE',  ( 25.76297124349200374, 0.6473289997000004625, -33.22545394033001287 ) ) ;
#923 = CARTESIAN_POINT ( 'NONE',  ( 59.36908318924299977, 1.500000000000000000, 6.968641278527000438 ) ) ;
#924 = DIRECTION ( 'NONE',  ( 4.994915742851159813E-18, -1.000000000000000000, 2.176932829080530144E-16 ) ) ;
#925 = AXIS2_PLACEMENT_3D ( 'NONE', #1395, #4041, #3457 ) ;
#926 = CARTESIAN_POINT ( 'NONE',  ( 36.96650714753899791, 1.031234329271000005, 1.940407948400999949 ) ) ;
#927 = DIRECTION ( 'NONE',  ( -1.813328267468035108E-29, 1.000000000000000000, -2.199999999999914954E-16 ) ) ;
#928 = ORIENTED_EDGE ( 'NONE', *, *, #4743, .T. ) ;
#929 = VERTEX_POINT ( 'NONE', #3839 ) ;
#930 = EDGE_CURVE ( 'NONE', #4779, #2728, #920, .T. ) ;
#931 = EDGE_CURVE ( 'NONE', #5944, #1162, #6345, .T. ) ;
#932 = CARTESIAN_POINT ( 'NONE',  ( 26.00366247997200020, 0.003178741703507000169, -30.43232331599000062 ) ) ;
#933 = VECTOR ( 'NONE', #3059, 1000.000000000000000 ) ;
#934 = CARTESIAN_POINT ( 'NONE',  ( 26.01371745486400044, 0.04169394395408002746, -30.81428359583000898 ) ) ;
#935 = CARTESIAN_POINT ( 'NONE',  ( 36.89062724361401990, 0.9634736286649996373, 1.814371375896001615 ) ) ;
#936 = EDGE_CURVE ( 'NONE', #2590, #1200, #5366, .T. ) ;
#937 = DIRECTION ( 'NONE',  ( 0.000000000000000000, 1.000000000000000000, 0.000000000000000000 ) ) ;
#938 = VERTEX_POINT ( 'NONE', #3875 ) ;
#939 = CARTESIAN_POINT ( 'NONE',  ( 36.29922503975599568, 1.110687220906000139, 1.407265826089999949 ) ) ;
#940 = AXIS2_PLACEMENT_3D ( 'NONE', #6064, #5092, #3460 ) ;
#941 = ORIENTED_EDGE ( 'NONE', *, *, #763, .F. ) ;
#942 = CARTESIAN_POINT ( 'NONE',  ( 3.633517866356180015, 8.784852942571461654, -107.6601850573756138 ) ) ;
#943 = DIRECTION ( 'NONE',  ( -0.5296313450659208000, 1.899999999999716809E-16, 0.8482279400748737874 ) ) ;
#944 = CARTESIAN_POINT ( 'NONE',  ( 35.81419871824703449, 3.165959613382997236E-05, -1.640253600355001229 ) ) ;
#945 = CARTESIAN_POINT ( 'NONE',  ( 34.48023448839499849, 8.145320954065999430, 0.004008515487477999628 ) ) ;
#946 = DIRECTION ( 'NONE',  ( -0.7660369567204449170, 2.409338161078895729E-16, 0.6427965315233734600 ) ) ;
#947 = CARTESIAN_POINT ( 'NONE',  ( 25.88769953398837842, 1.813291229136233307, -34.45509255661631443 ) ) ;
#948 = CARTESIAN_POINT ( 'NONE',  ( 5.685890600537000239, 5.292893218813000011, -110.9450379999999967 ) ) ;
#949 = FACE_BOUND ( 'NONE', #1394, .T. ) ;
#950 = CARTESIAN_POINT ( 'NONE',  ( 36.59591680804900449, 8.557614452691000295, 1.608772005039999842 ) ) ;
#951 = ORIENTED_EDGE ( 'NONE', *, *, #4174, .T. ) ;
#952 = CARTESIAN_POINT ( 'NONE',  ( -2.667663341562000134, 6.353028269349000112, -110.0920097305999832 ) ) ;
#953 = DIRECTION ( 'NONE',  ( -0.9055964464100800804, 0.000000000000000000, 0.4241403968610337194 ) ) ;
#954 = CARTESIAN_POINT ( 'NONE',  ( -2.291147378551000369, 7.822454915187999624, -108.6225830847999987 ) ) ;
#955 = CARTESIAN_POINT ( 'NONE',  ( -0.9688434464711799254, 0.2151470574295389904, -107.6601850573756138 ) ) ;
#956 = CARTESIAN_POINT ( 'NONE',  ( 36.16482277968999881, 0.2178104039569999928, -0.01423651331010000048 ) ) ;
#957 = CARTESIAN_POINT ( 'NONE',  ( -2.667662790057000244, 3.000000000000000000, -109.7379312188000000 ) ) ;
#958 = EDGE_LOOP ( 'NONE', ( #3009, #1888, #4445, #2788 ) ) ;
#959 = EDGE_LOOP ( 'NONE', ( #47, #1690, #5638, #3645 ) ) ;
#960 = CARTESIAN_POINT ( 'NONE',  ( 26.39034854127600127, 0.04756783088630999606, -31.11934878839999996 ) ) ;
#961 = DIRECTION ( 'NONE',  ( 1.000000000000000000, 0.000000000000000000, 0.000000000000000000 ) ) ;
#962 = ADVANCED_FACE ( 'NONE', ( #649 ), #4524, .T. ) ;
#963 = EDGE_CURVE ( 'NONE', #6478, #4632, #213, .T. ) ;
#964 = CARTESIAN_POINT ( 'NONE',  ( 25.98461852434402530, 0.02678154854372997995, -30.69019317938002800 ) ) ;
#965 = CARTESIAN_POINT ( 'NONE',  ( 5.832337209943000644, 4.500000000000000000, -80.00000000000000000 ) ) ;
#966 = CARTESIAN_POINT ( 'NONE',  ( 22.27141986651700023, 10.78492028729600172, -29.13119851044000086 ) ) ;
#967 = ORIENTED_EDGE ( 'NONE', *, *, #276, .F. ) ;
#968 = CARTESIAN_POINT ( 'NONE',  ( 36.23767980964100133, 1.017587465132000046, 1.276972394871000116 ) ) ;
#969 = ORIENTED_EDGE ( 'NONE', *, *, #6006, .T. ) ;
#970 = CARTESIAN_POINT ( 'NONE',  ( 13.30370212851699918, 1.500000000000000000, -29.51673107541000363 ) ) ;
#971 = CYLINDRICAL_SURFACE ( 'NONE', #2731, 1.499999999999998890 ) ;
#972 = AXIS2_PLACEMENT_3D ( 'NONE', #5726, #3157, #5227 ) ;
#973 = CARTESIAN_POINT ( 'NONE',  ( 36.00545236437800156, 0.5869949231239999232, 0.5703703929660000060 ) ) ;
#974 = CARTESIAN_POINT ( 'NONE',  ( 69.59568003982799667, 0.9314231580540000000, -3.923876376834999569 ) ) ;
#975 =( BOUNDED_SURFACE ( )  B_SPLINE_SURFACE ( 2, 6, ( 
 ( #5175, #3106, #5109, #28, #524, #1006, #458 ),
 ( #4127, #1617, #96, #2155, #6282, #4096, #1650 ),
 ( #2527, #6661, #5642, #4633, #3071, #6184, #3396 ) ),
 .UNSPECIFIED., .F., .F., .T. ) 
 B_SPLINE_SURFACE_WITH_KNOTS ( ( 3, 3 ),
 ( 7, 7 ),
 ( 0.000000000000000000, 4.712409944677999896 ),
 ( 54.57961793935700001, 59.29202788403600266 ),
 .UNSPECIFIED. ) 
 GEOMETRIC_REPRESENTATION_ITEM ( )  RATIONAL_B_SPLINE_SURFACE ( (
 ( 1.000000000000000000, 1.000000000000000000, 1.000000000000000000, 1.000000000000000000, 1.000000000000000000, 1.000000000000000000, 1.000000000000000000),
 ( 0.7071067811869999886, 0.7071078592049999667, 0.7071089371450000050, 0.7071098826100000734, 0.7071105603160000586, 0.7071108989000000067, 0.7071108989000000067),
 ( 1.000000000000000000, 1.000000000000000000, 1.000000000000000000, 1.000000000000000000, 1.000000000000000000, 1.000000000000000000, 1.000000000000000000) ) ) 
 REPRESENTATION_ITEM ( '' )  SURFACE ( )  );
#976 = CARTESIAN_POINT ( 'NONE',  ( 41.00000077237499596, 11.56250000000000000, -37.27272699551999580 ) ) ;
#977 = ORIENTED_EDGE ( 'NONE', *, *, #4409, .F. ) ;
#978 = B_SPLINE_CURVE_WITH_KNOTS ( 'NONE', 6,
 ( #1938, #1423, #5549, #914, #2985, #5178, #527 ),
 .UNSPECIFIED., .F., .F.,
 ( 7, 7 ),
 ( 47.79435256200800097, 49.07032354991599732 ),
 .UNSPECIFIED. ) ;
#979 = AXIS2_PLACEMENT_3D ( 'NONE', #2284, #825, #215 ) ;
#980 = EDGE_CURVE ( 'NONE', #4124, #4304, #4390, .T. ) ;
#981 = LINE ( 'NONE', #3049, #3156 ) ;
#982 = CARTESIAN_POINT ( 'NONE',  ( 4.628350118263999668, -1.100000000000000046E-14, -52.50202585371000197 ) ) ;
#983 = CARTESIAN_POINT ( 'NONE',  ( 27.97765962142299756, 8.986322056009001358, -6.157248588490999985 ) ) ;
#984 = VERTEX_POINT ( 'NONE', #2251 ) ;
#985 = FACE_OUTER_BOUND ( 'NONE', #4126, .T. ) ;
#986 = CARTESIAN_POINT ( 'NONE',  ( 25.76295774719200793, 0.5334777066600004947, -32.98301870061999352 ) ) ;
#987 = CARTESIAN_POINT ( 'NONE',  ( 21.57049157054900235, 9.000000000000000000, -30.89278295660999873 ) ) ;
#988 = DIRECTION ( 'NONE',  ( 0.000000000000000000, 1.000000000000000000, 0.000000000000000000 ) ) ;
#989 = CARTESIAN_POINT ( 'NONE',  ( 35.81608727411000359, 1.012563654523000078E-05, -1.645599997845999862 ) ) ;
#990 = CARTESIAN_POINT ( 'NONE',  ( 37.63639320041799863, 2.631749982371000218, 2.998327209129000082 ) ) ;
#991 = VERTEX_POINT ( 'NONE', #1740 ) ;
#992 = AXIS2_PLACEMENT_3D ( 'NONE', #1968, #6668, #4543 ) ;
#993 = ORIENTED_EDGE ( 'NONE', *, *, #3114, .F. ) ;
#994 = CARTESIAN_POINT ( 'NONE',  ( 25.86306571560235312, 1.428739707645772405, -34.17376905319106584 ) ) ;
#995 = CARTESIAN_POINT ( 'NONE',  ( 28.06136573643999910, 0.9903088366419998678, -33.87641825044000399 ) ) ;
#996 = DATE_AND_TIME ( #4589, #1747 ) ;
#997 = AXIS2_PLACEMENT_3D ( 'NONE', #3415, #2499, #6566 ) ;
#998 = CARTESIAN_POINT ( 'NONE',  ( 25.87102934899901996, 1.210416075414000673E-05, -30.20211667821998347 ) ) ;
#999 = CARTESIAN_POINT ( 'NONE',  ( 35.99384920905600183, 0.06289522672260998426, -0.7376349640699995103 ) ) ;
#1000 = CARTESIAN_POINT ( 'NONE',  ( 3.298222869284999970, -1.598999999999999990E-14, -107.2379312188000000 ) ) ;
#1001 = ORIENTED_EDGE ( 'NONE', *, *, #5367, .T. ) ;
#1002 = FACE_OUTER_BOUND ( 'NONE', #902, .T. ) ;
#1003 = EDGE_CURVE ( 'NONE', #2567, #1169, #3802, .T. ) ;
#1004 = ORIENTED_EDGE ( 'NONE', *, *, #6555, .F. ) ;
#1005 = EDGE_CURVE ( 'NONE', #3580, #5206, #4353, .T. ) ;
#1006 = CARTESIAN_POINT ( 'NONE',  ( 26.04546980513999799, 6.785392573648000081, -34.64770817618000365 ) ) ;
#1007 = CARTESIAN_POINT ( 'NONE',  ( 70.21696222634099627, 1.500000000000000000, -3.439217309890000074 ) ) ;
#1008 = CARTESIAN_POINT ( 'NONE',  ( 37.03425333128101471, 1.947309843089000125, 2.417669095271000934 ) ) ;
#1009 = CARTESIAN_POINT ( 'NONE',  ( 28.38194616130699899, 8.972612010366001201, -5.774069345287999866 ) ) ;
#1010 = CARTESIAN_POINT ( 'NONE',  ( 40.91532518377199779, 11.43692014435399962, -38.27823308943000313 ) ) ;
#1011 = EDGE_CURVE ( 'NONE', #2688, #5911, #3194, .T. ) ;
#1012 = ORIENTED_EDGE ( 'NONE', *, *, #936, .F. ) ;
#1013 = CARTESIAN_POINT ( 'NONE',  ( 26.82954978865949869, 10.40530797669479846, -32.95592364697235155 ) ) ;
#1014 = CARTESIAN_POINT ( 'NONE',  ( 25.86893168726999903, -8.349000000000000573E-14, -30.19187007932999833 ) ) ;
#1015 = CARTESIAN_POINT ( 'NONE',  ( 30.98647251130400093, 10.59936941283800138, -5.076303388062999744 ) ) ;
#1016 = ADVANCED_FACE ( 'NONE', ( #2820 ), #5217, .T. ) ;
#1017 = ORIENTED_EDGE ( 'NONE', *, *, #1143, .F. ) ;
#1018 = CARTESIAN_POINT ( 'NONE',  ( 7.007473544400999899, 4.859577951746000046, -61.34122632642999662 ) ) ;
#1019 = CARTESIAN_POINT ( 'NONE',  ( 25.80269364291100587, 0.1142173543340000291, -31.55149206462000322 ) ) ;
#1020 = AXIS2_PLACEMENT_3D ( 'NONE', #2560, #6150, #2026 ) ;
#1021 = CARTESIAN_POINT ( 'NONE',  ( 37.61234877847199698, 1.500000000000000000, 2.820108457419999937 ) ) ;
#1022 = CARTESIAN_POINT ( 'NONE',  ( 22.72750926798402915, 9.000000000000000000, -29.51390295899997795 ) ) ;
#1023 = AXIS2_PLACEMENT_3D ( 'NONE', #1960, #5476, #2903 ) ;
#1024 = DIRECTION ( 'NONE',  ( 0.000000000000000000, 1.000000000000000000, 0.000000000000000000 ) ) ;
#1025 = ORIENTED_EDGE ( 'NONE', *, *, #2473, .T. ) ;
#1026 = TOROIDAL_SURFACE ( 'NONE', #4816, 2.500000000000000000, 1.500000000000000000 ) ;
#1027 = ORIENTED_EDGE ( 'NONE', *, *, #4370, .T. ) ;
#1028 = CARTESIAN_POINT ( 'NONE',  ( 25.85524360080150430, 1.378123011873661596, -34.13356651596566849 ) ) ;
#1029 = CARTESIAN_POINT ( 'NONE',  ( 25.88022057705200041, 2.227849846891999909E-05, -30.21224741490000198 ) ) ;
#1030 = CIRCLE ( 'NONE', #5362, 1.499999999999999556 ) ;
#1031 = VECTOR ( 'NONE', #4778, 1000.000000000000000 ) ;
#1032 = CARTESIAN_POINT ( 'NONE',  ( 28.25246802186497774, 1.252624447280001441, -34.12767879053997433 ) ) ;
#1033 = CARTESIAN_POINT ( 'NONE',  ( 36.38573100781599834, 0.4536796808889999588, 0.7053369434280000183 ) ) ;
#1034 = FACE_OUTER_BOUND ( 'NONE', #3253, .T. ) ;
#1035 = ORIENTED_EDGE ( 'NONE', *, *, #1927, .T. ) ;
#1036 = AXIS2_PLACEMENT_3D ( 'NONE', #5529, #4013, #3498 ) ;
#1037 = PLANE ( 'NONE',  #4597 ) ;
#1038 = ORIENTED_EDGE ( 'NONE', *, *, #5515, .T. ) ;
#1039 = CARTESIAN_POINT ( 'NONE',  ( 36.17572235547799409, 9.500000000000000000, -36.22936808803999753 ) ) ;
#1040 = CARTESIAN_POINT ( 'NONE',  ( 67.47417825870799390, 12.50000000000000000, -0.4850446495840000649 ) ) ;
#1041 = AXIS2_PLACEMENT_3D ( 'NONE', #6578, #1945, #3495 ) ;
#1042 = CARTESIAN_POINT ( 'NONE',  ( 35.81503918377902806, 1.156035848314999064E-05, -1.646175720596998460 ) ) ;
#1043 = CARTESIAN_POINT ( 'NONE',  ( 19.99472541285100036, 8.933616883626999794, -28.87962645470999945 ) ) ;
#1044 = CARTESIAN_POINT ( 'NONE',  ( 68.10371414713200977, 0.4653603196299999634, -3.624102560038000131 ) ) ;
#1045 = CARTESIAN_POINT ( 'NONE',  ( 41.01814366795199618, 11.56857684194600111, -37.98125801551000080 ) ) ;
#1046 = EDGE_LOOP ( 'NONE', ( #3974, #4351 ) ) ;
#1047 = DIRECTION ( 'NONE',  ( 0.000000000000000000, 0.000000000000000000, -1.000000000000000000 ) ) ;
#1048 = EDGE_CURVE ( 'NONE', #5330, #5990, #6510, .T. ) ;
#1049 = CARTESIAN_POINT ( 'NONE',  ( 24.83324533220999797, 6.000000000000000000, -8.513034448850998359 ) ) ;
#1050 = EDGE_CURVE ( 'NONE', #4221, #4212, #2438, .T. ) ;
#1051 = ORIENTED_EDGE ( 'NONE', *, *, #1416, .T. ) ;
#1052 = CARTESIAN_POINT ( 'NONE',  ( 7.024839859781990548, 4.722085191485049904, -61.28124136239999586 ) ) ;
#1053 = CARTESIAN_POINT ( 'NONE',  ( 25.84933275302700650, 0.008749575488080004251, -30.57242314395999472 ) ) ;
#1054 = FACE_OUTER_BOUND ( 'NONE', #1785, .T. ) ;
#1055 = CARTESIAN_POINT ( 'NONE',  ( 2.832337209943001088, 9.000000000000000000, -107.4450379999999683 ) ) ;
#1056 = EDGE_CURVE ( 'NONE', #2418, #1328, #3304, .T. ) ;
#1057 =( BOUNDED_SURFACE ( )  B_SPLINE_SURFACE ( 2, 13, ( 
 ( #5993, #5090, #4579, #6029, #4075, #4516, #6132, #1396, #6544, #3395, #3429, #3458, #888, #2951, #822, #5023, #2888, #6577, #1944, #3494, #922, #2992, #986, #6234, #4206, #1118, #5224, #5158, #2544, #3188, #5122, #4615, #2682, #3633, #4751, #1019, #3087, #79, #5260, #2101, #6673, #3661, #4176, #2040, #1600, #5, #611, #2607, #4106, #2171, #6164, #5692, #571, #5721, #2643, #3597, #1533, #1053, #1085, #2070, #5186, #109, #1500, #4235, #3153, #2139, #6263, #3562, #5657, #5624, #506, #1629, #3691, #2573, #4718, #4644, #3119, #3055, #6195, #537, #5753, #4141, #1563, #4680, #41, #470, #268, #6336, #5384, #742, #6367, #2243, #2812, #1768, #4813, #3286, #5354, #640, #3256, #3353, #4272, #2845, #1697, #141, #2340, #2744, #5415, #674, #1732, #3760, #4344, #3321, #1156, #1803, #5291, #6297, #3224, #3864, #2713, #4781, #776, #3794 ),
 ( #4882, #4914, #3828, #175, #237, #1661, #2307, #2204, #1256, #4376, #6436, #5816, #5919, #1288, #4311, #5851, #1221, #3725, #710, #6401, #2782, #1185, #5322, #4850, #205, #2273, #5884, #5785, #4950, #6470, #1832, #5448, #3387, #810, #5951, #4413, #2878, #303, #1321, #3898, #2556, #3576, #3470, #1479, #419, #4560, #6654, #934, #357, #486, #964, #1442, #3437, #1920, #5037, #6586, #6622, #2489, #1987, #4054, #6111, #899, #6521, #2521, #2963, #3543, #2423, #1405, #5535, #1953, #390, #5100, #3032, #5002, #1885, #4494, #5605, #1374, #6557, #2022, #4088, #3985, #2930, #6038, #2459, #3065, #4528, #4019, #6075, #5499, #452, #3953, #4591, #3506, #6145, #863, #5571, #1512, #3004, #5071, #5635, #5134, #998, #6007, #6340, #1189, #3133, #2622, #717, #4854, #19, #2786, #52, #3643, #5198, #4692, #3260, #2209, #2247, #5169, #1701, #3325 ),
 ( #3290, #6685, #2082, #5388, #1032, #209, #5360, #3100, #3798, #518, #4277, #4627, #3764, #5821, #679, #2585, #6206, #4658, #4151, #1577, #746, #5703, #5857, #1226, #5328, #551, #2277, #180, #2750, #4820, #4315, #5667, #1065, #1772, #6371, #1263, #4349, #6408, #2052, #3834, #5889, #4119, #6177, #1544, #3607, #6537, #4381, #5016, #1808, #5550, #6443, #371, #4001, #337, #5483, #3870, #1904, #1390, #1326, #2376, #2442, #5923, #3357, #3453, #3971, #3390, #6056, #3935, #5516, #5453, #2346, #2946, #1292, #4417, #5419, #781, #4886, #4441, #4511, #6505, #2848, #6572, #1939, #1425, #2311, #849, #882, #3489, #6024, #6476, #4920, #2816, #274, #1836, #242, #4955, #3902, #5955, #816, #2882, #308, #3424, #1870, #4985, #2913, #5987, #2405, #1358, #4474, #2036, #6092, #1595, #1458, #5117, #4640, #3081, #1, #3019, #1971, #466, #1014, #6128 ) ),
 .UNSPECIFIED., .F., .F., .T. ) 
 B_SPLINE_SURFACE_WITH_KNOTS ( ( 3, 3 ),
 ( 14, 12, 12, 12, 12, 12, 12, 12, 12, 12, 14 ),
 ( 0.000000000000000000, 4.210714926860999796 ),
 ( 63.18568961097300019, 63.76431714103500070, 65.01980634726099595, 66.20810544254798913, 66.80225499019098834, 67.09932976401199767, 67.24786715092299971, 67.32213584437899101, 67.38080210904600165, 67.38928981503599402, 67.39640453783400176 ),
 .UNSPECIFIED. ) 
 GEOMETRIC_REPRESENTATION_ITEM ( )  RATIONAL_B_SPLINE_SURFACE ( (
 ( 1.000000000000000000, 1.000000000001000089, 0.9999999999980000442, 1.000000000006000089, 0.9999999999880000434, 1.000000000016999957, 0.9999999999799999983, 1.000000000018000046, 0.9999999999870000655, 1.000000000008000045, 0.9999999999959999775, 1.000000000001000089, 1.000000000000000000, 1.000000000000000000, 0.9999999999990000221, 1.000000000001999956, 0.9999999999959999775, 1.000000000005000000, 0.9999999999940000217, 1.000000000006000089, 0.9999999999959999775, 1.000000000003000045, 0.9999999999990000221, 1.000000000000000000, 1.000000000000000000, 1.000000000000000000, 1.000000000001999956, 0.9999999999940000217, 1.000000000011999957, 0.9999999999820000651, 1.000000000021999957, 0.9999999999790000205, 1.000000000016000090, 0.9999999999909999771, 1.000000000003999912, 0.9999999999990000221, 1.000000000000000000, 1.000000000000000000, 0.9999999999990000221, 1.000000000003000045, 0.9999999999940000217, 1.000000000010000001, 0.9999999999880000434, 1.000000000011999957, 0.9999999999899999992, 1.000000000006999956, 0.9999999999970000664, 1.000000000001000089, 1.000000000000000000, 1.000000000000000000, 0.9999999999980000442, 1.000000000003999912, 0.9999999999920000660, 1.000000000013000045, 0.9999999999849999988, 1.000000000013999912, 0.9999999999890000213, 1.000000000006999956, 0.9999999999970000664, 1.000000000001000089, 1.000000000000000000, 1.000000000000000000, 1.000000000000000000, 0.9999999999990000221, 1.000000000003000045, 0.9999999999959999775, 1.000000000005000000, 0.9999999999949999996, 1.000000000003999912, 0.9999999999970000664, 1.000000000001000089, 0.9999999999990000221, 1.000000000000000000, 1.000000000000000000, 1.000000000001000089, 0.9999999999980000442, 1.000000000003999912, 0.9999999999940000217, 1.000000000006999956, 0.9999999999930000438, 1.000000000005000000, 0.9999999999970000664, 1.000000000001999956, 0.9999999999990000221, 1.000000000000000000, 1.000000000000000000, 1.000000000000000000, 0.9999999999990000221, 1.000000000001999956, 0.9999999999959999775, 1.000000000005000000, 0.9999999999949999996, 1.000000000003999912, 0.9999999999980000442, 1.000000000001000089, 1.000000000000000000, 1.000000000000000000, 1.000000000000000000, 0.9999999999990000221, 1.000000000001999956, 0.9999999999959999775, 1.000000000006000089, 0.9999999999940000217, 1.000000000006000089, 0.9999999999959999775, 1.000000000001999956, 0.9999999999990000221, 1.000000000000000000, 1.000000000000000000, 1.000000000000000000, 1.000000000000000000, 0.9999999999990000221, 1.000000000001000089, 0.9999999999980000442, 1.000000000001999956, 0.9999999999980000442, 1.000000000001999956, 0.9999999999990000221, 1.000000000001000089, 1.000000000000000000, 1.000000000000000000, 1.000000000000000000),
 ( 0.7071107400219999173, 0.7118700152870000020, 0.7169609680430000243, 0.7223705699419999959, 0.7280850077220000216, 0.7340888526109999868, 0.7403638488479999946, 0.7468873221979999144, 0.7536302071990000906, 0.7605546946779999651, 0.7676114979479999878, 0.7747367390749999583, 0.7818484541879999750, 0.8040186699349999300, 0.8166162163710000144, 0.8310895067229999711, 0.8445315506350000723, 0.8555988627499999666, 0.8680363456180000270, 0.8786554932079999602, 0.8874961812950000750, 0.8975889980350000297, 0.9055201547260000039, 0.9135410554970000430, 0.9208216526689999570, 0.9340666049160000206, 0.9400653319770000405, 0.9456538567739999346, 0.9508600915460000413, 0.9557086843540000265, 0.9602213099770000593, 0.9644169599859999664, 0.9683122339599999906, 0.9719216293729999734, 0.9752578327850000006, 0.9783320099549999149, 0.9811540966999999780, 0.9850225856409999814, 0.9862518857049999976, 0.9874217319620000044, 0.9885328668489999915, 0.9895860328179999499, 0.9905819722950000017, 0.9915214277399999609, 0.9924051415760000161, 0.9932338562620000033, 0.9940083142260000004, 0.9947292579190000206, 0.9953974297759999867, 0.9963216434770000296, 0.9966165958199999508, 0.9968984644570000331, 0.9971672845389999429, 0.9974230912870000187, 0.9976659198020000341, 0.9978958053559999763, 0.9981127830199999496, 0.9983168880589999850, 0.9985081555839999679, 0.9986866208060000139, 0.9988523188849999235, 0.9990817680569999970, 0.9991550617569999737, 0.9992251669470000319, 0.9992920844770000199, 0.9993558151840000736, 0.9994163599330000425, 0.9994737195460000612, 0.9995278948970000021, 0.9995788868080000000, 0.9996266961459999711, 0.9996713237429999399, 0.9997127704560000439, 0.9997701704610000295, 0.9997885083729999289, 0.9998060507299999511, 0.9998227974259999984, 0.9998387482970000351, 0.9998539032809999894, 0.9998682621700000217, 0.9998818249290000182, 0.9998945913519999840, 0.9999065613740000247, 0.9999177348339999272, 0.9999281116229999933, 0.9999452590280000219, 0.9999523292329999258, 0.9999589020860000232, 0.9999649774750000164, 0.9999705552319999580, 0.9999756352799999970, 0.9999802174169999391, 0.9999843015880000019, 0.9999878875919999688, 0.9999909753469999885, 0.9999935646919999588, 0.9999956555100000255, 0.9999974780120000073, 0.9999976979179999725, 0.9999979073860000289, 0.9999981063990001084, 0.9999982949939999477, 0.9999984731119999637, 0.9999986408260000958, 0.9999987980610000049, 0.9999989448820000293, 0.9999990812429999654, 0.9999992071700000151, 0.9999993226510000000, 0.9999995157379999444, 0.9999995964479999611, 0.9999996698220000590, 0.9999997358519999713, 0.9999997945670000554, 0.9999998458980000615, 0.9999998899609999770, 0.9999999266079999671, 0.9999999559890000445, 0.9999999779809999323, 0.9999999926650000592, 1.000000000000000000, 1.000000000000000000),
 ( 1.000000000000000000, 1.000000000001000089, 0.9999999999980000442, 1.000000000006000089, 0.9999999999880000434, 1.000000000016999957, 0.9999999999799999983, 1.000000000018000046, 0.9999999999870000655, 1.000000000008000045, 0.9999999999959999775, 1.000000000001000089, 1.000000000000000000, 1.000000000000000000, 0.9999999999990000221, 1.000000000001999956, 0.9999999999959999775, 1.000000000005000000, 0.9999999999940000217, 1.000000000006000089, 0.9999999999959999775, 1.000000000003000045, 0.9999999999990000221, 1.000000000000000000, 1.000000000000000000, 1.000000000000000000, 1.000000000001999956, 0.9999999999940000217, 1.000000000011999957, 0.9999999999820000651, 1.000000000021999957, 0.9999999999790000205, 1.000000000016000090, 0.9999999999909999771, 1.000000000003999912, 0.9999999999990000221, 1.000000000000000000, 1.000000000000000000, 0.9999999999990000221, 1.000000000003000045, 0.9999999999940000217, 1.000000000010000001, 0.9999999999880000434, 1.000000000011999957, 0.9999999999899999992, 1.000000000006999956, 0.9999999999970000664, 1.000000000001000089, 1.000000000000000000, 1.000000000000000000, 0.9999999999980000442, 1.000000000003999912, 0.9999999999920000660, 1.000000000013000045, 0.9999999999849999988, 1.000000000013999912, 0.9999999999890000213, 1.000000000006999956, 0.9999999999970000664, 1.000000000001000089, 1.000000000000000000, 1.000000000000000000, 1.000000000000000000, 0.9999999999990000221, 1.000000000003000045, 0.9999999999959999775, 1.000000000005000000, 0.9999999999949999996, 1.000000000003999912, 0.9999999999970000664, 1.000000000001000089, 0.9999999999990000221, 1.000000000000000000, 1.000000000000000000, 1.000000000001000089, 0.9999999999980000442, 1.000000000003999912, 0.9999999999940000217, 1.000000000006999956, 0.9999999999930000438, 1.000000000005000000, 0.9999999999970000664, 1.000000000001999956, 0.9999999999990000221, 1.000000000000000000, 1.000000000000000000, 1.000000000000000000, 0.9999999999990000221, 1.000000000001999956, 0.9999999999959999775, 1.000000000005000000, 0.9999999999949999996, 1.000000000003999912, 0.9999999999980000442, 1.000000000001000089, 1.000000000000000000, 1.000000000000000000, 1.000000000000000000, 0.9999999999990000221, 1.000000000001999956, 0.9999999999959999775, 1.000000000006000089, 0.9999999999940000217, 1.000000000006000089, 0.9999999999959999775, 1.000000000001999956, 0.9999999999990000221, 1.000000000000000000, 1.000000000000000000, 1.000000000000000000, 1.000000000000000000, 0.9999999999990000221, 1.000000000001000089, 0.9999999999980000442, 1.000000000001999956, 0.9999999999980000442, 1.000000000001999956, 0.9999999999990000221, 1.000000000001000089, 1.000000000000000000, 1.000000000000000000, 1.000000000000000000) ) ) 
 REPRESENTATION_ITEM ( '' )  SURFACE ( )  );
#1058 = CARTESIAN_POINT ( 'NONE',  ( 2.832337209942999756, 3.000000000000000000, -69.65551667206999298 ) ) ;
#1059 = CARTESIAN_POINT ( 'NONE',  ( 69.57814908794800601, 12.09402010535700001, -3.645430415043999783 ) ) ;
#1060 = ORIENTED_EDGE ( 'NONE', *, *, #4045, .T. ) ;
#1061 = EDGE_LOOP ( 'NONE', ( #3973, #544 ) ) ;
#1062 = CARTESIAN_POINT ( 'NONE',  ( 25.87694182379933849, 1.640499428341106736, -34.34200492970492746 ) ) ;
#1063 = CARTESIAN_POINT ( 'NONE',  ( 47.54377101635200376, 11.00000000000000000, 12.32233084869299944 ) ) ;
#1064 = CARTESIAN_POINT ( 'NONE',  ( 25.88877056550000333, 6.848560525618999453E-05, -30.22749349325000168 ) ) ;
#1065 = CARTESIAN_POINT ( 'NONE',  ( 26.66098947442302247, 0.1095437662889998942, -31.59552796275001896 ) ) ;
#1066 = CARTESIAN_POINT ( 'NONE',  ( 18.04285487668899890, 8.983677343196999843, -27.01441118932000052 ) ) ;
#1067 = B_SPLINE_CURVE_WITH_KNOTS ( 'NONE', 10,
 ( #5395, #2283, #1741, #1232, #3295, #2821, #5368, #2793, #2351, #6481, #4287 ),
 .UNSPECIFIED., .F., .F.,
 ( 11, 11 ),
 ( 9.437403464742001091, 14.66711718712200074 ),
 .UNSPECIFIED. ) ;
#1068 = CARTESIAN_POINT ( 'NONE',  ( 35.81403155875700151, 1.967059813480000015E-06, -1.652597567386000055 ) ) ;
#1069 = ORIENTED_EDGE ( 'NONE', *, *, #5236, .F. ) ;
#1070 = DIRECTION ( 'NONE',  ( 0.6427876096867990441, 0.000000000000000000, 0.7660444431187601877 ) ) ;
#1071 = ORIENTED_EDGE ( 'NONE', *, *, #2003, .T. ) ;
#1072 = CARTESIAN_POINT ( 'NONE',  ( 17.52824758467199828, 10.80000000000000071, -26.54926176129000126 ) ) ;
#1073 = CARTESIAN_POINT ( 'NONE',  ( 4.611113593489999829, -1.199999999999999935E-14, -52.50064691917999937 ) ) ;
#1074 = CARTESIAN_POINT ( 'NONE',  ( 35.81548503886500612, 2.318594676031998238E-05, -1.641764449750002131 ) ) ;
#1075 = CARTESIAN_POINT ( 'NONE',  ( 35.88920133601499884, 9.030772493913000076, 0.7665413023020000161 ) ) ;
#1076 = CARTESIAN_POINT ( 'NONE',  ( 70.21696222634099627, 1.500000000000000000, -3.439217309890000074 ) ) ;
#1077 = CARTESIAN_POINT ( 'NONE',  ( -3.167662790056999800, 5.646446609406999606, -110.0914846093999984 ) ) ;
#1078 = VECTOR ( 'NONE', #4518, 1000.000000000000000 ) ;
#1079 = ORIENTED_EDGE ( 'NONE', *, *, #1392, .F. ) ;
#1080 = DIRECTION ( 'NONE',  ( 0.000000000000000000, 1.000000000000000000, 0.000000000000000000 ) ) ;
#1081 = CARTESIAN_POINT ( 'NONE',  ( 20.68775344203898925, 9.324900602290002283, -27.79470544441000257 ) ) ;
#1082 = EDGE_LOOP ( 'NONE', ( #424, #4083, #1198, #6327 ) ) ;
#1083 = AXIS2_PLACEMENT_3D ( 'NONE', #2685, #5696, #114 ) ;
#1084 = CARTESIAN_POINT ( 'NONE',  ( 6.726688547239000115, 5.150889679262999898, -62.38449501951999565 ) ) ;
#1085 = CARTESIAN_POINT ( 'NONE',  ( 25.85045648769600035, 0.007754392995160001856, -30.55002060711000667 ) ) ;
#1086 = CARTESIAN_POINT ( 'NONE',  ( 40.07817436479899698, 0.000000000000000000, -37.02364028001999685 ) ) ;
#1087 = EDGE_CURVE ( 'NONE', #5096, #4477, #1975, .T. ) ;
#1088 = CARTESIAN_POINT ( 'NONE',  ( 5.332337209943000644, 3.353553390593000394, -110.7985913904999933 ) ) ;
#1089 = ADVANCED_FACE ( 'NONE', ( #3428 ), #5489, .T. ) ;
#1090 = CARTESIAN_POINT ( 'NONE',  ( 66.48315815219820024, 1.500000000000000000, -0.1103725949889475949 ) ) ;
#1091 = CARTESIAN_POINT ( 'NONE',  ( 70.08696737980099556, 11.23283816455299977, -3.594139135273000107 ) ) ;
#1092 = EDGE_LOOP ( 'NONE', ( #5127, #4664, #125, #5902 ) ) ;
#1093 = VERTEX_POINT ( 'NONE', #2917 ) ;
#1094 = CARTESIAN_POINT ( 'NONE',  ( 25.87568197898307787, 1.606879733330942139, -34.31636265812333164 ) ) ;
#1095 = DIRECTION ( 'NONE',  ( -0.6427876096867990441, 0.000000000000000000, -0.7660444431187601877 ) ) ;
#1096 = APPROVAL_PERSON_ORGANIZATION ( #3504, #4912, #6620 ) ;
#1097 = CARTESIAN_POINT ( 'NONE',  ( 25.86893168726999903, -8.349000000000000573E-14, -30.19187007932999833 ) ) ;
#1098 = CIRCLE ( 'NONE', #4784, 0.7500000000000006661 ) ;
#1099 = DIRECTION ( 'NONE',  ( -8.151047275717169312E-17, -1.000000000000000000, 2.883954076276755115E-16 ) ) ;
#1100 = ORIENTED_EDGE ( 'NONE', *, *, #1224, .T. ) ;
#1101 = CYLINDRICAL_SURFACE ( 'NONE', #278, 1.500000000000000000 ) ;
#1103 = ORIENTED_EDGE ( 'NONE', *, *, #4655, .F. ) ;
#1102 = EDGE_CURVE ( 'NONE', #5487, #2688, #4006, .T. ) ;
#1104 = CARTESIAN_POINT ( 'NONE',  ( 70.53835603118399433, 8.881784197000999888E-16, -3.056195088329999976 ) ) ;
#1105 = LINE ( 'NONE', #4735, #4729 ) ;
#1106 = AXIS2_PLACEMENT_3D ( 'NONE', #3926, #1214, #3348 ) ;
#1107 = DIRECTION ( 'NONE',  ( -0.07974594384743588504, -2.192993485783336145E-16, -0.9968152208106985102 ) ) ;
#1108 = DIRECTION ( 'NONE',  ( 0.000000000000000000, 1.000000000000000000, 0.000000000000000000 ) ) ;
#1109 = CARTESIAN_POINT ( 'NONE',  ( 36.06634425279998624, 0.3314740802480001802, 0.1313239840909998790 ) ) ;
#1110 = CARTESIAN_POINT ( 'NONE',  ( 35.50472864506799908, 9.254421012739998176, 0.3083445916120000074 ) ) ;
#1111 = CARTESIAN_POINT ( 'NONE',  ( 69.87028915267400464, 1.063079855645999938, -3.771050756063999643 ) ) ;
#1112 = CARTESIAN_POINT ( 'NONE',  ( 40.46384693061100535, 0.5999999999999999778, -36.56401361414999940 ) ) ;
#1113 = ORIENTED_EDGE ( 'NONE', *, *, #5032, .F. ) ;
#1114 = DIRECTION ( 'NONE',  ( 1.000000000000000000, 0.000000000000000000, 0.000000000000000000 ) ) ;
#1115 = CARTESIAN_POINT ( 'NONE',  ( -3.167662790056999800, 3.853553390593000394, -110.5914846093999984 ) ) ;
#1116 = ORIENTED_EDGE ( 'NONE', *, *, #5202, .T. ) ;
#1117 = CARTESIAN_POINT ( 'NONE',  ( 24.83324533220999797, 9.000000000000000000, -8.513034448850998359 ) ) ;
#1118 = CARTESIAN_POINT ( 'NONE',  ( 25.76888298555600088, 0.3615298997390000157, -32.53459970987999839 ) ) ;
#1119 = DIRECTION ( 'NONE',  ( 0.7660444431187601877, 0.000000000000000000, -0.6427876096867990441 ) ) ;
#1120 = DIRECTION ( 'NONE',  ( 0.000000000000000000, 1.000000000000000000, 0.000000000000000000 ) ) ;
#1121 = CARTESIAN_POINT ( 'NONE',  ( 37.38122899133600185, 1.350080506737000086, 2.533711060678999871 ) ) ;
#1122 = CARTESIAN_POINT ( 'NONE',  ( 68.58667600465899739, 12.49308794550599977, -3.506729519882999746 ) ) ;
#1123 = ORIENTED_EDGE ( 'NONE', *, *, #4953, .T. ) ;
#1124 = VERTEX_POINT ( 'NONE', #6543 ) ;
#1125 = CARTESIAN_POINT ( 'NONE',  ( 25.76459327909421404, 0.4811284645764440371, -32.85271211856989737 ) ) ;
#1126 = VECTOR ( 'NONE', #1163, 1000.000000000000000 ) ;
#1127 = DIRECTION ( 'NONE',  ( 0.7660444431187605208, 0.000000000000000000, -0.6427876096867986000 ) ) ;
#1128 = DIRECTION ( 'NONE',  ( -0.7660444431187601877, 0.000000000000000000, 0.6427876096867989331 ) ) ;
#1129 = AXIS2_PLACEMENT_3D ( 'NONE', #2067, #3526, #2537 ) ;
#1130 = CARTESIAN_POINT ( 'NONE',  ( 3.721211210568998951, 8.929544719518000662, -107.5154932804000083 ) ) ;
#1131 = ORIENTED_EDGE ( 'NONE', *, *, #2497, .T. ) ;
#1132 = EDGE_CURVE ( 'NONE', #2418, #1990, #2982, .T. ) ;
#1133 = DIRECTION ( 'NONE',  ( -0.000000000000000000, 1.000000000000000000, 0.000000000000000000 ) ) ;
#1134 = ADVANCED_FACE ( 'NONE', ( #5522, #886, #5021, #4515, #2991 ), #6095, .T. ) ;
#1135 = ORIENTED_EDGE ( 'NONE', *, *, #6432, .F. ) ;
#1136 = DIRECTION ( 'NONE',  ( 0.6427876096867995992, 0.000000000000000000, 0.7660444431187596326 ) ) ;
#1137 = AXIS2_PLACEMENT_3D ( 'NONE', #3702, #119, #1127 ) ;
#1138 = ADVANCED_BREP_SHAPE_REPRESENTATION ( 'tibia (1).step_Default_sldprt.step_Default_sldprt', ( #750, #3045 ), #1418 ) ;
#1139 = DIRECTION ( 'NONE',  ( 0.6427876096867958244, 0.000000000000000000, 0.7660444431187628522 ) ) ;
#1140 = AXIS2_PLACEMENT_3D ( 'NONE', #6396, #171, #636 ) ;
#1141 = DIRECTION ( 'NONE',  ( 0.6334076177927109308, 1.699999999999219288E-16, 0.7738183182906457347 ) ) ;
#1142 = CARTESIAN_POINT ( 'NONE',  ( 67.02952762043200607, 1.500000000000000000, 0.5407651816620000496 ) ) ;
#1143 = EDGE_CURVE ( 'NONE', #4385, #3819, #1628, .T. ) ;
#1144 = CARTESIAN_POINT ( 'NONE',  ( 35.81483203732100407, 7.472005759229999116E-06, -1.648225277966999247 ) ) ;
#1145 = CARTESIAN_POINT ( 'NONE',  ( 32.72198397172800099, 10.26930440334900041, -3.008001370114000039 ) ) ;
#1146 = CIRCLE ( 'NONE', #5149, 1.999999999999997335 ) ;
#1147 = CARTESIAN_POINT ( 'NONE',  ( 40.46384693061100535, 0.4653603196309999968, -36.56401361414999940 ) ) ;
#1148 = CARTESIAN_POINT ( 'NONE',  ( 40.16471908311300609, 12.50000000000000000, -36.92050030104999792 ) ) ;
#1149 = ORIENTED_EDGE ( 'NONE', *, *, #1842, .F. ) ;
#1150 = CIRCLE ( 'NONE', #1262, 2.000000000000000888 ) ;
#1151 = CARTESIAN_POINT ( 'NONE',  ( 12.85122850833000108, 6.000000000000000000, -50.37162072637000421 ) ) ;
#1152 = CARTESIAN_POINT ( 'NONE',  ( 40.64873218076000683, 11.00000000000000000, -38.67726169336000197 ) ) ;
#1153 = ORIENTED_EDGE ( 'NONE', *, *, #5404, .T. ) ;
#1154 = AXIS2_PLACEMENT_3D ( 'NONE', #3761, #6337, #2274 ) ;
#1155 = CARTESIAN_POINT ( 'NONE',  ( 40.32442362450899509, -0.01262247003474000102, -37.18837032873000226 ) ) ;
#1156 = CARTESIAN_POINT ( 'NONE',  ( 25.87100525696497755, 1.371681477290000333E-06, -30.19556961275000262 ) ) ;
#1157 = CARTESIAN_POINT ( 'NONE',  ( 4.827714977881999658, 9.000000000000000000, -50.00998780169000213 ) ) ;
#1158 = FACE_OUTER_BOUND ( 'NONE', #818, .T. ) ;
#1159 = CARTESIAN_POINT ( 'NONE',  ( 18.74067659610600245, 8.953866360295000604, -27.68037361530999974 ) ) ;
#1160 = CARTESIAN_POINT ( 'NONE',  ( 69.62809873014199979, 12.10888813366999983, -3.532535447614999935 ) ) ;
#1161 = EDGE_LOOP ( 'NONE', ( #4476, #2571, #4697, #6245, #5866, #2417, #6589, #3734, #117, #6072, #5058, #1593, #2454, #2818 ) ) ;
#1162 = VERTEX_POINT ( 'NONE', #5752 ) ;
#1163 = DIRECTION ( 'NONE',  ( 0.000000000000000000, -1.000000000000000000, 0.000000000000000000 ) ) ;
#1164 = DIRECTION ( 'NONE',  ( -0.6427876096867978228, 0.000000000000000000, -0.7660444431187611869 ) ) ;
#1165 = CARTESIAN_POINT ( 'NONE',  ( 25.87808254923499973, 1.504026378552000120E-05, -30.20843493263999946 ) ) ;
#1166 = DIRECTION ( 'NONE',  ( 8.450200795878939930E-17, -1.000000000000000000, 1.804230832251239943E-16 ) ) ;
#1167 = ORIENTED_EDGE ( 'NONE', *, *, #3368, .F. ) ;
#1168 = CARTESIAN_POINT ( 'NONE',  ( 35.82975752044397666, 7.061231226400005408E-07, -1.655902683764000072 ) ) ;
#1169 = VERTEX_POINT ( 'NONE', #3086 ) ;
#1170 = CYLINDRICAL_SURFACE ( 'NONE', #805, 2.000000000000000888 ) ;
#1171 = ORIENTED_EDGE ( 'NONE', *, *, #216, .T. ) ;
#1172 = ADVANCED_FACE ( 'NONE', ( #985 ), #6220, .T. ) ;
#1173 = CARTESIAN_POINT ( 'NONE',  ( -2.667662790057000244, 3.353553390593000394, -110.7985913904999933 ) ) ;
#1174 = CARTESIAN_POINT ( 'NONE',  ( 35.81541658250000637, 2.113374766055001351E-05, -1.642441740848999965 ) ) ;
#1175 = CARTESIAN_POINT ( 'NONE',  ( 37.71190968237299757, 2.145601232949998050, 2.938760522325000402 ) ) ;
#1176 = CARTESIAN_POINT ( 'NONE',  ( 69.00303607273200157, 0.4322099549730000212, -3.989566944067999721 ) ) ;
#1177 = DIRECTION ( 'NONE',  ( -0.9078645223467951553, 0.000000000000000000, 0.4192636510169055475 ) ) ;
#1178 = ORIENTED_EDGE ( 'NONE', *, *, #4748, .T. ) ;
#1179 = DIRECTION ( 'NONE',  ( 0.000000000000000000, 1.000000000000000000, 0.000000000000000000 ) ) ;
#1180 = DIRECTION ( 'NONE',  ( 9.913373392687829487E-17, 1.000000000000000000, 0.000000000000000000 ) ) ;
#1181 = CARTESIAN_POINT ( 'NONE',  ( 40.07817436479899698, 12.50000000000000000, -37.02364028001999685 ) ) ;
#1182 = ORIENTED_EDGE ( 'NONE', *, *, #1259, .T. ) ;
#1183 = ADVANCED_FACE ( 'NONE', ( #5691 ), #3054, .F. ) ;
#1184 = CARTESIAN_POINT ( 'NONE',  ( 40.74284989908700538, 0.1508604032439999909, -37.18521419166999920 ) ) ;
#1185 = CARTESIAN_POINT ( 'NONE',  ( 26.48756307230298290, 0.7692902565189995157, -32.61955350186997293 ) ) ;
#1186 = FACE_OUTER_BOUND ( 'NONE', #6649, .T. ) ;
#1187 = DIRECTION ( 'NONE',  ( -0.6334076177927097095, -1.699999999999219041E-16, -0.7738183182906466229 ) ) ;
#1188 = DIRECTION ( 'NONE',  ( 0.000000000000000000, -1.000000000000000000, 0.000000000000000000 ) ) ;
#1189 = CARTESIAN_POINT ( 'NONE',  ( 25.87061400786300780, 8.364376004490001469E-06, -30.20032690765002670 ) ) ;
#1190 = CARTESIAN_POINT ( 'NONE',  ( 69.29774002288199597, 11.74285871926599967, -4.015187126998000622 ) ) ;
#1191 = ORIENTED_EDGE ( 'NONE', *, *, #276, .T. ) ;
#1192 = ORIENTED_EDGE ( 'NONE', *, *, #5404, .F. ) ;
#1193 = CARTESIAN_POINT ( 'NONE',  ( 19.95578606235798702, 9.304679608061999119, -27.02258531783998308 ) ) ;
#1194 = CARTESIAN_POINT ( 'NONE',  ( 37.75269439494999801, 1.703989640205000100, 2.987365850061999950 ) ) ;
#1195 = CIRCLE ( 'NONE', #121, 1.499999999999999778 ) ;
#1196 = DIRECTION ( 'NONE',  ( -0.6427876096867990441, 0.000000000000000000, -0.7660444431187601877 ) ) ;
#1197 = CARTESIAN_POINT ( 'NONE',  ( 39.13329164899599988, -6.979999999999999825E-15, -31.41518883086000358 ) ) ;
#1198 = ORIENTED_EDGE ( 'NONE', *, *, #63, .F. ) ;
#1199 = CARTESIAN_POINT ( 'NONE',  ( 35.81409185408503504, 8.570773215139999398E-06, -1.648143999925998138 ) ) ;
#1200 = VERTEX_POINT ( 'NONE', #1117 ) ;
#1201 = CARTESIAN_POINT ( 'NONE',  ( 27.57759995228300198, 8.881784197000999888E-16, -23.14035394871000051 ) ) ;
#1202 = CARTESIAN_POINT ( 'NONE',  ( 37.26316060344099412, 11.00000000000000000, -36.48913347616999658 ) ) ;
#1203 = CARTESIAN_POINT ( 'NONE',  ( -11.00000000000000000, 4.500000000000000000, -107.7500000000000000 ) ) ;
#1204 = PRODUCT_DEFINITION_FORMATION_WITH_SPECIFIED_SOURCE ( 'ANY', '', #4264, .NOT_KNOWN. ) ;
#1205 = CARTESIAN_POINT ( 'NONE',  ( 35.81390662777997846, 2.043000000000001682E-14, -1.656371155234998671 ) ) ;
#1206 = CARTESIAN_POINT ( 'NONE',  ( 30.63309695945099875, 10.65050438941599964, -5.497439971519000323 ) ) ;
#1207 = CARTESIAN_POINT ( 'NONE',  ( 69.98570901614898787, 0.9378806389770000251, -3.622746622109000114 ) ) ;
#1208 = ADVANCED_FACE ( 'NONE', ( #4750 ), #4, .F. ) ;
#1209 = EDGE_CURVE ( 'NONE', #2045, #5041, #1240, .T. ) ;
#1210 = TOROIDAL_SURFACE ( 'NONE', #235, 2.600000000000000089, 0.5999999999999999778 ) ;
#1211 = CARTESIAN_POINT ( 'NONE',  ( 40.43212249711600492, 12.49308794550799995, -37.06001981038000537 ) ) ;
#1212 = VERTEX_POINT ( 'NONE', #6262 ) ;
#1213 = CARTESIAN_POINT ( 'NONE',  ( 17.52824758467199828, 9.000000000000000000, -26.54926176129000126 ) ) ;
#1214 = DIRECTION ( 'NONE',  ( 0.000000000000000000, 1.000000000000000000, 0.000000000000000000 ) ) ;
#1215 = AXIS2_PLACEMENT_3D ( 'NONE', #264, #943, #6083 ) ;
#1216 = CARTESIAN_POINT ( 'NONE',  ( 20.64227504627200105, -8.000000000000000622E-15, -34.63663894529000231 ) ) ;
#1217 = EDGE_LOOP ( 'NONE', ( #820, #5251, #5148, #4835, #4823 ) ) ;
#1218 = EDGE_CURVE ( 'NONE', #4565, #5019, #3187, .T. ) ;
#1219 = EDGE_CURVE ( 'NONE', #984, #6539, #3850, .T. ) ;
#1220 = FACE_OUTER_BOUND ( 'NONE', #504, .T. ) ;
#1221 = CARTESIAN_POINT ( 'NONE',  ( 26.62478975380801671, 1.133518040729999843, -32.96828668368001303 ) ) ;
#1222 = DIRECTION ( 'NONE',  ( -0.6334076177927091544, -1.699999999999220274E-16, -0.7738183182906471780 ) ) ;
#1223 = CARTESIAN_POINT ( 'NONE',  ( 4.403739540106999861, 0.5865012556630000429, -108.0315392555999949 ) ) ;
#1224 = EDGE_CURVE ( 'NONE', #3197, #3629, #3724, .T. ) ;
#1225 = CARTESIAN_POINT ( 'NONE',  ( 16.02049146774800192, 9.000000000000000000, -30.78915226599000121 ) ) ;
#1226 = CARTESIAN_POINT ( 'NONE',  ( 27.15881584278699989, 0.2989168458109999760, -32.44967188896000465 ) ) ;
#1227 = CARTESIAN_POINT ( 'NONE',  ( 68.59743423600799872, 11.67499999999999893, -3.952106991891999321 ) ) ;
#1228 = ORIENTED_EDGE ( 'NONE', *, *, #3743, .F. ) ;
#1229 = B_SPLINE_CURVE_WITH_KNOTS ( 'NONE', 7,
 ( #4103, #1530, #5654, #3770, #3804, #5828, #5335, #4289 ),
 .UNSPECIFIED., .F., .F.,
 ( 8, 8 ),
 ( 0.000000000000000000, 1.000000000000000000 ),
 .UNSPECIFIED. ) ;
#1230 = ORIENTED_EDGE ( 'NONE', *, *, #6352, .F. ) ;
#1231 = CARTESIAN_POINT ( 'NONE',  ( 67.02952762043200607, 1.500000000000000000, 0.5407651816620000496 ) ) ;
#1232 = CARTESIAN_POINT ( 'NONE',  ( 4.038391062852999980, 0.3605477073499999685, -107.8055857072999970 ) ) ;
#1233 = CARTESIAN_POINT ( 'NONE',  ( 4.810478453107999819, 1.500000000000000000, -50.00860886715000220 ) ) ;
#1234 = CARTESIAN_POINT ( 'NONE',  ( 14.62094954563200133, 3.000000000000000000, -20.09507025341000030 ) ) ;
#1235 = ORIENTED_EDGE ( 'NONE', *, *, #2136, .F. ) ;
#1236 = ORIENTED_EDGE ( 'NONE', *, *, #4879, .T. ) ;
#1237 = LINE ( 'NONE', #3915, #3512 ) ;
#1238 = CIRCLE ( 'NONE', #1997, 1.500000000000002887 ) ;
#1239 = CARTESIAN_POINT ( 'NONE',  ( 67.02952762043200607, 1.500000000000000000, 0.5407651816620000496 ) ) ;
#1240 = B_SPLINE_CURVE_WITH_KNOTS ( 'NONE', 7,
 ( #6672, #3152, #6233, #5121, #6131, #4205, #1598, #469, #1084, #4139, #2642, #2543, #3561, #505, #4614, #2069, #6194, #2039, #536, #5259, #4105, #3632, #5222, #3660, #6163, #4717, #40, #2572, #1018, #4643, #78, #1562, #1052, #5185, #2606, #3690, #2138, #2100 ),
 .UNSPECIFIED., .F., .F.,
 ( 8, 6, 6, 6, 6, 6, 8 ),
 ( 0.000000000000000000, 0.1398430782729880029, 0.2452423184189789773, 0.3548062393189695407, 0.3988176097889660210, 0.4292352965549630084, 0.5001274425319570671 ),
 .UNSPECIFIED. ) ;
#1241 = CARTESIAN_POINT ( 'NONE',  ( 37.23966428440202492, 1.652771073436002380, 2.412436945677998601 ) ) ;
#1242 = CARTESIAN_POINT ( 'NONE',  ( 37.87177507382500607, 1.912317506910999887, 3.129280676920000115 ) ) ;
#1243 = DIRECTION ( 'NONE',  ( -0.000000000000000000, 1.000000000000000000, 0.000000000000000000 ) ) ;
#1244 = CIRCLE ( 'NONE', #3515, 29.99999999999999645 ) ;
#1245 = AXIS2_PLACEMENT_3D ( 'NONE', #684, #3363, #722 ) ;
#1246 = CARTESIAN_POINT ( 'NONE',  ( 35.81409652038400537, 9.276852713570000610E-06, -1.647799134750999928 ) ) ;
#1247 = VERTEX_POINT ( 'NONE', #775 ) ;
#1248 = CARTESIAN_POINT ( 'NONE',  ( 22.72750926798499904, 10.80000000000000071, -29.51390295899999927 ) ) ;
#1249 = DIRECTION ( 'NONE',  ( -1.000000000000000000, 0.000000000000000000, 0.000000000000000000 ) ) ;
#1250 = AXIS2_PLACEMENT_3D ( 'NONE', #6061, #1943, #2410 ) ;
#1251 = TOROIDAL_SURFACE ( 'NONE', #4281, 2.500000000000000000, 1.500000000000000000 ) ;
#1252 = CARTESIAN_POINT ( 'NONE',  ( 37.69260015160099897, 6.166709948051999568, 3.053098811051000006 ) ) ;
#1253 = EDGE_LOOP ( 'NONE', ( #3442, #3329, #3836, #2719, #24, #6608, #1012, #5229, #6041, #2915, #828, #4192, #2202, #6151, #928, #1153, #1182, #2581, #2386 ) ) ;
#1254 = AXIS2_PLACEMENT_3D ( 'NONE', #3102, #6311, #2118 ) ;
#1255 = FACE_OUTER_BOUND ( 'NONE', #5969, .T. ) ;
#1256 = CARTESIAN_POINT ( 'NONE',  ( 26.88746788787799247, 1.711122507207000432, -33.19377848834997025 ) ) ;
#1257 = CARTESIAN_POINT ( 'NONE',  ( 54.31756451524299933, 0.5999999999999999778, 8.727094885033999105 ) ) ;
#1258 = CYLINDRICAL_SURFACE ( 'NONE', #3696, 0.5000000000000004441 ) ;
#1259 = EDGE_CURVE ( 'NONE', #172, #5019, #1287, .T. ) ;
#1260 = EDGE_CURVE ( 'NONE', #1247, #984, #2203, .T. ) ;
#1261 = FACE_OUTER_BOUND ( 'NONE', #3302, .T. ) ;
#1262 = AXIS2_PLACEMENT_3D ( 'NONE', #2545, #4207, #6 ) ;
#1263 = CARTESIAN_POINT ( 'NONE',  ( 26.52427196774502960, 0.07493827639839005517, -31.35565630764000744 ) ) ;
#1264 = CARTESIAN_POINT ( 'NONE',  ( -3.021216180649999750, 5.292893218813000011, -110.9450379999999967 ) ) ;
#1265 = VERTEX_POINT ( 'NONE', #4375 ) ;
#1266 = EDGE_LOOP ( 'NONE', ( #4650, #1811, #2925, #4308 ) ) ;
#1267 = CARTESIAN_POINT ( 'NONE',  ( 4.730732509261000196, 7.500000000000000000, -51.00542408796000160 ) ) ;
#1268 = ADVANCED_FACE ( 'NONE', ( #1255 ), #709, .F. ) ;
#1269 = FACE_OUTER_BOUND ( 'NONE', #3327, .T. ) ;
#1270 = CYLINDRICAL_SURFACE ( 'NONE', #3894, 0.4999999999999995559 ) ;
#1271 = CARTESIAN_POINT ( 'NONE',  ( 35.81397609183100172, 0.000000000000000000, -1.656694392998999898 ) ) ;
#1272 = CARTESIAN_POINT ( 'NONE',  ( 28.39720085809200256, 1.500000000000000000, -34.27133908115000338 ) ) ;
#1273 = ORIENTED_EDGE ( 'NONE', *, *, #6399, .F. ) ;
#1274 = VERTEX_POINT ( 'NONE', #4913 ) ;
#1275 = EDGE_CURVE ( 'NONE', #6398, #2280, #5850, .T. ) ;
#1276 = CARTESIAN_POINT ( 'NONE',  ( -11.00000000000000000, 4.500000000000000000, -98.00000000000000000 ) ) ;
#1277 = CARTESIAN_POINT ( 'NONE',  ( 29.06164739252279716, 9.500000000000000000, -29.15035421452905240 ) ) ;
#1278 = CARTESIAN_POINT ( 'NONE',  ( 35.81550783822599726, 5.306330487900002651E-06, -1.648644872740998579 ) ) ;
#1279 = CARTESIAN_POINT ( 'NONE',  ( 38.04107226091799987, 2.337307891957000283, 3.331041207854000152 ) ) ;
#1280 = DIRECTION ( 'NONE',  ( 0.000000000000000000, 0.000000000000000000, -1.000000000000000000 ) ) ;
#1281 = CARTESIAN_POINT ( 'NONE',  ( 35.81409185408500662, 8.570773215139999398E-06, -1.648143999925999914 ) ) ;
#1282 = VERTEX_POINT ( 'NONE', #2811 ) ;
#1283 = DIRECTION ( 'NONE',  ( -0.8482279400748736764, -1.199999999999819572E-16, -0.5296313450659208000 ) ) ;
#1284 = FACE_OUTER_BOUND ( 'NONE', #4533, .T. ) ;
#1285 = CARTESIAN_POINT ( 'NONE',  ( -2.013452176267999771, 0.5036120881029999552, -107.6592374056999972 ) ) ;
#1286 = CARTESIAN_POINT ( 'NONE',  ( 39.17827171123799701, -2.199999999999999757E-16, -38.09610250039000334 ) ) ;
#1287 = LINE ( 'NONE', #6296, #598 ) ;
#1288 = CARTESIAN_POINT ( 'NONE',  ( 26.73355379590100611, 1.408046281437000946, -33.12000888214001293 ) ) ;
#1289 = DIRECTION ( 'NONE',  ( 0.6427876096867990441, 0.000000000000000000, 0.7660444431187601877 ) ) ;
#1290 = CARTESIAN_POINT ( 'NONE',  ( 4.678126596153999728, 0.5036120881020000883, -107.6592374056999972 ) ) ;
#1291 = CARTESIAN_POINT ( 'NONE',  ( -11.00000000000000000, 4.500000000000000000, -80.00000000000000000 ) ) ;
#1292 = CARTESIAN_POINT ( 'NONE',  ( 25.94426118218200017, 0.0009943552044424999736, -30.32643591497000202 ) ) ;
#1293 = CARTESIAN_POINT ( 'NONE',  ( 70.07306638737600224, 11.21682204610299927, -3.610705692934999878 ) ) ;
#1294 = ORIENTED_EDGE ( 'NONE', *, *, #4707, .F. ) ;
#1295 = ORIENTED_EDGE ( 'NONE', *, *, #583, .F. ) ;
#1296 = ADVANCED_FACE ( 'NONE', ( #1220 ), #2304, .F. ) ;
#1297 = DIRECTION ( 'NONE',  ( 0.7738183182906461788, -1.393496759143363030E-16, -0.6334076177927103757 ) ) ;
#1298 = EDGE_CURVE ( 'NONE', #6001, #4384, #4966, .T. ) ;
#1299 = CARTESIAN_POINT ( 'NONE',  ( 69.36992873719799491, 12.30172709880700133, -3.462763421805000075 ) ) ;
#1300 = CARTESIAN_POINT ( 'NONE',  ( 39.13329164899599988, 3.000000000000000000, -31.41518883086000358 ) ) ;
#1301 = CARTESIAN_POINT ( 'NONE',  ( -2.667662790057000244, 3.353553390593000394, -110.7985913904999933 ) ) ;
#1302 = CARTESIAN_POINT ( 'NONE',  ( 7.015395413619009091, 4.185799822169049555, -61.31372533818999671 ) ) ;
#1303 = ORIENTED_EDGE ( 'NONE', *, *, #6312, .T. ) ;
#1304 = VERTEX_POINT ( 'NONE', #1320 ) ;
#1305 = CIRCLE ( 'NONE', #760, 0.8499999999999994227 ) ;
#1306 = DIRECTION ( 'NONE',  ( 0.000000000000000000, 1.000000000000000000, 0.000000000000000000 ) ) ;
#1307 = CARTESIAN_POINT ( 'NONE',  ( 27.20249008635002497, 5.999999999999999112, -33.26885771320997520 ) ) ;
#1308 = CARTESIAN_POINT ( 'NONE',  ( 35.81518594250401577, 3.324209548739999522E-06, -1.650336445527000429 ) ) ;
#1309 = CARTESIAN_POINT ( 'NONE',  ( 21.40699115255599949, 9.000000000000000000, -30.62452470882000100 ) ) ;
#1310 = EDGE_CURVE ( 'NONE', #5488, #2455, #4471, .T. ) ;
#1311 = LINE ( 'NONE', #1856, #68 ) ;
#1312 = CARTESIAN_POINT ( 'NONE',  ( 35.81397609183100172, 0.000000000000000000, -1.656694392998999898 ) ) ;
#1313 = EDGE_LOOP ( 'NONE', ( #1360, #4523, #5552, #2145 ) ) ;
#1314 = AXIS2_PLACEMENT_3D ( 'NONE', #732, #4869, #223 ) ;
#1315 = CARTESIAN_POINT ( 'NONE',  ( 21.59273063543898630, 9.289372712686997602, -28.56171062696001073 ) ) ;
#1316 = CARTESIAN_POINT ( 'NONE',  ( 2.319995106579999966, 9.000000000000000000, -46.73129330573999596 ) ) ;
#1317 = CARTESIAN_POINT ( 'NONE',  ( -3.167662790056999800, 2.527893841522999896, -109.3445095068000086 ) ) ;
#1318 = AXIS2_PLACEMENT_3D ( 'NONE', #6329, #1080, #5812 ) ;
#1319 = CARTESIAN_POINT ( 'NONE',  ( 59.36908318924299977, 9.500000000000000000, 6.968641278527000438 ) ) ;
#1320 = CARTESIAN_POINT ( 'NONE',  ( 5.685890600533999972, 3.707106781186999989, -110.9450379999999967 ) ) ;
#1321 = CARTESIAN_POINT ( 'NONE',  ( 26.10177156260198572, 0.1083028744089999662, -31.18498219910001623 ) ) ;
#1322 = CYLINDRICAL_SURFACE ( 'NONE', #704, 0.7500000000000006661 ) ;
#1323 = DIRECTION ( 'NONE',  ( 0.000000000000000000, 1.000000000000000000, 0.000000000000000000 ) ) ;
#1324 = CIRCLE ( 'NONE', #5113, 3.000000000000000000 ) ;
#1325 = CYLINDRICAL_SURFACE ( 'NONE', #6274, 0.5999999999999999778 ) ;
#1326 = CARTESIAN_POINT ( 'NONE',  ( 26.04146124170803134, 0.005164386191106003395, -30.49967984489000017 ) ) ;
#1327 = CARTESIAN_POINT ( 'NONE',  ( 37.27249589887203740, 6.884478120596004835, 2.651500543404001320 ) ) ;
#1328 = VERTEX_POINT ( 'NONE', #3449 ) ;
#1329 = ORIENTED_EDGE ( 'NONE', *, *, #1710, .T. ) ;
#1330 = CARTESIAN_POINT ( 'NONE',  ( -0.6335484493980000353, 9.000000000000000000, -107.2379312188000000 ) ) ;
#1331 = CARTESIAN_POINT ( 'NONE',  ( 70.14464862025099023, 11.29452431127399947, -3.525397309740000207 ) ) ;
#1332 = B_SPLINE_CURVE_WITH_KNOTS ( 'NONE', 3,
 ( #6332, #5718, #3149, #568 ),
 .UNSPECIFIED., .F., .F.,
 ( 4, 4 ),
 ( 49.07032354991599732, 49.35651300565599797 ),
 .UNSPECIFIED. ) ;
#1333 = DIRECTION ( 'NONE',  ( -0.6427876096867982669, 0.000000000000000000, -0.7660444431187606318 ) ) ;
#1334 = CARTESIAN_POINT ( 'NONE',  ( 35.81483186802000063, 1.663021228280000008E-06, -1.652197161148000193 ) ) ;
#1335 = CARTESIAN_POINT ( 'NONE',  ( 28.58135402467300068, 2.694895950767000503, -34.42586193529999861 ) ) ;
#1336 = ORIENTED_EDGE ( 'NONE', *, *, #102, .T. ) ;
#1337 = ORIENTED_EDGE ( 'NONE', *, *, #4818, .F. ) ;
#1338 = CARTESIAN_POINT ( 'NONE',  ( 29.06164739252279716, 1.500000000000000000, -29.15035421452905240 ) ) ;
#1339 = EDGE_CURVE ( 'NONE', #2837, #4685, #876, .T. ) ;
#1340 = EDGE_CURVE ( 'NONE', #6681, #5096, #4050, .T. ) ;
#1341 = CARTESIAN_POINT ( 'NONE',  ( 35.81595851177202405, 8.912581533019998283E-06, -1.646276636833998497 ) ) ;
#1342 = CARTESIAN_POINT ( 'NONE',  ( 37.93468880812802979, 3.000000000001002309, 3.204258345799002594 ) ) ;
#1343 = PLANE ( 'NONE',  #2652 ) ;
#1344 = CARTESIAN_POINT ( 'NONE',  ( 35.81404283073599970, 2.855710343529999917E-06, -1.651765120511000218 ) ) ;
#1345 = ORIENTED_EDGE ( 'NONE', *, *, #1765, .T. ) ;
#1346 = VECTOR ( 'NONE', #1830, 1000.000000000000114 ) ;
#1347 = LINE ( 'NONE', #5046, #3403 ) ;
#1348 = EDGE_CURVE ( 'NONE', #6681, #2455, #2217, .T. ) ;
#1349 = DIRECTION ( 'NONE',  ( -0.6427876096867987110, 0.000000000000000000, -0.7660444431187605208 ) ) ;
#1350 = AXIS2_PLACEMENT_3D ( 'NONE', #4361, #221, #793 ) ;
#1351 = CARTESIAN_POINT ( 'NONE',  ( -2.602613288545000181, 1.885529756710000004, -109.3305677567000060 ) ) ;
#1352 = DIRECTION ( 'NONE',  ( -0.4192636510169056030, -1.999999999999550554E-16, -0.9078645223467952663 ) ) ;
#1353 = CARTESIAN_POINT ( 'NONE',  ( 41.05048571820699976, 1.068614426790000183, -37.92163359462000471 ) ) ;
#1354 = CARTESIAN_POINT ( 'NONE',  ( 12.85122850833000108, 6.000000000000000000, -50.37162072637000421 ) ) ;
#1355 = AXIS2_PLACEMENT_3D ( 'NONE', #1257, #3795, #2244 ) ;
#1356 = CARTESIAN_POINT ( 'NONE',  ( 28.58135402467300068, 6.000000000000000000, -34.42586193529999861 ) ) ;
#1357 = CARTESIAN_POINT ( 'NONE',  ( 20.75827765785700052, 10.65267850722200116, -27.85897431359000009 ) ) ;
#1358 = CARTESIAN_POINT ( 'NONE',  ( 25.87254136304199648, 2.744715652539999789E-06, -30.19855400239000076 ) ) ;
#1359 = CARTESIAN_POINT ( 'NONE',  ( 37.68643526506699004, 6.956453510577003563, 2.908401293982998403 ) ) ;
#1360 = ORIENTED_EDGE ( 'NONE', *, *, #2458, .T. ) ;
#1361 = AXIS2_PLACEMENT_3D ( 'NONE', #2023, #6146, #1513 ) ;
#1362 = ORIENTED_EDGE ( 'NONE', *, *, #4003, .T. ) ;
#1363 = DIRECTION ( 'NONE',  ( 0.7660444431187601877, 0.000000000000000000, -0.6427876096867989331 ) ) ;
#1364 = CARTESIAN_POINT ( 'NONE',  ( 51.75701545350700172, 11.00000000000000000, 8.786998995416999136 ) ) ;
#1365 = DIRECTION ( 'NONE',  ( -0.9055964464100800804, 0.000000000000000000, 0.4241403968610337194 ) ) ;
#1366 = CARTESIAN_POINT ( 'NONE',  ( -3.167662790056999800, 4.500000000000000000, -106.2500000000000000 ) ) ;
#1367 = AXIS2_PLACEMENT_3D ( 'NONE', #2574, #1534, #3088 ) ;
#1368 = CARTESIAN_POINT ( 'NONE',  ( 35.81627930496099310, 1.202559191027000042E-05, -1.644590873652999941 ) ) ;
#1369 = CARTESIAN_POINT ( 'NONE',  ( 69.25278081181099310, 0.5999999999999999778, -4.588283974567999302 ) ) ;
#1370 = EDGE_LOOP ( 'NONE', ( #2254, #1409 ) ) ;
#1371 = ORIENTED_EDGE ( 'NONE', *, *, #4584, .F. ) ;
#1372 = CARTESIAN_POINT ( 'NONE',  ( 27.45803761423600164, 0.4617881668370000248, -32.94506353962000844 ) ) ;
#1373 =( NAMED_UNIT ( * ) SI_UNIT ( $, .STERADIAN. ) SOLID_ANGLE_UNIT ( ) );
#1374 = CARTESIAN_POINT ( 'NONE',  ( 25.89397035782702972, 0.001278224593711000182, -30.30095897577997377 ) ) ;
#1375 = CARTESIAN_POINT ( 'NONE',  ( 37.96737767971900013, 2.123398610638000061, 3.243215425954999898 ) ) ;
#1376 = FACE_OUTER_BOUND ( 'NONE', #386, .T. ) ;
#1377 = ORIENTED_EDGE ( 'NONE', *, *, #2497, .F. ) ;
#1378 = CARTESIAN_POINT ( 'NONE',  ( 37.00953638649200172, 1.922809403902000058, 2.391287855472999713 ) ) ;
#1379 = EDGE_CURVE ( 'NONE', #3837, #1614, #2400, .T. ) ;
#1380 = VERTEX_POINT ( 'NONE', #4411 ) ;
#1381 = EDGE_CURVE ( 'NONE', #3588, #415, #4470, .T. ) ;
#1382 = FACE_OUTER_BOUND ( 'NONE', #3427, .T. ) ;
#1383 = CARTESIAN_POINT ( 'NONE',  ( 66.06534620590180396, 9.500000000000000000, -0.6083014830161420639 ) ) ;
#1384 = AXIS2_PLACEMENT_3D ( 'NONE', #5277, #1877, #4389 ) ;
#1385 = CARTESIAN_POINT ( 'NONE',  ( -2.284370668780001168, 0.7454616421970000628, -108.1904996421999812 ) ) ;
#1386 = CARTESIAN_POINT ( 'NONE',  ( 5.832337209943000644, 4.207106781186999989, -110.9450379999999967 ) ) ;
#1387 = DIRECTION ( 'NONE',  ( 0.7660444431187601877, 0.000000000000000000, -0.6427876096867989331 ) ) ;
#1388 = CARTESIAN_POINT ( 'NONE',  ( 68.59743423600799872, 11.67499999999999893, -3.952106991891999321 ) ) ;
#1389 = FACE_OUTER_BOUND ( 'NONE', #84, .T. ) ;
#1390 = CARTESIAN_POINT ( 'NONE',  ( 26.05226363988498406, 0.005826471042929995230, -30.51892495010001838 ) ) ;
#1391 = CARTESIAN_POINT ( 'NONE',  ( 35.50472864506799908, 9.254421012739998176, 0.3083445916120000074 ) ) ;
#1392 = EDGE_CURVE ( 'NONE', #4789, #39, #1565, .T. ) ;
#1393 = VERTEX_POINT ( 'NONE', #301 ) ;
#1394 = EDGE_LOOP ( 'NONE', ( #1178, #3159 ) ) ;
#1395 = CARTESIAN_POINT ( 'NONE',  ( 39.17827171123799701, 11.00000000000000000, -38.09610250039000334 ) ) ;
#1396 = CARTESIAN_POINT ( 'NONE',  ( 25.88147929986798346, 1.756327111727000956, -34.42541597600998671 ) ) ;
#1397 = FACE_OUTER_BOUND ( 'NONE', #4049, .T. ) ;
#1398 = DIRECTION ( 'NONE',  ( 0.6427876096867995992, 0.000000000000000000, 0.7660444431187596326 ) ) ;
#1399 = CARTESIAN_POINT ( 'NONE',  ( 35.81557221952299841, 5.760617823649999869E-06, -1.648306554819999992 ) ) ;
#1400 = CARTESIAN_POINT ( 'NONE',  ( 37.69260015160099897, 2.879816149113000101, 3.053098811051000006 ) ) ;
#1401 = ORIENTED_EDGE ( 'NONE', *, *, #795, .F. ) ;
#1402 = VERTEX_POINT ( 'NONE', #774 ) ;
#1403 = CARTESIAN_POINT ( 'NONE',  ( 26.05226363988500182, 0.005826471042929999566, -30.51892495010000061 ) ) ;
#1404 = CYLINDRICAL_SURFACE ( 'NONE', #5417, 1.499999999999999556 ) ;
#1405 = CARTESIAN_POINT ( 'NONE',  ( 25.91451773453501772, 0.004171206504384000063, -30.38943059644999778 ) ) ;
#1406 = CARTESIAN_POINT ( 'NONE',  ( 35.90411365423401691, 0.01363801027858001572, -1.184700796785000287 ) ) ;
#1407 = CARTESIAN_POINT ( 'NONE',  ( 40.32733837591700166, 8.881784197000999888E-16, -39.06028391491999940 ) ) ;
#1408 = AXIS2_PLACEMENT_3D ( 'NONE', #1058, #3125, #5191 ) ;
#1409 = ORIENTED_EDGE ( 'NONE', *, *, #6230, .F. ) ;
#1410 = CARTESIAN_POINT ( 'NONE',  ( 37.20234116441800154, 2.104000058122000194, 2.585554635270000290 ) ) ;
#1411 = ORIENTED_EDGE ( 'NONE', *, *, #5161, .F. ) ;
#1412 = DIRECTION ( 'NONE',  ( 0.000000000000000000, 1.000000000000000000, 0.000000000000000000 ) ) ;
#1413 = DIRECTION ( 'NONE',  ( 0.000000000000000000, 1.000000000000000000, -2.200000000000000003E-16 ) ) ;
#1414 = CIRCLE ( 'NONE', #3791, 30.00000000000000000 ) ;
#1415 = CARTESIAN_POINT ( 'NONE',  ( 35.82433195332097853, 0.03891376937484000709, -1.023219440965999594 ) ) ;
#1416 = EDGE_CURVE ( 'NONE', #2850, #438, #4437, .T. ) ;
#1417 = CARTESIAN_POINT ( 'NONE',  ( 35.34470212660600197, 7.870630470402000256, 0.8237489086710000352 ) ) ;
#1418 =( GEOMETRIC_REPRESENTATION_CONTEXT ( 3 ) GLOBAL_UNCERTAINTY_ASSIGNED_CONTEXT ( ( #3719 ) ) GLOBAL_UNIT_ASSIGNED_CONTEXT ( ( #2929, #5068, #1373 ) ) REPRESENTATION_CONTEXT ( 'NONE', 'WORKASPACE' ) );
#1419 = CARTESIAN_POINT ( 'NONE',  ( 40.64873218076000683, 11.00000000000000000, -38.67726169336000197 ) ) ;
#1420 = CARTESIAN_POINT ( 'NONE',  ( 28.39720085809200256, 1.500000000000000000, -34.27133908115000338 ) ) ;
#1421 = CARTESIAN_POINT ( 'NONE',  ( 5.832337209943000644, 5.146446609407000494, -110.5914846093999984 ) ) ;
#1422 = CIRCLE ( 'NONE', #3476, 5.499999999999999112 ) ;
#1423 = CARTESIAN_POINT ( 'NONE',  ( 19.95662039446699865, 10.68765628331900075, -27.02368397289999891 ) ) ;
#1424 = EDGE_CURVE ( 'NONE', #4359, #6060, #5985, .T. ) ;
#1425 = CARTESIAN_POINT ( 'NONE',  ( 25.90913324031000897, 0.0002847944112361003462, -30.26380282003001199 ) ) ;
#1426 = ADVANCED_FACE ( 'NONE', ( #5012 ), #6500, .T. ) ;
#1427 = CARTESIAN_POINT ( 'NONE',  ( 37.81849558292702085, 6.712457213120006649, 3.065784652230000962 ) ) ;
#1428 = ORIENTED_EDGE ( 'NONE', *, *, #685, .F. ) ;
#1429 = ORIENTED_EDGE ( 'NONE', *, *, #1467, .F. ) ;
#1430 = CARTESIAN_POINT ( 'NONE',  ( -2.013452176267999771, 8.496387911898001022, -107.6592374056999972 ) ) ;
#1431 = AXIS2_PLACEMENT_3D ( 'NONE', #5846, #5946, #4406 ) ;
#1432 = FACE_OUTER_BOUND ( 'NONE', #5903, .T. ) ;
#1433 = CARTESIAN_POINT ( 'NONE',  ( 11.94530745890200052, 7.500000000000000000, -28.88052048012000128 ) ) ;
#1434 = DIRECTION ( 'NONE',  ( 0.000000000000000000, 1.000000000000000000, 0.000000000000000000 ) ) ;
#1435 = EDGE_CURVE ( 'NONE', #1304, #2321, #3314, .T. ) ;
#1436 = CARTESIAN_POINT ( 'NONE',  ( 36.74710361932599767, 0.8288650542870000804, 1.554043082606000103 ) ) ;
#1437 = VECTOR ( 'NONE', #4398, 1000.000000000000000 ) ;
#1438 = CARTESIAN_POINT ( 'NONE',  ( 37.47048974443399771, 2.365106974713000021, 2.840407323435000020 ) ) ;
#1439 = EDGE_LOOP ( 'NONE', ( #6527, #6517, #4059, #1644 ) ) ;
#1440 = ORIENTED_EDGE ( 'NONE', *, *, #5560, .F. ) ;
#1441 = CARTESIAN_POINT ( 'NONE',  ( 26.03066053338800145, 0.004546608724435999629, -30.48043550658999834 ) ) ;
#1442 = CARTESIAN_POINT ( 'NONE',  ( 25.97977719465699664, 0.02455448691476000769, -30.66950507311001672 ) ) ;
#1443 = CARTESIAN_POINT ( 'NONE',  ( 36.72209182371175018, 1.500000000000000000, -35.57823031138904923 ) ) ;
#1444 = CARTESIAN_POINT ( 'NONE',  ( -2.013452176267999771, 8.496387911898001022, -107.6592374056999972 ) ) ;
#1445 = ORIENTED_EDGE ( 'NONE', *, *, #1003, .F. ) ;
#1446 = CARTESIAN_POINT ( 'NONE',  ( 35.89852513793800171, 0.3223287211799999996, 0.007454714617151999949 ) ) ;
#1447 = VERTEX_POINT ( 'NONE', #1864 ) ;
#1448 = DIRECTION ( 'NONE',  ( -0.4241403968610368280, -2.000000000000173754E-16, -0.9055964464100785261 ) ) ;
#1449 = CARTESIAN_POINT ( 'NONE',  ( 4.628350118263999668, 9.000000000000000000, -52.50202585371000197 ) ) ;
#1450 = CARTESIAN_POINT ( 'NONE',  ( 35.79627695126103504, 4.616959683499999929E-07, -1.652541358348001310 ) ) ;
#1451 = CARTESIAN_POINT ( 'NONE',  ( 68.33377584213199896, 0.4003548631530000068, -3.808124197141000256 ) ) ;
#1452 = VECTOR ( 'NONE', #3996, 1000.000000000000000 ) ;
#1453 = CARTESIAN_POINT ( 'NONE',  ( 41.05048571820699976, 11.43138557321099924, -37.92163359462000471 ) ) ;
#1454 = CARTESIAN_POINT ( 'NONE',  ( 25.89139427493899248, 1.847662533332516510, -34.47333332698772779 ) ) ;
#1455 = DIRECTION ( 'NONE',  ( 0.6427876096867978228, 0.000000000000000000, 0.7660444431187610759 ) ) ;
#1456 = AXIS2_PLACEMENT_3D ( 'NONE', #4295, #5970, #1716 ) ;
#1457 = DIRECTION ( 'NONE',  ( -0.8482279400748736764, -1.199999999999819572E-16, -0.5296313450659208000 ) ) ;
#1458 = CARTESIAN_POINT ( 'NONE',  ( 25.87268443433002574, 9.144337838100005887E-07, -30.19512789844000267 ) ) ;
#1459 = CARTESIAN_POINT ( 'NONE',  ( 34.98439770189598619, 8.682996704095996776, -0.3117616792519999902 ) ) ;
#1460 = ORIENTED_EDGE ( 'NONE', *, *, #4450, .T. ) ;
#1461 = AXIS2_PLACEMENT_3D ( 'NONE', #6491, #734, #3343 ) ;
#1462 = AXIS2_PLACEMENT_3D ( 'NONE', #1231, #786, #1812 ) ;
#1463 = CIRCLE ( 'NONE', #813, 6.999999999999998224 ) ;
#1464 = CARTESIAN_POINT ( 'NONE',  ( -3.167662790056999800, 6.000000000000000000, -109.7379312188000000 ) ) ;
#1465 = CARTESIAN_POINT ( 'NONE',  ( 26.04546980513999799, 6.000000000000000000, -34.64770817618000365 ) ) ;
#1466 = DIRECTION ( 'NONE',  ( 0.6427876096868001543, 0.000000000000000000, 0.7660444431187590775 ) ) ;
#1467 = EDGE_CURVE ( 'NONE', #623, #3361, #5479, .T. ) ;
#1468 = CARTESIAN_POINT ( 'NONE',  ( 4.628350118263999668, 7.500000000000000000, -52.50202585371000197 ) ) ;
#1469 = EDGE_CURVE ( 'NONE', #3278, #5475, #2337, .T. ) ;
#1470 = AXIS2_PLACEMENT_3D ( 'NONE', #5720, #1532, #610 ) ;
#1471 = CARTESIAN_POINT ( 'NONE',  ( 35.81537907755700445, 4.458674769389999839E-06, -1.649321505497000073 ) ) ;
#1472 = CIRCLE ( 'NONE', #4935, 1.500000000000000000 ) ;
#1473 = CARTESIAN_POINT ( 'NONE',  ( 6.779877607560999664, 3.764071120858999642, -62.17456653068000350 ) ) ;
#1474 = ORIENTED_EDGE ( 'NONE', *, *, #2632, .T. ) ;
#1475 = ORIENTED_EDGE ( 'NONE', *, *, #5039, .T. ) ;
#1476 = CARTESIAN_POINT ( 'NONE',  ( 25.99826312610199608, 0.002925021326156000082, -30.42270048657999837 ) ) ;
#1477 = VECTOR ( 'NONE', #1876, 1000.000000000000000 ) ;
#1478 = CARTESIAN_POINT ( 'NONE',  ( 25.93057525473500036, 2.063300002640000130, -34.55130100949999417 ) ) ;
#1479 = CARTESIAN_POINT ( 'NONE',  ( 26.05268703506098049, 0.06700037807632998332, -30.97942426349997902 ) ) ;
#1480 = LINE ( 'NONE', #2522, #1907 ) ;
#1481 = AXIS2_PLACEMENT_3D ( 'NONE', #6203, #4247, #1164 ) ;
#1482 = CARTESIAN_POINT ( 'NONE',  ( 25.47826374549099882, 8.259560932650998666, -34.17177253508000234 ) ) ;
#1484 = ORIENTED_EDGE ( 'NONE', *, *, #5320, .F. ) ;
#1483 = ADVANCED_FACE ( 'NONE', ( #2941 ), #6344, .T. ) ;
#1485 = CARTESIAN_POINT ( 'NONE',  ( 36.18131583847799959, 0.9261717593360000444, 1.143090266181000070 ) ) ;
#1486 = ORIENTED_EDGE ( 'NONE', *, *, #6048, .F. ) ;
#1487 = CARTESIAN_POINT ( 'NONE',  ( 21.86739160308300001, -2.199999999999999757E-16, -26.83406760961000259 ) ) ;
#1488 = CARTESIAN_POINT ( 'NONE',  ( -11.00000000000000000, 4.500000000000000000, -98.00000000000000000 ) ) ;
#1489 = CARTESIAN_POINT ( 'NONE',  ( 35.82101151305801068, 0.02028773136093001486, -1.175639053597998807 ) ) ;
#1490 = FACE_OUTER_BOUND ( 'NONE', #5868, .T. ) ;
#1491 = DIRECTION ( 'NONE',  ( -0.6427876096867981559, 0.000000000000000000, -0.7660444431187608538 ) ) ;
#1492 = ORIENTED_EDGE ( 'NONE', *, *, #2420, .F. ) ;
#1493 = DIRECTION ( 'NONE',  ( 0.000000000000000000, -1.000000000000000000, 0.000000000000000000 ) ) ;
#1494 = AXIS2_PLACEMENT_3D ( 'NONE', #5396, #2192, #3210 ) ;
#1495 = FACE_BOUND ( 'NONE', #2559, .T. ) ;
#1496 =( BOUNDED_CURVE ( )  B_SPLINE_CURVE ( 3, ( #1301, #6453, #3365, #6377 ),
 .UNSPECIFIED., .F., .T. ) 
 B_SPLINE_CURVE_WITH_KNOTS ( ( 4, 4 ),
 ( 1.570796326728429948, 2.356194490189710056 ),
 .UNSPECIFIED. ) 
 CURVE ( )  GEOMETRIC_REPRESENTATION_ITEM ( )  RATIONAL_B_SPLINE_CURVE ( ( 1.000000000000000000, 0.9492530216660479692, 0.9492530216660479692, 1.000000000000000000 ) ) 
 REPRESENTATION_ITEM ( '' )  );
#1497 = CARTESIAN_POINT ( 'NONE',  ( 28.84495439218698465, 9.115571288093006430, -7.628465300126002546 ) ) ;
#1498 = ORIENTED_EDGE ( 'NONE', *, *, #4199, .F. ) ;
#1499 = DIRECTION ( 'NONE',  ( -0.7660444431187601877, 0.000000000000000000, 0.6427876096867989331 ) ) ;
#1500 = CARTESIAN_POINT ( 'NONE',  ( 25.85496115887499968, 0.004390136612511000465, -30.46043501818000010 ) ) ;
#1501 = CARTESIAN_POINT ( 'NONE',  ( 4.810478453107999819, -4.000000000000000000, -50.00860886715000220 ) ) ;
#1502 = DIRECTION ( 'NONE',  ( 0.9968152208106985102, 0.000000000000000000, -0.07974594384743585729 ) ) ;
#1503 = CARTESIAN_POINT ( 'NONE',  ( 35.81496062213999920, 2.196042685699999848E-06, -1.651520537085999996 ) ) ;
#1504 = CARTESIAN_POINT ( 'NONE',  ( 37.34933025499400827, 2.233601459882999851, 2.725150192591999865 ) ) ;
#1505 = ORIENTED_EDGE ( 'NONE', *, *, #4999, .F. ) ;
#1506 = EDGE_CURVE ( 'NONE', #2789, #5777, #4164, .T. ) ;
#1507 = EDGE_CURVE ( 'NONE', #3560, #3147, #1668, .T. ) ;
#1508 = ORIENTED_EDGE ( 'NONE', *, *, #1686, .F. ) ;
#1509 = CARTESIAN_POINT ( 'NONE',  ( 25.86918406126086722, 1.479305876707698975, -34.21382050394223739 ) ) ;
#1510 = CARTESIAN_POINT ( 'NONE',  ( 26.47941145725100043, 0.06518973745500000749, -31.27660648426000023 ) ) ;
#1511 = PERSON_AND_ORGANIZATION ( #2759, #6393 ) ;
#1512 = CARTESIAN_POINT ( 'NONE',  ( 25.87172158350602302, 1.999278433361997482E-05, -30.20509962054997999 ) ) ;
#1513 = DIRECTION ( 'NONE',  ( -1.000000000000000000, 0.000000000000000000, 0.000000000000000000 ) ) ;
#1514 = ADVANCED_FACE ( 'NONE', ( #3735, #3895 ), #150, .T. ) ;
#1515 = CARTESIAN_POINT ( 'NONE',  ( -1.580134187704000048, 8.752955845407999647, -107.4441198064000105 ) ) ;
#1516 = EDGE_LOOP ( 'NONE', ( #1445, #2281, #4706, #1113 ) ) ;
#1517 = EDGE_LOOP ( 'NONE', ( #6381, #3186, #5670, #1942 ) ) ;
#1518 = DIRECTION ( 'NONE',  ( 1.000000000000000000, 0.000000000000000000, 0.000000000000000000 ) ) ;
#1519 = CARTESIAN_POINT ( 'NONE',  ( 69.08525142017201404, 0.06609118344180998916, -3.370749110134000137 ) ) ;
#1520 = ADVANCED_FACE ( 'NONE', ( #844 ), #2908, .F. ) ;
#1521 = VECTOR ( 'NONE', #2208, 1000.000000000000114 ) ;
#1522 = CARTESIAN_POINT ( 'NONE',  ( 36.77201897819900722, 1.677220103521999794, 2.117968839203000275 ) ) ;
#1523 = CARTESIAN_POINT ( 'NONE',  ( 68.10371414713200977, 0.5999999999999999778, -3.624102560038000131 ) ) ;
#1524 = CARTESIAN_POINT ( 'NONE',  ( 40.63688111097599887, 12.27448558114999955, -36.81599799670000550 ) ) ;
#1525 = ORIENTED_EDGE ( 'NONE', *, *, #5204, .T. ) ;
#1526 = AXIS2_PLACEMENT_3D ( 'NONE', #5863, #1743, #725 ) ;
#1527 = CARTESIAN_POINT ( 'NONE',  ( 28.27900500555659846, 8.513172695467188689, -34.17216098487340048 ) ) ;
#1528 = CC_DESIGN_DATE_AND_TIME_ASSIGNMENT ( #389, #5498, ( #6530 ) ) ;
#1529 = LINE ( 'NONE', #5653, #5780 ) ;
#1530 = CARTESIAN_POINT ( 'NONE',  ( 68.40284199462999482, 12.50000000000000000, -3.267615873137999838 ) ) ;
#1531 = ORIENTED_EDGE ( 'NONE', *, *, #2615, .T. ) ;
#1532 = DIRECTION ( 'NONE',  ( 4.643566414930600011E-29, -1.000000000000000000, 2.199999999999620117E-16 ) ) ;
#1533 = CARTESIAN_POINT ( 'NONE',  ( 25.84821015963103719, 0.009811870087572000312, -30.59483042982999379 ) ) ;
#1534 = DIRECTION ( 'NONE',  ( 0.000000000000000000, 1.000000000000000000, 0.000000000000000000 ) ) ;
#1535 = CARTESIAN_POINT ( 'NONE',  ( 37.20234116441800154, 2.104000058122000194, 2.585554635270000290 ) ) ;
#1536 = CARTESIAN_POINT ( 'NONE',  ( 69.30444180028801782, 12.31061696025600050, -3.585586649780000190 ) ) ;
#1537 = ORIENTED_EDGE ( 'NONE', *, *, #2218, .F. ) ;
#1538 = VECTOR ( 'NONE', #3258, 1000.000000000000000 ) ;
#1539 = ORIENTED_EDGE ( 'NONE', *, *, #3297, .T. ) ;
#1540 = CARTESIAN_POINT ( 'NONE',  ( 25.86859285590474755, 1.472015995743494621, -34.20778443361438548 ) ) ;
#1541 = CARTESIAN_POINT ( 'NONE',  ( -2.667663341562000134, 6.353028269349000112, -110.0920097305999832 ) ) ;
#1542 = CARTESIAN_POINT ( 'NONE',  ( 25.87563494232299988, 8.730912897549999887E-06, -30.20407041157000094 ) ) ;
#1543 = AXIS2_PLACEMENT_3D ( 'NONE', #494, #5710, #4225 ) ;
#1544 = CARTESIAN_POINT ( 'NONE',  ( 26.28024557966898911, 0.02934320006673998490, -30.92435320121001041 ) ) ;
#1545 = CARTESIAN_POINT ( 'NONE',  ( 27.57759995228300198, 11.90000000000000036, -23.14035394871000051 ) ) ;
#1546 = CARTESIAN_POINT ( 'NONE',  ( 5.356416945548000186, 1.202817518188000090, -108.2411259489999935 ) ) ;
#1547 = ORIENTED_EDGE ( 'NONE', *, *, #1633, .F. ) ;
#1548 = FACE_OUTER_BOUND ( 'NONE', #4762, .T. ) ;
#1549 = ORIENTED_EDGE ( 'NONE', *, *, #4036, .T. ) ;
#1550 = CARTESIAN_POINT ( 'NONE',  ( 5.601533296172999776, 7.500000000000000000, -50.64339541948000090 ) ) ;
#1551 = EDGE_CURVE ( 'NONE', #4864, #5790, #6317, .T. ) ;
#1552 = CARTESIAN_POINT ( 'NONE',  ( 68.78731903104899459, 3.110000000000000048E-15, -3.267612472353999653 ) ) ;
#1553 = EDGE_CURVE ( 'NONE', #3580, #1957, #1238, .T. ) ;
#1554 = CARTESIAN_POINT ( 'NONE',  ( 36.95944137128002183, 1.872250827275000473, 2.336416441497000562 ) ) ;
#1555 = CARTESIAN_POINT ( 'NONE',  ( 70.21696222634099627, 1.500000000000000000, -3.439217309890000074 ) ) ;
#1556 = EDGE_CURVE ( 'NONE', #1678, #3094, #2062, .T. ) ;
#1557 = CARTESIAN_POINT ( 'NONE',  ( 40.44118909585100141, 12.16927872969599811, -36.59101617011999963 ) ) ;
#1558 = ORIENTED_EDGE ( 'NONE', *, *, #384, .F. ) ;
#1559 = CARTESIAN_POINT ( 'NONE',  ( 28.51527792428900199, 12.50000000000000000, -29.80149199118000070 ) ) ;
#1560 = CARTESIAN_POINT ( 'NONE',  ( 67.47417825870799390, 8.881784197000999888E-16, -0.4850446495840000649 ) ) ;
#1561 = VERTEX_POINT ( 'NONE', #5114 ) ;
#1562 = CARTESIAN_POINT ( 'NONE',  ( 7.020312812503000544, 4.764838938516030353, -61.29683090046000160 ) ) ;
#1563 = CARTESIAN_POINT ( 'NONE',  ( 25.86401001239102371, 0.0004852448990160005511, -30.28120358584999039 ) ) ;
#1564 = DIRECTION ( 'NONE',  ( 0.000000000000000000, 1.000000000000000000, -2.200000000000000003E-16 ) ) ;
#1565 = CIRCLE ( 'NONE', #1670, 2.999999999999999556 ) ;
#1566 = CARTESIAN_POINT ( 'NONE',  ( 20.04041235452600134, 8.881784197000999888E-16, -18.12130990464999769 ) ) ;
#1567 = CARTESIAN_POINT ( 'NONE',  ( 37.40972126508700057, 1.369286569832000033, 2.570472433355999620 ) ) ;
#1568 = CARTESIAN_POINT ( 'NONE',  ( 68.87854382652999163, 12.41550398211699857, -3.648182165840999858 ) ) ;
#1569 = ORIENTED_EDGE ( 'NONE', *, *, #3338, .T. ) ;
#1570 = VECTOR ( 'NONE', #4007, 1000.000000000000114 ) ;
#1571 = EDGE_LOOP ( 'NONE', ( #1748, #4403, #3801, #2 ) ) ;
#1572 = CARTESIAN_POINT ( 'NONE',  ( 25.76827527868518786, 0.6693844878281053346, -33.25061030752256386 ) ) ;
#1573 = FACE_OUTER_BOUND ( 'NONE', #4749, .T. ) ;
#1574 = CARTESIAN_POINT ( 'NONE',  ( 25.87268443432999732, 9.144337838099999535E-07, -30.19512789843999911 ) ) ;
#1575 = AXIS2_PLACEMENT_3D ( 'NONE', #6403, #1289, #1769 ) ;
#1576 = AXIS2_PLACEMENT_3D ( 'NONE', #4880, #5011, #5948 ) ;
#1577 = CARTESIAN_POINT ( 'NONE',  ( 27.39293922389599345, 0.4229395206869998036, -32.83961747933000908 ) ) ;
#1578 = LINE ( 'NONE', #5271, #4397 ) ;
#1579 = CARTESIAN_POINT ( 'NONE',  ( 26.04546980513999799, 6.000000000000000000, -34.64770817618000365 ) ) ;
#1580 = ORIENTED_EDGE ( 'NONE', *, *, #3487, .T. ) ;
#1581 = CIRCLE ( 'NONE', #2014, 1.500000000000000888 ) ;
#1582 = CARTESIAN_POINT ( 'NONE',  ( 3.774779076236999931, 8.919558998568000163, -107.3050319963000021 ) ) ;
#1583 = EDGE_LOOP ( 'NONE', ( #5655, #5074, #2056, #4857 ) ) ;
#1584 = DIRECTION ( 'NONE',  ( 0.000000000000000000, 1.000000000000000000, 0.000000000000000000 ) ) ;
#1585 = CARTESIAN_POINT ( 'NONE',  ( -0.6335484493989999022, -5.106999999999999721E-14, -107.2379312188000000 ) ) ;
#1586 = AXIS2_PLACEMENT_3D ( 'NONE', #3899, #5355, #2846 ) ;
#1587 = CARTESIAN_POINT ( 'NONE',  ( 35.81479751332400951, 6.882763317280003053E-06, -1.648566869583999006 ) ) ;
#1588 = CARTESIAN_POINT ( 'NONE',  ( 34.19423079052400283, 9.836420518721000761, -1.253445934629000114 ) ) ;
#1589 = CARTESIAN_POINT ( 'NONE',  ( 68.47429073338899741, 0.08180700881671999769, -3.640665070672000514 ) ) ;
#1590 = ADVANCED_FACE ( 'NONE', ( #366 ), #4541, .F. ) ;
#1591 = EDGE_CURVE ( 'NONE', #2688, #2799, #802, .T. ) ;
#1592 = DIRECTION ( 'NONE',  ( -1.000000000000000000, 0.000000000000000000, 0.000000000000000000 ) ) ;
#1593 = ORIENTED_EDGE ( 'NONE', *, *, #3671, .T. ) ;
#1594 = CARTESIAN_POINT ( 'NONE',  ( -3.167662790056999800, 4.500000000000000000, -88.25000000000000000 ) ) ;
#1595 = CARTESIAN_POINT ( 'NONE',  ( 25.87064496949001935, 1.143055576409999216E-06, -30.19619495160999989 ) ) ;
#1596 = APPLICATION_CONTEXT ( 'configuration controlled 3d designs of mechanical parts and assemblies' ) ;
#1597 = ORIENTED_EDGE ( 'NONE', *, *, #1551, .F. ) ;
#1598 = CARTESIAN_POINT ( 'NONE',  ( 6.681295885546000513, 4.998008700453999253, -62.56875939650999641 ) ) ;
#1599 = CIRCLE ( 'NONE', #3223, 0.5999999999999983125 ) ;
#1600 = CARTESIAN_POINT ( 'NONE',  ( 25.82822340334098143, 0.03962977494511999571, -30.99991336023999722 ) ) ;
#1601 = DIRECTION ( 'NONE',  ( -0.07974594384743578790, 0.000000000000000000, -0.9968152208106983991 ) ) ;
#1602 = CARTESIAN_POINT ( 'NONE',  ( 29.06164739252279716, 1.500000000000000000, -29.15035421452905240 ) ) ;
#1603 = EDGE_CURVE ( 'NONE', #665, #3588, #2471, .T. ) ;
#1604 = FACE_OUTER_BOUND ( 'NONE', #149, .T. ) ;
#1605 = DIRECTION ( 'NONE',  ( 0.6427876096867974898, 0.000000000000000000, 0.7660444431187614089 ) ) ;
#1606 = EDGE_LOOP ( 'NONE', ( #6161, #4092, #5465, #5265 ) ) ;
#1607 = ORIENTED_EDGE ( 'NONE', *, *, #5645, .T. ) ;
#1608 = CARTESIAN_POINT ( 'NONE',  ( 25.79890209917605048, 0.1313029120614744860, -31.64366129270731420 ) ) ;
#1609 = CYLINDRICAL_SURFACE ( 'NONE', #5270, 0.8499999999999994227 ) ;
#1610 = CARTESIAN_POINT ( 'NONE',  ( 25.87157838521100217, 7.620005537999999225E-08, -30.19223526823000370 ) ) ;
#1611 = CARTESIAN_POINT ( 'NONE',  ( 18.28881175441199858, 8.970761632721000467, -27.23397006010000254 ) ) ;
#1612 = VERTEX_POINT ( 'NONE', #910 ) ;
#1613 = DIRECTION ( 'NONE',  ( 0.000000000000000000, -1.000000000000000000, 0.000000000000000000 ) ) ;
#1614 = VERTEX_POINT ( 'NONE', #2503 ) ;
#1615 = CARTESIAN_POINT ( 'NONE',  ( -3.021216180649999750, 5.292893218813000011, -110.9450379999999967 ) ) ;
#1616 = ORIENTED_EDGE ( 'NONE', *, *, #5794, .T. ) ;
#1617 = CARTESIAN_POINT ( 'NONE',  ( 25.50598960098097834, 9.000005488362997852, -31.84532478164997826 ) ) ;
#1618 = DIRECTION ( 'NONE',  ( -0.7592561016266012874, 0.000000000000000000, 0.6507919576506582260 ) ) ;
#1619 = CARTESIAN_POINT ( 'NONE',  ( 35.81527967055599504, 1.733987500717999139E-05, -1.643796331031001090 ) ) ;
#1620 = CARTESIAN_POINT ( 'NONE',  ( 37.47048974443399771, 2.365106974713000021, 2.840407323435000020 ) ) ;
#1621 = CARTESIAN_POINT ( 'NONE',  ( 40.33069229078000006, 0.1057423613240000004, -36.72270113454000295 ) ) ;
#1622 = CARTESIAN_POINT ( 'NONE',  ( 40.32442362450800033, 12.51262247003499972, -37.18837032873000226 ) ) ;
#1623 = ORIENTED_EDGE ( 'NONE', *, *, #1132, .T. ) ;
#1624 = CARTESIAN_POINT ( 'NONE',  ( 26.01629751708900073, -6.999999999999999361E-15, -30.01536683141999617 ) ) ;
#1625 = DIRECTION ( 'NONE',  ( 0.000000000000000000, 1.000000000000000000, 0.000000000000000000 ) ) ;
#1626 = ORIENTED_EDGE ( 'NONE', *, *, #4794, .F. ) ;
#1627 = VECTOR ( 'NONE', #2091, 1000.000000000000114 ) ;
#1628 = LINE ( 'NONE', #2680, #2657 ) ;
#1629 = CARTESIAN_POINT ( 'NONE',  ( 25.86004490309401405, 0.001707142191356002259, -30.35964798073000992 ) ) ;
#1630 = DIRECTION ( 'NONE',  ( -1.748823353750864788E-17, -1.000000000000000000, 1.399071423226041971E-18 ) ) ;
#1631 = DIRECTION ( 'NONE',  ( -0.4241403968610368280, -2.000000000000173754E-16, -0.9055964464100785261 ) ) ;
#1632 = EDGE_CURVE ( 'NONE', #2355, #749, #472, .T. ) ;
#1633 = EDGE_CURVE ( 'NONE', #3337, #2687, #909, .T. ) ;
#1634 = CARTESIAN_POINT ( 'NONE',  ( 67.02952762043200607, 9.500000000000000000, 0.5407651816620000496 ) ) ;
#1635 = CARTESIAN_POINT ( 'NONE',  ( 69.08525142017300880, 12.43390881655899882, -3.370749110134000137 ) ) ;
#1636 = ORIENTED_EDGE ( 'NONE', *, *, #307, .F. ) ;
#1637 = ORIENTED_EDGE ( 'NONE', *, *, #1435, .F. ) ;
#1638 = CARTESIAN_POINT ( 'NONE',  ( 25.76628245673132511, 0.6232286874024285384, -33.16297124148868392 ) ) ;
#1639 = DIRECTION ( 'NONE',  ( 0.000000000000000000, 0.000000000000000000, -1.000000000000000000 ) ) ;
#1640 = ADVANCED_FACE ( 'NONE', ( #4099 ), #5916, .F. ) ;
#1641 = CARTESIAN_POINT ( 'NONE',  ( 25.93345572353000250, 0.0007321612360529000446, -30.30717059446000050 ) ) ;
#1642 = CIRCLE ( 'NONE', #5424, 1.500000000000000222 ) ;
#1643 = CARTESIAN_POINT ( 'NONE',  ( 38.11814372809600115, 3.000000000002000178, 3.422891405750000171 ) ) ;
#1644 = ORIENTED_EDGE ( 'NONE', *, *, #5600, .F. ) ;
#1645 = CARTESIAN_POINT ( 'NONE',  ( 35.81405217087297643, 3.709154817949997737E-06, -1.651075379126000886 ) ) ;
#1646 = ORIENTED_EDGE ( 'NONE', *, *, #4322, .T. ) ;
#1647 = CARTESIAN_POINT ( 'NONE',  ( 2.832337209942999756, 9.000000000000000000, -107.2379312188000000 ) ) ;
#1648 = VERTEX_POINT ( 'NONE', #1112 ) ;
#1649 = AXIS2_PLACEMENT_3D ( 'NONE', #3860, #770, #2269 ) ;
#1650 = CARTESIAN_POINT ( 'NONE',  ( 27.20249008635002497, 5.999999999999999112, -33.26885771320997520 ) ) ;
#1651 = CARTESIAN_POINT ( 'NONE',  ( 28.29419100000000142, 0.000000000000000000, -31.96784999999999854 ) ) ;
#1652 = CARTESIAN_POINT ( 'NONE',  ( 35.86259690647801079, 0.01768867989757999179, -1.180149803796000985 ) ) ;
#1653 = CARTESIAN_POINT ( 'NONE',  ( 30.27822622321500035, 10.69376624230099893, -5.920358446333000124 ) ) ;
#1654 = CARTESIAN_POINT ( 'NONE',  ( 70.07759170159899043, 1.276137814736000076, -3.605312633451999815 ) ) ;
#1655 = FACE_OUTER_BOUND ( 'NONE', #3170, .T. ) ;
#1656 = ORIENTED_EDGE ( 'NONE', *, *, #6275, .T. ) ;
#1657 = DIRECTION ( 'NONE',  ( 0.000000000000000000, 0.000000000000000000, -1.000000000000000000 ) ) ;
#1658 = CARTESIAN_POINT ( 'NONE',  ( -3.167662790056999800, 4.207106781186999989, -110.9450379999999967 ) ) ;
#1659 = ORIENTED_EDGE ( 'NONE', *, *, #6523, .F. ) ;
#1660 = DIRECTION ( 'NONE',  ( -1.134081011356686021E-18, -1.000000000000000000, -1.351513152311606030E-18 ) ) ;
#1661 = CARTESIAN_POINT ( 'NONE',  ( 26.95895789493698302, 1.840982272385999652, -33.19880460780996856 ) ) ;
#1662 = DIRECTION ( 'NONE',  ( -0.7660444431187599656, 1.414132741309557879E-16, 0.6427876096867992661 ) ) ;
#1663 = DIRECTION ( 'NONE',  ( 0.000000000000000000, -1.000000000000000000, 0.000000000000000000 ) ) ;
#1664 = DIRECTION ( 'NONE',  ( -1.748823353750864788E-17, -1.000000000000000000, 1.399071423226041971E-18 ) ) ;
#1665 = CARTESIAN_POINT ( 'NONE',  ( 56.25652872131300342, 11.00000000000000000, 14.14931009724999988 ) ) ;
#1666 = EDGE_LOOP ( 'NONE', ( #1745, #4974 ) ) ;
#1667 = VERTEX_POINT ( 'NONE', #5807 ) ;
#1668 = LINE ( 'NONE', #6468, #1346 ) ;
#1669 = ADVANCED_FACE ( 'NONE', ( #1655 ), #4705, .T. ) ;
#1670 = AXIS2_PLACEMENT_3D ( 'NONE', #5298, #1352, #648 ) ;
#1671 = CARTESIAN_POINT ( 'NONE',  ( 40.07817436479899698, 12.50000000000000000, -37.02364028001999685 ) ) ;
#1672 = ADVANCED_FACE ( 'NONE', ( #3181 ), #529, .T. ) ;
#1673 = CARTESIAN_POINT ( 'NONE',  ( 25.95506455095699749, 0.001292331223542000094, -30.34569672094999859 ) ) ;
#1674 = CIRCLE ( 'NONE', #1896, 1.500000000000000888 ) ;
#1675 = CARTESIAN_POINT ( 'NONE',  ( 3.774779076236999931, 8.919558998568000163, -107.3050319963000021 ) ) ;
#1676 = ORIENTED_EDGE ( 'NONE', *, *, #6565, .F. ) ;
#1677 = FACE_OUTER_BOUND ( 'NONE', #2851, .T. ) ;
#1678 = VERTEX_POINT ( 'NONE', #3653 ) ;
#1679 = DIRECTION ( 'NONE',  ( 0.6427965315233731269, 1.700000000000990281E-16, 0.7660369567204452501 ) ) ;
#1680 = VECTOR ( 'NONE', #2371, 1000.000000000000000 ) ;
#1681 = DIRECTION ( 'NONE',  ( -0.6427876096867989331, -1.699999999999469998E-16, -0.7660444431187601877 ) ) ;
#1682 = AXIS2_PLACEMENT_3D ( 'NONE', #706, #2779, #3185 ) ;
#1683 = DIRECTION ( 'NONE',  ( 0.000000000000000000, 1.000000000000000000, 0.000000000000000000 ) ) ;
#1684 = CARTESIAN_POINT ( 'NONE',  ( 35.81534812641401544, 1.918506293918998594E-05, -1.643119034458999650 ) ) ;
#1685 = CARTESIAN_POINT ( 'NONE',  ( 36.59591680804900449, 8.557614452691000295, 1.608772005039999842 ) ) ;
#1686 = EDGE_CURVE ( 'NONE', #2990, #602, #2599, .T. ) ;
#1687 = AXIS2_PLACEMENT_3D ( 'NONE', #5040, #6040, #421 ) ;
#1688 = FACE_OUTER_BOUND ( 'NONE', #4500, .T. ) ;
#1689 = CARTESIAN_POINT ( 'NONE',  ( 40.78810270550200556, 11.22386218526400015, -38.51116636980000152 ) ) ;
#1690 = ORIENTED_EDGE ( 'NONE', *, *, #6176, .T. ) ;
#1691 = CARTESIAN_POINT ( 'NONE',  ( 28.52564139517100017, 2.087257240313999951, -34.37911348843999804 ) ) ;
#1692 = CIRCLE ( 'NONE', #2555, 2.500000000000000000 ) ;
#1693 = DIRECTION ( 'NONE',  ( -1.000000000000000000, 0.000000000000000000, 0.000000000000000000 ) ) ;
#1694 = CARTESIAN_POINT ( 'NONE',  ( -3.021216180646999927, 3.707106781186999989, -110.9450379999999967 ) ) ;
#1695 = ORIENTED_EDGE ( 'NONE', *, *, #2870, .F. ) ;
#1696 = DIRECTION ( 'NONE',  ( 0.7660444431187601877, -1.399999999999562005E-16, -0.6427876096867989331 ) ) ;
#1697 = CARTESIAN_POINT ( 'NONE',  ( 25.86797054712701183, 7.928906333500004830E-06, -30.20292117399001697 ) ) ;
#1698 = FACE_OUTER_BOUND ( 'NONE', #4421, .T. ) ;
#1699 = DIRECTION ( 'NONE',  ( 0.6427876096867988220, 0.000000000000000000, 0.7660444431187602987 ) ) ;
#1700 = CARTESIAN_POINT ( 'NONE',  ( 50.89421761948000267, 1.776356839399999804E-15, 18.64882336505500149 ) ) ;
#1701 = CARTESIAN_POINT ( 'NONE',  ( 25.86881862803199894, 1.799229999999999796E-12, -30.19189981457000371 ) ) ;
#1702 = CARTESIAN_POINT ( 'NONE',  ( 70.21696222634099627, 11.00000000000000000, -3.439217309890000074 ) ) ;
#1703 = VERTEX_POINT ( 'NONE', #5215 ) ;
#1704 = ORIENTED_EDGE ( 'NONE', *, *, #4910, .T. ) ;
#1705 = CARTESIAN_POINT ( 'NONE',  ( 70.21696222634099627, 11.90000000000000036, -3.439217309890000074 ) ) ;
#1706 = CARTESIAN_POINT ( 'NONE',  ( 25.90635216709799948, 0.5999999999999999778, -25.13206950081999835 ) ) ;
#1707 = CARTESIAN_POINT ( 'NONE',  ( 37.96737767971900013, 2.123398610638000061, 3.243215425954999898 ) ) ;
#1708 = CARTESIAN_POINT ( 'NONE',  ( 35.82503080386599237, 4.745984993900000509E-07, -1.655383581815999872 ) ) ;
#1709 = ADVANCED_FACE ( 'NONE', ( #4742, #565, #3244, #2130, #4200, #5314 ), #664, .T. ) ;
#1710 = EDGE_CURVE ( 'NONE', #222, #638, #4699, .T. ) ;
#1711 = CARTESIAN_POINT ( 'NONE',  ( 3.298222869284999970, 9.000000000000000000, -107.2379312188000000 ) ) ;
#1712 = VERTEX_POINT ( 'NONE', #3411 ) ;
#1713 = CARTESIAN_POINT ( 'NONE',  ( 35.81408252049900653, 7.249216324559996680E-06, -1.648833731344998554 ) ) ;
#1714 =( BOUNDED_CURVE ( )  B_SPLINE_CURVE ( 2, ( #3204, #5764, #1643 ),
 .UNSPECIFIED., .F., .F. ) 
 B_SPLINE_CURVE_WITH_KNOTS ( ( 3, 3 ),
 ( 0.000000000000000000, 1.998037404635999881 ),
 .UNSPECIFIED. ) 
 CURVE ( )  GEOMETRIC_REPRESENTATION_ITEM ( )  RATIONAL_B_SPLINE_CURVE ( ( 1.000000000000000000, 0.9876617738020000425, 1.000000000000000000 ) ) 
 REPRESENTATION_ITEM ( '' )  );
#1715 = EDGE_LOOP ( 'NONE', ( #5690, #5926 ) ) ;
#1716 = DIRECTION ( 'NONE',  ( -0.7660444431187602987, 0.000000000000000000, 0.6427876096867988220 ) ) ;
#1717 = VERTEX_POINT ( 'NONE', #198 ) ;
#1718 = CYLINDRICAL_SURFACE ( 'NONE', #4454, 1.800000000000000266 ) ;
#1719 = B_SPLINE_CURVE_WITH_KNOTS ( 'NONE', 13,
 ( #3948, #5497, #4457, #1951, #6650, #4016, #6002, #2519, #4588, #995, #1883, #417, #5098, #2019, #387, #2487, #4086, #897, #1372, #3436, #3571, #5633, #449, #4558, #861, #5602, #6106, #3063, #6619, #5131, #3467, #2389, #2961, #2456, #2928, #3502, #1510, #5000, #960, #6143, #5033, #6520, #1985, #3002, #5533, #4051, #4525, #6073, #354, #2421, #4491, #5067, #3029, #6552, #1916, #3983, #6036, #1403, #6584, #1441, #5567, #932, #1476, #3541, #3098, #3233, #4249, #4150, #2148, #483, #1673, #620, #4216, #6308, #1641, #5168, #4760, #517, #3642, #120, #2691, #2554, #3132, #2181, #3737, #5793, #2584, #4656, #5763, #17, #6174, #1064, #2656, #2051, #50, #1029, #1165, #1542, #4626, #2113, #3670, #4186, #4117, #6684, #3606, #5666, #2079, #5233, #3200, #6204, #5197, #582, #1574, #5702, #549, #2620, #4688, #6243, #1610, #5733, #1097, #3703 ),
 .UNSPECIFIED., .F., .F.,
 ( 14, 12, 12, 12, 12, 12, 12, 12, 12, 12, 14 ),
 ( 63.18568961097300019, 63.76431714103500070, 65.01980634726099595, 66.20810544254798913, 66.80225499019098834, 67.09932976401199767, 67.24786715092299971, 67.32213584437899101, 67.38080210904600165, 67.38928981503599402, 67.39640453783400176 ),
 .UNSPECIFIED. ) ;
#1720 = EDGE_CURVE ( 'NONE', #3766, #647, #5378, .T. ) ;
#1721 = CARTESIAN_POINT ( 'NONE',  ( 35.81537907755698313, 4.458674769390002380E-06, -1.649321505496998297 ) ) ;
#1722 = CARTESIAN_POINT ( 'NONE',  ( 30.98647251130400093, 10.59936941283800138, -5.076303388062999744 ) ) ;
#1723 = CARTESIAN_POINT ( 'NONE',  ( 40.07817436479899698, 0.000000000000000000, -37.02364028001999685 ) ) ;
#1724 = CARTESIAN_POINT ( 'NONE',  ( 40.64873218076000683, 11.00000000000000000, -38.67726169336000197 ) ) ;
#1725 = ORIENTED_EDGE ( 'NONE', *, *, #2409, .T. ) ;
#1726 = CARTESIAN_POINT ( 'NONE',  ( 19.51768811314700969, 9.247105351275008545, -26.42508740870997741 ) ) ;
#1727 = EDGE_CURVE ( 'NONE', #3147, #4662, #2600, .T. ) ;
#1728 = CARTESIAN_POINT ( 'NONE',  ( 69.63845337762300858, 12.50000000000000000, -4.128657308696999095 ) ) ;
#1729 = CARTESIAN_POINT ( 'NONE',  ( 26.83233720994300242, 9.000000000000000000, -58.05141188318999923 ) ) ;
#1730 = ORIENTED_EDGE ( 'NONE', *, *, #2624, .F. ) ;
#1731 = CARTESIAN_POINT ( 'NONE',  ( 40.74088370813599624, 0.4059798946429999944, -38.01234503202000070 ) ) ;
#1732 = CARTESIAN_POINT ( 'NONE',  ( 25.86816532944899905, 3.517397068940000255E-06, -30.19907192093999981 ) ) ;
#1733 = CC_DESIGN_PERSON_AND_ORGANIZATION_ASSIGNMENT ( #3542, #355, ( #1204 ) ) ;
#1734 = PLANE ( 'NONE',  #5679 ) ;
#1735 = LINE ( 'NONE', #1835, #866 ) ;
#1736 = AXIS2_PLACEMENT_3D ( 'NONE', #3289, #5856, #4380 ) ;
#1737 = CARTESIAN_POINT ( 'NONE',  ( 70.21696222634099627, 11.00000000000000000, -3.439217309890000074 ) ) ;
#1738 = ORIENTED_EDGE ( 'NONE', *, *, #1506, .T. ) ;
#1739 = EDGE_LOOP ( 'NONE', ( #837, #4594, #2085, #2176 ) ) ;
#1740 = CARTESIAN_POINT ( 'NONE',  ( 70.53835603118399433, 1.500000000000000000, -3.056195088329999976 ) ) ;
#1741 = CARTESIAN_POINT ( 'NONE',  ( 3.633629317110000034, 0.2151658259529999895, -107.6602038259000125 ) ) ;
#1742 = VECTOR ( 'NONE', #45, 1000.000000000000000 ) ;
#1743 = DIRECTION ( 'NONE',  ( 1.930163174001124888E-48, -1.000000000000000000, 2.200000000000000003E-16 ) ) ;
#1744 = DIRECTION ( 'NONE',  ( -0.4192636510169056030, -1.999999999999550554E-16, -0.9078645223467952663 ) ) ;
#1745 = ORIENTED_EDGE ( 'NONE', *, *, #3707, .T. ) ;
#1746 = CARTESIAN_POINT ( 'NONE',  ( 35.81410585285203041, 1.077961659378998913E-05, -1.647109403839998487 ) ) ;
#1747 = LOCAL_TIME ( 2, 32, 51.00000000000000000, #2021 ) ;
#1748 = ORIENTED_EDGE ( 'NONE', *, *, #2905, .F. ) ;
#1749 = CYLINDRICAL_SURFACE ( 'NONE', #3626, 6.999999999999998224 ) ;
#1750 = CARTESIAN_POINT ( 'NONE',  ( 53.93189194943100517, 11.90000000000000036, 8.267468219162999787 ) ) ;
#1751 = CARTESIAN_POINT ( 'NONE',  ( 59.36908318924299977, 9.500000000000000000, 6.968641278527000438 ) ) ;
#1752 = AXIS2_PLACEMENT_3D ( 'NONE', #532, #3655, #2707 ) ;
#1753 =( BOUNDED_SURFACE ( )  B_SPLINE_SURFACE ( 2, 10, ( 
 ( #2906, #2435, #1351, #4408, #4469, #2939, #332, #5382, #4977, #6531, #1897 ),
 ( #3965, #6018, #2334, #1829, #4909, #1385, #806, #1862, #2873, #5412, #772 ),
 ( #299, #1317, #2842, #5509, #875, #2303, #1285, #6499, #2368, #4945, #3384 ) ),
 .UNSPECIFIED., .F., .F., .F. ) 
 B_SPLINE_SURFACE_WITH_KNOTS ( ( 3, 3 ),
 ( 11, 11 ),
 ( 0.000000000000000000, 5.229713722390000541 ),
 ( 1.207689742351999884, 6.437403464741999315 ),
 .UNSPECIFIED. ) 
 GEOMETRIC_REPRESENTATION_ITEM ( )  RATIONAL_B_SPLINE_SURFACE ( (
 ( 1.000000000000000000, 1.000000000000000000, 1.000000000000000000, 1.000000000000000000, 1.000000000000000000, 0.9999999999990000221, 1.000000000000000000, 1.000000000000000000, 1.000000000000000000, 1.000000000000000000, 1.000000000000000000),
 ( 0.7071067811869999886, 0.7464490044539999758, 0.7826272611030000714, 0.8156045143560000099, 0.8452963758389999693, 0.8711762861469999342, 0.8922449697460000939, 0.9082454809130000584, 0.9187743133919999972, 0.9238795325109999679, 0.9238795325109999679),
 ( 1.000000000000000000, 1.000000000000000000, 1.000000000000000000, 1.000000000000000000, 1.000000000000000000, 0.9999999999990000221, 1.000000000000000000, 1.000000000000000000, 1.000000000000000000, 1.000000000000000000, 1.000000000000000000) ) ) 
 REPRESENTATION_ITEM ( '' )  SURFACE ( )  );
#1754 = CARTESIAN_POINT ( 'NONE',  ( 35.81640695366999694, 1.336836254539999496E-05, -1.643920074051998137 ) ) ;
#1755 = CARTESIAN_POINT ( 'NONE',  ( 20.70207449804499689, 8.954849919959999127, -29.61287463232000050 ) ) ;
#1756 = DIRECTION ( 'NONE',  ( 1.000000000000000000, 0.000000000000000000, 0.000000000000000000 ) ) ;
#1757 = AXIS2_PLACEMENT_3D ( 'NONE', #4159, #5208, #5279 ) ;
#1758 = CARTESIAN_POINT ( 'NONE',  ( 35.81404750078600330, 3.267331054379999978E-06, -1.651420249723000166 ) ) ;
#1759 = EDGE_CURVE ( 'NONE', #1447, #938, #3813, .T. ) ;
#1760 = ORIENTED_EDGE ( 'NONE', *, *, #2081, .F. ) ;
#1761 = EDGE_CURVE ( 'NONE', #6261, #2892, #2494, .T. ) ;
#1762 = DIRECTION ( 'NONE',  ( 0.6427876096867958244, 0.000000000000000000, 0.7660444431187628522 ) ) ;
#1763 = LINE ( 'NONE', #296, #4244 ) ;
#1764 = CARTESIAN_POINT ( 'NONE',  ( 51.75701545350700172, 1.500000000000000000, 8.786998995416999136 ) ) ;
#1765 = EDGE_CURVE ( 'NONE', #6059, #3174, #1784, .T. ) ;
#1766 = ORIENTED_EDGE ( 'NONE', *, *, #4745, .T. ) ;
#1767 = DIRECTION ( 'NONE',  ( 0.6427876096867989331, 0.000000000000000000, 0.7660444431187601877 ) ) ;
#1768 = CARTESIAN_POINT ( 'NONE',  ( 25.86687838522297866, 6.289843008099999498E-05, -30.22450480541999696 ) ) ;
#1769 = DIRECTION ( 'NONE',  ( 0.000000000000000000, 1.000000000000000000, 0.000000000000000000 ) ) ;
#1770 = CARTESIAN_POINT ( 'NONE',  ( 5.332337209943000644, 6.000000000000000000, -109.7379312188000000 ) ) ;
#1771 = DIRECTION ( 'NONE',  ( 1.000000000000000000, 0.000000000000000000, 0.000000000000000000 ) ) ;
#1772 = CARTESIAN_POINT ( 'NONE',  ( 26.61502327753698793, 0.09707975374468003071, -31.51507203951999259 ) ) ;
#1773 = CARTESIAN_POINT ( 'NONE',  ( 68.12637198189300136, 12.16927872969799829, -3.597100004064000434 ) ) ;
#1774 = EDGE_CURVE ( 'NONE', #5865, #579, #5558, .T. ) ;
#1776 = ORIENTED_EDGE ( 'NONE', *, *, #2632, .F. ) ;
#1775 = EDGE_CURVE ( 'NONE', #4477, #2486, #1891, .T. ) ;
#1777 = ORIENTED_EDGE ( 'NONE', *, *, #2830, .F. ) ;
#1778 = DIRECTION ( 'NONE',  ( 1.000000000000000000, 0.000000000000000000, 0.000000000000000000 ) ) ;
#1779 = CARTESIAN_POINT ( 'NONE',  ( 40.33069229077499784, 12.39425763867400221, -36.72270113454000295 ) ) ;
#1780 = CARTESIAN_POINT ( 'NONE',  ( 7.033946812642001056, 4.500000000000000000, -61.25000000000000000 ) ) ;
#1781 = DIRECTION ( 'NONE',  ( 0.6427876096867977118, 0.000000000000000000, 0.7660444431187611869 ) ) ;
#1782 = LINE ( 'NONE', #4425, #5258 ) ;
#1783 = ORIENTED_EDGE ( 'NONE', *, *, #1933, .F. ) ;
#1784 = CIRCLE ( 'NONE', #1020, 0.6000000000000009770 ) ;
#1785 = EDGE_LOOP ( 'NONE', ( #3139, #6104, #1597, #4621 ) ) ;
#1786 = DIRECTION ( 'NONE',  ( 0.000000000000000000, -2.200000000000000003E-16, -1.000000000000000000 ) ) ;
#1787 = VECTOR ( 'NONE', #5905, 1000.000000000000114 ) ;
#1788 = LINE ( 'NONE', #1203, #3167 ) ;
#1789 = CARTESIAN_POINT ( 'NONE',  ( 35.81397609183100172, -2.199999999999999757E-16, -1.656694392998999898 ) ) ;
#1790 = CARTESIAN_POINT ( 'NONE',  ( 21.24017419773299764, 8.991285874900000863, -30.36014362507999920 ) ) ;
#1791 = CARTESIAN_POINT ( 'NONE',  ( 5.832337209943000644, 3.000000000000000000, -69.65551667206999298 ) ) ;
#1792 = VECTOR ( 'NONE', #4859, 1000.000000000000000 ) ;
#1793 = CARTESIAN_POINT ( 'NONE',  ( 35.82401416177900444, 1.513109519899999906E-07, -1.656534367227999738 ) ) ;
#1794 = ORIENTED_EDGE ( 'NONE', *, *, #1339, .F. ) ;
#1795 = CARTESIAN_POINT ( 'NONE',  ( 19.66989802639799834, 10.71660757046899981, -26.64612571205999814 ) ) ;
#1796 = DIRECTION ( 'NONE',  ( -0.8482279400748737874, 0.000000000000000000, -0.5296313450659209110 ) ) ;
#1797 = AXIS2_PLACEMENT_3D ( 'NONE', #3721, #4268, #3220 ) ;
#1798 = ADVANCED_FACE ( 'NONE', ( #1002 ), #1924, .T. ) ;
#1799 = CARTESIAN_POINT ( 'NONE',  ( 37.59232923951400807, 6.517406318745000426, 2.955052734251999436 ) ) ;
#1800 = EDGE_CURVE ( 'NONE', #2988, #3137, #4631, .T. ) ;
#1801 = CIRCLE ( 'NONE', #4606, 1.499999999999999778 ) ;
#1802 = CARTESIAN_POINT ( 'NONE',  ( 40.07817436479899698, -2.800000000000000139E-16, -37.02364028001999685 ) ) ;
#1803 = CARTESIAN_POINT ( 'NONE',  ( 25.86205136442802299, 1.066798077649999541E-06, -30.19739379524999023 ) ) ;
#1804 = DIRECTION ( 'NONE',  ( 0.000000000000000000, -1.000000000000000000, 0.000000000000000000 ) ) ;
#1805 = CARTESIAN_POINT ( 'NONE',  ( 5.832337209943000644, 3.000000000000000000, -109.7379312188000000 ) ) ;
#1806 = DIRECTION ( 'NONE',  ( 0.000000000000000000, 0.000000000000000000, -1.000000000000000000 ) ) ;
#1807 = AXIS2_PLACEMENT_3D ( 'NONE', #4800, #5276, #3810 ) ;
#1808 = CARTESIAN_POINT ( 'NONE',  ( 26.17133752011599768, 0.01593103929235999833, -30.73087399941000086 ) ) ;
#1809 = CARTESIAN_POINT ( 'NONE',  ( 70.07759170159899043, 11.22386218526400015, -3.605312633451999815 ) ) ;
#1810 = VERTEX_POINT ( 'NONE', #5707 ) ;
#1811 = ORIENTED_EDGE ( 'NONE', *, *, #3962, .T. ) ;
#1812 = DIRECTION ( 'NONE',  ( 0.6427876096867960465, 0.000000000000000000, 0.7660444431187626302 ) ) ;
#1813 = FACE_OUTER_BOUND ( 'NONE', #5686, .T. ) ;
#1814 = DIRECTION ( 'NONE',  ( 0.000000000000000000, -1.000000000000000000, 2.409338161078899180E-16 ) ) ;
#1815 = EDGE_CURVE ( 'NONE', #2496, #5487, #2639, .T. ) ;
#1816 = CARTESIAN_POINT ( 'NONE',  ( 35.79998176315899627, 3.559534955700000024E-07, -1.652948231632999976 ) ) ;
#1817 = CARTESIAN_POINT ( 'NONE',  ( 22.72750926798499904, 10.80000000000000071, -29.51390295899999927 ) ) ;
#1818 = ORIENTED_EDGE ( 'NONE', *, *, #5119, .T. ) ;
#1819 = ORIENTED_EDGE ( 'NONE', *, *, #5188, .T. ) ;
#1820 = CARTESIAN_POINT ( 'NONE',  ( 54.31756451524299933, 8.881784197000999888E-16, 8.727094885033999105 ) ) ;
#1821 = CARTESIAN_POINT ( 'NONE',  ( 4.611113593489999829, 9.000000000000000000, -52.50064691917999937 ) ) ;
#1822 = CARTESIAN_POINT ( 'NONE',  ( 35.81405328418103551, 9.322523397699999207E-07, -1.653231171443998893 ) ) ;
#1823 = FACE_OUTER_BOUND ( 'NONE', #2601, .T. ) ;
#1824 = CARTESIAN_POINT ( 'NONE',  ( -0.1676627900569999940, 9.000000000000000000, -58.05141188318999923 ) ) ;
#1825 = CARTESIAN_POINT ( 'NONE',  ( 35.81424507232900112, 4.639769789816000140E-05, -1.636834644256000004 ) ) ;
#1826 = ORIENTED_EDGE ( 'NONE', *, *, #5515, .F. ) ;
#1827 = LINE ( 'NONE', #3820, #4492 ) ;
#1828 = CYLINDRICAL_SURFACE ( 'NONE', #34, 0.4999999999999997224 ) ;
#1829 = CARTESIAN_POINT ( 'NONE',  ( -2.822832705531999498, 1.446752580560001666, -108.8917905805000572 ) ) ;
#1830 = DIRECTION ( 'NONE',  ( -0.8482279400748736764, -1.199999999999819572E-16, -0.5296313450659208000 ) ) ;
#1831 = CARTESIAN_POINT ( 'NONE',  ( 41.05633046164599875, 0.7571412807339999995, -37.67198843152000620 ) ) ;
#1832 = CARTESIAN_POINT ( 'NONE',  ( 26.26333426870599297, 0.3096504140200002086, -31.83684419368999485 ) ) ;
#1833 = DIRECTION ( 'NONE',  ( 0.000000000000000000, 0.000000000000000000, -1.000000000000000000 ) ) ;
#1834 = CARTESIAN_POINT ( 'NONE',  ( 5.047243375218999795, 0.8254494054550000071, -107.9275364110000055 ) ) ;
#1835 = CARTESIAN_POINT ( 'NONE',  ( 20.04041235452600134, 11.00000000000000000, -18.12130990464999769 ) ) ;
#1836 = CARTESIAN_POINT ( 'NONE',  ( 25.88449598627901693, 4.193213474335002019E-05, -30.21987120981999198 ) ) ;
#1837 = CARTESIAN_POINT ( 'NONE',  ( 69.85062042233498403, 11.38334025380500059, -3.790907003773000383 ) ) ;
#1838 = EDGE_LOOP ( 'NONE', ( #1295, #4426, #1345, #6240 ) ) ;
#1839 = VERTEX_POINT ( 'NONE', #2696 ) ;
#1840 = CARTESIAN_POINT ( 'NONE',  ( 19.27830776563999748, 8.938918337859000474, -28.22365968955999804 ) ) ;
#1841 = CARTESIAN_POINT ( 'NONE',  ( 40.46384693061100535, 11.90000000000000036, -36.56401361414999940 ) ) ;
#1842 = EDGE_CURVE ( 'NONE', #6094, #2455, #4766, .T. ) ;
#1843 = CARTESIAN_POINT ( 'NONE',  ( -2.290942206889654997, 1.177285555140090034, -108.6223235551310040 ) ) ;
#1844 = ADVANCED_FACE ( 'NONE', ( #2086 ), #5173, .T. ) ;
#1845 = AXIS2_PLACEMENT_3D ( 'NONE', #3763, #3869, #241 ) ;
#1846 = CARTESIAN_POINT ( 'NONE',  ( 54.31756451524299933, 11.90000000000000036, 8.727094885033999105 ) ) ;
#1847 = CARTESIAN_POINT ( 'NONE',  ( 27.13304846337397436, 2.243662060381001577, -33.21058927299002050 ) ) ;
#1848 = ORIENTED_EDGE ( 'NONE', *, *, #2095, .T. ) ;
#1850 = ORIENTED_EDGE ( 'NONE', *, *, #6433, .T. ) ;
#1849 = EDGE_CURVE ( 'NONE', #991, #665, #656, .T. ) ;
#1851 = AXIS2_PLACEMENT_3D ( 'NONE', #2210, #1024, #1605 ) ;
#1852 = CARTESIAN_POINT ( 'NONE',  ( 19.48154756883599958, 7.500000000000000000, -33.68652751859999483 ) ) ;
#1853 = PERSON_AND_ORGANIZATION ( #2759, #6393 ) ;
#1854 = CARTESIAN_POINT ( 'NONE',  ( 35.81475603900101845, 1.118701855369998640E-06, -1.652992741323997983 ) ) ;
#1855 = CARTESIAN_POINT ( 'NONE',  ( 35.65619157922400007, 11.00000000000000000, -38.40424458396999796 ) ) ;
#1856 = CARTESIAN_POINT ( 'NONE',  ( -3.167662790056999800, 3.353553390593000394, -110.7985913904999933 ) ) ;
#1857 = DIRECTION ( 'NONE',  ( 0.7660444431187601877, 0.000000000000000000, -0.6427876096867989331 ) ) ;
#1858 = ORIENTED_EDGE ( 'NONE', *, *, #980, .F. ) ;
#1859 = CC_DESIGN_SECURITY_CLASSIFICATION ( #3150, ( #1204 ) ) ;
#1860 = DIRECTION ( 'NONE',  ( 0.000000000000000000, 1.000000000000000000, 0.000000000000000000 ) ) ;
#1861 = CARTESIAN_POINT ( 'NONE',  ( 17.16009261396400021, 7.500000000000000000, -31.78630466522000475 ) ) ;
#1862 = CARTESIAN_POINT ( 'NONE',  ( -1.510161974474000024, 0.2201550123599998188, -107.6651930123000369 ) ) ;
#1863 = AXIS2_PLACEMENT_3D ( 'NONE', #3624, #1114, #1657 ) ;
#1864 = CARTESIAN_POINT ( 'NONE',  ( 18.74067659610600245, 8.953866360295000604, -27.68037361530999974 ) ) ;
#1865 = CARTESIAN_POINT ( 'NONE',  ( 40.97992470297000267, 0.4322099549749999770, -37.38621059463999785 ) ) ;
#1866 = LINE ( 'NONE', #2112, #3517 ) ;
#1867 = DIRECTION ( 'NONE',  ( 0.000000000000000000, 1.000000000000000000, 0.000000000000000000 ) ) ;
#1868 = AXIS2_PLACEMENT_3D ( 'NONE', #4877, #3280, #1349 ) ;
#1869 = FACE_OUTER_BOUND ( 'NONE', #1313, .T. ) ;
#1870 = CARTESIAN_POINT ( 'NONE',  ( 25.87408815297899523, 5.285923255329994556E-06, -30.20131220820001161 ) ) ;
#1871 = CARTESIAN_POINT ( 'NONE',  ( 37.93468880812802979, 6.000000000000000000, 3.204258345799002594 ) ) ;
#1872 = ORIENTED_EDGE ( 'NONE', *, *, #2716, .F. ) ;
#1873 = ORIENTED_EDGE ( 'NONE', *, *, #3672, .T. ) ;
#1874 = DIRECTION ( 'NONE',  ( 1.000000000000000000, 0.000000000000000000, 0.000000000000000000 ) ) ;
#1875 = FACE_OUTER_BOUND ( 'NONE', #2058, .T. ) ;
#1876 = DIRECTION ( 'NONE',  ( 0.000000000000000000, 1.000000000000000000, 0.000000000000000000 ) ) ;
#1877 = DIRECTION ( 'NONE',  ( 0.000000000000000000, -1.000000000000000000, 0.000000000000000000 ) ) ;
#1878 = CARTESIAN_POINT ( 'NONE',  ( 36.02543879538600180, 0.08693269551613000412, -0.5903524181299999452 ) ) ;
#1879 = FACE_OUTER_BOUND ( 'NONE', #5174, .T. ) ;
#1880 = ORIENTED_EDGE ( 'NONE', *, *, #1011, .T. ) ;
#1881 = EDGE_CURVE ( 'NONE', #2496, #1162, #3294, .T. ) ;
#1882 = EDGE_LOOP ( 'NONE', ( #4547, #1547, #5184, #1738 ) ) ;
#1883 = CARTESIAN_POINT ( 'NONE',  ( 28.02150916526899849, 0.9447031199409999802, -33.81960818010000480 ) ) ;
#1884 = PERSON_AND_ORGANIZATION ( #2759, #6393 ) ;
#1885 = CARTESIAN_POINT ( 'NONE',  ( 25.89759764143903098, 0.001676423972016999027, -30.31658215676000978 ) ) ;
#1886 = CARTESIAN_POINT ( 'NONE',  ( 70.02764564830199845, 1.387499999999999956, -3.664836021904999797 ) ) ;
#1887 = LINE ( 'NONE', #4939, #3851 ) ;
#1888 = ORIENTED_EDGE ( 'NONE', *, *, #3826, .T. ) ;
#1889 = CARTESIAN_POINT ( 'NONE',  ( 35.83604790367400028, 3.782788486900000003E-07, -1.657224730066999996 ) ) ;
#1890 = ORIENTED_EDGE ( 'NONE', *, *, #2205, .F. ) ;
#1891 = CIRCLE ( 'NONE', #3505, 4.000000000000000000 ) ;
#1892 = CARTESIAN_POINT ( 'NONE',  ( 11.89735597859200134, 6.000000000000000000, -18.83727930035999876 ) ) ;
#1893 = DIRECTION ( 'NONE',  ( 0.7660444431187585224, 0.000000000000000000, -0.6427876096868008204 ) ) ;
#1894 = EDGE_CURVE ( 'NONE', #870, #6078, #51, .T. ) ;
#1895 = VECTOR ( 'NONE', #1283, 1000.000000000000114 ) ;
#1896 = AXIS2_PLACEMENT_3D ( 'NONE', #6458, #4395, #2259 ) ;
#1897 = CARTESIAN_POINT ( 'NONE',  ( -0.1676627900569999940, 0.1464466094069999946, -107.5914846093999842 ) ) ;
#1898 = DIRECTION ( 'NONE',  ( 0.6427876096867989331, 0.000000000000000000, 0.7660444431187601877 ) ) ;
#1899 = CARTESIAN_POINT ( 'NONE',  ( 40.46384693061100535, 11.90000000000000036, -36.56401361414999940 ) ) ;
#1900 = CIRCLE ( 'NONE', #5569, 0.7500000000000006661 ) ;
#1901 = CIRCLE ( 'NONE', #5364, 1.499999999999999334 ) ;
#1902 = LINE ( 'NONE', #3969, #5854 ) ;
#1903 = CARTESIAN_POINT ( 'NONE',  ( 41.22724102947800162, 11.00000000000000000, -37.98782169455000002 ) ) ;
#1904 = CARTESIAN_POINT ( 'NONE',  ( 26.06306828100599660, 0.006532981976257003394, -30.53817162448002520 ) ) ;
#1905 = CARTESIAN_POINT ( 'NONE',  ( 35.88920133601499884, 9.030772493913000076, 0.7665413023020000161 ) ) ;
#1906 = VERTEX_POINT ( 'NONE', #2189 ) ;
#1907 = VECTOR ( 'NONE', #3544, 1000.000000000000114 ) ;
#1908 = ORIENTED_EDGE ( 'NONE', *, *, #1348, .F. ) ;
#1909 = CARTESIAN_POINT ( 'NONE',  ( -1.110104656348999796, 8.919558998568000163, -107.3050319963000021 ) ) ;
#1910 = DIRECTION ( 'NONE',  ( 0.000000000000000000, -1.000000000000000000, 2.891205793294678326E-16 ) ) ;
#1911 = TOROIDAL_SURFACE ( 'NONE', #2020, 8.800000000000000711, 1.800000000000000044 ) ;
#1912 = CARTESIAN_POINT ( 'NONE',  ( 36.12771711147600229, 0.1802151964400000306, -0.1559942168160000087 ) ) ;
#1913 = LINE ( 'NONE', #2957, #933 ) ;
#1914 = ORIENTED_EDGE ( 'NONE', *, *, #462, .T. ) ;
#1915 = ORIENTED_EDGE ( 'NONE', *, *, #4879, .F. ) ;
#1916 = CARTESIAN_POINT ( 'NONE',  ( 26.08468650449099968, 0.008079756932480001638, -30.57667288977999931 ) ) ;
#1917 = EDGE_CURVE ( 'NONE', #6392, #929, #6319, .T. ) ;
#1918 = APPLICATION_PROTOCOL_DEFINITION ( 'international standard', 'config_control_design', 1994, #1596 ) ;
#1919 = EDGE_CURVE ( 'NONE', #2663, #2188, #61, .T. ) ;
#1920 = CARTESIAN_POINT ( 'NONE',  ( 25.97009957895001975, 0.02040713924854999084, -30.62810374266999958 ) ) ;
#1921 = CARTESIAN_POINT ( 'NONE',  ( 37.40972126508702189, 1.369286569832000033, 2.570472433356001840 ) ) ;
#1922 = CARTESIAN_POINT ( 'NONE',  ( -2.924888241659999721, 7.380167319846999696, -108.5880377619999990 ) ) ;
#1923 = ORIENTED_EDGE ( 'NONE', *, *, #930, .F. ) ;
#1924 = CYLINDRICAL_SURFACE ( 'NONE', #4487, 1.500000000000000000 ) ;
#1925 = ORIENTED_EDGE ( 'NONE', *, *, #1219, .T. ) ;
#1926 = CARTESIAN_POINT ( 'NONE',  ( 5.332337209943000644, 6.353553390592999506, -110.0914846093999984 ) ) ;
#1927 = EDGE_CURVE ( 'NONE', #1614, #1447, #479, .T. ) ;
#1928 = CARTESIAN_POINT ( 'NONE',  ( 5.832337209943000644, 4.500000000000000000, -79.25000000000000000 ) ) ;
#1929 = EDGE_CURVE ( 'NONE', #1810, #1712, #3845, .T. ) ;
#1930 = CARTESIAN_POINT ( 'NONE',  ( 36.13004626248999784, 0.8369047896579999701, 1.005530131385000026 ) ) ;
#1931 = B_SPLINE_CURVE_WITH_KNOTS ( 'NONE', 10,
 ( #248, #2317, #2889, #315, #1843, #2382, #3910, #6612, #955, #5659, #379 ),
 .UNSPECIFIED., .F., .F.,
 ( 11, 11 ),
 ( 1.208403958241681897, 6.437403464741999315 ),
 .UNSPECIFIED. ) ;
#1932 = CARTESIAN_POINT ( 'NONE',  ( 69.50824884496900324, 1.162499999999999867, -3.975371151651000190 ) ) ;
#1933 = EDGE_CURVE ( 'NONE', #6277, #3823, #3350, .T. ) ;
#1934 = CARTESIAN_POINT ( 'NONE',  ( 41.07862394371999670, 11.56858957356599937, -37.60984189290000046 ) ) ;
#1935 = CARTESIAN_POINT ( 'NONE',  ( 25.93057525473500036, 2.063300002640000130, -34.55130100949999417 ) ) ;
#1936 = AXIS2_PLACEMENT_3D ( 'NONE', #5124, #3564, #473 ) ;
#1937 = DIRECTION ( 'NONE',  ( 1.000000000000000000, 0.000000000000000000, 0.000000000000000000 ) ) ;
#1938 = CARTESIAN_POINT ( 'NONE',  ( 19.82801002854600370, 10.70064248896199999, -26.85432883534999959 ) ) ;
#1939 = CARTESIAN_POINT ( 'NONE',  ( 25.91183665884902609, 0.0003234758044151000577, -30.26862326755001575 ) ) ;
#1940 = CARTESIAN_POINT ( 'NONE',  ( 31.33986583834798623, 9.245529629204003896, -4.655145620959999064 ) ) ;
#1941 = ORIENTED_EDGE ( 'NONE', *, *, #6068, .T. ) ;
#1942 = ORIENTED_EDGE ( 'NONE', *, *, #3447, .F. ) ;
#1943 = DIRECTION ( 'NONE',  ( -0.7525762377427938077, 1.499999999999589761E-16, 0.6585051301128198586 ) ) ;
#1944 = CARTESIAN_POINT ( 'NONE',  ( 25.77455558173000227, 0.7883128068810000277, -33.47120540792003851 ) ) ;
#1945 = DIRECTION ( 'NONE',  ( 1.000000000000000000, 0.000000000000000000, 0.000000000000000000 ) ) ;
#1946 = CARTESIAN_POINT ( 'NONE',  ( 35.81653460077399842, 1.479092671096999993E-05, -1.643249279645000005 ) ) ;
#1947 = CARTESIAN_POINT ( 'NONE',  ( 6.646600108930000417, 4.235457944069001002, -62.71331444236000152 ) ) ;
#1948 = ORIENTED_EDGE ( 'NONE', *, *, #3623, .F. ) ;
#1949 = ORIENTED_EDGE ( 'NONE', *, *, #1849, .T. ) ;
#1950 = AXIS2_PLACEMENT_3D ( 'NONE', #2482, #6166, #508 ) ;
#1951 = CARTESIAN_POINT ( 'NONE',  ( 28.28911878344199948, 1.311596761084999896, -34.16919477721000220 ) ) ;
#1952 = CARTESIAN_POINT ( 'NONE',  ( 51.75701545350700172, 11.00000000000000000, 8.786998995416999136 ) ) ;
#1953 = CARTESIAN_POINT ( 'NONE',  ( 25.90968466612600807, 0.003337806420747998527, -30.36862827565001766 ) ) ;
#1954 = CARTESIAN_POINT ( 'NONE',  ( 37.32468352580698934, 1.311134563288000487, 2.459345289324998518 ) ) ;
#1955 = CARTESIAN_POINT ( 'NONE',  ( 22.04345796655399781, 10.76077541564799844, -28.93991576426000023 ) ) ;
#1956 = AXIS2_PLACEMENT_3D ( 'NONE', #678, #6475, #715 ) ;
#1957 = VERTEX_POINT ( 'NONE', #5672 ) ;
#1958 = CARTESIAN_POINT ( 'NONE',  ( 19.64833440239499751, 8.933997520359000077, -28.56880180197000385 ) ) ;
#1959 = ORIENTED_EDGE ( 'NONE', *, *, #2409, .F. ) ;
#1960 = CARTESIAN_POINT ( 'NONE',  ( 27.57759995228300198, 11.90000000000000036, -23.14035394871000051 ) ) ;
#1961 = DIRECTION ( 'NONE',  ( 0.000000000000000000, -2.200000000000000003E-16, -1.000000000000000000 ) ) ;
#1962 = CARTESIAN_POINT ( 'NONE',  ( 35.82248044640500950, 1.319144005100001466E-07, -1.656365930080001991 ) ) ;
#1963 = CARTESIAN_POINT ( 'NONE',  ( 28.78639080593699973, 8.954248112340000176, -5.390848934257999936 ) ) ;
#1964 = ADVANCED_FACE ( 'NONE', ( #3677 ), #5739, .F. ) ;
#1965 = ADVANCED_FACE ( 'NONE', ( #5768 ), #1170, .F. ) ;
#1966 = CARTESIAN_POINT ( 'NONE',  ( 27.42433632723700043, 3.000000000000000000, -35.80474193292000251 ) ) ;
#1967 = CARTESIAN_POINT ( 'NONE',  ( 40.64873218076000683, 1.500000000000000000, -38.67726169336000197 ) ) ;
#1968 = CARTESIAN_POINT ( 'NONE',  ( 2.832337209942999756, 6.000000000000000000, -107.4450380000000109 ) ) ;
#1969 = ADVANCED_FACE ( 'NONE', ( #1548 ), #1037, .T. ) ;
#1970 = DIRECTION ( 'NONE',  ( 1.748823353750864788E-17, 1.000000000000000000, -1.399071423226041971E-18 ) ) ;
#1971 = CARTESIAN_POINT ( 'NONE',  ( 25.87157838521102704, 7.620005537999999225E-08, -30.19223526823000725 ) ) ;
#1972 =( BOUNDED_CURVE ( )  B_SPLINE_CURVE ( 2, ( #4027, #5079, #3552 ),
 .UNSPECIFIED., .F., .T. ) 
 B_SPLINE_CURVE_WITH_KNOTS ( ( 3, 3 ),
 ( 0.000000000000000000, 5.229713722380000540 ),
 .UNSPECIFIED. ) 
 CURVE ( )  GEOMETRIC_REPRESENTATION_ITEM ( )  RATIONAL_B_SPLINE_CURVE ( ( 1.000000000000000000, 0.7071067811869999886, 1.000000000000000000 ) ) 
 REPRESENTATION_ITEM ( '' )  );
#1973 = CARTESIAN_POINT ( 'NONE',  ( 36.91816020352700178, 8.307991461395001664, 1.992806729290999668 ) ) ;
#1974 = ORIENTED_EDGE ( 'NONE', *, *, #6275, .F. ) ;
#1975 = LINE ( 'NONE', #5992, #4396 ) ;
#1976 = CIRCLE ( 'NONE', #1868, 2.499999999999999112 ) ;
#1977 = CARTESIAN_POINT ( 'NONE',  ( 38.11814372809600115, 3.000000000002000178, 3.422891405750000171 ) ) ;
#1978 = DIRECTION ( 'NONE',  ( -0.000000000000000000, 1.000000000000000000, 0.000000000000000000 ) ) ;
#1979 = DIRECTION ( 'NONE',  ( 0.6427876096867958244, 0.000000000000000000, 0.7660444431187628522 ) ) ;
#1980 = EDGE_CURVE ( 'NONE', #3667, #2038, #1674, .T. ) ;
#1981 = CARTESIAN_POINT ( 'NONE',  ( 36.55351990646799720, 0.6333512102260000498, 1.142444824925999969 ) ) ;
#1982 = DIRECTION ( 'NONE',  ( -0.7660444431187601877, 0.000000000000000000, 0.6427876096867990441 ) ) ;
#1983 = ORIENTED_EDGE ( 'NONE', *, *, #5031, .F. ) ;
#1984 = EDGE_LOOP ( 'NONE', ( #182, #5422 ) ) ;
#1985 = CARTESIAN_POINT ( 'NONE',  ( 26.30215357301599965, 0.03259314669144999788, -30.96320833716999843 ) ) ;
#1986 = COORDINATED_UNIVERSAL_TIME_OFFSET ( 3, 0, .AHEAD. ) ;
#1987 = CARTESIAN_POINT ( 'NONE',  ( 25.94592613861399144, 0.01181967049312999778, -30.52445392670000146 ) ) ;
#1988 = CARTESIAN_POINT ( 'NONE',  ( 36.24428064178199804, 0.3014979039669999916, 0.2637481509449999817 ) ) ;
#1989 = CARTESIAN_POINT ( 'NONE',  ( 20.90321018855299684, 10.65729015676100033, -27.98313427429000200 ) ) ;
#1990 = VERTEX_POINT ( 'NONE', #6488 ) ;
#1991 = CARTESIAN_POINT ( 'NONE',  ( 35.82433195332099984, 0.03891376937484000015, -1.023219440966000260 ) ) ;
#1992 = VERTEX_POINT ( 'NONE', #1852 ) ;
#1993 = CARTESIAN_POINT ( 'NONE',  ( 68.48938671294399683, 1.500000000000000000, -3.164475894166999925 ) ) ;
#1994 = CARTESIAN_POINT ( 'NONE',  ( 5.601533296172999776, -4.000000000000000000, -50.64339541948000090 ) ) ;
#1995 = CARTESIAN_POINT ( 'NONE',  ( 35.83259734361802629, 3.297866246799998231E-07, -1.656845779404002794 ) ) ;
#1996 = CARTESIAN_POINT ( 'NONE',  ( 36.11020129843399218, 7.570184038524999437, 1.549672345715999766 ) ) ;
#1997 = AXIS2_PLACEMENT_3D ( 'NONE', #2566, #4637, #5082 ) ;
#1998 = DIRECTION ( 'NONE',  ( 0.6427876096867958244, 0.000000000000000000, 0.7660444431187628522 ) ) ;
#1999 = ORIENTED_EDGE ( 'NONE', *, *, #2668, .F. ) ;
#2000 = CARTESIAN_POINT ( 'NONE',  ( 5.832337209943000644, 4.500000000000000000, -70.25000000000000000 ) ) ;
#2001 = EDGE_CURVE ( 'NONE', #5065, #2933, #5867, .T. ) ;
#2002 = AXIS2_PLACEMENT_3D ( 'NONE', #1049, #5183, #6229 ) ;
#2003 = EDGE_CURVE ( 'NONE', #3147, #1561, #5340, .T. ) ;
#2004 = FACE_BOUND ( 'NONE', #1061, .T. ) ;
#2005 = CARTESIAN_POINT ( 'NONE',  ( 37.89544563691900692, 6.471305057351997903, 3.157490155526001097 ) ) ;
#2006 = ORIENTED_EDGE ( 'NONE', *, *, #152, .T. ) ;
#2007 = VECTOR ( 'NONE', #2282, 1000.000000000000000 ) ;
#2008 = CIRCLE ( 'NONE', #5577, 3.000000000000000000 ) ;
#2009 = CARTESIAN_POINT ( 'NONE',  ( -3.085170003232999836, 6.935406852534000244, -108.9584287021999955 ) ) ;
#2010 = LINE ( 'NONE', #1465, #2761 ) ;
#2011 = CARTESIAN_POINT ( 'NONE',  ( 40.07817436479899698, 0.000000000000000000, -37.02364028001999685 ) ) ;
#2012 = CARTESIAN_POINT ( 'NONE',  ( 46.39470435167399387, 1.500000000000000000, 13.28651226322299905 ) ) ;
#2013 = CARTESIAN_POINT ( 'NONE',  ( 35.81781105818399880, 3.340546044850000297E-05, -1.636541449671999882 ) ) ;
#2014 = AXIS2_PLACEMENT_3D ( 'NONE', #5430, #4963, #4323 ) ;
#2015 = CARTESIAN_POINT ( 'NONE',  ( 6.667002893348000114, 4.072361631745000210, -62.62778017959999488 ) ) ;
#2016 = ORIENTED_EDGE ( 'NONE', *, *, #5278, .F. ) ;
#2017 = ORIENTED_EDGE ( 'NONE', *, *, #1259, .F. ) ;
#2018 = EDGE_CURVE ( 'NONE', #4779, #1712, #4837, .T. ) ;
#2019 = CARTESIAN_POINT ( 'NONE',  ( 27.81594985706700029, 0.7378868956999999895, -33.51651063167999922 ) ) ;
#2020 = AXIS2_PLACEMENT_3D ( 'NONE', #2644, #612, #1662 ) ;
#2021 = COORDINATED_UNIVERSAL_TIME_OFFSET ( 3, 0, .AHEAD. ) ;
#2022 = CARTESIAN_POINT ( 'NONE',  ( 25.89155167100302180, 0.001044286445646999944, -30.29054025437999442 ) ) ;
#2023 = CARTESIAN_POINT ( 'NONE',  ( -0.1676627900569999940, 3.000000000000000000, -58.05141188318999923 ) ) ;
#2024 = CARTESIAN_POINT ( 'NONE',  ( -1.110104656348999796, 8.919558998568000163, -107.3050319963000021 ) ) ;
#2025 = ORIENTED_EDGE ( 'NONE', *, *, #5367, .F. ) ;
#2026 = DIRECTION ( 'NONE',  ( -0.7660444431187630743, 0.000000000000000000, 0.6427876096867953803 ) ) ;
#2027 = ORIENTED_EDGE ( 'NONE', *, *, #6089, .F. ) ;
#2028 = DIRECTION ( 'NONE',  ( -0.8482279400748737874, -1.199999999999819819E-16, -0.5296313450659209110 ) ) ;
#2029 = CARTESIAN_POINT ( 'NONE',  ( 12.85122850833000108, 3.000000000000000000, -50.37162072637000421 ) ) ;
#2030 = CARTESIAN_POINT ( 'NONE',  ( 35.81361418888000259, 1.209209856019998838E-06, -1.653182948792001117 ) ) ;
#2031 = CARTESIAN_POINT ( 'NONE',  ( 29.47945933881920055, 12.50000000000000000, -28.65242532650184870 ) ) ;
#2032 = CARTESIAN_POINT ( 'NONE',  ( 40.79839766799700129, 11.20223608013200156, -38.49889731126000214 ) ) ;
#2033 = EDGE_LOOP ( 'NONE', ( #6034, #1475, #4514, #4922 ) ) ;
#2034 = FACE_OUTER_BOUND ( 'NONE', #3182, .T. ) ;
#2035 = VECTOR ( 'NONE', #4078, 1000.000000000000114 ) ;
#2036 = CARTESIAN_POINT ( 'NONE',  ( 25.87166333311600042, 1.676476463210000030E-06, -30.19698831614000056 ) ) ;
#2037 = CARTESIAN_POINT ( 'NONE',  ( 29.21111718595100015, 10.77888143444699942, -7.192089475184999969 ) ) ;
#2038 = VERTEX_POINT ( 'NONE', #254 ) ;
#2039 = CARTESIAN_POINT ( 'NONE',  ( 6.921944760058999613, 5.167057565548999420, -61.64322605447999592 ) ) ;
#2040 = CARTESIAN_POINT ( 'NONE',  ( 25.82603608891798785, 0.04426753076483998933, -31.04525475544000912 ) ) ;
#2041 = FACE_OUTER_BOUND ( 'NONE', #5296, .T. ) ;
#2042 = LINE ( 'NONE', #4108, #3349 ) ;
#2043 = CARTESIAN_POINT ( 'NONE',  ( 26.04546980513999799, 2.809310468947999961, -34.64770817618000365 ) ) ;
#2044 = LINE ( 'NONE', #4110, #6387 ) ;
#2045 = VERTEX_POINT ( 'NONE', #5937 ) ;
#2046 = ORIENTED_EDGE ( 'NONE', *, *, #3296, .F. ) ;
#2047 = CARTESIAN_POINT ( 'NONE',  ( 25.77335475946520305, 0.3057534915472113757, -32.35763514442335520 ) ) ;
#2048 = ADVANCED_FACE ( 'NONE', ( #5401 ), #3727, .T. ) ;
#2049 = FACE_OUTER_BOUND ( 'NONE', #1882, .T. ) ;
#2050 = EDGE_CURVE ( 'NONE', #1839, #2627, #5433, .T. ) ;
#2051 = CARTESIAN_POINT ( 'NONE',  ( 25.88449598627899917, 4.193213474335000663E-05, -30.21987120981999908 ) ) ;
#2052 = CARTESIAN_POINT ( 'NONE',  ( 26.39034854127599417, 0.04756783088630996137, -31.11934878840002128 ) ) ;
#2053 = DIRECTION ( 'NONE',  ( -0.6427876096868008204, 0.000000000000000000, -0.7660444431187587444 ) ) ;
#2054 = EDGE_CURVE ( 'NONE', #72, #3174, #4493, .T. ) ;
#2055 = CARTESIAN_POINT ( 'NONE',  ( 5.832337209943000644, 3.000000000000000000, -109.7379312188000000 ) ) ;
#2056 = ORIENTED_EDGE ( 'NONE', *, *, #5931, .T. ) ;
#2057 = CARTESIAN_POINT ( 'NONE',  ( 18.74067659610600245, 8.953866360295000604, -27.68037361530999974 ) ) ;
#2058 = EDGE_LOOP ( 'NONE', ( #521, #5181, #480, #3550 ) ) ;
#2059 = CARTESIAN_POINT ( 'NONE',  ( -2.691742525660000052, 1.202817518187000001, -108.2411259489999935 ) ) ;
#2060 = CARTESIAN_POINT ( 'NONE',  ( 35.81420798834400188, 3.436976297943998581E-05, -1.639569807246001876 ) ) ;
#2061 = CARTESIAN_POINT ( 'NONE',  ( 68.59743423600799872, 0.8249999999999999556, -3.952106991891999321 ) ) ;
#2062 = LINE ( 'NONE', #3077, #1452 ) ;
#2063 = ORIENTED_EDGE ( 'NONE', *, *, #3962, .F. ) ;
#2064 = B_SPLINE_CURVE_WITH_KNOTS ( 'NONE', 8,
 ( #1989, #6588, #6687, #5669, #2932, #1955, #966, #5004, #358 ),
 .UNSPECIFIED., .F., .F.,
 ( 9, 9 ),
 ( 49.35651300565599797, 51.73796632377999316 ),
 .UNSPECIFIED. ) ;
#2065 = AXIS2_PLACEMENT_3D ( 'NONE', #4755, #3093, #3193 ) ;
#2066 = CARTESIAN_POINT ( 'NONE',  ( 5.269889000000000046, -4.000000000000000000, -51.04855700000000240 ) ) ;
#2067 = CARTESIAN_POINT ( 'NONE',  ( 25.40272345635900209, 11.00000000000000000, -22.62082317245999974 ) ) ;
#2068 = EDGE_LOOP ( 'NONE', ( #3392, #5352, #3128, #6660 ) ) ;
#2069 = CARTESIAN_POINT ( 'NONE',  ( 6.882269874639000307, 5.227843544043000001, -61.78746394814999832 ) ) ;
#2070 = CARTESIAN_POINT ( 'NONE',  ( 25.85158131419699501, 0.006826062514288002737, -30.52762166358001750 ) ) ;
#2071 = FACE_OUTER_BOUND ( 'NONE', #5925, .T. ) ;
#2072 = DIRECTION ( 'NONE',  ( 0.000000000000000000, -1.000000000000000000, 0.000000000000000000 ) ) ;
#2073 = DIRECTION ( 'NONE',  ( 0.000000000000000000, -0.7071067811865495711, -0.7071067811865455743 ) ) ;
#2074 = LINE ( 'NONE', #3126, #3903 ) ;
#2075 = EDGE_LOOP ( 'NONE', ( #6667, #3435, #3267, #2695 ) ) ;
#2076 = ORIENTED_EDGE ( 'NONE', *, *, #1275, .F. ) ;
#2077 = CARTESIAN_POINT ( 'NONE',  ( 25.88024413772823351, 1.714275499301487482, -34.39434097106878596 ) ) ;
#2078 = DIRECTION ( 'NONE',  ( -0.9968152208106993983, 1.999999999999390933E-17, 0.07974594384742574038 ) ) ;
#2079 = CARTESIAN_POINT ( 'NONE',  ( 25.87285072077900239, 3.180653713299999600E-06, -30.19910564317000023 ) ) ;
#2080 = AXIS2_PLACEMENT_3D ( 'NONE', #168, #6363, #3892 ) ;
#2081 = EDGE_CURVE ( 'NONE', #2590, #4188, #5896, .T. ) ;
#2082 = CARTESIAN_POINT ( 'NONE',  ( 28.32539078151699741, 1.372551625696998956, -34.20714941453000790 ) ) ;
#2083 = FACE_OUTER_BOUND ( 'NONE', #2775, .T. ) ;
#2084 = DIRECTION ( 'NONE',  ( 1.000000000000000000, 0.000000000000000000, 0.000000000000000000 ) ) ;
#2085 = ORIENTED_EDGE ( 'NONE', *, *, #3868, .F. ) ;
#2086 = FACE_OUTER_BOUND ( 'NONE', #5504, .T. ) ;
#2087 = VERTEX_POINT ( 'NONE', #1820 ) ;
#2088 = LINE ( 'NONE', #2593, #5806 ) ;
#2089 = CYLINDRICAL_SURFACE ( 'NONE', #1757, 1.500000000000000222 ) ;
#2090 = CARTESIAN_POINT ( 'NONE',  ( 36.32612399161599370, 0.7234637438410003174, 0.9872536921520003173 ) ) ;
#2091 = DIRECTION ( 'NONE',  ( -0.6427876096867989331, 0.000000000000000000, -0.7660444431187601877 ) ) ;
#2092 = CARTESIAN_POINT ( 'NONE',  ( 69.33906159052999385, 0.6228480251809999091, -3.983731100934000846 ) ) ;
#2093 = CARTESIAN_POINT ( 'NONE',  ( 40.88953900064399960, 11.47703632384800088, -38.30896386581000002 ) ) ;
#2094 = EDGE_LOOP ( 'NONE', ( #6507, #4875 ) ) ;
#2095 = EDGE_CURVE ( 'NONE', #5590, #749, #4868, .T. ) ;
#2096 = EDGE_CURVE ( 'NONE', #5194, #3412, #5141, .T. ) ;
#2097 = CARTESIAN_POINT ( 'NONE',  ( -3.167662790056999800, 4.500000000000000000, -98.00000000000000000 ) ) ;
#2098 = CARTESIAN_POINT ( 'NONE',  ( -0.1676627900569999940, 3.000000000000000000, -58.05141188318999923 ) ) ;
#2099 = ORIENTED_EDGE ( 'NONE', *, *, #1260, .T. ) ;
#2100 = CARTESIAN_POINT ( 'NONE',  ( 7.033946812642001056, 4.500000000000000000, -61.25000000000000000 ) ) ;
#2101 = CARTESIAN_POINT ( 'NONE',  ( 25.81739214603899768, 0.06587802664689007548, -31.22771201363001481 ) ) ;
#2102 = CARTESIAN_POINT ( 'NONE',  ( 47.54377101635200376, 12.50000000000000000, 12.32233084869299944 ) ) ;
#2103 = AXIS2_PLACEMENT_3D ( 'NONE', #6314, #3746, #4799 ) ;
#2104 = CYLINDRICAL_SURFACE ( 'NONE', #4340, 0.4999999999999996114 ) ;
#2105 = CIRCLE ( 'NONE', #4710, 1.800000000000000488 ) ;
#2106 = LINE ( 'NONE', #83, #8 ) ;
#2107 = VECTOR ( 'NONE', #3164, 1000.000000000000114 ) ;
#2108 = ORIENTED_EDGE ( 'NONE', *, *, #3203, .T. ) ;
#2109 = VECTOR ( 'NONE', #410, 1000.000000000000000 ) ;
#2110 = ORIENTED_EDGE ( 'NONE', *, *, #3741, .F. ) ;
#2111 = CARTESIAN_POINT ( 'NONE',  ( 25.88491096484805709, 1.783369562368771977, -34.43816683382642907 ) ) ;
#2112 = CARTESIAN_POINT ( 'NONE',  ( 5.832337209943000644, 3.000000000000000000, -107.4450380000000109 ) ) ;
#2113 = CARTESIAN_POINT ( 'NONE',  ( 25.87501622705099891, 7.244465952459999876E-06, -30.20296713127999766 ) ) ;
#2114 = AXIS2_PLACEMENT_3D ( 'NONE', #108, #3595, #5656 ) ;
#2115 = CIRCLE ( 'NONE', #4930, 0.8499999999999994227 ) ;
#2116 = CARTESIAN_POINT ( 'NONE',  ( 17.52824758467199828, 9.000000000000000000, -26.54926176129000126 ) ) ;
#2117 = ORIENTED_EDGE ( 'NONE', *, *, #5935, .T. ) ;
#2118 = DIRECTION ( 'NONE',  ( 0.07974594384743545483, 0.000000000000000000, 0.9968152208106983991 ) ) ;
#2119 = ORIENTED_EDGE ( 'NONE', *, *, #6511, .F. ) ;
#2120 = CIRCLE ( 'NONE', #708, 2.999999999999999556 ) ;
#2121 = CARTESIAN_POINT ( 'NONE',  ( -2.802043341068130466, 5.551425210533097676, -110.8936127894791071 ) ) ;
#2122 = VERTEX_POINT ( 'NONE', #6419 ) ;
#2123 = CARTESIAN_POINT ( 'NONE',  ( 69.08114728292399320, 12.50000000000000000, 1.430066458212999825 ) ) ;
#2124 = CARTESIAN_POINT ( 'NONE',  ( 70.02170623034601249, 0.9109512847440000005, -3.569094715764999926 ) ) ;
#2125 = AXIS2_PLACEMENT_3D ( 'NONE', #4177, #1564, #3634 ) ;
#2126 = CARTESIAN_POINT ( 'NONE',  ( 35.81521121485599224, 1.559818969742999057E-05, -1.644473630980002099 ) ) ;
#2127 = CARTESIAN_POINT ( 'NONE',  ( 39.13329164899599988, -6.979999999999999825E-15, -31.41518883086000358 ) ) ;
#2128 = CARTESIAN_POINT ( 'NONE',  ( 68.38191739080200193, 0.2255144188499999813, -3.750751333565999879 ) ) ;
#2129 = CIRCLE ( 'NONE', #6402, 1.500000000000004219 ) ;
#2130 = FACE_BOUND ( 'NONE', #4557, .T. ) ;
#2131 = EDGE_CURVE ( 'NONE', #4577, #2198, #5833, .T. ) ;
#2132 = ORIENTED_EDGE ( 'NONE', *, *, #2495, .F. ) ;
#2133 = ADVANCED_FACE ( 'NONE', ( #4327 ), #1749, .T. ) ;
#2134 = CARTESIAN_POINT ( 'NONE',  ( -3.167662790056999800, 4.500000000000000000, -62.75000000000000000 ) ) ;
#2135 = LINE ( 'NONE', #4809, #2768 ) ;
#2136 = EDGE_CURVE ( 'NONE', #5028, #1124, #1237, .T. ) ;
#2137 = VERTEX_POINT ( 'NONE', #1338 ) ;
#2138 = CARTESIAN_POINT ( 'NONE',  ( 7.033946812642001056, 4.544824010732060771, -61.25000000000000000 ) ) ;
#2139 = CARTESIAN_POINT ( 'NONE',  ( 25.85665367575403195, 0.003346573039475002082, -30.42684343363001176 ) ) ;
#2140 = CARTESIAN_POINT ( 'NONE',  ( 4.730732509261000196, -4.000000000000000000, -51.00542408796000160 ) ) ;
#2141 = CARTESIAN_POINT ( 'NONE',  ( 21.40699115255599949, 9.000000000000000000, -30.62452470882000100 ) ) ;
#2142 = CARTESIAN_POINT ( 'NONE',  ( 37.49588740015600052, 1.425967992357999981, 2.679027549568000044 ) ) ;
#2143 = DIRECTION ( 'NONE',  ( -1.000000000000000000, 0.000000000000000000, 0.000000000000000000 ) ) ;
#2144 = ORIENTED_EDGE ( 'NONE', *, *, #714, .T. ) ;
#2145 = ORIENTED_EDGE ( 'NONE', *, *, #5979, .T. ) ;
#2146 = CARTESIAN_POINT ( 'NONE',  ( 25.81513535258306291, 0.07274018122439480927, -31.27674813268436438 ) ) ;
#2147 = CARTESIAN_POINT ( 'NONE',  ( 5.832337209943000644, 4.500000000000000000, -107.0000000000000000 ) ) ;
#2148 = CARTESIAN_POINT ( 'NONE',  ( 25.96586584393400088, 0.001634363693913000199, -30.36495270944999803 ) ) ;
#2149 = CARTESIAN_POINT ( 'NONE',  ( 2.832337209943001533, 9.000000000000000000, -107.4450379999999541 ) ) ;
#2150 = VERTEX_POINT ( 'NONE', #3402 ) ;
#2151 = CARTESIAN_POINT ( 'NONE',  ( 35.80974923720000902, 7.565687542999999167E-08, -1.655283360354997679 ) ) ;
#2152 = ORIENTED_EDGE ( 'NONE', *, *, #1048, .F. ) ;
#2153 = CARTESIAN_POINT ( 'NONE',  ( 36.17572235547799409, 1.500000000000000000, -36.22936808803999753 ) ) ;
#2154 = DIRECTION ( 'NONE',  ( 0.6427965315233731269, 1.700000000000990281E-16, 0.7660369567204452501 ) ) ;
#2155 = CARTESIAN_POINT ( 'NONE',  ( 26.63527842245298771, 8.259576308130998967, -32.79291061524003226 ) ) ;
#2156 = CARTESIAN_POINT ( 'NONE',  ( 50.65460117794900441, 12.50000000000000000, 8.406627118110000296 ) ) ;
#2157 = CARTESIAN_POINT ( 'NONE',  ( 36.81040179470900853, 1.280870055482000947, 1.883542078470999748 ) ) ;
#2158 = CARTESIAN_POINT ( 'NONE',  ( 29.56674823223199766, 10.75771883221399960, -6.768264898138999897 ) ) ;
#2159 = CARTESIAN_POINT ( 'NONE',  ( 68.17168402681299710, 0.2071518458450000155, -3.543099211742999799 ) ) ;
#2160 = CARTESIAN_POINT ( 'NONE',  ( 40.74088370813599624, 12.09402010535700001, -38.01234503202000070 ) ) ;
#2161 = CIRCLE ( 'NONE', #940, 0.7500000000000006661 ) ;
#2162 = ORIENTED_EDGE ( 'NONE', *, *, #771, .T. ) ;
#2163 = DIRECTION ( 'NONE',  ( 0.000000000000000000, 1.000000000000000000, 0.000000000000000000 ) ) ;
#2164 = DESIGN_CONTEXT ( 'detailed design', #5743, 'design' ) ;
#2165 = ADVANCED_FACE ( 'NONE', ( #5373 ), #5467, .T. ) ;
#2166 = DIRECTION ( 'NONE',  ( -3.899999999999999771E-16, 1.000000000000000000, -4.700000000000000444E-16 ) ) ;
#2167 = ADVANCED_FACE ( 'NONE', ( #4967 ), #321, .F. ) ;
#2168 = ORIENTED_EDGE ( 'NONE', *, *, #3334, .F. ) ;
#2169 = TOROIDAL_SURFACE ( 'NONE', #325, 2.500000000000000000, 1.500000000000000000 ) ;
#2170 = DIRECTION ( 'NONE',  ( 1.000000000000000000, 0.000000000000000000, 0.000000000000000000 ) ) ;
#2171 = CARTESIAN_POINT ( 'NONE',  ( 25.84038811560899873, 0.01914892076419000277, -30.75191148519000350 ) ) ;
#2172 = CARTESIAN_POINT ( 'NONE',  ( 5.832337209943004197, 4.982936016601891893, -110.9450379999999683 ) ) ;
#2173 = DIRECTION ( 'NONE',  ( 0.6585051301128197476, 2.891205793294677340E-16, 0.7525762377427940297 ) ) ;
#2174 = CARTESIAN_POINT ( 'NONE',  ( 4.810478453107999819, -1.109999999999999972E-14, -50.00860886715000220 ) ) ;
#2175 = CARTESIAN_POINT ( 'NONE',  ( 2.319995106579999966, 6.000000000000000000, -46.73129330573999596 ) ) ;
#2176 = ORIENTED_EDGE ( 'NONE', *, *, #77, .F. ) ;
#2177 = ORIENTED_EDGE ( 'NONE', *, *, #5613, .T. ) ;
#2178 = DIRECTION ( 'NONE',  ( 0.7660444431187601877, 0.000000000000000000, -0.6427876096867990441 ) ) ;
#2179 = CARTESIAN_POINT ( 'NONE',  ( 67.02952762043200607, 9.500000000000000000, 0.5407651816620000496 ) ) ;
#2180 = LOCAL_TIME ( 2, 32, 51.00000000000000000, #3573 ) ;
#2181 = CARTESIAN_POINT ( 'NONE',  ( 25.90913324030999831, 0.0002847944112361000210, -30.26380282002999778 ) ) ;
#2182 = EDGE_CURVE ( 'NONE', #5096, #2455, #1719, .T. ) ;
#2183 = CIRCLE ( 'NONE', #3591, 3.000000000000001332 ) ;
#2184 = CARTESIAN_POINT ( 'NONE',  ( 4.244808607591000538, 8.752955845405999469, -107.4441198064000105 ) ) ;
#2185 = ORIENTED_EDGE ( 'NONE', *, *, #3876, .F. ) ;
#2186 = CYLINDRICAL_SURFACE ( 'NONE', #1254, 1.500000000000004219 ) ;
#2187 =( BOUNDED_CURVE ( )  B_SPLINE_CURVE ( 2, ( #1159, #2611, #44 ),
 .UNSPECIFIED., .F., .F. ) 
 B_SPLINE_CURVE_WITH_KNOTS ( ( 3, 3 ),
 ( 0.000000000000000000, 1.307219200001999981 ),
 .UNSPECIFIED. ) 
 CURVE ( )  GEOMETRIC_REPRESENTATION_ITEM ( )  RATIONAL_B_SPLINE_CURVE ( ( 1.000000000000000000, 0.7878381688439999309, 1.000000000000000000 ) ) 
 REPRESENTATION_ITEM ( '' )  );
#2188 = VERTEX_POINT ( 'NONE', #3166 ) ;
#2189 = CARTESIAN_POINT ( 'NONE',  ( 38.11814372809600115, 3.000000000002000178, 3.422891405750000171 ) ) ;
#2190 = CARTESIAN_POINT ( 'NONE',  ( 53.93189194943100517, 0.5999999999999999778, 8.267468219162999787 ) ) ;
#2191 = AXIS2_PLACEMENT_3D ( 'NONE', #5477, #3963, #906 ) ;
#2192 = DIRECTION ( 'NONE',  ( -1.814488293380784854E-29, 1.000000000000000000, -2.199999999999914954E-16 ) ) ;
#2193 = DIRECTION ( 'NONE',  ( -1.000000000000000000, 0.000000000000000000, 0.000000000000000000 ) ) ;
#2194 = CARTESIAN_POINT ( 'NONE',  ( 35.81460763244597700, 4.082990448409998455E-06, -1.650445620508002476 ) ) ;
#2195 = CYLINDRICAL_SURFACE ( 'NONE', #4118, 30.00000000000001066 ) ;
#2196 = CARTESIAN_POINT ( 'NONE',  ( 68.23686878696500457, 0.1057423613259999978, -3.465415039645000306 ) ) ;
#2197 = CARTESIAN_POINT ( 'NONE',  ( 40.85333371945799996, 11.50488990822700153, -38.34852760741000566 ) ) ;
#2198 = VERTEX_POINT ( 'NONE', #4728 ) ;
#2199 = CARTESIAN_POINT ( 'NONE',  ( 18.28881175441199858, 8.970761632721000467, -27.23397006010000254 ) ) ;
#2200 = FACE_OUTER_BOUND ( 'NONE', #4825, .T. ) ;
#2201 = CARTESIAN_POINT ( 'NONE',  ( 20.68775344203900346, 10.65336895904700043, -27.79470544441000257 ) ) ;
#2202 = ORIENTED_EDGE ( 'NONE', *, *, #6607, .T. ) ;
#2203 = LINE ( 'NONE', #5784, #5257 ) ;
#2204 = CARTESIAN_POINT ( 'NONE',  ( 26.91086527261002104, 1.754155946881999606, -33.19717231032998228 ) ) ;
#2205 = EDGE_CURVE ( 'NONE', #1328, #2675, #88, .T. ) ;
#2206 = CARTESIAN_POINT ( 'NONE',  ( 21.86739160308300001, 0.000000000000000000, -26.83406760961000259 ) ) ;
#2207 = ADVANCED_FACE ( 'NONE', ( #5269 ), #2757, .F. ) ;
#2208 = DIRECTION ( 'NONE',  ( 0.7660444431187601877, 0.000000000000000000, -0.6427876096867989331 ) ) ;
#2209 = CARTESIAN_POINT ( 'NONE',  ( 25.86301882237302152, 3.489313102899998637E-07, -30.19501703730999864 ) ) ;
#2210 = CARTESIAN_POINT ( 'NONE',  ( 59.36908318924299977, 9.500000000000000000, 6.968641278527000438 ) ) ;
#2211 = VERTEX_POINT ( 'NONE', #5334 ) ;
#2212 = ORIENTED_EDGE ( 'NONE', *, *, #6054, .F. ) ;
#2213 = CARTESIAN_POINT ( 'NONE',  ( -3.167662790056999800, -2.462999999999999830E-14, -110.9450379999999967 ) ) ;
#2214 = AXIS2_PLACEMENT_3D ( 'NONE', #4303, #4262, #1177 ) ;
#2215 = CARTESIAN_POINT ( 'NONE',  ( 20.68775344203898925, 9.324900602290000506, -27.79470544440999902 ) ) ;
#2216 = DIRECTION ( 'NONE',  ( 0.6427876096867977118, 0.000000000000000000, 0.7660444431187611869 ) ) ;
#2217 = B_SPLINE_CURVE_WITH_KNOTS ( 'NONE', 3,
 ( #3483, #4542, #6601, #4032, #6087, #1454, #3521, #947, #2111, #3669, #2077, #3604, #3096, #4184, #4115, #1062, #1094, #5231, #118, #2618, #5129, #5166, #4085, #5760, #1509, #1540, #5730, #2689, #994, #6682, #6172, #6271, #5632, #1028, #5664, #6140, #15, #4214, #3701, #5267, #514, #2582, #4652, #4148, #2654, #6202, #1572, #1638, #3062, #3640, #481, #2552, #3569, #5700, #1125, #3129, #4623, #3198, #618, #4758, #2047, #5195, #545, #4686, #48, #6241, #86, #1608, #3162, #580, #4726, #2146, #333, #2369, #5791, #3930, #266, #3419, #3231 ),
 .UNSPECIFIED., .F., .F.,
 ( 4, 2, 1, 2, 2, 1, 1, 2, 2, 2, 1, 1, 2, 2, 2, 2, 2, 1, 1, 2, 2, 2, 1, 1, 1, 1, 2, 2, 2, 1, 1, 1, 1, 2, 2, 2, 1, 1, 1, 1, 2, 2, 2, 2, 1, 1, 1, 1, 2, 2, 4 ),
 ( 0.000000000000000000, 0.03124999999999435174, 0.04687499999999229089, 0.05468749999999043820, 0.06249999999998859246, 0.07812499999998477607, 0.08593749999998286093, 0.08984374999998298583, 0.09374999999998311073, 0.1093749999999863304, 0.1171874999999868022, 0.1210937499999859834, 0.1230468749999855671, 0.1249999999999851785, 0.1328124999999874545, 0.1406249999999897304, 0.1484374999999920064, 0.1523437499999940048, 0.1542968749999950040, 0.1552734374999954203, 0.1562499999999958089, 0.1875000000000002498, 0.2187500000000046629, 0.2343750000000068834, 0.2421875000000079381, 0.2460937500000084655, 0.2480468750000076328, 0.2500000000000067724, 0.3124999999999904521, 0.3437499999999838463, 0.3593749999999805156, 0.3671874999999774070, 0.3710937499999744649, 0.3730468749999729661, 0.3749999999999715228, 0.4374999999999525380, 0.4687499999999431011, 0.4843749999999365508, 0.4921874999999332201, 0.4960937499999316103, 0.4980468749999324984, 0.4999999999999334976, 0.6249999999998500089, 0.6874999999998104849, 0.7187499999997886135, 0.7343749999997796207, 0.7421874999997751798, 0.7460937499997747357, 0.7480468749997756239, 0.7499999999997765121, 1.000000000000000000 ),
 .UNSPECIFIED. ) ;
#2218 = EDGE_CURVE ( 'NONE', #2763, #555, #376, .T. ) ;
#2219 = AXIS2_PLACEMENT_3D ( 'NONE', #6465, #6394, #1762 ) ;
#2220 = CARTESIAN_POINT ( 'NONE',  ( 35.82094673099400239, 1.016991091300000108E-07, -1.656197492947999894 ) ) ;
#2221 = AXIS2_PLACEMENT_3D ( 'NONE', #3646, #1070, #4255 ) ;
#2222 = CARTESIAN_POINT ( 'NONE',  ( 5.832337209943000644, 6.000000000000000000, -109.7379312188000000 ) ) ;
#2223 = ORIENTED_EDGE ( 'NONE', *, *, #1467, .T. ) ;
#2224 = PLANE ( 'NONE',  #2664 ) ;
#2226 = EDGE_LOOP ( 'NONE', ( #2427, #6618 ) ) ;
#2225 = EDGE_CURVE ( 'NONE', #6001, #688, #2927, .T. ) ;
#2227 = CARTESIAN_POINT ( 'NONE',  ( 5.356416945547000097, 7.797182481813000443, -108.2411259489999935 ) ) ;
#2228 = CIRCLE ( 'NONE', #5886, 0.7500000000000006661 ) ;
#2229 = DIRECTION ( 'NONE',  ( -0.6427876096867989331, 0.000000000000000000, -0.7660444431187601877 ) ) ;
#2230 = AXIS2_PLACEMENT_3D ( 'NONE', #6568, #4373, #265 ) ;
#2231 = CARTESIAN_POINT ( 'NONE',  ( 36.17861460766399517, 0.5084770196160005584, 0.5526268108289998926 ) ) ;
#2232 = CARTESIAN_POINT ( 'NONE',  ( 34.69201016469499876, 1.500000000000000000, -39.55331124865000447 ) ) ;
#2233 = VECTOR ( 'NONE', #5200, 1000.000000000000000 ) ;
#2234 = CARTESIAN_POINT ( 'NONE',  ( 69.48364988456300750, 0.4679168792660000076, -3.793628381438999941 ) ) ;
#2235 = CARTESIAN_POINT ( 'NONE',  ( 40.07817436479899698, 12.50000000000000000, -37.02364028001999685 ) ) ;
#2236 = ORIENTED_EDGE ( 'NONE', *, *, #583, .T. ) ;
#2237 = CARTESIAN_POINT ( 'NONE',  ( 21.57049157054900235, 9.000000000000000000, -30.89278295660999873 ) ) ;
#2238 = TOROIDAL_SURFACE ( 'NONE', #1586, 33.00000000000000000, 3.000000000000000000 ) ;
#2239 = DIRECTION ( 'NONE',  ( -0.7660444431187601877, 0.000000000000000000, 0.6427876096867990441 ) ) ;
#2240 = CARTESIAN_POINT ( 'NONE',  ( 21.86739160308300001, 12.50000000000000000, -26.83406760961000259 ) ) ;
#2241 = ORIENTED_EDGE ( 'NONE', *, *, #3405, .F. ) ;
#2242 = CARTESIAN_POINT ( 'NONE',  ( 40.48724416503200274, 0.04811718976727000219, -37.47118012050000146 ) ) ;
#2243 = CARTESIAN_POINT ( 'NONE',  ( 25.86642985088598223, 0.0001027293362783000314, -30.23336937473001740 ) ) ;
#2244 = DIRECTION ( 'NONE',  ( 0.000000000000000000, -1.000000000000000000, 0.000000000000000000 ) ) ;
#2245 = CARTESIAN_POINT ( 'NONE',  ( 16.02049146774800192, 7.500000000000000000, -30.78915226599000121 ) ) ;
#2246 = FACE_OUTER_BOUND ( 'NONE', #4714, .T. ) ;
#2247 = CARTESIAN_POINT ( 'NONE',  ( 25.87171078325400231, 1.745286071199999429E-07, -30.19220037815001589 ) ) ;
#2248 = CARTESIAN_POINT ( 'NONE',  ( 68.33377584213499745, 12.09964513684900034, -3.808124197142000344 ) ) ;
#2249 = EDGE_LOOP ( 'NONE', ( #3710, #2797, #319, #5379 ) ) ;
#2250 = EDGE_LOOP ( 'NONE', ( #1428, #6448, #1525, #5521, #4724, #2348 ) ) ;
#2251 = CARTESIAN_POINT ( 'NONE',  ( 27.96890845605519615, 9.500000000000000000, -30.45262976783094899 ) ) ;
#2252 = CARTESIAN_POINT ( 'NONE',  ( 40.46384693061100535, 12.03463968036999887, -36.56401361414999940 ) ) ;
#2253 = DIRECTION ( 'NONE',  ( -0.9055964464100785261, 9.331088730943824311E-17, 0.4241403968610368280 ) ) ;
#2254 = ORIENTED_EDGE ( 'NONE', *, *, #896, .F. ) ;
#2255 = ADVANCED_FACE ( 'NONE', ( #2316 ), #4388, .T. ) ;
#2256 = CARTESIAN_POINT ( 'NONE',  ( 35.81416164782803691, 2.200621061266000834E-05, -1.642988784505002187 ) ) ;
#2257 = EDGE_CURVE ( 'NONE', #4212, #5337, #3803, .T. ) ;
#2258 = ORIENTED_EDGE ( 'NONE', *, *, #898, .F. ) ;
#2259 = DIRECTION ( 'NONE',  ( 0.6427876096867971567, 0.000000000000000000, 0.7660444431187616310 ) ) ;
#2260 = ORIENTED_EDGE ( 'NONE', *, *, #4818, .T. ) ;
#2261 = DIRECTION ( 'NONE',  ( 0.9968152208106985102, -1.999999999999394014E-17, -0.07974594384743585729 ) ) ;
#2262 = ADVANCED_FACE ( 'NONE', ( #1269 ), #1026, .T. ) ;
#2263 = CARTESIAN_POINT ( 'NONE',  ( 35.81563660127598325, 6.235183561019996766E-06, -1.647968236089001115 ) ) ;
#2264 = CARTESIAN_POINT ( 'NONE',  ( 4.810478453107999819, 7.500000000000000000, -50.00860886715000220 ) ) ;
#2265 = CARTESIAN_POINT ( 'NONE',  ( -11.00000000000000000, 4.500000000000000000, -107.0000000000000000 ) ) ;
#2266 = CARTESIAN_POINT ( 'NONE',  ( 35.81411051936200352, 1.157630783788000113E-05, -1.646764537544999962 ) ) ;
#2267 = EDGE_LOOP ( 'NONE', ( #3947, #1191, #6310, #6013 ) ) ;
#2268 = CARTESIAN_POINT ( 'NONE',  ( 28.58135402467300068, 3.000000000000000000, -34.42586193529999861 ) ) ;
#2269 = DIRECTION ( 'NONE',  ( 0.000000000000000000, 0.000000000000000000, -1.000000000000000000 ) ) ;
#2270 = CARTESIAN_POINT ( 'NONE',  ( 19.82801002854600370, 10.70064248896199999, -26.85432883534999959 ) ) ;
#2271 = ORIENTED_EDGE ( 'NONE', *, *, #6473, .T. ) ;
#2272 = CARTESIAN_POINT ( 'NONE',  ( 68.48938671294399683, -2.199999999999999757E-16, -3.164475894166999925 ) ) ;
#2273 = CARTESIAN_POINT ( 'NONE',  ( 26.36934661402397850, 0.5042221968909996743, -32.22869724379999212 ) ) ;
#2274 = DIRECTION ( 'NONE',  ( 0.6427876096867991551, 0.000000000000000000, 0.7660444431187601877 ) ) ;
#2275 = CARTESIAN_POINT ( 'NONE',  ( 3.225589544122000163, 0.1464466094069999946, -107.5914846093999842 ) ) ;
#2276 = FACE_BOUND ( 'NONE', #6213, .T. ) ;
#2277 = CARTESIAN_POINT ( 'NONE',  ( 26.94797630609100381, 0.2069450003680001204, -32.09206675423001798 ) ) ;
#2278 = AXIS2_PLACEMENT_3D ( 'NONE', #1634, #4144, #6267 ) ;
#2279 = CARTESIAN_POINT ( 'NONE',  ( 69.20457360165099203, 11.44999999999999929, -4.037273041049000533 ) ) ;
#2280 = VERTEX_POINT ( 'NONE', #5895 ) ;
#2281 = ORIENTED_EDGE ( 'NONE', *, *, #2420, .T. ) ;
#2282 = DIRECTION ( 'NONE',  ( 0.000000000000000000, 1.000000000000000000, -2.200000000000000003E-16 ) ) ;
#2283 = CARTESIAN_POINT ( 'NONE',  ( 3.225589544122000163, 0.1464466094069999946, -107.5914846093999842 ) ) ;
#2284 = CARTESIAN_POINT ( 'NONE',  ( 69.08114728292399320, 11.00000000000000000, 1.430066458212999825 ) ) ;
#2285 = CARTESIAN_POINT ( 'NONE',  ( 6.990738083942000358, 4.049817601694000402, -61.39946168979000163 ) ) ;
#2286 = ORIENTED_EDGE ( 'NONE', *, *, #6068, .F. ) ;
#2287 = LOCAL_TIME ( 2, 32, 51.00000000000000000, #4559 ) ;
#2288 = ORIENTED_EDGE ( 'NONE', *, *, #399, .F. ) ;
#2289 = DIRECTION ( 'NONE',  ( -0.7660444431187601877, 0.000000000000000000, 0.6427876096867989331 ) ) ;
#2290 = ORIENTED_EDGE ( 'NONE', *, *, #501, .F. ) ;
#2291 = ADVANCED_FACE ( 'NONE', ( #6450, #1813 ), #3331, .F. ) ;
#2292 = LINE ( 'NONE', #4363, #4667 ) ;
#2293 = EDGE_CURVE ( 'NONE', #5007, #3278, #1067, .T. ) ;
#2294 = AXIS2_PLACEMENT_3D ( 'NONE', #3557, #4472, #2533 ) ;
#2295 = CARTESIAN_POINT ( 'NONE',  ( 37.32343757110000126, 1.716584721102002442, 2.501888246306998020 ) ) ;
#2296 = CARTESIAN_POINT ( 'NONE',  ( 20.88851046245099852, 8.966558749501000847, -29.85242832723999840 ) ) ;
#2297 = CARTESIAN_POINT ( 'NONE',  ( 55.29234730678300025, 11.00000000000000000, 13.00024343257100057 ) ) ;
#2298 = VECTOR ( 'NONE', #1961, 1000.000000000000000 ) ;
#2299 = CARTESIAN_POINT ( 'NONE',  ( 35.81411518628799939, 1.240319359597000080E-05, -1.646419670434000171 ) ) ;
#2300 = ORIENTED_EDGE ( 'NONE', *, *, #5358, .F. ) ;
#2301 = LINE ( 'NONE', #6428, #6540 ) ;
#2302 = DIRECTION ( 'NONE',  ( 0.6427876096868001543, 0.000000000000000000, 0.7660444431187590775 ) ) ;
#2303 = CARTESIAN_POINT ( 'NONE',  ( -2.382568955332002414, 0.8254494054540005843, -107.9275364109999344 ) ) ;
#2304 = B_SPLINE_SURFACE_WITH_KNOTS ( 'NONE', 7, 8, ( 
 ( #1802, #4270, #673, #3863, #6434, #5918, #174, #3352, #4849 ),
 ( #5353, #1155, #2242, #4309, #1731, #4881, #3793, #3759, #267 ),
 ( #5815, #3222, #639, #5290, #3285, #2712, #2781, #4780, #140 ),
 ( #204, #6335, #1184, #4343, #236, #6400, #5383, #3827, #5882 ),
 ( #741, #3931, #911, #1865, #6469, #5447, #334, #5950, #5547 ),
 ( #809, #3421, #5083, #302, #1831, #2877, #6533, #6051, #4508 ),
 ( #367, #2942, #5480, #845, #5982, #1353, #6501, #2339, #1967 ),
 ( #2981, #5053, #4412, #2909, #3016, #4949, #404, #2472, #2370 ) ),
 .UNSPECIFIED., .F., .F., .F.,
 ( 8, 8 ),
 ( 9, 9 ),
 ( 0.000000000000000000, 1.000000000000000000 ),
 ( 0.000000000000000000, 1.000000000000000000 ),
 .UNSPECIFIED. ) ;
#2305 = EDGE_CURVE ( 'NONE', #3800, #3588, #829, .T. ) ;
#2306 = CARTESIAN_POINT ( 'NONE',  ( 28.51527792428900199, 9.500000000000000000, -29.80149199118000070 ) ) ;
#2307 = CARTESIAN_POINT ( 'NONE',  ( 26.93469477032099846, 1.797439617418998159, -33.19884254190999684 ) ) ;
#2308 = DIRECTION ( 'NONE',  ( 1.809210207238229998E-16, 1.000000000000000000, 0.000000000000000000 ) ) ;
#2309 = CARTESIAN_POINT ( 'NONE',  ( 2.832337209942999756, -2.442000000000000159E-14, -107.2379312188000000 ) ) ;
#2310 = CYLINDRICAL_SURFACE ( 'NONE', #2708, 0.7500000000000006661 ) ;
#2311 = CARTESIAN_POINT ( 'NONE',  ( 25.90642956006800190, 0.0002488710003047999776, -30.25898187361000069 ) ) ;
#2312 = CARTESIAN_POINT ( 'NONE',  ( 69.67146966838099331, 11.73115359540999947, -3.844094147878999834 ) ) ;
#2313 = EDGE_LOOP ( 'NONE', ( #1858, #3858, #1329, #279 ) ) ;
#2314 = EDGE_LOOP ( 'NONE', ( #3567, #6374, #5759, #1636 ) ) ;
#2315 = CARTESIAN_POINT ( 'NONE',  ( 19.82801002854600370, 10.70064248896199999, -26.85432883534999959 ) ) ;
#2316 = FACE_OUTER_BOUND ( 'NONE', #4213, .T. ) ;
#2317 = CARTESIAN_POINT ( 'NONE',  ( -2.667684567817269592, 2.261993499421270482, -109.7070314993273996 ) ) ;
#2318 = CARTESIAN_POINT ( 'NONE',  ( 35.82914678338400449, 2.542479535800000166E-07, -1.656466828756999909 ) ) ;
#2319 = CARTESIAN_POINT ( 'NONE',  ( 6.940478468272000434, 3.876237783845000173, -61.57689936457000357 ) ) ;
#2320 = ORIENTED_EDGE ( 'NONE', *, *, #1298, .T. ) ;
#2321 = VERTEX_POINT ( 'NONE', #2723 ) ;
#2322 = DIRECTION ( 'NONE',  ( 0.000000000000000000, 1.000000000000000000, -2.200000000000000003E-16 ) ) ;
#2323 = AXIS2_PLACEMENT_3D ( 'NONE', #4991, #4447, #6513 ) ;
#2324 = LINE ( 'NONE', #5342, #6079 ) ;
#2325 = CARTESIAN_POINT ( 'NONE',  ( 35.81680947911399215, 7.627504135000003063E-07, -1.653849473782002644 ) ) ;
#2326 = FACE_OUTER_BOUND ( 'NONE', #6239, .T. ) ;
#2327 = CARTESIAN_POINT ( 'NONE',  ( 47.54377101635200376, 1.500000000000000000, 12.32233084869299944 ) ) ;
#2328 = AXIS2_PLACEMENT_3D ( 'NONE', #3438, #3887, #4903 ) ;
#2329 = AXIS2_PLACEMENT_3D ( 'NONE', #5861, #3362, #2852 ) ;
#2330 = CARTESIAN_POINT ( 'NONE',  ( 35.81421725902899311, 3.719865215701000018E-05, -1.638886015179999767 ) ) ;
#2331 = ORIENTED_EDGE ( 'NONE', *, *, #562, .F. ) ;
#2332 = CARTESIAN_POINT ( 'NONE',  ( 28.39720085809200256, 1.500000000000000000, -34.27133908115000338 ) ) ;
#2333 = CARTESIAN_POINT ( 'NONE',  ( 26.04551106604499822, 11.90000000000000036, -21.85477872934000132 ) ) ;
#2334 = CARTESIAN_POINT ( 'NONE',  ( -2.999801069532001208, 1.834272051322998642, -109.2793100513000439 ) ) ;
#2335 = EDGE_CURVE ( 'NONE', #5399, #1906, #6406, .T. ) ;
#2336 = EDGE_CURVE ( 'NONE', #929, #3137, #314, .T. ) ;
#2337 = LINE ( 'NONE', #3966, #5451 ) ;
#2338 = CIRCLE ( 'NONE', #392, 4.000000000000000000 ) ;
#2339 = CARTESIAN_POINT ( 'NONE',  ( 40.82822105862400264, 1.355380852629000099, -38.46335517832999784 ) ) ;
#2340 = CARTESIAN_POINT ( 'NONE',  ( 25.86803547449102680, 6.241493483829997052E-06, -30.20163808824000995 ) ) ;
#2341 = FACE_OUTER_BOUND ( 'NONE', #904, .T. ) ;
#2342 = CARTESIAN_POINT ( 'NONE',  ( 4.038391062852999980, 0.3605477073499999685, -107.8055857072999970 ) ) ;
#2343 = EDGE_CURVE ( 'NONE', #2486, #3890, #2381, .T. ) ;
#2344 = DIRECTION ( 'NONE',  ( 0.5296313450659221322, 0.000000000000000000, -0.8482279400748727882 ) ) ;
#2345 = CIRCLE ( 'NONE', #3409, 1.500000000000002887 ) ;
#2346 = CARTESIAN_POINT ( 'NONE',  ( 25.95506455095699394, 0.001292331223541999660, -30.34569672095000215 ) ) ;
#2347 = CARTESIAN_POINT ( 'NONE',  ( 68.17168402680999861, 12.29284815415200072, -3.543099211742999799 ) ) ;
#2348 = ORIENTED_EDGE ( 'NONE', *, *, #4284, .F. ) ;
#2349 = ORIENTED_EDGE ( 'NONE', *, *, #6441, .T. ) ;
#2350 = CARTESIAN_POINT ( 'NONE',  ( -0.4035984604600000303, 3.000000000000000000, -45.47350235268000063 ) ) ;
#2351 = CARTESIAN_POINT ( 'NONE',  ( 5.267287708431999782, 1.885529756711000093, -109.3305677567000060 ) ) ;
#2352 = DIRECTION ( 'NONE',  ( 0.7660444431187609649, 0.000000000000000000, -0.6427876096867979339 ) ) ;
#2353 = DIRECTION ( 'NONE',  ( -0.000000000000000000, 0.7071067811865475727, 0.7071067811865475727 ) ) ;
#2354 = CARTESIAN_POINT ( 'NONE',  ( 28.58135402467300068, 3.000000000005000000, -34.42586193529999861 ) ) ;
#2355 = VERTEX_POINT ( 'NONE', #5459 ) ;
#2356 = ORIENTED_EDGE ( 'NONE', *, *, #101, .F. ) ;
#2357 = CARTESIAN_POINT ( 'NONE',  ( 26.76518283127499842, 9.000000000000000000, -7.306737641269999806 ) ) ;
#2358 = B_SPLINE_CURVE_WITH_KNOTS ( 'NONE', 10,
 ( #1926, #3925, #2396, #5505, #362, #397, #905, #2466, #942, #6082, #3010 ),
 .UNSPECIFIED., .F., .F.,
 ( 11, 11 ),
 ( 1.208403958241683895, 6.437403464741999315 ),
 .UNSPECIFIED. ) ;
#2359 = AXIS2_PLACEMENT_3D ( 'NONE', #1300, #282, #3364 ) ;
#2360 = DIRECTION ( 'NONE',  ( 0.6427876096867960465, 0.000000000000000000, 0.7660444431187626302 ) ) ;
#2361 = CARTESIAN_POINT ( 'NONE',  ( 37.10021131407802386, 1.539440621351998217, 2.253091504174999926 ) ) ;
#2362 = CARTESIAN_POINT ( 'NONE',  ( 38.11814372809600115, 3.000000000002000178, 3.422891405750000171 ) ) ;
#2363 = CARTESIAN_POINT ( 'NONE',  ( 21.86739160308300001, 1.500000000000000000, -26.83406760961000259 ) ) ;
#2364 = CARTESIAN_POINT ( 'NONE',  ( 35.81404983582799417, 3.484479864200000216E-06, -1.651247814356999966 ) ) ;
#2365 = ORIENTED_EDGE ( 'NONE', *, *, #4537, .T. ) ;
#2366 = LINE ( 'NONE', #1487, #3298 ) ;
#2367 = CARTESIAN_POINT ( 'NONE',  ( 28.51527792428900199, 1.500000000000000000, -29.80149199118000070 ) ) ;
#2368 = CARTESIAN_POINT ( 'NONE',  ( -1.110104656351999841, 0.08044100143278000437, -107.3050319963000021 ) ) ;
#2369 = CARTESIAN_POINT ( 'NONE',  ( 25.81670265703883516, 0.06823062291040782323, -31.24294524348790958 ) ) ;
#2370 = CARTESIAN_POINT ( 'NONE',  ( 40.64873218076000683, 1.500000000000000000, -38.67726169336000197 ) ) ;
#2371 = DIRECTION ( 'NONE',  ( 0.6427965315233731269, 1.700000000000990281E-16, 0.7660369567204452501 ) ) ;
#2372 = CARTESIAN_POINT ( 'NONE',  ( 4.955821798436000236, 1.177545084809999976, -108.6225830847999987 ) ) ;
#2373 = ADVANCED_FACE ( 'NONE', ( #2480 ), #2978, .T. ) ;
#2374 = ADVANCED_FACE ( 'NONE', ( #1432 ), #4960, .T. ) ;
#2375 = FACE_OUTER_BOUND ( 'NONE', #353, .T. ) ;
#2376 = CARTESIAN_POINT ( 'NONE',  ( 26.03066053338801566, 0.004546608724436003099, -30.48043550659001610 ) ) ;
#2377 = CARTESIAN_POINT ( 'NONE',  ( 35.34470212660600197, 7.870630470402000256, 0.8237489086710000352 ) ) ;
#2378 = ORIENTED_EDGE ( 'NONE', *, *, #5732, .T. ) ;
#2379 = ORIENTED_EDGE ( 'NONE', *, *, #5119, .F. ) ;
#2380 = CARTESIAN_POINT ( 'NONE',  ( -1.929223434378002144, 8.544603872946002099, -107.9004341270000111 ) ) ;
#2381 = LINE ( 'NONE', #854, #1570 ) ;
#2382 = CARTESIAN_POINT ( 'NONE',  ( -2.040570289121430125, 0.8606169667735470430, -108.3056549667125950 ) ) ;
#2383 = CARTESIAN_POINT ( 'NONE',  ( 35.81544345752200087, 4.872356315739999497E-06, -1.648983189699000151 ) ) ;
#2384 = CARTESIAN_POINT ( 'NONE',  ( 28.47024954197399893, 1.789862979343999960, -34.33263420485000239 ) ) ;
#2385 = ORIENTED_EDGE ( 'NONE', *, *, #5732, .F. ) ;
#2386 = ORIENTED_EDGE ( 'NONE', *, *, #5684, .F. ) ;
#2387 = AXIS2_PLACEMENT_3D ( 'NONE', #1846, #5932, #3911 ) ;
#2388 = ADVANCED_FACE ( 'NONE', ( #5523 ), #3190, .T. ) ;
#2389 = CARTESIAN_POINT ( 'NONE',  ( 26.70740244072300129, 0.1229889405529999979, -31.67654316663000458 ) ) ;
#2390 = CALENDAR_DATE ( 2026, 15, 6 ) ;
#2391 = CARTESIAN_POINT ( 'NONE',  ( 35.81717282409103120, 2.310069702594002390E-05, -1.639895358185999408 ) ) ;
#2392 = CARTESIAN_POINT ( 'NONE',  ( 10.55311763816800052, 9.000000000000000000, -48.44323113179999751 ) ) ;
#2393 = ORIENTED_EDGE ( 'NONE', *, *, #4659, .T. ) ;
#2394 = CARTESIAN_POINT ( 'NONE',  ( 35.81416164782799427, 2.200621061265999818E-05, -1.642988784504999966 ) ) ;
#2395 = ORIENTED_EDGE ( 'NONE', *, *, #6675, .T. ) ;
#2396 = CARTESIAN_POINT ( 'NONE',  ( 5.267149347404290083, 7.114867610011510024, -109.3301703899773969 ) ) ;
#2397 = CARTESIAN_POINT ( 'NONE',  ( 19.48154756883599958, -4.000000000000000000, -33.68652751859999483 ) ) ;
#2398 = FACE_OUTER_BOUND ( 'NONE', #3103, .T. ) ;
#2399 = AXIS2_PLACEMENT_3D ( 'NONE', #3694, #3663, #5189 ) ;
#2400 = LINE ( 'NONE', #2875, #6098 ) ;
#2401 = CARTESIAN_POINT ( 'NONE',  ( 40.64873218076000683, 11.00000000000000000, -38.67726169336000197 ) ) ;
#2402 = CARTESIAN_POINT ( 'NONE',  ( 70.21696222634099627, 11.00000000000000000, -3.439217309890000074 ) ) ;
#2403 = CIRCLE ( 'NONE', #2191, 3.000000000000000888 ) ;
#2404 = DIRECTION ( 'NONE',  ( 0.000000000000000000, -1.000000000000000000, 0.000000000000000000 ) ) ;
#2405 = CARTESIAN_POINT ( 'NONE',  ( 25.87285072077902370, 3.180653713300001294E-06, -30.19910564317000379 ) ) ;
#2406 = CARTESIAN_POINT ( 'NONE',  ( 29.55207598585097983, 9.196157751710000383, -6.785750600475998873 ) ) ;
#2407 = ORIENTED_EDGE ( 'NONE', *, *, #3383, .T. ) ;
#2408 = ORIENTED_EDGE ( 'NONE', *, *, #6142, .T. ) ;
#2409 = EDGE_CURVE ( 'NONE', #5579, #2355, #2010, .T. ) ;
#2410 = DIRECTION ( 'NONE',  ( -0.6585051301128203027, 0.000000000000000000, -0.7525762377427935856 ) ) ;
#2411 = ADVANCED_FACE ( 'NONE', ( #5592 ), #440, .F. ) ;
#2412 = CARTESIAN_POINT ( 'NONE',  ( -11.00000000000000000, 4.500000000000000000, -62.00000000000000000 ) ) ;
#2413 = CARTESIAN_POINT ( 'NONE',  ( 40.71378714485000216, 0.6337301484970000454, -38.29127432957999844 ) ) ;
#2414 = CARTESIAN_POINT ( 'NONE',  ( 47.28623531568599958, 3.000000000000000000, 5.506554772245999985 ) ) ;
#2415 = CARTESIAN_POINT ( 'NONE',  ( 35.81521813140599875, 3.505674647020000347E-06, -1.650167289291000206 ) ) ;
#2416 = CARTESIAN_POINT ( 'NONE',  ( 37.67357651100600435, 2.759971782897999937, 3.034573479111000172 ) ) ;
#2417 = ORIENTED_EDGE ( 'NONE', *, *, #6224, .T. ) ;
#2418 = VERTEX_POINT ( 'NONE', #2449 ) ;
#2419 = ADVANCED_FACE ( 'NONE', ( #1875 ), #6610, .T. ) ;
#2420 = EDGE_CURVE ( 'NONE', #2567, #5944, #2645, .T. ) ;
#2421 = CARTESIAN_POINT ( 'NONE',  ( 26.13881003155999849, 0.01273246022013999924, -30.67300967186999827 ) ) ;
#2422 = SECURITY_CLASSIFICATION_LEVEL ( 'unclassified' ) ;
#2423 = CARTESIAN_POINT ( 'NONE',  ( 25.91693396519498194, 0.004625703679539998163, -30.39982814934002064 ) ) ;
#2424 = CARTESIAN_POINT ( 'NONE',  ( 69.38928936650499679, 11.00000000000000000, -2.092013673799999918 ) ) ;
#2425 = ADVANCED_FACE ( 'NONE', ( #3940 ), #1057, .T. ) ;
#2426 = CARTESIAN_POINT ( 'NONE',  ( 40.97673661261200095, 1.275000000000000133, -38.18354160448000556 ) ) ;
#2427 = ORIENTED_EDGE ( 'NONE', *, *, #4794, .T. ) ;
#2428 = CARTESIAN_POINT ( 'NONE',  ( 19.27830776563999748, 8.938918337859000474, -28.22365968955999804 ) ) ;
#2429 = ORIENTED_EDGE ( 'NONE', *, *, #3122, .T. ) ;
#2430 = DIRECTION ( 'NONE',  ( 0.6334076177927109308, 1.699999999999219288E-16, 0.7738183182906457347 ) ) ;
#2431 = CARTESIAN_POINT ( 'NONE',  ( 21.18947901920400056, 12.50000000000000000, -19.08549131918000086 ) ) ;
#2432 = CIRCLE ( 'NONE', #374, 1.500000000000000000 ) ;
#2433 = CARTESIAN_POINT ( 'NONE',  ( 35.81417091349601378, 2.424146795499002515E-05, -1.642304986536998745 ) ) ;
#2434 = AXIS2_PLACEMENT_3D ( 'NONE', #6096, #4550, #3976 ) ;
#2435 = CARTESIAN_POINT ( 'NONE',  ( -2.667764687937999923, 2.262456778894000209, -109.7074947787999974 ) ) ;
#2436 = CARTESIAN_POINT ( 'NONE',  ( 25.40272345635900209, 9.000000000000000000, -22.62082317245999974 ) ) ;
#2437 = CARTESIAN_POINT ( 'NONE',  ( 26.29202473291000075, -4.000000000000000000, -24.67244283495000090 ) ) ;
#2438 = CIRCLE ( 'NONE', #6445, 0.7500000000000006661 ) ;
#2439 = CIRCLE ( 'NONE', #2230, 0.7500000000000006661 ) ;
#2440 = CARTESIAN_POINT ( 'NONE',  ( 20.68775344203900346, 10.65336895904700043, -27.79470544441000257 ) ) ;
#2441 = LINE ( 'NONE', #4510, #5305 ) ;
#2442 = CARTESIAN_POINT ( 'NONE',  ( 26.01986096182400132, 0.003973019932983000262, -30.46119113291999980 ) ) ;
#2443 =( BOUNDED_CURVE ( )  B_SPLINE_CURVE ( 2, ( #5341, #3305, #2767 ),
 .UNSPECIFIED., .F., .T. ) 
 B_SPLINE_CURVE_WITH_KNOTS ( ( 3, 3 ),
 ( 0.000000000000000000, 5.229713722380000540 ),
 .UNSPECIFIED. ) 
 CURVE ( )  GEOMETRIC_REPRESENTATION_ITEM ( )  RATIONAL_B_SPLINE_CURVE ( ( 1.000000000000000000, 0.7071067811869999886, 1.000000000000000000 ) ) 
 REPRESENTATION_ITEM ( '' )  );
#2444 = CARTESIAN_POINT ( 'NONE',  ( 32.21456079812199391, 10.37913151362899988, -3.612724760224999887 ) ) ;
#2445 = ORIENTED_EDGE ( 'NONE', *, *, #1379, .T. ) ;
#2446 = CIRCLE ( 'NONE', #1687, 0.7500000000000006661 ) ;
#2447 = ORIENTED_EDGE ( 'NONE', *, *, #2921, .T. ) ;
#2448 = CARTESIAN_POINT ( 'NONE',  ( -0.1676627900569999940, 8.853553390592999506, -107.5914846093999842 ) ) ;
#2449 = CARTESIAN_POINT ( 'NONE',  ( 39.17827171123799701, 12.50000000000000000, -38.09610250039000334 ) ) ;
#2450 = DIRECTION ( 'NONE',  ( -0.4192636510169056030, 0.000000000000000000, -0.9078645223467952663 ) ) ;
#2451 = CARTESIAN_POINT ( 'NONE',  ( 4.611113593489999829, 1.500000000000000000, -52.50064691917999937 ) ) ;
#2452 = CARTESIAN_POINT ( 'NONE',  ( 35.81518594250399445, 3.324209548739999946E-06, -1.650336445527000206 ) ) ;
#2453 = CARTESIAN_POINT ( 'NONE',  ( -11.00000000000000000, 4.500000000000000000, -107.0000000000000000 ) ) ;
#2454 = ORIENTED_EDGE ( 'NONE', *, *, #2536, .T. ) ;
#2455 = VERTEX_POINT ( 'NONE', #4610 ) ;
#2456 = CARTESIAN_POINT ( 'NONE',  ( 26.61502327753700214, 0.09707975374468000296, -31.51507203951999614 ) ) ;
#2457 = CARTESIAN_POINT ( 'NONE',  ( 40.07817436479899698, 11.00000000000000000, -37.02364028001999685 ) ) ;
#2458 = EDGE_CURVE ( 'NONE', #2280, #2188, #4060, .T. ) ;
#2459 = CARTESIAN_POINT ( 'NONE',  ( 25.88550301240998763, 0.0005698702202298999535, -30.26448186769000870 ) ) ;
#2460 = CARTESIAN_POINT ( 'NONE',  ( 37.04516917667899634, 1.098882300827001002, 2.063891588069000971 ) ) ;
#2461 = CARTESIAN_POINT ( 'NONE',  ( 40.68946564262600418, 0.7125000000000000222, -36.75333019218999908 ) ) ;
#2462 = ORIENTED_EDGE ( 'NONE', *, *, #4038, .T. ) ;
#2463 = AXIS2_PLACEMENT_3D ( 'NONE', #2414, #6546, #1910 ) ;
#2464 = CARTESIAN_POINT ( 'NONE',  ( 36.98460286642600181, 1.897786490386999869, 2.364213212770999828 ) ) ;
#2465 = VERTEX_POINT ( 'NONE', #4171 ) ;
#2466 = CARTESIAN_POINT ( 'NONE',  ( 4.038225229155245621, 8.639511852260289615, -107.8055261476885960 ) ) ;
#2467 = EDGE_CURVE ( 'NONE', #5865, #6518, #3116, .T. ) ;
#2468 = CARTESIAN_POINT ( 'NONE',  ( 55.29234730678300025, 11.00000000000000000, 13.00024343257100057 ) ) ;
#2469 = CARTESIAN_POINT ( 'NONE',  ( 37.05876560471300962, 1.971281962721999070, 2.443387128389000740 ) ) ;
#2470 = CARTESIAN_POINT ( 'NONE',  ( 70.03747334847699335, 1.355380852629000099, -3.653123824914999762 ) ) ;
#2471 = LINE ( 'NONE', #5584, #6642 ) ;
#2472 = CARTESIAN_POINT ( 'NONE',  ( 40.83804875879899754, 1.387499999999999956, -38.45164298133999381 ) ) ;
#2473 = EDGE_CURVE ( 'NONE', #3732, #1200, #4924, .T. ) ;
#2474 = DIRECTION ( 'NONE',  ( 0.000000000000000000, 1.000000000000000000, -2.200000000000000003E-16 ) ) ;
#2475 = CARTESIAN_POINT ( 'NONE',  ( 20.83012237483400142, 10.65411380662800056, -27.92180631675000058 ) ) ;
#2476 = DIRECTION ( 'NONE',  ( 0.7525762377427938077, -1.499999999999589761E-16, -0.6585051301128198586 ) ) ;
#2477 = CARTESIAN_POINT ( 'NONE',  ( 36.46593616309699115, 8.016126171834006442, 1.453867104450998760 ) ) ;
#2478 = ORIENTED_EDGE ( 'NONE', *, *, #795, .T. ) ;
#2479 = CARTESIAN_POINT ( 'NONE',  ( -1.580134187704000048, 8.752955845407999647, -107.4441198064000105 ) ) ;
#2480 = FACE_OUTER_BOUND ( 'NONE', #523, .T. ) ;
#2481 = DIRECTION ( 'NONE',  ( -8.450200795878899255E-17, 1.000000000000000000, -1.804230832251244873E-16 ) ) ;
#2482 = CARTESIAN_POINT ( 'NONE',  ( 39.13329164899599988, 3.000000000000000000, -31.41518883086000358 ) ) ;
#2483 = CARTESIAN_POINT ( 'NONE',  ( 35.93337505181899871, 0.02616116586757999754, -1.034977864788000135 ) ) ;
#2484 = FACE_OUTER_BOUND ( 'NONE', #4433, .T. ) ;
#2485 = ORIENTED_EDGE ( 'NONE', *, *, #3672, .F. ) ;
#2486 = VERTEX_POINT ( 'NONE', #915 ) ;
#2487 = CARTESIAN_POINT ( 'NONE',  ( 27.66877616441600196, 0.6072570087479999268, -33.28256126407999460 ) ) ;
#2488 = PERSON_AND_ORGANIZATION_ROLE ( 'creator' ) ;
#2489 = CARTESIAN_POINT ( 'NONE',  ( 25.95075922202801166, 0.01333431339067998878, -30.54520061305001732 ) ) ;
#2490 = CARTESIAN_POINT ( 'NONE',  ( 37.52482456733500271, 1.444602332159000246, 2.714661545155002020 ) ) ;
#2491 = CARTESIAN_POINT ( 'NONE',  ( -2.382568955332999838, 8.174550594544999882, -107.9275364110000055 ) ) ;
#2492 = AXIS2_PLACEMENT_3D ( 'NONE', #2174, #4109, #5162 ) ;
#2493 = ORIENTED_EDGE ( 'NONE', *, *, #1815, .F. ) ;
#2494 = LINE ( 'NONE', #5639, #3946 ) ;
#2495 = EDGE_CURVE ( 'NONE', #3361, #895, #2008, .T. ) ;
#2496 = VERTEX_POINT ( 'NONE', #982 ) ;
#2497 = EDGE_CURVE ( 'NONE', #3837, #938, #1901, .T. ) ;
#2498 = CARTESIAN_POINT ( 'NONE',  ( 19.13560800430400022, 1.500000000000000000, -29.52857595198999974 ) ) ;
#2499 = DIRECTION ( 'NONE',  ( 1.000000000000000000, 0.000000000000000000, 0.000000000000000000 ) ) ;
#2500 = CARTESIAN_POINT ( 'NONE',  ( 36.36586052245498735, 1.204937320755000263, 1.533989552493999486 ) ) ;
#2501 = DIRECTION ( 'NONE',  ( 0.000000000000000000, -1.000000000000000000, 0.000000000000000000 ) ) ;
#2502 = AXIS2_PLACEMENT_3D ( 'NONE', #2800, #4839, #4329 ) ;
#2503 = CARTESIAN_POINT ( 'NONE',  ( 17.99600685808700007, 7.500000000000000000, -28.53142355275999975 ) ) ;
#2504 = ORIENTED_EDGE ( 'NONE', *, *, #1556, .F. ) ;
#2505 = FACE_OUTER_BOUND ( 'NONE', #5455, .T. ) ;
#2506 = DIRECTION ( 'NONE',  ( 0.000000000000000000, 0.000000000000000000, -1.000000000000000000 ) ) ;
#2507 = CARTESIAN_POINT ( 'NONE',  ( 29.59486494110799981, 8.903210349266000634, -4.625053663423999595 ) ) ;
#2508 = EDGE_CURVE ( 'NONE', #3174, #3475, #407, .T. ) ;
#2509 = ORIENTED_EDGE ( 'NONE', *, *, #4450, .F. ) ;
#2510 = CARTESIAN_POINT ( 'NONE',  ( -2.999801069532997300, 7.165727948673996650, -109.2793100513000439 ) ) ;
#2511 = AXIS2_PLACEMENT_3D ( 'NONE', #4568, #3041, #3478 ) ;
#2512 = CARTESIAN_POINT ( 'NONE',  ( 4.810478453107999819, 1.500000000000000000, -50.00860886715000220 ) ) ;
#2513 = CARTESIAN_POINT ( 'NONE',  ( -2.667764687937999923, 6.737543221103999613, -109.7074947787999974 ) ) ;
#2514 = CYLINDRICAL_SURFACE ( 'NONE', #4218, 1.500000000000000000 ) ;
#2515 = CARTESIAN_POINT ( 'NONE',  ( 35.81717282409099568, 2.310069702594000018E-05, -1.639895358186000074 ) ) ;
#2516 = CARTESIAN_POINT ( 'NONE',  ( 37.20234116441800154, 2.104000058122000194, 2.585554635270000290 ) ) ;
#2517 = ORIENTED_EDGE ( 'NONE', *, *, #1275, .T. ) ;
#2518 = ORIENTED_EDGE ( 'NONE', *, *, #1894, .F. ) ;
#2519 = CARTESIAN_POINT ( 'NONE',  ( 28.13953260799999967, 1.088477081935999902, -33.98449481462999699 ) ) ;
#2520 = SHAPE_DEFINITION_REPRESENTATION ( #575, #1138 ) ;
#2521 = CARTESIAN_POINT ( 'NONE',  ( 25.92418175541702041, 0.006140389676671003522, -30.43100654976000996 ) ) ;
#2522 = CARTESIAN_POINT ( 'NONE',  ( 47.54377101635200376, -2.199999999999999757E-16, 12.32233084869299944 ) ) ;
#2523 = CARTESIAN_POINT ( 'NONE',  ( -0.4035984604600000303, -1.010000000000000082E-14, -45.47350235268000063 ) ) ;
#2524 = ORIENTED_EDGE ( 'NONE', *, *, #6147, .F. ) ;
#2525 = CARTESIAN_POINT ( 'NONE',  ( 35.94485418905200191, 0.4449821830290000002, 0.2838732209510000382 ) ) ;
#2526 = ORIENTED_EDGE ( 'NONE', *, *, #2668, .T. ) ;
#2527 = CARTESIAN_POINT ( 'NONE',  ( 24.90433106182099721, 10.79999999995599858, -31.34047332333999591 ) ) ;
#2528 = CARTESIAN_POINT ( 'NONE',  ( 21.18947901920400056, 0.000000000000000000, -19.08549131918000086 ) ) ;
#2529 = CARTESIAN_POINT ( 'NONE',  ( 35.94485418905200191, 0.4449821830290000002, 0.2838732209510000382 ) ) ;
#2530 = CARTESIAN_POINT ( 'NONE',  ( 30.40545051548500055, 8.831998658964000271, -3.858478119077999757 ) ) ;
#2531 = CARTESIAN_POINT ( 'NONE',  ( 40.69757920996799783, 11.93209543460999988, -36.74366081915999871 ) ) ;
#2532 = ORIENTED_EDGE ( 'NONE', *, *, #3951, .F. ) ;
#2533 = DIRECTION ( 'NONE',  ( 0.000000000000000000, 1.000000000000000000, 0.000000000000000000 ) ) ;
#2534 = AXIS2_PLACEMENT_3D ( 'NONE', #425, #3477, #6014 ) ;
#2535 = AXIS2_PLACEMENT_3D ( 'NONE', #1201, #6383, #2289 ) ;
#2536 = EDGE_CURVE ( 'NONE', #6290, #1717, #6669, .T. ) ;
#2537 = DIRECTION ( 'NONE',  ( -0.6427876096867990441, 0.000000000000000000, -0.7660444431187600767 ) ) ;
#2538 = EDGE_CURVE ( 'NONE', #4685, #6001, #1529, .T. ) ;
#2539 = CARTESIAN_POINT ( 'NONE',  ( 30.63309695945099875, 10.65050438941599964, -5.497439971519000323 ) ) ;
#2540 = ORIENTED_EDGE ( 'NONE', *, *, #1011, .F. ) ;
#2541 = CIRCLE ( 'NONE', #6651, 1.499999999999998446 ) ;
#2542 = CIRCLE ( 'NONE', #6331, 1.500000000000000888 ) ;
#2543 = CARTESIAN_POINT ( 'NONE',  ( 6.779668753130999370, 5.235807576131000118, -62.17537056348000135 ) ) ;
#2544 = CARTESIAN_POINT ( 'NONE',  ( 25.77672054942897972, 0.2648044538099998402, -32.22696794780003415 ) ) ;
#2545 = CARTESIAN_POINT ( 'NONE',  ( 52.64631673005799684, 11.90000000000000036, 6.735379332924999574 ) ) ;
#2546 = FACE_OUTER_BOUND ( 'NONE', #2313, .T. ) ;
#2547 = ADVANCED_FACE ( 'NONE', ( #949, #2004, #1495, #5086, #2986, #5619, #5056 ), #5152, .T. ) ;
#2548 = PLANE ( 'NONE',  #1083 ) ;
#2549 = DIRECTION ( 'NONE',  ( 0.000000000000000000, -1.000000000000000000, 0.000000000000000000 ) ) ;
#2550 = ORIENTED_EDGE ( 'NONE', *, *, #3867, .F. ) ;
#2551 = ORIENTED_EDGE ( 'NONE', *, *, #101, .T. ) ;
#2552 = CARTESIAN_POINT ( 'NONE',  ( 25.76465702314002115, 0.5278551722141968661, -32.95926511789506463 ) ) ;
#2553 = CARTESIAN_POINT ( 'NONE',  ( -3.167662790056999800, 4.500000000000000000, -80.00000000000000000 ) ) ;
#2554 = CARTESIAN_POINT ( 'NONE',  ( 25.91453982516799925, 0.0003649147405177999488, -30.27344323040999896 ) ) ;
#2555 = AXIS2_PLACEMENT_3D ( 'NONE', #1157, #1630, #1601 ) ;
#2556 = CARTESIAN_POINT ( 'NONE',  ( 26.08207956874199240, 0.09046571450299004113, -31.10289302803999334 ) ) ;
#2557 = CARTESIAN_POINT ( 'NONE',  ( 36.96650714753898370, 1.031234329271000449, 1.940407948401000837 ) ) ;
#2558 = CARTESIAN_POINT ( 'NONE',  ( 41.00000077237499596, 0.9375000000000000000, -37.27272699551999580 ) ) ;
#2559 = EDGE_LOOP ( 'NONE', ( #3195, #2271 ) ) ;
#2560 = CARTESIAN_POINT ( 'NONE',  ( 50.65460117794900441, 0.5999999999999999778, 8.406627118110000296 ) ) ;
#2561 = ORIENTED_EDGE ( 'NONE', *, *, #3503, .T. ) ;
#2562 = CARTESIAN_POINT ( 'NONE',  ( 2.832337209942999756, 0.1464466094069999946, -107.5914846093999842 ) ) ;
#2563 = DIRECTION ( 'NONE',  ( -0.7525762377427938077, 0.000000000000000000, 0.6585051301128198586 ) ) ;
#2564 = CARTESIAN_POINT ( 'NONE',  ( 35.81052612537498447, 6.595673119000000176E-08, -1.655368680488999100 ) ) ;
#2565 = DIRECTION ( 'NONE',  ( 0.6427876096867971567, 0.000000000000000000, 0.7660444431187616310 ) ) ;
#2566 = CARTESIAN_POINT ( 'NONE',  ( 4.611113593489999829, 7.500000000000000000, -52.50064691917999937 ) ) ;
#2567 = VERTEX_POINT ( 'NONE', #2570 ) ;
#2568 = DIRECTION ( 'NONE',  ( 0.000000000000000000, 1.000000000000000000, 0.000000000000000000 ) ) ;
#2569 = VECTOR ( 'NONE', #1631, 1000.000000000000000 ) ;
#2570 = CARTESIAN_POINT ( 'NONE',  ( 3.904882006698000119, 1.500000000000000000, -49.58446847028999827 ) ) ;
#2571 = ORIENTED_EDGE ( 'NONE', *, *, #4423, .T. ) ;
#2572 = CARTESIAN_POINT ( 'NONE',  ( 7.004676399853000390, 4.876816355165000338, -61.35092821003999575 ) ) ;
#2573 = CARTESIAN_POINT ( 'NONE',  ( 25.86146009165099713, 0.001193661803015999990, -30.33163938211999877 ) ) ;
#2574 = CARTESIAN_POINT ( 'NONE',  ( 28.51527792428900199, 1.500000000000000000, -29.80149199118000070 ) ) ;
#2575 = ADVANCED_FACE ( 'NONE', ( #4545 ), #6605, .T. ) ;
#2576 = FACE_OUTER_BOUND ( 'NONE', #4489, .T. ) ;
#2577 = ADVANCED_FACE ( 'NONE', ( #37 ), #436, .T. ) ;
#2578 = DIRECTION ( 'NONE',  ( 1.000000000000000000, 0.000000000000000000, 0.000000000000000000 ) ) ;
#2579 = DIRECTION ( 'NONE',  ( -0.6427876096867989331, -1.699999999999469998E-16, -0.7660444431187601877 ) ) ;
#2580 = ORIENTED_EDGE ( 'NONE', *, *, #4815, .T. ) ;
#2581 = ORIENTED_EDGE ( 'NONE', *, *, #1218, .F. ) ;
#2582 = CARTESIAN_POINT ( 'NONE',  ( 25.78681615910407388, 0.9080572010616873024, -33.63407290522741278 ) ) ;
#2583 = DIRECTION ( 'NONE',  ( 0.7738183182906464008, -1.393496759143362291E-16, -0.6334076177927100426 ) ) ;
#2584 = CARTESIAN_POINT ( 'NONE',  ( 25.89945363325900018, 0.0001650319936750000024, -30.24654296714999901 ) ) ;
#2585 = CARTESIAN_POINT ( 'NONE',  ( 27.66877616441601262, 0.6072570087480005929, -33.28256126407998039 ) ) ;
#2586 = DIRECTION ( 'NONE',  ( -0.9055964464100787481, 0.000000000000000000, 0.4241403968610362174 ) ) ;
#2587 = AXIS2_PLACEMENT_3D ( 'NONE', #3057, #3024, #4617 ) ;
#2588 = FACE_OUTER_BOUND ( 'NONE', #1046, .T. ) ;
#2590 = VERTEX_POINT ( 'NONE', #5781 ) ;
#2589 = EDGE_CURVE ( 'NONE', #4254, #2211, #4070, .T. ) ;
#2591 = CARTESIAN_POINT ( 'NONE',  ( 4.244808607591000538, 8.752955845405999469, -107.4441198064000105 ) ) ;
#2592 = VERTEX_POINT ( 'NONE', #5287 ) ;
#2593 = CARTESIAN_POINT ( 'NONE',  ( 25.90635216709799948, 12.50000000000000000, -25.13206950081999835 ) ) ;
#2594 = CARTESIAN_POINT ( 'NONE',  ( 20.12336569947400022, 1.500000000000000000, -28.39971159538000123 ) ) ;
#2595 = VECTOR ( 'NONE', #4954, 1000.000000000000114 ) ;
#2596 = CARTESIAN_POINT ( 'NONE',  ( 35.81603270788100701, 4.332968035347997264E-05, -1.636346160828997975 ) ) ;
#2597 = CARTESIAN_POINT ( 'NONE',  ( 27.55109650975880342, 9.500000000000000000, -30.95055865585815269 ) ) ;
#2598 = CARTESIAN_POINT ( 'NONE',  ( 29.19065849311800065, 8.931153744699999564, -5.007855256494999630 ) ) ;
#2599 = LINE ( 'NONE', #1077, #3619 ) ;
#2600 = B_SPLINE_CURVE_WITH_KNOTS ( 'NONE', 14,
 ( #1312, #3889, #4367, #3379, #1793, #259, #1889, #3277, #2901, #5943, #3923, #5975, #5346, #736, #3959, #6391, #1344, #5473, #1758, #2364, #3818, #2805, #5873, #6012, #327, #229, #4940, #5440, #800, #836, #4874, #1281, #1246, #6425, #4905, #2266, #2299, #3857, #2867, #294, #3312, #6494, #2394, #5406, #767, #2836, #4335, #4465, #2330, #4402, #6463, #1825, #2774, #6526, #4843, #3037, #1991, #6116, #3581, #5540, #4023, #5578, #3441, #1446, #6080, #2525, #3549, #2970, #3510, #869, #1485, #968, #939, #903, #395, #5006, #456, #6590, #5044, #6562, #3008, #5075, #4595, #2464, #1378, #3069, #5503, #4532, #5104, #6690, #360, #3989, #1410 ),
 .UNSPECIFIED., .F., .F.,
 ( 15, 13, 13, 13, 13, 13, 13, 15 ),
 ( 7.141400000000000246E-13, 0.003735181293793000089, 0.005778960311110000261, 0.009866520827219000048, 0.01797118365144000085, 1.836667241096999748, 3.901113557168999435, 4.542637142609000200 ),
 .UNSPECIFIED. ) ;
#2601 = EDGE_LOOP ( 'NONE', ( #4933, #5502, #5432, #5860 ) ) ;
#2602 = CIRCLE ( 'NONE', #6167, 1.799999999999999600 ) ;
#2603 = PLANE ( 'NONE',  #4675 ) ;
#2604 = DIRECTION ( 'NONE',  ( 0.6427876096867995992, 0.000000000000000000, 0.7660444431187596326 ) ) ;
#2605 = ORIENTED_EDGE ( 'NONE', *, *, #4793, .F. ) ;
#2606 = CARTESIAN_POINT ( 'NONE',  ( 7.031209858317000183, 4.634276772669050359, -61.25937714428999925 ) ) ;
#2607 = CARTESIAN_POINT ( 'NONE',  ( 25.83483525071601150, 0.02746491794148998161, -30.86440161124998482 ) ) ;
#2608 = DIRECTION ( 'NONE',  ( 0.000000000000000000, -0.7071067811865474617, -0.7071067811865474617 ) ) ;
#2609 = DIRECTION ( 'NONE',  ( 0.7660444431187601877, 0.000000000000000000, -0.6427876096867991551 ) ) ;
#2610 = AXIS2_PLACEMENT_3D ( 'NONE', #3017, #1493, #1455 ) ;
#2611 = CARTESIAN_POINT ( 'NONE',  ( 19.82801002854600725, 9.293515744213008745, -26.85432883534998183 ) ) ;
#2612 = CARTESIAN_POINT ( 'NONE',  ( 23.24435129701199898, 3.000000000000000000, -5.968350628627000276 ) ) ;
#2613 = ORIENTED_EDGE ( 'NONE', *, *, #2018, .F. ) ;
#2614 = EDGE_CURVE ( 'NONE', #6446, #2496, #4232, .T. ) ;
#2615 = EDGE_CURVE ( 'NONE', #3112, #4254, #5855, .T. ) ;
#2616 = AXIS2_PLACEMENT_3D ( 'NONE', #1040, #4666, #97 ) ;
#2617 = ORIENTED_EDGE ( 'NONE', *, *, #4112, .F. ) ;
#2618 = CARTESIAN_POINT ( 'NONE',  ( 25.87353503745432093, 1.555088439734608974, -34.27562092003164906 ) ) ;
#2619 = CARTESIAN_POINT ( 'NONE',  ( 38.11814372809600115, 3.000000000000000000, 3.422891405750000171 ) ) ;
#2620 = CARTESIAN_POINT ( 'NONE',  ( 25.86186179845599753, 3.810777142700000512E-07, -30.19638270784999889 ) ) ;
#2621 = AXIS2_PLACEMENT_3D ( 'NONE', #1751, #4936, #3273 ) ;
#2622 = CARTESIAN_POINT ( 'NONE',  ( 25.87033711397602076, 6.285087039479996914E-06, -30.19913372731999246 ) ) ;
#2623 = CARTESIAN_POINT ( 'NONE',  ( 4.705450742608999981, 8.139195736037001083, -108.3058422639000042 ) ) ;
#2624 = EDGE_CURVE ( 'NONE', #3639, #6525, #3196, .T. ) ;
#2625 = CARTESIAN_POINT ( 'NONE',  ( 35.81405917586203458, 4.428528285420003024E-06, -1.650558073782000257 ) ) ;
#2626 = EDGE_CURVE ( 'NONE', #6070, #2935, #2115, .T. ) ;
#2627 = VERTEX_POINT ( 'NONE', #5847 ) ;
#2628 = CARTESIAN_POINT ( 'NONE',  ( -2.667662790057000244, 5.646446609406999606, -110.7985913904999933 ) ) ;
#2629 = EDGE_LOOP ( 'NONE', ( #1818, #1303, #6343, #1273 ) ) ;
#2630 = CARTESIAN_POINT ( 'NONE',  ( -3.167662790056999800, 5.646446609406999606, -110.7985913904999933 ) ) ;
#2631 = CARTESIAN_POINT ( 'NONE',  ( -1.110104656351999841, 0.08044100143278000437, -107.3050319963000021 ) ) ;
#2632 = EDGE_CURVE ( 'NONE', #688, #4384, #4641, .T. ) ;
#2633 = CARTESIAN_POINT ( 'NONE',  ( 35.81569041035000112, 2.996353140072001518E-05, -1.639732587401002473 ) ) ;
#2634 = CARTESIAN_POINT ( 'NONE',  ( 34.65398685104599963, 9.658203493950999530, -0.7055299977840000514 ) ) ;
#2635 = CARTESIAN_POINT ( 'NONE',  ( 69.85062042233498403, 1.116659746195000080, -3.790907003773000383 ) ) ;
#2636 = CARTESIAN_POINT ( 'NONE',  ( 40.38478464766799902, 12.43390881655800051, -37.57463349539000319 ) ) ;
#2637 = EDGE_LOOP ( 'NONE', ( #5155, #690, #1908 ) ) ;
#2638 = LINE ( 'NONE', #4709, #2944 ) ;
#2639 = CIRCLE ( 'NONE', #5350, 2.500000000000000000 ) ;
#2640 = CARTESIAN_POINT ( 'NONE',  ( 40.72104578684999865, 11.29452431127399947, -38.59108169350999873 ) ) ;
#2641 = ORIENTED_EDGE ( 'NONE', *, *, #4707, .T. ) ;
#2642 = CARTESIAN_POINT ( 'NONE',  ( 6.760817651757999869, 5.215544898747999980, -62.24890196022000310 ) ) ;
#2643 = CARTESIAN_POINT ( 'NONE',  ( 25.84596859448899053, 0.01213883608345000045, -30.63966387159999272 ) ) ;
#2644 = CARTESIAN_POINT ( 'NONE',  ( 25.40272345635900209, 10.80000000000000071, -22.62082317245999974 ) ) ;
#2645 = CIRCLE ( 'NONE', #3299, 0.9999999999999996669 ) ;
#2646 = CARTESIAN_POINT ( 'NONE',  ( 20.30858616696399821, 8.938777744353000543, -29.17767557219000096 ) ) ;
#2647 = CARTESIAN_POINT ( 'NONE',  ( 37.43833421927000416, 1.388327159564999969, 2.606943151060999497 ) ) ;
#2648 = AXIS2_PLACEMENT_3D ( 'NONE', #6496, #6528, #6564 ) ;
#2649 = CARTESIAN_POINT ( 'NONE',  ( 69.92875103415899218, 11.50488990822700153, -3.697794566439999819 ) ) ;
#2650 = VECTOR ( 'NONE', #4422, 1000.000000000000114 ) ;
#2651 = ORIENTED_EDGE ( 'NONE', *, *, #3817, .F. ) ;
#2652 = AXIS2_PLACEMENT_3D ( 'NONE', #3955, #4873, #6010 ) ;
#2653 = ORIENTED_EDGE ( 'NONE', *, *, #4535, .T. ) ;
#2654 = CARTESIAN_POINT ( 'NONE',  ( 25.77871648408006067, 0.8289997655066427829, -33.52284385021346225 ) ) ;
#2655 = DIRECTION ( 'NONE',  ( 0.000000000000000000, 0.000000000000000000, -1.000000000000000000 ) ) ;
#2656 = CARTESIAN_POINT ( 'NONE',  ( 25.88663337724499769, 5.434661580116999604E-05, -30.22368253686000372 ) ) ;
#2657 = VECTOR ( 'NONE', #1499, 1000.000000000000114 ) ;
#2658 = TOROIDAL_SURFACE ( 'NONE', #5570, 27.00000000000000000, 3.000000000000000000 ) ;
#2659 = DIRECTION ( 'NONE',  ( 0.000000000000000000, 1.000000000000000000, 0.000000000000000000 ) ) ;
#2660 = VERTEX_POINT ( 'NONE', #138 ) ;
#2661 = CYLINDRICAL_SURFACE ( 'NONE', #4288, 1.500000000000000000 ) ;
#2662 =( BOUNDED_CURVE ( )  B_SPLINE_CURVE ( 3, ( #2943, #3998, #5085, #948 ),
 .UNSPECIFIED., .F., .F. ) 
 B_SPLINE_CURVE_WITH_KNOTS ( ( 4, 4 ),
 ( 4.712388980318220177, 5.497787143782329800 ),
 .UNSPECIFIED. ) 
 CURVE ( )  GEOMETRIC_REPRESENTATION_ITEM ( )  RATIONAL_B_SPLINE_CURVE ( ( 1.000000000000000000, 0.9492530216656879238, 0.9492530216656879238, 1.000000000000000000 ) ) 
 REPRESENTATION_ITEM ( '' )  );
#2663 = VERTEX_POINT ( 'NONE', #74 ) ;
#2664 = AXIS2_PLACEMENT_3D ( 'NONE', #5798, #1133, #2084 ) ;
#2665 = CARTESIAN_POINT ( 'NONE',  ( 28.51527792428900199, 9.500000000000000000, -29.80149199118000070 ) ) ;
#2666 = DIRECTION ( 'NONE',  ( 0.000000000000000000, 1.000000000000000000, 0.000000000000000000 ) ) ;
#2667 = DIRECTION ( 'NONE',  ( 0.000000000000000000, 1.000000000000000000, 0.000000000000000000 ) ) ;
#2668 = EDGE_CURVE ( 'NONE', #3475, #5990, #2135, .T. ) ;
#2669 = CARTESIAN_POINT ( 'NONE',  ( 20.75827765785700052, 10.65267850722200116, -27.85897431359000009 ) ) ;
#2670 = VECTOR ( 'NONE', #5307, 1000.000000000000000 ) ;
#2671 = CARTESIAN_POINT ( 'NONE',  ( 36.65214464289800844, 1.119331598517000259, 1.643382487225002464 ) ) ;
#2672 = CARTESIAN_POINT ( 'NONE',  ( 37.46304495415402158, 1.816255347166999323, 2.642175088401002458 ) ) ;
#2673 = CARTESIAN_POINT ( 'NONE',  ( 70.21696222634099627, 1.500000000000000000, -3.439217309890000074 ) ) ;
#2674 = CARTESIAN_POINT ( 'NONE',  ( 40.88827098025900142, 11.77062287665100015, -38.13603425765000310 ) ) ;
#2675 = VERTEX_POINT ( 'NONE', #2240 ) ;
#2676 = DIRECTION ( 'NONE',  ( 0.4241403968610371611, 0.000000000000000000, 0.9055964464100784150 ) ) ;
#2677 = DIRECTION ( 'NONE',  ( 0.6427876096867990441, 0.000000000000000000, 0.7660444431187600767 ) ) ;
#2678 = VERTEX_POINT ( 'NONE', #3251 ) ;
#2679 = EDGE_CURVE ( 'NONE', #6035, #2988, #4391, .T. ) ;
#2680 = CARTESIAN_POINT ( 'NONE',  ( 69.08114728292399320, -2.199999999999999757E-16, 1.430066458212999825 ) ) ;
#2681 = TOROIDAL_SURFACE ( 'NONE', #1494, 27.00000000000000000, 3.000000000000000000 ) ;
#2682 = CARTESIAN_POINT ( 'NONE',  ( 25.79076553825299456, 0.1682618739169998157, -31.83517451494998340 ) ) ;
#2683 = LINE ( 'NONE', #3154, #2876 ) ;
#2684 = CARTESIAN_POINT ( 'NONE',  ( 20.50300869379200108, 8.945775709624999905, -29.38685668567000064 ) ) ;
#2685 = CARTESIAN_POINT ( 'NONE',  ( 15.54089908671999964, 1.776356839399999804E-15, -23.48362100647999995 ) ) ;
#2686 = CARTESIAN_POINT ( 'NONE',  ( 69.84813555389200701, 11.86626985150200042, -3.570309945218999914 ) ) ;
#2687 = VERTEX_POINT ( 'NONE', #4203 ) ;
#2688 = VERTEX_POINT ( 'NONE', #1216 ) ;
#2689 = CARTESIAN_POINT ( 'NONE',  ( 25.86625820700104583, 1.451580793229588995, -34.19166625045174612 ) ) ;
#2690 = DIRECTION ( 'NONE',  ( 4.643566414930600011E-29, -1.000000000000000000, 2.199999999999620117E-16 ) ) ;
#2691 = CARTESIAN_POINT ( 'NONE',  ( 25.91724274874299994, 0.0004091107701844999621, -30.27826272277999919 ) ) ;
#2692 = CARTESIAN_POINT ( 'NONE',  ( 4.593897854263000013, 8.544603872946002099, -107.9004341270000111 ) ) ;
#2693 = ORIENTED_EDGE ( 'NONE', *, *, #2747, .T. ) ;
#2694 = CARTESIAN_POINT ( 'NONE',  ( 35.81406618039399348, 5.215842727500000780E-06, -1.650040769510999983 ) ) ;
#2695 = ORIENTED_EDGE ( 'NONE', *, *, #2473, .F. ) ;
#2696 = CARTESIAN_POINT ( 'NONE',  ( -3.167662790056999800, 3.000000000000000000, -58.05141188318999923 ) ) ;
#2697 = DIRECTION ( 'NONE',  ( 0.000000000000000000, -1.000000000000000000, 0.000000000000000000 ) ) ;
#2698 = CARTESIAN_POINT ( 'NONE',  ( 35.83233720994299887, -1.546999999999999934E-14, -69.65551667206999298 ) ) ;
#2699 = LINE ( 'NONE', #1651, #4464 ) ;
#2700 = CARTESIAN_POINT ( 'NONE',  ( 35.84686250705899369, 0.006600677296385000850, -1.331753681077000540 ) ) ;
#2701 = CARTESIAN_POINT ( 'NONE',  ( 37.69260015160099897, 3.000000000000000000, 3.053098811051000006 ) ) ;
#2702 = CARTESIAN_POINT ( 'NONE',  ( 40.39587705093099856, 0.2071518458469999990, -36.64501696245000062 ) ) ;
#2703 = ADVANCED_FACE ( 'NONE', ( #5318 ), #3282, .F. ) ;
#2704 = EDGE_CURVE ( 'NONE', #938, #5758, #6120, .T. ) ;
#2705 = CARTESIAN_POINT ( 'NONE',  ( 40.77872702730000043, 11.23283816455299977, -38.52233986797999421 ) ) ;
#2706 = ORIENTED_EDGE ( 'NONE', *, *, #3179, .F. ) ;
#2707 = DIRECTION ( 'NONE',  ( 0.000000000000000000, -1.000000000000000000, 0.000000000000000000 ) ) ;
#2708 = AXIS2_PLACEMENT_3D ( 'NONE', #1291, #6339, #1806 ) ;
#2709 = DIRECTION ( 'NONE',  ( 0.000000000000000000, -0.7071067811865474617, 0.7071067811865474617 ) ) ;
#2710 = EDGE_LOOP ( 'NONE', ( #328, #295, #4269, #3700 ) ) ;
#2711 = AXIS2_PLACEMENT_3D ( 'NONE', #5369, #2855, #754 ) ;
#2712 = CARTESIAN_POINT ( 'NONE',  ( 40.88827098025800666, 0.7293771233499999340, -38.13603425765000310 ) ) ;
#2713 = CARTESIAN_POINT ( 'NONE',  ( 25.87184318116502624, 1.143083703199998748E-07, -30.19216548809000145 ) ) ;
#2714 = CARTESIAN_POINT ( 'NONE',  ( 17.16009261396400021, 1.500000000000000000, -31.78630466522000475 ) ) ;
#2715 = CARTESIAN_POINT ( 'NONE',  ( 37.26316060344099412, 8.881784197000999888E-16, -36.48913347616999658 ) ) ;
#2716 = EDGE_CURVE ( 'NONE', #5019, #1402, #3733, .T. ) ;
#2717 = DIRECTION ( 'NONE',  ( 0.6427876096867991551, 0.000000000000000000, 0.7660444431187601877 ) ) ;
#2718 = CARTESIAN_POINT ( 'NONE',  ( 68.69437487726500535, 12.51262247003499972, -3.378379001537000104 ) ) ;
#2719 = ORIENTED_EDGE ( 'NONE', *, *, #2679, .F. ) ;
#2720 = ORIENTED_EDGE ( 'NONE', *, *, #2001, .T. ) ;
#2721 = CARTESIAN_POINT ( 'NONE',  ( 14.62094954563200133, -4.880000000000000411E-15, -20.09507025341000030 ) ) ;
#2722 = CARTESIAN_POINT ( 'NONE',  ( 19.83216710480299838, 8.933334893752000738, -28.73250952327999741 ) ) ;
#2723 = CARTESIAN_POINT ( 'NONE',  ( 5.832337209943000644, 4.207106781186999989, -110.9450379999999967 ) ) ;
#2724 = TOROIDAL_SURFACE ( 'NONE', #4891, 2.600000000000000089, 0.5999999999999999778 ) ;
#2725 = DIRECTION ( 'NONE',  ( -0.5296313450659208000, 1.866101468163718696E-16, 0.8482279400748735654 ) ) ;
#2726 = ORIENTED_EDGE ( 'NONE', *, *, #1775, .F. ) ;
#2727 = CARTESIAN_POINT ( 'NONE',  ( 35.81405684090001529, 4.181183788089999731E-06, -1.650730508814997499 ) ) ;
#2728 = VERTEX_POINT ( 'NONE', #4847 ) ;
#2729 = DIRECTION ( 'NONE',  ( -0.9968152208106985102, 0.000000000000000000, 0.07974594384743585729 ) ) ;
#2730 = ORIENTED_EDGE ( 'NONE', *, *, #6089, .T. ) ;
#2731 = AXIS2_PLACEMENT_3D ( 'NONE', #2937, #363, #428 ) ;
#2732 = DIRECTION ( 'NONE',  ( 0.000000000000000000, 1.000000000000000000, 0.000000000000000000 ) ) ;
#2733 = CARTESIAN_POINT ( 'NONE',  ( 35.91482022163496879, 0.08148034906991002968, -0.7297810471549995848 ) ) ;
#2734 = CARTESIAN_POINT ( 'NONE',  ( 37.87092752345601099, 2.488055347154002561, 3.128270605721998887 ) ) ;
#2735 = CARTESIAN_POINT ( 'NONE',  ( 68.58667600466098691, 0.006912054492866999758, -3.506729519883999835 ) ) ;
#2736 = DIRECTION ( 'NONE',  ( 1.000000000000000000, 0.000000000000000000, 0.000000000000000000 ) ) ;
#2737 = VERTEX_POINT ( 'NONE', #2270 ) ;
#2738 = LINE ( 'NONE', #3787, #6323 ) ;
#2739 = CARTESIAN_POINT ( 'NONE',  ( 58.82271372100920104, 1.500000000000000000, 6.317503501876049476 ) ) ;
#2740 = CARTESIAN_POINT ( 'NONE',  ( 40.38478464766799902, 12.43390881655800051, -37.57463349539000319 ) ) ;
#2741 = EDGE_LOOP ( 'NONE', ( #3699, #2726, #2117, #6563 ) ) ;
#2742 = B_SPLINE_CURVE_WITH_KNOTS ( 'NONE', 10,
 ( #5556, #2993, #5061, #4043, #3532, #6097, #954, #5091, #441, #2513, #572 ),
 .UNSPECIFIED., .F., .F.,
 ( 11, 11 ),
 ( 9.437403464742001091, 14.66711718712200074 ),
 .UNSPECIFIED. ) ;
#2743 = CARTESIAN_POINT ( 'NONE',  ( 27.42433632723700043, 6.000000000000000000, -35.80474193292000251 ) ) ;
#2744 = CARTESIAN_POINT ( 'NONE',  ( 25.86806793821401840, 5.479129031370001508E-06, -30.20099654571000158 ) ) ;
#2745 = DIRECTION ( 'NONE',  ( 0.6427965315233731269, 0.000000000000000000, 0.7660369567204452501 ) ) ;
#2746 = CARTESIAN_POINT ( 'NONE',  ( 2.832337209942999756, 8.853553390592999506, -107.5914846093999842 ) ) ;
#2747 = EDGE_CURVE ( 'NONE', #938, #1265, #1332, .T. ) ;
#2748 = EDGE_CURVE ( 'NONE', #5431, #5371, #1463, .T. ) ;
#2749 = CARTESIAN_POINT ( 'NONE',  ( 15.54089908671999964, 1.776356839399999804E-15, -23.48362100647999995 ) ) ;
#2750 = CARTESIAN_POINT ( 'NONE',  ( 26.84979956700000514, 0.1697278290410002555, -31.92348321244001141 ) ) ;
#2751 = CARTESIAN_POINT ( 'NONE',  ( 68.32121929180499365, 11.93209543460899980, -3.823088511104999920 ) ) ;
#2752 = ORIENTED_EDGE ( 'NONE', *, *, #1506, .F. ) ;
#2753 = ORIENTED_EDGE ( 'NONE', *, *, #3671, .F. ) ;
#2754 = AXIS2_PLACEMENT_3D ( 'NONE', #134, #5840, #1592 ) ;
#2755 = CARTESIAN_POINT ( 'NONE',  ( 20.53053791308600040, 10.65490814310800083, -27.65143459559000050 ) ) ;
#2756 = EDGE_CURVE ( 'NONE', #311, #5893, #4747, .T. ) ;
#2757 = CYLINDRICAL_SURFACE ( 'NONE', #699, 1.499999999999999778 ) ;
#2758 = VECTOR ( 'NONE', #871, 1000.000000000000114 ) ;
#2759 = PERSON ( 'UNSPECIFIED', 'UNSPECIFIED', 'UNSPECIFIED', ('UNSPECIFIED'), ('UNSPECIFIED'), ('UNSPECIFIED') ) ;
#2760 = DIRECTION ( 'NONE',  ( 0.6427876096867990441, 0.000000000000000000, 0.7660444431187601877 ) ) ;
#2761 = VECTOR ( 'NONE', #343, 1000.000000000000000 ) ;
#2762 = CARTESIAN_POINT ( 'NONE',  ( 7.028361449391000271, 4.308472481116049302, -61.26913599040000236 ) ) ;
#2763 = VERTEX_POINT ( 'NONE', #3445 ) ;
#2764 = CARTESIAN_POINT ( 'NONE',  ( 35.81412919125899919, 1.506508888660000225E-05, -1.645385060770000019 ) ) ;
#2765 = ORIENTED_EDGE ( 'NONE', *, *, #898, .T. ) ;
#2766 = CARTESIAN_POINT ( 'NONE',  ( 47.28623531568599958, 8.900000000000000652E-16, 5.506554772245999985 ) ) ;
#2767 = CARTESIAN_POINT ( 'NONE',  ( -2.667663341562000134, 6.353028269349000112, -110.0920097305999832 ) ) ;
#2768 = VECTOR ( 'NONE', #202, 1000.000000000000114 ) ;
#2769 = CARTESIAN_POINT ( 'NONE',  ( 35.21154094094779907, 9.500000000000000000, -37.37843475271814953 ) ) ;
#2770 = CARTESIAN_POINT ( 'NONE',  ( 35.81496062214002052, 2.196042685700000695E-06, -1.651520537086001550 ) ) ;
#2771 = DIRECTION ( 'NONE',  ( -0.5296313450659208000, 1.866101468163718943E-16, 0.8482279400748736764 ) ) ;
#2772 = VECTOR ( 'NONE', #6179, 1000.000000000000000 ) ;
#2773 = CARTESIAN_POINT ( 'NONE',  ( 40.16471908311400085, -2.800000000000000139E-16, -36.92050030104999792 ) ) ;
#2774 = CARTESIAN_POINT ( 'NONE',  ( 35.81425434313700151, 4.970150307915000438E-05, -1.636150855456999897 ) ) ;
#2775 = EDGE_LOOP ( 'NONE', ( #3217, #1766, #244, #2967 ) ) ;
#2776 = CARTESIAN_POINT ( 'NONE',  ( 21.13225362879999381, 9.316377232511007023, -28.17532454051998769 ) ) ;
#2777 = AXIS2_PLACEMENT_3D ( 'NONE', #80, #4236, #5754 ) ;
#2778 = CARTESIAN_POINT ( 'NONE',  ( 5.832337209943000644, 4.500000000000000000, -97.25000000000000000 ) ) ;
#2779 = DIRECTION ( 'NONE',  ( 0.6585051301128198586, 1.699999999999533846E-16, 0.7525762377427938077 ) ) ;
#2780 = EDGE_LOOP ( 'NONE', ( #6582, #2407, #3582, #4485 ) ) ;
#2781 = CARTESIAN_POINT ( 'NONE',  ( 40.85333371945699810, 0.9951100917730000273, -38.34852760741000566 ) ) ;
#2782 = CARTESIAN_POINT ( 'NONE',  ( 26.51352635149498127, 0.8344461779689993364, -32.69576512969000248 ) ) ;
#2783 = LINE ( 'NONE', #142, #5156 ) ;
#2784 = CARTESIAN_POINT ( 'NONE',  ( 5.251919011803003023, 1.081238719766000056, -108.5262767196999505 ) ) ;
#2785 = LINE ( 'NONE', #5359, #1521 ) ;
#2786 = CARTESIAN_POINT ( 'NONE',  ( 25.86908739200098140, 2.617453749299998499E-06, -30.19660459053000778 ) ) ;
#2787 = CARTESIAN_POINT ( 'NONE',  ( 68.38191739079898923, 12.27448558114799937, -3.750751333564999790 ) ) ;
#2788 = ORIENTED_EDGE ( 'NONE', *, *, #3906, .F. ) ;
#2789 = VERTEX_POINT ( 'NONE', #3893 ) ;
#2790 = EDGE_CURVE ( 'NONE', #3667, #1093, #5478, .T. ) ;
#2791 = DIRECTION ( 'NONE',  ( -0.7660444431187609649, 0.000000000000000000, 0.6427876096867979339 ) ) ;
#2792 = ADVANCED_FACE ( 'NONE', ( #841 ), #2810, .T. ) ;
#2793 = CARTESIAN_POINT ( 'NONE',  ( 5.140675169389000487, 1.521814922023000172, -108.9668529219999868 ) ) ;
#2794 = DIRECTION ( 'NONE',  ( 0.000000000000000000, -1.000000000000000000, 0.000000000000000000 ) ) ;
#2795 = LINE ( 'NONE', #1369, #3964 ) ;
#2796 = ORIENTED_EDGE ( 'NONE', *, *, #429, .T. ) ;
#2797 = ORIENTED_EDGE ( 'NONE', *, *, #634, .F. ) ;
#2798 = CARTESIAN_POINT ( 'NONE',  ( 28.14406282888900890, 9.000000000000000000, -8.463755338705000852 ) ) ;
#2799 = VERTEX_POINT ( 'NONE', #234 ) ;
#2800 = CARTESIAN_POINT ( 'NONE',  ( -0.1676627900569999940, 6.000000000000000000, -58.05141188318999923 ) ) ;
#2801 = CARTESIAN_POINT ( 'NONE',  ( 36.98352764287001548, 1.439971417074998872, 2.112330727167998745 ) ) ;
#2802 = CARTESIAN_POINT ( 'NONE',  ( 68.10371414713200977, 0.5999999999999999778, -3.624102560038000131 ) ) ;
#2803 = ADVANCED_FACE ( 'NONE', ( #2398 ), #1753, .F. ) ;
#2804 = CARTESIAN_POINT ( 'NONE',  ( 39.13329164899599988, 6.000000000000000000, -31.41518883086000358 ) ) ;
#2805 = CARTESIAN_POINT ( 'NONE',  ( 35.81405450589899431, 3.941404889130000416E-06, -1.650902943886999985 ) ) ;
#2806 = ORIENTED_EDGE ( 'NONE', *, *, #4455, .T. ) ;
#2807 = CARTESIAN_POINT ( 'NONE',  ( -2.667662790057000244, 2.646446609407000050, -110.0914846093999984 ) ) ;
#2808 = CYLINDRICAL_SURFACE ( 'NONE', #2080, 3.000000000000000888 ) ;
#2809 = APPROVAL ( #4087, 'UNSPECIFIED' ) ;
#2810 = CYLINDRICAL_SURFACE ( 'NONE', #1576, 7.000000000000000888 ) ;
#2811 = CARTESIAN_POINT ( 'NONE',  ( 5.685890600537000239, 5.292893218813000011, -110.9450379999999967 ) ) ;
#2812 = CARTESIAN_POINT ( 'NONE',  ( 25.86665410484698313, 8.152040831777003602E-05, -30.22893730009998947 ) ) ;
#2813 = LINE ( 'NONE', #4883, #4943 ) ;
#2814 = CARTESIAN_POINT ( 'NONE',  ( 5.832337209943000644, 4.500000000000000000, -107.7500000000000000 ) ) ;
#2815 = PLANE ( 'NONE',  #3250 ) ;
#2816 = CARTESIAN_POINT ( 'NONE',  ( 25.88877056549999267, 6.848560525619002163E-05, -30.22749349324998747 ) ) ;
#2817 = FACE_OUTER_BOUND ( 'NONE', #3083, .T. ) ;
#2818 = ORIENTED_EDGE ( 'NONE', *, *, #63, .T. ) ;
#2819 = EDGE_LOOP ( 'NONE', ( #3209, #3263 ) ) ;
#2820 = FACE_OUTER_BOUND ( 'NONE', #2267, .T. ) ;
#2821 = CARTESIAN_POINT ( 'NONE',  ( 4.705450742607999892, 0.8608042639610000712, -108.3058422639000042 ) ) ;
#2822 = LINE ( 'NONE', #5460, #3873 ) ;
#2823 = DIRECTION ( 'NONE',  ( 1.000000000000000000, 0.000000000000000000, 0.000000000000000000 ) ) ;
#2824 = DIRECTION ( 'NONE',  ( 0.6427876096867974898, 0.000000000000000000, 0.7660444431187614089 ) ) ;
#2825 = EDGE_LOOP ( 'NONE', ( #4014, #6353, #512, #3499 ) ) ;
#2826 = ORIENTED_EDGE ( 'NONE', *, *, #1815, .T. ) ;
#2827 = DIRECTION ( 'NONE',  ( 0.000000000000000000, 0.000000000000000000, -1.000000000000000000 ) ) ;
#2828 = CARTESIAN_POINT ( 'NONE',  ( -3.167662790056999800, 4.500000000000000000, -62.00000000000000000 ) ) ;
#2829 = AXIS2_PLACEMENT_3D ( 'NONE', #5723, #2609, #613 ) ;
#2830 = EDGE_CURVE ( 'NONE', #1162, #6000, #6109, .T. ) ;
#2831 = EDGE_CURVE ( 'NONE', #3262, #5028, #2439, .T. ) ;
#2832 = CARTESIAN_POINT ( 'NONE',  ( 35.81490790724299700, 1.694989882000000008E-08, -1.656165509654998313 ) ) ;
#2833 = CARTESIAN_POINT ( 'NONE',  ( 68.59743423600799872, 0.8249999999999999556, -3.952106991891999321 ) ) ;
#2834 = DIRECTION ( 'NONE',  ( -0.7660444431187616310, 0.000000000000000000, 0.6427876096867971567 ) ) ;
#2835 = VECTOR ( 'NONE', #703, 1000.000000000000000 ) ;
#2836 = CARTESIAN_POINT ( 'NONE',  ( 35.81418944891600376, 2.906816148496000029E-05, -1.640937394535000093 ) ) ;
#2837 = VERTEX_POINT ( 'NONE', #6431 ) ;
#2838 =( BOUNDED_CURVE ( )  B_SPLINE_CURVE ( 3, ( #864, #3854, #5908, #2898 ),
 .UNSPECIFIED., .F., .T. ) 
 B_SPLINE_CURVE_WITH_KNOTS ( ( 4, 4 ),
 ( 4.712388980318220177, 5.497787143780209718 ),
 .UNSPECIFIED. ) 
 CURVE ( )  GEOMETRIC_REPRESENTATION_ITEM ( )  RATIONAL_B_SPLINE_CURVE ( ( 1.000000000000000000, 0.9492530216659579301, 0.9492530216659579301, 1.000000000000000000 ) ) 
 REPRESENTATION_ITEM ( '' )  );
#2839 = CARTESIAN_POINT ( 'NONE',  ( 21.36245334922401895, 9.304616383499007881, -28.36848504102997381 ) ) ;
#2840 = EDGE_CURVE ( 'NONE', #5330, #2837, #5463, .T. ) ;
#2841 = LINE ( 'NONE', #4339, #3272 ) ;
#2842 = CARTESIAN_POINT ( 'NONE',  ( -3.085170003232000191, 2.064593147462999490, -108.9584287021999955 ) ) ;
#2843 = DIRECTION ( 'NONE',  ( -3.973521596668800475E-29, -1.000000000000000000, 2.199999999999550106E-16 ) ) ;
#2844 = DIRECTION ( 'NONE',  ( 0.000000000000000000, 1.000000000000000000, 0.000000000000000000 ) ) ;
#2845 = CARTESIAN_POINT ( 'NONE',  ( 25.86793808349899138, 8.853952185420005456E-06, -30.20356271694997474 ) ) ;
#2846 = DIRECTION ( 'NONE',  ( -1.000000000000000000, 1.930163174001124888E-48, -4.246358982802474538E-64 ) ) ;
#2847 = DIRECTION ( 'NONE',  ( 0.6427876096867989331, 0.000000000000000000, 0.7660444431187601877 ) ) ;
#2848 = CARTESIAN_POINT ( 'NONE',  ( 25.91724274874301415, 0.0004091107701844999079, -30.27826272278000630 ) ) ;
#2849 = CARTESIAN_POINT ( 'NONE',  ( 37.59232923951400807, 6.517406318745000426, 2.955052734251999436 ) ) ;
#2850 = VERTEX_POINT ( 'NONE', #3929 ) ;
#2851 = EDGE_LOOP ( 'NONE', ( #4744, #1069, #5765 ) ) ;
#2852 = DIRECTION ( 'NONE',  ( 0.6427876096867974898, 0.000000000000000000, 0.7660444431187614089 ) ) ;
#2853 = CARTESIAN_POINT ( 'NONE',  ( 70.02170623034601249, 11.58904871525700031, -3.569094715764999926 ) ) ;
#2854 = CARTESIAN_POINT ( 'NONE',  ( 28.39720085809200256, 1.500000000000000000, -34.27133908115000338 ) ) ;
#2855 = DIRECTION ( 'NONE',  ( 0.7525762377427938077, -1.499999999999589761E-16, -0.6585051301128198586 ) ) ;
#2856 = DIRECTION ( 'NONE',  ( -0.7660444431187601877, 0.000000000000000000, 0.6427876096867989331 ) ) ;
#2857 = ORIENTED_EDGE ( 'NONE', *, *, #6636, .T. ) ;
#2858 = AXIS2_PLACEMENT_3D ( 'NONE', #2436, #433, #3015 ) ;
#2859 = VERTEX_POINT ( 'NONE', #5879 ) ;
#2860 = DIRECTION ( 'NONE',  ( -0.000000000000000000, 1.000000000000000000, 0.000000000000000000 ) ) ;
#2861 = DIRECTION ( 'NONE',  ( 1.000000000000000000, 0.000000000000000000, 0.000000000000000000 ) ) ;
#2862 = CARTESIAN_POINT ( 'NONE',  ( 35.81570098332999663, 6.730076596019997141E-06, -1.647629916757998192 ) ) ;
#2863 = CARTESIAN_POINT ( 'NONE',  ( -11.00000000000000000, 4.500000000000000000, -62.00000000000000000 ) ) ;
#2864 = DIRECTION ( 'NONE',  ( -0.6427876096867981559, 0.000000000000000000, -0.7660444431187608538 ) ) ;
#2865 = VECTOR ( 'NONE', #482, 1000.000000000000000 ) ;
#2866 = AXIS2_PLACEMENT_3D ( 'NONE', #1729, #3789, #6293 ) ;
#2867 = CARTESIAN_POINT ( 'NONE',  ( 35.81412452206500774, 1.414758615369999982E-05, -1.645729932305999954 ) ) ;
#2868 = EDGE_CURVE ( 'NONE', #5893, #2590, #677, .T. ) ;
#2869 = ORIENTED_EDGE ( 'NONE', *, *, #5560, .T. ) ;
#2870 = EDGE_CURVE ( 'NONE', #4522, #895, #6599, .T. ) ;
#2871 = FACE_OUTER_BOUND ( 'NONE', #5272, .T. ) ;
#2872 = CARTESIAN_POINT ( 'NONE',  ( -3.167662790056999800, 3.707106781186999989, -110.4450379999999967 ) ) ;
#2873 = CARTESIAN_POINT ( 'NONE',  ( -1.056536790683999527, 0.07045528048191997128, -107.5154932804000083 ) ) ;
#2874 =( BOUNDED_SURFACE ( )  B_SPLINE_SURFACE ( 2, 3, ( 
 ( #6536, #4035, #1043, #6023 ),
 ( #370, #4000, #6504, #2911 ),
 ( #3934, #1357, #2475, #5482 ) ),
 .UNSPECIFIED., .F., .F., .T. ) 
 B_SPLINE_SURFACE_WITH_KNOTS ( ( 3, 3 ),
 ( 4, 4 ),
 ( 0.000000000000000000, 0.2861894557399999872 ),
 ( 49.07032354991599732, 49.35651300565599797 ),
 .UNSPECIFIED. ) 
 GEOMETRIC_REPRESENTATION_ITEM ( )  RATIONAL_B_SPLINE_SURFACE ( (
 ( 1.000000000000000000, 1.000000000000000000, 1.000000000000000000, 1.000000000000000000),
 ( 0.8045960925689999987, 0.8048376198529999526, 0.8043445276160000601, 0.8032484630099999690),
 ( 1.000000000000000000, 1.000000000000000000, 1.000000000000000000, 1.000000000000000000) ) ) 
 REPRESENTATION_ITEM ( '' )  SURFACE ( )  );
#2875 = CARTESIAN_POINT ( 'NONE',  ( 19.13560800430400022, 7.500000000000000000, -29.52857595198999974 ) ) ;
#2876 = VECTOR ( 'NONE', #3726, 1000.000000000000114 ) ;
#2877 = CARTESIAN_POINT ( 'NONE',  ( 41.01814366795299804, 0.9314231580540000000, -37.98125801551000080 ) ) ;
#2878 = CARTESIAN_POINT ( 'NONE',  ( 26.14143749947199424, 0.1481014500660000344, -31.34902979991002780 ) ) ;
#2879 = DIRECTION ( 'NONE',  ( -0.07395829095690251154, 0.000000000000000000, 0.9972613354576291833 ) ) ;
#2880 = CARTESIAN_POINT ( 'NONE',  ( 5.332439107825000413, 2.262456778895000298, -109.7074947787999974 ) ) ;
#2881 = DIRECTION ( 'NONE',  ( 0.7660444431187601877, 0.000000000000000000, -0.6427876096867990441 ) ) ;
#2882 = CARTESIAN_POINT ( 'NONE',  ( 25.87501622705100246, 7.244465952460001570E-06, -30.20296713127999411 ) ) ;
#2883 = CARTESIAN_POINT ( 'NONE',  ( 68.59506564566200382, 11.82010959121400084, -3.973582890966999681 ) ) ;
#2884 = ADVANCED_FACE ( 'NONE', ( #1490 ), #497, .T. ) ;
#2885 = ORIENTED_EDGE ( 'NONE', *, *, #2018, .T. ) ;
#2886 = ORIENTED_EDGE ( 'NONE', *, *, #1633, .T. ) ;
#2887 = CARTESIAN_POINT ( 'NONE',  ( -1.373716642964999846, 8.639452292650998899, -107.8055857072999970 ) ) ;
#2888 = CARTESIAN_POINT ( 'NONE',  ( 25.79257178074002610, 0.9629243013179997757, -33.73689561503999812 ) ) ;
#2889 = CARTESIAN_POINT ( 'NONE',  ( -2.602474927517290038, 1.885132389987490109, -109.3301703899773969 ) ) ;
#2890 = CARTESIAN_POINT ( 'NONE',  ( 67.02952762043200607, 9.500000000000000000, 0.5407651816620000496 ) ) ;
#2891 = FACE_OUTER_BOUND ( 'NONE', #6647, .T. ) ;
#2892 = VERTEX_POINT ( 'NONE', #2031 ) ;
#2893 = ORIENTED_EDGE ( 'NONE', *, *, #4423, .F. ) ;
#2894 = DIRECTION ( 'NONE',  ( 0.000000000000000000, 1.000000000000000000, 0.000000000000000000 ) ) ;
#2895 = CIRCLE ( 'NONE', #1384, 4.000000000000001776 ) ;
#2896 = APPROVAL_STATUS ( 'not_yet_approved' ) ;
#2897 = CARTESIAN_POINT ( 'NONE',  ( 35.81483186802000063, 1.663021228280000008E-06, -1.652197161148000193 ) ) ;
#2898 = CARTESIAN_POINT ( 'NONE',  ( 5.685890600533999972, 3.707106781186999989, -110.9450379999999967 ) ) ;
#2899 = DIRECTION ( 'NONE',  ( 1.000000000000000000, 0.000000000000000000, 0.000000000000000000 ) ) ;
#2900 = VERTEX_POINT ( 'NONE', #6123 ) ;
#2901 = CARTESIAN_POINT ( 'NONE',  ( 35.82975752044399798, 7.061231226399999055E-07, -1.655902683763999850 ) ) ;
#2902 = ORIENTED_EDGE ( 'NONE', *, *, #3826, .F. ) ;
#2903 = DIRECTION ( 'NONE',  ( -0.7660444431187602987, 0.000000000000000000, 0.6427876096867988220 ) ) ;
#2904 = CARTESIAN_POINT ( 'NONE',  ( 29.47945933881920055, 9.500000000000000000, -28.65242532650184870 ) ) ;
#2905 = EDGE_CURVE ( 'NONE', #2038, #3667, #2542, .T. ) ;
#2906 = CARTESIAN_POINT ( 'NONE',  ( -2.667663341562000134, 2.646971730650999888, -110.0920097305999832 ) ) ;
#2907 = EDGE_CURVE ( 'NONE', #5487, #6000, #3306, .T. ) ;
#2908 = PLANE ( 'NONE',  #4918 ) ;
#2909 = CARTESIAN_POINT ( 'NONE',  ( 41.00000077237499596, 0.9375000000000000000, -37.27272699551999580 ) ) ;
#2910 = FACE_OUTER_BOUND ( 'NONE', #5673, .T. ) ;
#2911 = CARTESIAN_POINT ( 'NONE',  ( 20.90321018855297552, 9.322510883939003179, -27.98313427429000910 ) ) ;
#2912 = ADVANCED_FACE ( 'NONE', ( #4636 ), #5819, .F. ) ;
#2913 = CARTESIAN_POINT ( 'NONE',  ( 25.87346943672799782, 4.160985171089999948E-06, -30.20020892550000724 ) ) ;
#2914 = CARTESIAN_POINT ( 'NONE',  ( 37.97602866162200286, 6.916456200450999958, 3.253525264718999832 ) ) ;
#2915 = ORIENTED_EDGE ( 'NONE', *, *, #4239, .T. ) ;
#2916 = ORIENTED_EDGE ( 'NONE', *, *, #4368, .F. ) ;
#2917 = CARTESIAN_POINT ( 'NONE',  ( 37.13990377000819620, 12.50000000000000000, -35.08030142336184554 ) ) ;
#2918 = DIRECTION ( 'NONE',  ( 0.000000000000000000, 1.000000000000000000, 0.000000000000000000 ) ) ;
#2919 = PLANE ( 'NONE',  #76 ) ;
#2920 = FACE_OUTER_BOUND ( 'NONE', #3547, .T. ) ;
#2921 = EDGE_CURVE ( 'NONE', #438, #1648, #356, .T. ) ;
#2922 = CIRCLE ( 'NONE', #4657, 3.000000000000000888 ) ;
#2923 = CARTESIAN_POINT ( 'NONE',  ( 35.81505718771799707, 2.649097053939999870E-06, -1.651013069524999821 ) ) ;
#2924 = CARTESIAN_POINT ( 'NONE',  ( 11.94530745890200052, -6.660000000000000147E-15, -28.88052048012000128 ) ) ;
#2925 = ORIENTED_EDGE ( 'NONE', *, *, #4535, .F. ) ;
#2926 = EDGE_LOOP ( 'NONE', ( #4764, #3060, #3647, #1401, #1100, #2408, #6081, #1038, #4733, #5830, #2331, #6592, #1230, #4832, #499, #6464, #1051, #5365 ) ) ;
#2927 = B_SPLINE_CURVE_WITH_KNOTS ( 'NONE', 7,
 ( #1841, #2252, #4827, #3877, #1779, #787, #6414, #752 ),
 .UNSPECIFIED., .F., .F.,
 ( 8, 8 ),
 ( 0.000000000000000000, 1.000000000000000000 ),
 .UNSPECIFIED. ) ;
#2928 = CARTESIAN_POINT ( 'NONE',  ( 26.56946344380399694, 0.08555667092323999967, -31.43512959987999977 ) ) ;
#2929 =( LENGTH_UNIT ( ) NAMED_UNIT ( * ) SI_UNIT ( .MILLI., .METRE. ) );
#2930 = CARTESIAN_POINT ( 'NONE',  ( 25.88792282578898352, 0.0007406987787273000123, -30.27490722072998608 ) ) ;
#2931 = DIRECTION ( 'NONE',  ( 0.7525762377427938077, 0.000000000000000000, -0.6585051301128198586 ) ) ;
#2932 = CARTESIAN_POINT ( 'NONE',  ( 21.81523988306599904, 10.73386733342699983, -28.74841805458000010 ) ) ;
#2933 = VERTEX_POINT ( 'NONE', #6322 ) ;
#2934 = CARTESIAN_POINT ( 'NONE',  ( 37.26316060344099412, 1.500000000000000000, -36.48913347616999658 ) ) ;
#2935 = VERTEX_POINT ( 'NONE', #33 ) ;
#2936 = FACE_OUTER_BOUND ( 'NONE', #1082, .T. ) ;
#2937 = CARTESIAN_POINT ( 'NONE',  ( 6.762260773609000353, 7.500000000000000000, -51.59350684617000127 ) ) ;
#2938 = CARTESIAN_POINT ( 'NONE',  ( 37.15503923575100487, 2.061865814115999118, 2.540262667944000352 ) ) ;
#2939 = CARTESIAN_POINT ( 'NONE',  ( -2.040776322721000291, 0.8608042639609998492, -108.3058422638999190 ) ) ;
#2940 = AXIS2_PLACEMENT_3D ( 'NONE', #4275, #1187, #143 ) ;
#2941 = FACE_OUTER_BOUND ( 'NONE', #2033, .T. ) ;
#2942 = CARTESIAN_POINT ( 'NONE',  ( 40.69757920996799783, 0.5679045653909998714, -36.74366081915999871 ) ) ;
#2943 = CARTESIAN_POINT ( 'NONE',  ( 5.332337209943000644, 5.646446609406999606, -110.7985913904999933 ) ) ;
#2944 = VECTOR ( 'NONE', #2568, 1000.000000000000000 ) ;
#2945 = CARTESIAN_POINT ( 'NONE',  ( 40.64873218076000683, 11.00000000000000000, -38.67726169336000197 ) ) ;
#2946 = CARTESIAN_POINT ( 'NONE',  ( 25.94966316265600170, 0.001137837542245000036, -30.33606697461998891 ) ) ;
#2947 = CARTESIAN_POINT ( 'NONE',  ( 38.11814372809600115, 6.000000000000000000, 3.422891405750000171 ) ) ;
#2948 = ORIENTED_EDGE ( 'NONE', *, *, #3418, .T. ) ;
#2949 = ORIENTED_EDGE ( 'NONE', *, *, #5278, .T. ) ;
#2950 = CARTESIAN_POINT ( 'NONE',  ( -0.9689548972220000111, 8.784834174047000843, -107.6602038259000125 ) ) ;
#2951 = CARTESIAN_POINT ( 'NONE',  ( 25.86170592103599830, 1.372799840995999832, -34.12556736946000058 ) ) ;
#2952 = CARTESIAN_POINT ( 'NONE',  ( -3.167662790056999800, 4.792893218813000011, -110.9450379999999967 ) ) ;
#2953 = ADVANCED_FACE ( 'NONE', ( #3684 ), #3180, .T. ) ;
#2954 = CYLINDRICAL_SURFACE ( 'NONE', #5808, 0.5999999999999998668 ) ;
#2955 = ADVANCED_FACE ( 'NONE', ( #1688 ), #834, .T. ) ;
#2956 = CARTESIAN_POINT ( 'NONE',  ( 35.81582974779600903, 7.780729438969999424E-06, -1.646953276949000067 ) ) ;
#2957 = CARTESIAN_POINT ( 'NONE',  ( 2.832337209942999756, -2.442000000000000159E-14, -107.4450380000000109 ) ) ;
#2958 = EDGE_LOOP ( 'NONE', ( #701, #4204, #6130, #6486 ) ) ;
#2960 = ORIENTED_EDGE ( 'NONE', *, *, #2907, .T. ) ;
#2959 = EDGE_CURVE ( 'NONE', #1169, #422, #705, .T. ) ;
#2961 = CARTESIAN_POINT ( 'NONE',  ( 26.66098947442300116, 0.1095437662890000052, -31.59552796275000475 ) ) ;
#2962 = CALENDAR_DATE ( 2026, 15, 6 ) ;
#2963 = CARTESIAN_POINT ( 'NONE',  ( 25.92176594958498370, 0.005610294163660001394, -30.42061611168998780 ) ) ;
#2964 = CARTESIAN_POINT ( 'NONE',  ( 36.33505324912700019, 0.3988305937950000213, 0.5538589211169999693 ) ) ;
#2965 = CARTESIAN_POINT ( 'NONE',  ( 68.48938671294399683, 0.000000000000000000, -3.164475894166999925 ) ) ;
#2967 = ORIENTED_EDGE ( 'NONE', *, *, #1917, .F. ) ;
#2966 = ADVANCED_FACE ( 'NONE', ( #3408 ), #1251, .T. ) ;
#2968 = B_SPLINE_CURVE_WITH_KNOTS ( 'NONE', 8,
 ( #3155, #2646, #2684, #4720, #3191, #6265, #4817, #2141, #5694 ),
 .UNSPECIFIED., .F., .F.,
 ( 9, 9 ),
 ( 49.35651300565599797, 51.73796632377999316 ),
 .UNSPECIFIED. ) ;
#2969 = EDGE_CURVE ( 'NONE', #3905, #4957, #3344, .T. ) ;
#2970 = CARTESIAN_POINT ( 'NONE',  ( 36.04214171261600086, 0.6667190048679999537, 0.7190724251299999148 ) ) ;
#2971 = ORIENTED_EDGE ( 'NONE', *, *, #712, .F. ) ;
#2972 = AXIS2_PLACEMENT_3D ( 'NONE', #3238, #2729, #3138 ) ;
#2973 = CARTESIAN_POINT ( 'NONE',  ( 19.82801002854600370, 10.70064248896199999, -26.85432883534999959 ) ) ;
#2974 = CARTESIAN_POINT ( 'NONE',  ( 36.72209182371175018, 1.500000000000000000, -35.57823031138904923 ) ) ;
#2975 = CIRCLE ( 'NONE', #2648, 0.7500000000000006661 ) ;
#2976 = CARTESIAN_POINT ( 'NONE',  ( 36.93404072802099591, 1.846216738763999166, 2.307870641812999946 ) ) ;
#2977 = TOROIDAL_SURFACE ( 'NONE', #1137, 2.500000000000000000, 1.500000000000000000 ) ;
#2978 = TOROIDAL_SURFACE ( 'NONE', #5674, 5.500000000000000000, 1.500000000000000000 ) ;
#2979 = DIRECTION ( 'NONE',  ( 0.000000000000000000, -1.000000000000000000, 0.000000000000000000 ) ) ;
#2980 = CARTESIAN_POINT ( 'NONE',  ( 40.93146433128099915, 11.38334025380500059, -38.25541517007000181 ) ) ;
#2981 = CARTESIAN_POINT ( 'NONE',  ( 40.46384693061100535, 0.5999999999999999778, -36.56401361414999940 ) ) ;
#2982 = CIRCLE ( 'NONE', #925, 1.499999999999999556 ) ;
#2983 = AXIS2_PLACEMENT_3D ( 'NONE', #324, #4462, #228 ) ;
#2984 = DIRECTION ( 'NONE',  ( 0.000000000000000000, 0.000000000000000000, -1.000000000000000000 ) ) ;
#2985 = CARTESIAN_POINT ( 'NONE',  ( 20.37856825541100037, 10.65920028596799973, -27.50244997330000274 ) ) ;
#2986 = FACE_BOUND ( 'NONE', #1715, .T. ) ;
#2987 = CARTESIAN_POINT ( 'NONE',  ( 28.49359813443602718, 9.062218545024006033, -8.047195382582005507 ) ) ;
#2988 = VERTEX_POINT ( 'NONE', #1824 ) ;
#2989 = AXIS2_PLACEMENT_3D ( 'NONE', #957, #6101, #350 ) ;
#2990 = VERTEX_POINT ( 'NONE', #799 ) ;
#2991 = FACE_OUTER_BOUND ( 'NONE', #1161, .T. ) ;
#2992 = CARTESIAN_POINT ( 'NONE',  ( 25.76572940562999747, 0.5870660935129996538, -33.09943764761001006 ) ) ;
#2993 = CARTESIAN_POINT ( 'NONE',  ( -0.5609151242340000287, 8.853553390592999506, -107.5914846093999842 ) ) ;
#2994 = CARTESIAN_POINT ( 'NONE',  ( 4.747969034035000035, 7.500000000000000000, -51.00680302250000864 ) ) ;
#2995 = AXIS2_PLACEMENT_3D ( 'NONE', #1501, #2481, #1365 ) ;
#2996 = CARTESIAN_POINT ( 'NONE',  ( 35.81502499917399973, 2.493001287179999801E-06, -1.651182225352999966 ) ) ;
#2997 = CARTESIAN_POINT ( 'NONE',  ( 37.56615318743700271, 2.497020242041000149, 2.931419329959999764 ) ) ;
#2998 = ORIENTED_EDGE ( 'NONE', *, *, #6607, .F. ) ;
#2999 = ADVANCED_FACE ( 'NONE', ( #197 ), #5974, .F. ) ;
#3000 = ADVANCED_FACE ( 'NONE', ( #1376 ), #5501, .T. ) ;
#3001 = ORIENTED_EDGE ( 'NONE', *, *, #3414, .F. ) ;
#3002 = CARTESIAN_POINT ( 'NONE',  ( 26.28024557966899977, 0.02934320006673999878, -30.92435320121000331 ) ) ;
#3003 = B_SPLINE_CURVE_WITH_KNOTS ( 'NONE', 3,
 ( #595, #2669, #4737, #6283 ),
 .UNSPECIFIED., .F., .F.,
 ( 4, 4 ),
 ( 49.07032354991599732, 49.35651300565599797 ),
 .UNSPECIFIED. ) ;
#3004 = CARTESIAN_POINT ( 'NONE',  ( 25.87158313678900257, 1.824949893581000955E-05, -30.20450303357000266 ) ) ;
#3005 = CARTESIAN_POINT ( 'NONE',  ( 36.12771711147600229, 0.1802151964400000861, -0.1559942168160000642 ) ) ;
#3006 = CARTESIAN_POINT ( 'NONE',  ( 40.83804875879899754, 1.387499999999999956, -38.45164298133999381 ) ) ;
#3007 = ORIENTED_EDGE ( 'NONE', *, *, #3883, .F. ) ;
#3008 = CARTESIAN_POINT ( 'NONE',  ( 36.90838971307599792, 1.819703868291000060, 2.278551095469999677 ) ) ;
#3009 = ORIENTED_EDGE ( 'NONE', *, *, #5968, .F. ) ;
#3010 = CARTESIAN_POINT ( 'NONE',  ( 2.832337209942999756, 8.853553390592999506, -107.5914846093999842 ) ) ;
#3011 = DIRECTION ( 'NONE',  ( 0.000000000000000000, 0.000000000000000000, -1.000000000000000000 ) ) ;
#3012 = EDGE_CURVE ( 'NONE', #3905, #3766, #5998, .T. ) ;
#3013 = CARTESIAN_POINT ( 'NONE',  ( 35.91999262995402376, 0.3817848840790001863, 0.1469393548370000191 ) ) ;
#3014 = CARTESIAN_POINT ( 'NONE',  ( 69.20457360165099203, 1.050000000000000044, -4.037273041049000533 ) ) ;
#3015 = DIRECTION ( 'NONE',  ( -0.7660444431187599656, 1.971276677246371519E-16, 0.6427876096867990441 ) ) ;
#3016 = CARTESIAN_POINT ( 'NONE',  ( 41.06190266176800208, 1.050000000000000044, -37.57640223883999653 ) ) ;
#3017 = CARTESIAN_POINT ( 'NONE',  ( 52.64631673005799684, 8.881784197000999888E-16, 6.735379332924999574 ) ) ;
#3018 = CC_DESIGN_PERSON_AND_ORGANIZATION_ASSIGNMENT ( #5036, #2488, ( #6530 ) ) ;
#3019 = CARTESIAN_POINT ( 'NONE',  ( 25.86479123752101827, 1.524299713099999468E-07, -30.19455078519999702 ) ) ;
#3020 = CARTESIAN_POINT ( 'NONE',  ( 30.40545051548500055, 8.831998658964000271, -3.858478119077999757 ) ) ;
#3021 = ORIENTED_EDGE ( 'NONE', *, *, #5880, .F. ) ;
#3022 = CARTESIAN_POINT ( 'NONE',  ( 26.04551106604499822, -4.000000000000000000, -21.85477872934000132 ) ) ;
#3023 = DIRECTION ( 'NONE',  ( -0.9055964464100790812, 0.000000000000000000, 0.4241403968610356623 ) ) ;
#3024 = DIRECTION ( 'NONE',  ( 0.000000000000000000, 1.000000000000000000, 0.000000000000000000 ) ) ;
#3025 = CARTESIAN_POINT ( 'NONE',  ( 35.81768340846600296, 3.118490260223000260E-05, -1.637212235017000195 ) ) ;
#3026 = DIRECTION ( 'NONE',  ( 1.000000000000000000, 0.000000000000000000, 0.000000000000000000 ) ) ;
#3027 = ORIENTED_EDGE ( 'NONE', *, *, #5032, .T. ) ;
#3028 = ORIENTED_EDGE ( 'NONE', *, *, #4653, .T. ) ;
#3029 = CARTESIAN_POINT ( 'NONE',  ( 26.10632033693199716, 0.009805660701987999744, -30.61519005890000145 ) ) ;
#3030 = VECTOR ( 'NONE', #475, 1000.000000000000000 ) ;
#3031 = PERSON_AND_ORGANIZATION ( #2759, #6393 ) ;
#3032 = CARTESIAN_POINT ( 'NONE',  ( 25.90243315557701109, 0.002276700811301999097, -30.33740654190001962 ) ) ;
#3033 = CARTESIAN_POINT ( 'NONE',  ( 2.832337209942999756, 8.853553390592999506, -107.5914846093999842 ) ) ;
#3034 = CARTESIAN_POINT ( 'NONE',  ( 3.774779076236999931, 0.08044100143244001244, -107.3050319963000021 ) ) ;
#3035 = AXIS2_PLACEMENT_3D ( 'NONE', #1233, #5963, #2253 ) ;
#3036 = ORIENTED_EDGE ( 'NONE', *, *, #307, .T. ) ;
#3037 = CARTESIAN_POINT ( 'NONE',  ( 35.82101151305799647, 0.02028773136093000098, -1.175639053597999917 ) ) ;
#3038 = EDGE_LOOP ( 'NONE', ( #4787, #4897, #3744, #1695 ) ) ;
#3039 = FACE_OUTER_BOUND ( 'NONE', #6455, .T. ) ;
#3040 = EDGE_CURVE ( 'NONE', #1712, #1810, #3958, .T. ) ;
#3041 = DIRECTION ( 'NONE',  ( -3.950147940217810231E-29, -1.000000000000000000, 2.199999999999550106E-16 ) ) ;
#3042 = EDGE_CURVE ( 'NONE', #6478, #5475, #1311, .T. ) ;
#3043 = CARTESIAN_POINT ( 'NONE',  ( 36.68241589818401849, 1.584156656435000698, 2.008118328572002120 ) ) ;
#3044 = CARTESIAN_POINT ( 'NONE',  ( 36.45878870520199655, 7.411972473622000734, 1.880268803566000013 ) ) ;
#3045 = AXIS2_PLACEMENT_3D ( 'NONE', #5603, #6554, #961 ) ;
#3046 = EDGE_CURVE ( 'NONE', #1162, #5206, #1887, .T. ) ;
#3047 = CARTESIAN_POINT ( 'NONE',  ( 27.57759995228300198, -4.000000000000000000, -23.14035394871000051 ) ) ;
#3048 = ORIENTED_EDGE ( 'NONE', *, *, #2959, .F. ) ;
#3049 = CARTESIAN_POINT ( 'NONE',  ( 17.99600685808700007, -4.000000000000000000, -28.53142355275999975 ) ) ;
#3050 = AXIS2_PLACEMENT_3D ( 'NONE', #5116, #465, #5514 ) ;
#3051 = CARTESIAN_POINT ( 'NONE',  ( 51.11422784382000373, -4.000000000000000000, 8.020954552298000806 ) ) ;
#3052 = CARTESIAN_POINT ( 'NONE',  ( 26.76518283127499842, 9.000000000000000000, -7.306737641269999806 ) ) ;
#3053 = ORIENTED_EDGE ( 'NONE', *, *, #1424, .F. ) ;
#3054 = CYLINDRICAL_SURFACE ( 'NONE', #5891, 0.7500000000000006661 ) ;
#3055 = CARTESIAN_POINT ( 'NONE',  ( 25.86259290544702694, 0.0008374485624366997212, -30.30922776868001023 ) ) ;
#3056 = CARTESIAN_POINT ( 'NONE',  ( 40.63837753327800328, 0.3911118663300000020, -38.08113983227999455 ) ) ;
#3057 = CARTESIAN_POINT ( 'NONE',  ( 67.02952762043200607, 1.500000000000000000, 0.5407651816620000496 ) ) ;
#3058 = CARTESIAN_POINT ( 'NONE',  ( 35.81486405658800010, 1.788664996560000158E-06, -1.652028005007999845 ) ) ;
#3059 = DIRECTION ( 'NONE',  ( 0.000000000000000000, 2.200000000000000003E-16, 1.000000000000000000 ) ) ;
#3060 = ORIENTED_EDGE ( 'NONE', *, *, #4659, .F. ) ;
#3061 = ORIENTED_EDGE ( 'NONE', *, *, #3792, .T. ) ;
#3062 = CARTESIAN_POINT ( 'NONE',  ( 25.76508152358511694, 0.5712903737866761311, -33.05493601026864070 ) ) ;
#3063 = CARTESIAN_POINT ( 'NONE',  ( 26.89851424999100260, 0.1876701434539999880, -32.00732083815000095 ) ) ;
#3064 = DATE_AND_TIME ( #5634, #2180 ) ;
#3065 = CARTESIAN_POINT ( 'NONE',  ( 25.88333706206798013, 0.0004339433600008998611, -30.25514986653999472 ) ) ;
#3066 = CARTESIAN_POINT ( 'NONE',  ( 36.81746243229103754, 0.8959337136689998760, 1.685594217073002499 ) ) ;
#3067 = LINE ( 'NONE', #1407, #5581 ) ;
#3068 = ORIENTED_EDGE ( 'NONE', *, *, #1209, .T. ) ;
#3069 = CARTESIAN_POINT ( 'NONE',  ( 37.03425333128100050, 1.947309843089000125, 2.417669095271000046 ) ) ;
#3070 = ORIENTED_EDGE ( 'NONE', *, *, #2790, .T. ) ;
#3071 = CARTESIAN_POINT ( 'NONE',  ( 28.27900399675700172, 8.513176887971001250, -34.17216013838999800 ) ) ;
#3072 = DIRECTION ( 'NONE',  ( 0.6427876096867960465, 0.000000000000000000, 0.7660444431187626302 ) ) ;
#3073 = CARTESIAN_POINT ( 'NONE',  ( 35.81384805513898328, -2.243000000000001461E-14, -1.656364722615998541 ) ) ;
#3074 = CARTESIAN_POINT ( 'NONE',  ( 27.97765962142299756, 8.986322056009001358, -6.157248588490999985 ) ) ;
#3075 = ADVANCED_FACE ( 'NONE', ( #5377 ), #2658, .T. ) ;
#3076 = AXIS2_PLACEMENT_3D ( 'NONE', #3345, #5910, #4432 ) ;
#3077 = CARTESIAN_POINT ( 'NONE',  ( -11.00000000000000000, 4.500000000000000000, -80.75000000000000000 ) ) ;
#3078 = EDGE_LOOP ( 'NONE', ( #2752, #4022 ) ) ;
#3079 = CARTESIAN_POINT ( 'NONE',  ( 27.67382786171764764, 9.615300251739800075, -33.66435706668215033 ) ) ;
#3080 = CIRCLE ( 'NONE', #2328, 5.500000000000000000 ) ;
#3081 = CARTESIAN_POINT ( 'NONE',  ( 25.86186179845602240, 3.810777142700001041E-07, -30.19638270784999179 ) ) ;
#3082 = CARTESIAN_POINT ( 'NONE',  ( 29.92250209935100003, 10.72941511742200049, -6.344293948923000137 ) ) ;
#3083 = EDGE_LOOP ( 'NONE', ( #219, #2806, #1760, #6026 ) ) ;
#3084 = CIRCLE ( 'NONE', #169, 0.8499999999999990896 ) ;
#3085 = AXIS2_PLACEMENT_3D ( 'NONE', #5471, #1243, #3921 ) ;
#3086 = CARTESIAN_POINT ( 'NONE',  ( 3.904882006698000119, 7.500000000000000000, -49.58446847028999827 ) ) ;
#3087 = CARTESIAN_POINT ( 'NONE',  ( 25.80683907822800194, 0.09916257420453000737, -31.45841135183000148 ) ) ;
#3088 = DIRECTION ( 'NONE',  ( 0.6427876096868001543, 0.000000000000000000, 0.7660444431187590775 ) ) ;
#3089 = CARTESIAN_POINT ( 'NONE',  ( 25.58588440017400245, 8.881784197000999888E-16, -21.46910616353000023 ) ) ;
#3090 = ADVANCED_FACE ( 'NONE', ( #4366, #6524 ), #1343, .T. ) ;
#3091 = CARTESIAN_POINT ( 'NONE',  ( 25.97591154293399995, 2.243370939379999651, -34.58934368973000062 ) ) ;
#3092 = CIRCLE ( 'NONE', #1361, 3.000000000000000000 ) ;
#3093 = DIRECTION ( 'NONE',  ( -1.593499028546445262E-30, -1.000000000000000000, 2.199999999999800076E-16 ) ) ;
#3094 = VERTEX_POINT ( 'NONE', #6424 ) ;
#3095 = EDGE_LOOP ( 'NONE', ( #1948, #5989, #190, #2617 ) ) ;
#3096 = CARTESIAN_POINT ( 'NONE',  ( 25.87883177782444122, 1.686354000571718359, -34.37507984523709581 ) ) ;
#3097 = DIRECTION ( 'NONE',  ( 0.000000000000000000, 1.000000000000000000, 0.000000000000000000 ) ) ;
#3098 = CARTESIAN_POINT ( 'NONE',  ( 25.98746454570100184, 0.002450686594026999995, -30.40345372061999640 ) ) ;
#3099 = AXIS2_PLACEMENT_3D ( 'NONE', #625, #2697, #127 ) ;
#3100 = CARTESIAN_POINT ( 'NONE',  ( 28.13953260799998546, 1.088477081935999236, -33.98449481462997568 ) ) ;
#3101 = CARTESIAN_POINT ( 'NONE',  ( 37.35287466196902528, 1.330698719802999586, 2.496664052426001756 ) ) ;
#3102 = CARTESIAN_POINT ( 'NONE',  ( 4.611113593489999829, 7.500000000000000000, -52.50064691917999937 ) ) ;
#3103 = EDGE_LOOP ( 'NONE', ( #36, #4932, #655, #54 ) ) ;
#3104 = CARTESIAN_POINT ( 'NONE',  ( -0.1676627900569999940, 9.000000000000000000, -58.05141188318999923 ) ) ;
#3105 = VERTEX_POINT ( 'NONE', #1791 ) ;
#3106 = CARTESIAN_POINT ( 'NONE',  ( 24.34897634867499860, 9.000000000000000000, -33.22420134461000174 ) ) ;
#3107 = CARTESIAN_POINT ( 'NONE',  ( -2.382568955332000193, 0.8254494054540000292, -107.9275364110000055 ) ) ;
#3108 = CARTESIAN_POINT ( 'NONE',  ( 35.81459037060700012, 3.860781514040001149E-06, -1.650616415950002303 ) ) ;
#3109 = DIRECTION ( 'NONE',  ( 0.000000000000000000, -1.000000000000000000, 0.000000000000000000 ) ) ;
#3110 = CARTESIAN_POINT ( 'NONE',  ( 36.17572235547799409, 9.500000000000000000, -36.22936808803999753 ) ) ;
#3111 = CARTESIAN_POINT ( 'NONE',  ( 40.83648296783099596, 12.20347240072799977, -37.07362664560999832 ) ) ;
#3112 = VERTEX_POINT ( 'NONE', #3856 ) ;
#3113 = CARTESIAN_POINT ( 'NONE',  ( 68.10371414713200977, 0.5999999999999999778, -3.624102560038000131 ) ) ;
#3114 = EDGE_CURVE ( 'NONE', #1703, #5371, #6439, .T. ) ;
#3115 = ADVANCED_FACE ( 'NONE', ( #4904 ), #258, .T. ) ;
#3116 = LINE ( 'NONE', #5588, #5035 ) ;
#3117 = ORIENTED_EDGE ( 'NONE', *, *, #3012, .T. ) ;
#3118 = DIRECTION ( 'NONE',  ( -0.000000000000000000, 1.000000000000000000, 0.000000000000000000 ) ) ;
#3119 = CARTESIAN_POINT ( 'NONE',  ( 25.86230962781700526, 0.0009202987709051998685, -30.31483125715999094 ) ) ;
#3120 = CARTESIAN_POINT ( 'NONE',  ( -11.00000000000000000, 4.500000000000000000, -89.75000000000000000 ) ) ;
#3121 = DIRECTION ( 'NONE',  ( 0.000000000000000000, -1.000000000000000000, 0.000000000000000000 ) ) ;
#3122 = EDGE_CURVE ( 'NONE', #3528, #1402, #3888, .T. ) ;
#3123 = EDGE_CURVE ( 'NONE', #2933, #2150, #5843, .T. ) ;
#3124 = B_SPLINE_SURFACE_WITH_KNOTS ( 'NONE', 7, 8, ( 
 ( #4278, #4649, #1635, #5788, #1160, #2686, #3228, #3666, #3698 ),
 ( #10, #2718, #5727, #1536, #1059, #542, #645, #4145, #4683 ),
 ( #5757, #1122, #1568, #3601, #4181, #6238, #2649, #1091, #5228 ),
 ( #577, #4723, #6409, #6444, #243, #2312, #4382, #1809, #718 ),
 ( #2347, #2787, #3871, #181, #3359, #5822, #4921, #1293, #5956 ),
 ( #1773, #2248, #4316, #5924, #1190, #6372, #1837, #6477, #1737 ),
 ( #3799, #2751, #2883, #4856, #3835, #5858, #5329, #782, #1702 ),
 ( #210, #4418, #1227, #5420, #2279, #4956, #5890, #3291, #309 ) ),
 .UNSPECIFIED., .F., .F., .F.,
 ( 8, 8 ),
 ( 9, 9 ),
 ( 0.000000000000000000, 1.000000000000000000 ),
 ( 0.000000000000000000, 1.000000000000000000 ),
 .UNSPECIFIED. ) ;
#3125 = DIRECTION ( 'NONE',  ( 0.000000000000000000, 0.000000000000000000, 1.000000000000000000 ) ) ;
#3126 = CARTESIAN_POINT ( 'NONE',  ( 31.70088824612300016, 10.80000000000000071, -4.224895869485999711 ) ) ;
#3127 = ORIENTED_EDGE ( 'NONE', *, *, #5188, .F. ) ;
#3128 = ORIENTED_EDGE ( 'NONE', *, *, #399, .T. ) ;
#3129 = CARTESIAN_POINT ( 'NONE',  ( 25.76538156125362633, 0.4424955378157224284, -32.75672900796432430 ) ) ;
#3130 = CARTESIAN_POINT ( 'NONE',  ( 50.65460117794900441, 0.5999999999999999778, 8.406627118110000296 ) ) ;
#3131 = EDGE_CURVE ( 'NONE', #3137, #2990, #4250, .T. ) ;
#3132 = CARTESIAN_POINT ( 'NONE',  ( 25.91183665884900122, 0.0003234758044151000034, -30.26862326755000154 ) ) ;
#3133 = CARTESIAN_POINT ( 'NONE',  ( 25.87047556088002054, 7.283336352909998780E-06, -30.19973031738998515 ) ) ;
#3134 = CARTESIAN_POINT ( 'NONE',  ( 14.62094954563200133, 9.000000000000000000, -20.09507025341000030 ) ) ;
#3135 = DIRECTION ( 'NONE',  ( -0.4241403968610368280, 0.000000000000000000, -0.9055964464100785261 ) ) ;
#3136 =( BOUNDED_SURFACE ( )  B_SPLINE_SURFACE ( 2, 7, ( 
 ( #4196, #3178, #1620, #3683, #5745, #629, #597, #2701 ),
 ( #2672, #131, #1175, #5310, #2734, #323, #3954, #1342 ),
 ( #4400, #292, #1242, #1375, #1279, #5973, #4938, #2362 ) ),
 .UNSPECIFIED., .F., .F., .F. ) 
 B_SPLINE_SURFACE_WITH_KNOTS ( ( 3, 3 ),
 ( 8, 8 ),
 ( 0.000000000000000000, 1.998037404635999881 ),
 ( 4.542637142609000200, 6.540674547244000436 ),
 .UNSPECIFIED. ) 
 GEOMETRIC_REPRESENTATION_ITEM ( )  RATIONAL_B_SPLINE_SURFACE ( (
 ( 1.000000000000000000, 1.000000000000000000, 1.000000000000000000, 1.000000000000000000, 1.000000000000000000, 1.000000000000000000, 1.000000000000000000, 1.000000000000000000),
 ( 0.9770539536260000046, 0.9803049544919999470, 0.9829545329010000998, 0.9850388555119999889, 0.9865576214329999649, 0.9872870300669999155, 0.9876617738020000425, 0.9876617738020000425),
 ( 1.000000000000000000, 1.000000000000000000, 1.000000000000000000, 1.000000000000000000, 1.000000000000000000, 1.000000000000000000, 1.000000000000000000, 1.000000000000000000) ) ) 
 REPRESENTATION_ITEM ( '' )  SURFACE ( )  );
#3137 = VERTEX_POINT ( 'NONE', #3987 ) ;
#3138 = DIRECTION ( 'NONE',  ( 0.000000000000000000, -1.000000000000000000, 0.000000000000000000 ) ) ;
#3139 = ORIENTED_EDGE ( 'NONE', *, *, #3405, .T. ) ;
#3140 = CARTESIAN_POINT ( 'NONE',  ( 36.17572235547799409, 12.50000000000000000, -36.22936808803999753 ) ) ;
#3141 = CARTESIAN_POINT ( 'NONE',  ( -3.085170003232000191, 2.064593147462999490, -108.9584287021999955 ) ) ;
#3142 = VECTOR ( 'NONE', #3324, 1000.000000000000114 ) ;
#3143 = CARTESIAN_POINT ( 'NONE',  ( 35.83146420733999804, 0.0007158772364935005270, -1.483683572492999314 ) ) ;
#3144 = CARTESIAN_POINT ( 'NONE',  ( 37.84669805290899802, 7.203980837753999111, 3.099395047150000249 ) ) ;
#3145 = CARTESIAN_POINT ( 'NONE',  ( 70.06729673910399470, 1.297763919867999771, -3.617581691990999992 ) ) ;
#3146 = CARTESIAN_POINT ( 'NONE',  ( 40.62210847492499965, 12.41550398211799866, -37.32289051001999525 ) ) ;
#3147 = VERTEX_POINT ( 'NONE', #5073 ) ;
#3148 = CARTESIAN_POINT ( 'NONE',  ( 16.02049146774800192, 1.500000000000000000, -30.78915226599000121 ) ) ;
#3149 = CARTESIAN_POINT ( 'NONE',  ( 19.99472541285100036, 8.933616883626999794, -28.87962645470999945 ) ) ;
#3150 = SECURITY_CLASSIFICATION ( '', '', #2422 ) ;
#3151 = ORIENTED_EDGE ( 'NONE', *, *, #4199, .T. ) ;
#3152 = CARTESIAN_POINT ( 'NONE',  ( 6.637922686445000053, 4.588201216654000270, -62.74999999117999749 ) ) ;
#3153 = CARTESIAN_POINT ( 'NONE',  ( 25.85608926342798242, 0.003677825252056001089, -30.43804072701998109 ) ) ;
#3154 = CARTESIAN_POINT ( 'NONE',  ( 5.832337209943000644, 3.353553390593000394, -110.0914846093999984 ) ) ;
#3155 = CARTESIAN_POINT ( 'NONE',  ( 20.07089655794900196, 8.934869377498998233, -28.95196025967000253 ) ) ;
#3156 = VECTOR ( 'NONE', #3484, 1000.000000000000000 ) ;
#3157 = DIRECTION ( 'NONE',  ( 0.000000000000000000, 0.7071067811865460184, -0.7071067811865490160 ) ) ;
#3158 = FACE_OUTER_BOUND ( 'NONE', #5610, .T. ) ;
#3159 = ORIENTED_EDGE ( 'NONE', *, *, #794, .T. ) ;
#3160 = AXIS2_PLACEMENT_3D ( 'NONE', #2367, #4435, #2302 ) ;
#3161 = ORIENTED_EDGE ( 'NONE', *, *, #1005, .F. ) ;
#3162 = CARTESIAN_POINT ( 'NONE',  ( 25.80540241337009277, 0.1052447918631688184, -31.49304406693576652 ) ) ;
#3163 = EDGE_CURVE ( 'NONE', #6247, #3094, #2446, .T. ) ;
#3164 = DIRECTION ( 'NONE',  ( -0.7660444431187601877, 0.000000000000000000, 0.6427876096867989331 ) ) ;
#3165 = EDGE_CURVE ( 'NONE', #1200, #39, #3310, .T. ) ;
#3166 = CARTESIAN_POINT ( 'NONE',  ( 20.04041235452600134, 11.00000000000000000, -18.12130990464999769 ) ) ;
#3167 = VECTOR ( 'NONE', #255, 1000.000000000000000 ) ;
#3168 = DIRECTION ( 'NONE',  ( -0.7660444431187600767, 2.478176394252582127E-16, 0.6427876096867990441 ) ) ;
#3169 = EDGE_CURVE ( 'NONE', #2486, #1990, #3067, .T. ) ;
#3170 = EDGE_LOOP ( 'NONE', ( #4988, #3772, #1508, #681, #2796 ) ) ;
#3171 = CARTESIAN_POINT ( 'NONE',  ( 35.81378948249897576, 5.039999999999999224E-14, -1.656358289995998767 ) ) ;
#3172 = EDGE_LOOP ( 'NONE', ( #5235, #967, #5239, #3434, #6410, #1915 ) ) ;
#3173 = DIRECTION ( 'NONE',  ( 0.000000000000000000, 0.000000000000000000, -1.000000000000000000 ) ) ;
#3174 = VERTEX_POINT ( 'NONE', #5537 ) ;
#3175 = DIRECTION ( 'NONE',  ( -0.9078645223467951553, 8.673617379884036705E-17, 0.4192636510169054920 ) ) ;
#3176 = CARTESIAN_POINT ( 'NONE',  ( 69.84813555389300177, 0.6337301484970000454, -3.570309945218999914 ) ) ;
#3177 = CARTESIAN_POINT ( 'NONE',  ( 36.10022074077701859, 0.3860164432990003114, 0.2674160047679999819 ) ) ;
#3178 = CARTESIAN_POINT ( 'NONE',  ( 37.34933025499400827, 2.233601459882999851, 2.725150192591999865 ) ) ;
#3179 = EDGE_CURVE ( 'NONE', #555, #870, #901, .T. ) ;
#3180 = CYLINDRICAL_SURFACE ( 'NONE', #3410, 0.4999999999999997224 ) ;
#3181 = FACE_OUTER_BOUND ( 'NONE', #5456, .T. ) ;
#3182 = EDGE_LOOP ( 'NONE', ( #4147, #6361, #4419, #3313, #6697, #1071, #416, #2223, #6495, #4896, #2720, #3339 ) ) ;
#3183 = FACE_OUTER_BOUND ( 'NONE', #3038, .T. ) ;
#3184 = AXIS2_PLACEMENT_3D ( 'NONE', #2213, #5949, #5981 ) ;
#3185 = DIRECTION ( 'NONE',  ( 2.581604792825649775E-16, -1.000000000000000000, 0.000000000000000000 ) ) ;
#3186 = ORIENTED_EDGE ( 'NONE', *, *, #501, .T. ) ;
#3187 = LINE ( 'NONE', #4234, #67 ) ;
#3188 = CARTESIAN_POINT ( 'NONE',  ( 25.77995230660298986, 0.2376403561200000625, -32.12727798053999351 ) ) ;
#3189 = DIRECTION ( 'NONE',  ( 0.000000000000000000, -1.000000000000000000, 0.000000000000000000 ) ) ;
#3190 = TOROIDAL_SURFACE ( 'NONE', #2434, 2.500000000000000000, 1.500000000000000000 ) ;
#3191 = CARTESIAN_POINT ( 'NONE',  ( 20.88851046245099852, 8.966558749501000847, -29.85242832723999840 ) ) ;
#3192 = CARTESIAN_POINT ( 'NONE',  ( 21.57049157054900235, 9.000000000000000000, -30.89278295660999873 ) ) ;
#3193 = DIRECTION ( 'NONE',  ( -0.07974594384743588504, -2.192993485783336145E-16, -0.9968152208106985102 ) ) ;
#3194 = CIRCLE ( 'NONE', #270, 4.499999999999996447 ) ;
#3195 = ORIENTED_EDGE ( 'NONE', *, *, #5761, .T. ) ;
#3196 = CIRCLE ( 'NONE', #1140, 1.499999999999999778 ) ;
#3197 = VERTEX_POINT ( 'NONE', #2965 ) ;
#3198 = CARTESIAN_POINT ( 'NONE',  ( 25.76922091170684226, 0.3592666575655713568, -32.52584097004273644 ) ) ;
#3199 = CARTESIAN_POINT ( 'NONE',  ( 5.832337209943000644, 4.500000000000000000, -98.75000000000000000 ) ) ;
#3200 = CARTESIAN_POINT ( 'NONE',  ( 25.87223200553099645, 2.344927044760000357E-06, -30.19800236196999776 ) ) ;
#3201 = AXIS2_PLACEMENT_3D ( 'NONE', #293, #766, #2834 ) ;
#3202 = EDGE_CURVE ( 'NONE', #1648, #3890, #3927, .T. ) ;
#3203 = EDGE_CURVE ( 'NONE', #4453, #3528, #2064, .T. ) ;
#3204 = CARTESIAN_POINT ( 'NONE',  ( 37.69260015160099897, 3.000000000000000000, 3.053098811051000006 ) ) ;
#3205 = ORIENTED_EDGE ( 'NONE', *, *, #2305, .T. ) ;
#3206 = CARTESIAN_POINT ( 'NONE',  ( 35.82401416177899023, 1.513109519900000700E-07, -1.656534367227997739 ) ) ;
#3207 = ORIENTED_EDGE ( 'NONE', *, *, #2756, .T. ) ;
#3208 = DIRECTION ( 'NONE',  ( 0.000000000000000000, 1.000000000000000000, 0.000000000000000000 ) ) ;
#3209 = ORIENTED_EDGE ( 'NONE', *, *, #6555, .T. ) ;
#3210 = DIRECTION ( 'NONE',  ( -0.9078645223467951553, 9.223800322369918078E-17, 0.4192636510169055475 ) ) ;
#3211 = CARTESIAN_POINT ( 'NONE',  ( -0.1676627900569999108, -2.375999999999999165E-14, -107.4450379999999683 ) ) ;
#3212 = AXIS2_PLACEMENT_3D ( 'NONE', #3130, #1095, #6307 ) ;
#3213 = CARTESIAN_POINT ( 'NONE',  ( 36.89535241175098434, 1.361017638229000237, 1.999516750130998721 ) ) ;
#3214 = CARTESIAN_POINT ( 'NONE',  ( 28.85543474181400114, 10.79298212742100027, -7.615975305806999884 ) ) ;
#3215 = CARTESIAN_POINT ( 'NONE',  ( 70.21696222634099627, 1.500000000000000000, -3.439217309890000074 ) ) ;
#3216 = CARTESIAN_POINT ( 'NONE',  ( 40.64873218076000683, 11.00000000000000000, -38.67726169336000197 ) ) ;
#3217 = ORIENTED_EDGE ( 'NONE', *, *, #5574, .T. ) ;
#3218 = EDGE_CURVE ( 'NONE', #895, #434, #4056, .T. ) ;
#3219 = CARTESIAN_POINT ( 'NONE',  ( 15.65073999999999899, -2.380000000000000019E-15, -10.70978199999999880 ) ) ;
#3220 = DIRECTION ( 'NONE',  ( 0.000000000000000000, -1.000000000000000000, 0.000000000000000000 ) ) ;
#3221 = EDGE_LOOP ( 'NONE', ( #5400, #5934, #1001, #4100 ) ) ;
#3222 = CARTESIAN_POINT ( 'NONE',  ( 40.43212249711299933, 0.006912054493872000528, -37.06001981038000537 ) ) ;
#3223 = AXIS2_PLACEMENT_3D ( 'NONE', #6316, #2352, #1333 ) ;
#3224 = CARTESIAN_POINT ( 'NONE',  ( 25.87940984643299203, 3.811256439300002972E-07, -30.19123669456001835 ) ) ;
#3225 = CARTESIAN_POINT ( 'NONE',  ( 5.832337209943000644, 4.792893218813000011, -110.9450379999999967 ) ) ;
#3226 = FACE_OUTER_BOUND ( 'NONE', #513, .T. ) ;
#3227 = PLANE ( 'NONE',  #3897 ) ;
#3228 = CARTESIAN_POINT ( 'NONE',  ( 70.02170623034601249, 11.58904871525700031, -3.569094715764999926 ) ) ;
#3229 = ORIENTED_EDGE ( 'NONE', *, *, #5683, .T. ) ;
#3230 = ORIENTED_EDGE ( 'NONE', *, *, #3664, .F. ) ;
#3231 = CARTESIAN_POINT ( 'NONE',  ( 25.86855155418699681, -2.999999999999999839E-15, -30.19143944885999886 ) ) ;
#3232 = DIRECTION ( 'NONE',  ( -0.6427876096867982669, 0.000000000000000000, -0.7660444431187606318 ) ) ;
#3233 = CARTESIAN_POINT ( 'NONE',  ( 25.98206517271299987, 0.002230066703989000074, -30.39382956617000175 ) ) ;
#3234 = CARTESIAN_POINT ( 'NONE',  ( 17.78363107832900170, 9.000000000000000000, -26.78915804262000222 ) ) ;
#3235 = EDGE_LOOP ( 'NONE', ( #4172, #6295, #4556, #3161 ) ) ;
#3236 = CARTESIAN_POINT ( 'NONE',  ( 35.81403816082099922, 2.474288858019999926E-06, -1.652109991394000055 ) ) ;
#3237 = ORIENTED_EDGE ( 'NONE', *, *, #1929, .F. ) ;
#3238 = CARTESIAN_POINT ( 'NONE',  ( 4.628350118263999668, 1.500000000000000000, -52.50202585371000197 ) ) ;
#3239 = CARTESIAN_POINT ( 'NONE',  ( 23.24435129701199898, -1.330000000000000115E-15, -5.968350628627000276 ) ) ;
#3240 = CYLINDRICAL_SURFACE ( 'NONE', #3485, 0.8499999999999994227 ) ;
#3241 = CARTESIAN_POINT ( 'NONE',  ( 35.81464215614499835, 4.547161002840000082E-06, -1.650104029682001316 ) ) ;
#3242 = DIRECTION ( 'NONE',  ( -5.301145283085199557E-29, 1.000000000000000000, -2.199999999999150006E-16 ) ) ;
#3243 = CARTESIAN_POINT ( 'NONE',  ( 68.48938671294399683, -2.500000000000000194E-16, -3.164475894166999925 ) ) ;
#3244 = FACE_BOUND ( 'NONE', #6365, .T. ) ;
#3245 = EDGE_CURVE ( 'NONE', #5019, #5579, #4490, .T. ) ;
#3246 = ORIENTED_EDGE ( 'NONE', *, *, #3540, .F. ) ;
#3247 = ADVANCED_FACE ( 'NONE', ( #6246 ), #2661, .T. ) ;
#3248 = CARTESIAN_POINT ( 'NONE',  ( 28.47024954197399893, 1.789862979343999960, -34.33263420485000239 ) ) ;
#3249 = DIRECTION ( 'NONE',  ( 2.758761002576150027E-15, -1.000000000000000000, 0.000000000000000000 ) ) ;
#3250 = AXIS2_PLACEMENT_3D ( 'NONE', #1700, #4819, #1188 ) ;
#3251 = CARTESIAN_POINT ( 'NONE',  ( 5.832337209943000644, 6.000000000000000000, -69.65551667206999298 ) ) ;
#3252 = ADVANCED_FACE ( 'NONE', ( #1034 ), #2186, .T. ) ;
#3253 = EDGE_LOOP ( 'NONE', ( #3654, #5699, #2998, #3904 ) ) ;
#3254 = TOROIDAL_SURFACE ( 'NONE', #3035, 2.500000000000000000, 1.500000000000000000 ) ;
#3255 = DIRECTION ( 'NONE',  ( 0.6427876096868001543, 0.000000000000000000, 0.7660444431187590775 ) ) ;
#3256 = CARTESIAN_POINT ( 'NONE',  ( 25.86784069290902011, 1.195445447676999878E-05, -30.20548734454000694 ) ) ;
#3257 = CARTESIAN_POINT ( 'NONE',  ( 21.32029299999999949, -4.000000000000000000, -31.44017799999999951 ) ) ;
#3258 = DIRECTION ( 'NONE',  ( 0.000000000000000000, 1.000000000000000000, 0.000000000000000000 ) ) ;
#3259 = LINE ( 'NONE', #4314, #3572 ) ;
#3260 = CARTESIAN_POINT ( 'NONE',  ( 25.87829374896598722, 5.817672288400003543E-07, -30.19153020238998408 ) ) ;
#3261 = CARTESIAN_POINT ( 'NONE',  ( 37.44317170887800472, 6.719183103240999877, 2.815043682426999982 ) ) ;
#3262 = VERTEX_POINT ( 'NONE', #5766 ) ;
#3263 = ORIENTED_EDGE ( 'NONE', *, *, #980, .T. ) ;
#3264 = CARTESIAN_POINT ( 'NONE',  ( 20.09139848241200355, 10.67600738168800056, -27.18834375630000011 ) ) ;
#3265 = CARTESIAN_POINT ( 'NONE',  ( 38.11814372809600115, 2.777899532525999859, 3.422891405750000171 ) ) ;
#3266 = CARTESIAN_POINT ( 'NONE',  ( 19.13560800430400022, 7.500000000000000000, -29.52857595198999974 ) ) ;
#3267 = ORIENTED_EDGE ( 'NONE', *, *, #936, .T. ) ;
#3268 = CARTESIAN_POINT ( 'NONE',  ( 35.81411518628802071, 1.240319359596999572E-05, -1.646419670434001947 ) ) ;
#3269 = ORIENTED_EDGE ( 'NONE', *, *, #1469, .F. ) ;
#3270 = DIRECTION ( 'NONE',  ( -0.6427876096867990441, 0.000000000000000000, -0.7660444431187600767 ) ) ;
#3271 = ORIENTED_EDGE ( 'NONE', *, *, #3404, .F. ) ;
#3272 = VECTOR ( 'NONE', #6429, 1000.000000000000000 ) ;
#3273 = DIRECTION ( 'NONE',  ( 0.6427876096867958244, 0.000000000000000000, 0.7660444431187628522 ) ) ;
#3274 = CARTESIAN_POINT ( 'NONE',  ( 35.81576536555597556, 7.245240049689997708E-06, -1.647291596976998784 ) ) ;
#3275 = CARTESIAN_POINT ( 'NONE',  ( 28.49974537061300239, 10.80000000000000071, -8.039869391783998509 ) ) ;
#3276 = CARTESIAN_POINT ( 'NONE',  ( 70.21696222634099627, 1.500000000000000000, -3.439217309890000074 ) ) ;
#3277 = CARTESIAN_POINT ( 'NONE',  ( 35.79257213957099992, 5.295946516900000829E-07, -1.652134485031000022 ) ) ;
#3278 = VERTEX_POINT ( 'NONE', #22 ) ;
#3279 = CARTESIAN_POINT ( 'NONE',  ( 21.81523988306599904, 10.73386733342699983, -28.74841805458000010 ) ) ;
#3280 = DIRECTION ( 'NONE',  ( 0.000000000000000000, -1.000000000000000000, 0.000000000000000000 ) ) ;
#3281 = ADVANCED_FACE ( 'NONE', ( #3675, #2588 ), #2224, .T. ) ;
#3282 = PLANE ( 'NONE',  #1682 ) ;
#3283 = ADVANCED_FACE ( 'NONE', ( #4253 ), #1101, .T. ) ;
#3284 = EDGE_LOOP ( 'NONE', ( #2493, #4293, #5274, #3230, #3053, #4757, #2540, #5285 ) ) ;
#3285 = CARTESIAN_POINT ( 'NONE',  ( 40.87042059996299770, 0.4679168792669999855, -37.89354717708000209 ) ) ;
#3286 = CARTESIAN_POINT ( 'NONE',  ( 25.86732702429099717, 3.341784047438999737E-05, -30.21563851615000118 ) ) ;
#3287 = CARTESIAN_POINT ( 'NONE',  ( -11.00000000000000000, 4.500000000000000000, -71.00000000000000000 ) ) ;
#3288 = CARTESIAN_POINT ( 'NONE',  ( 52.64631673005799684, 11.90000000000000036, 6.735379332924999574 ) ) ;
#3289 = CARTESIAN_POINT ( 'NONE',  ( 28.51527792428900199, 1.500000000000000000, -29.80149199118000070 ) ) ;
#3290 = CARTESIAN_POINT ( 'NONE',  ( 28.39720085809200256, 1.500000000000000000, -34.27133908115000338 ) ) ;
#3291 = CARTESIAN_POINT ( 'NONE',  ( 70.02764564830199845, 11.11250000000000071, -3.664836021904999797 ) ) ;
#3292 = ORIENTED_EDGE ( 'NONE', *, *, #145, .T. ) ;
#3293 = ORIENTED_EDGE ( 'NONE', *, *, #225, .T. ) ;
#3294 = CIRCLE ( 'NONE', #2972, 1.500000000000000000 ) ;
#3295 = CARTESIAN_POINT ( 'NONE',  ( 4.403739540106999861, 0.5865012556630000429, -108.0315392555999949 ) ) ;
#3296 = EDGE_CURVE ( 'NONE', #4789, #434, #5171, .T. ) ;
#3297 = EDGE_CURVE ( 'NONE', #2935, #2900, #92, .T. ) ;
#3298 = VECTOR ( 'NONE', #3551, 1000.000000000000114 ) ;
#3299 = AXIS2_PLACEMENT_3D ( 'NONE', #2512, #4479, #953 ) ;
#3300 = DIRECTION ( 'NONE',  ( -0.9078645223467951553, 1.445602896647339410E-16, 0.4192636510169055475 ) ) ;
#3301 = ORIENTED_EDGE ( 'NONE', *, *, #6048, .T. ) ;
#3302 = EDGE_LOOP ( 'NONE', ( #5553, #4642, #6231, #2504 ) ) ;
#3303 = DIRECTION ( 'NONE',  ( 1.000000000000000000, 0.000000000000000000, 0.000000000000000000 ) ) ;
#3304 = CIRCLE ( 'NONE', #5576, 2.499999999999999112 ) ;
#3305 = CARTESIAN_POINT ( 'NONE',  ( -3.167662790056997579, 6.353553390592998618, -110.0914846094000268 ) ) ;
#3306 = CIRCLE ( 'NONE', #381, 1.500000000000000000 ) ;
#3307 = LINE ( 'NONE', #2769, #443 ) ;
#3308 = CARTESIAN_POINT ( 'NONE',  ( 37.21172514210699944, 1.630790402633999880, 2.381615841200002581 ) ) ;
#3309 = FACE_OUTER_BOUND ( 'NONE', #543, .T. ) ;
#3310 = CIRCLE ( 'NONE', #6334, 27.00000000000001421 ) ;
#3311 = DIRECTION ( 'NONE',  ( -0.5296313450659209110, 1.866101468163720669E-16, 0.8482279400748736764 ) ) ;
#3312 = CARTESIAN_POINT ( 'NONE',  ( 35.81414312163900604, 1.789187550693999867E-05, -1.644356384761000101 ) ) ;
#3313 = ORIENTED_EDGE ( 'NONE', *, *, #70, .F. ) ;
#3314 =( BOUNDED_CURVE ( )  B_SPLINE_CURVE ( 3, ( #4911, #5917, #6020, #1386 ),
 .UNSPECIFIED., .F., .F. ) 
 B_SPLINE_CURVE_WITH_KNOTS ( ( 4, 4 ),
 ( 3.926990816984345045, 4.712388980384689674 ),
 .UNSPECIFIED. ) 
 CURVE ( )  GEOMETRIC_REPRESENTATION_ITEM ( )  RATIONAL_B_SPLINE_CURVE ( ( 1.000000000000000000, 0.9492530216738219728, 0.9492530216738219728, 1.000000000000000000 ) ) 
 REPRESENTATION_ITEM ( '' )  );
#3315 = CARTESIAN_POINT ( 'NONE',  ( 18.74067659610600245, 8.953866360295000604, -27.68037361530999974 ) ) ;
#3316 = CLOSED_SHELL ( 'NONE', ( #5725, #4286, #4077, #502, #2577, #5897, #5151, #1520, #232, #5105, #5107, #3283, #4878, #1172, #5245, #6350, #3920, #5898, #3247, #5565, #1709, #2803, #3908, #2291, #2547, #4829, #3545, #2425, #3612, #4079, #5877, #4488, #6105, #4526, #3332, #553, #4374, #5485, #5811, #2703, #186, #807, #1208, #4129, #1426, #5643, #5153, #879, #4540, #1183, #2999, #2167, #2953, #6015, #3832, #4609, #2165, #1669, #1268, #6017, #4300, #3000, #4582, #4448, #2048, #724, #5443, #3656, #4866, #847, #4321, #516, #3115, #2966, #1798, #1672, #3075, #4946, #6556, #563, #6215, #3695, #842, #3252, #1089, #4503, #6258, #2255, #5599, #3501, #427, #5967, #1016, #5020, #2133, #4625, #1844, #316, #5374, #1296, #2884, #1590, #3749, #1965, #2912, #4383, #5435, #2575, #4248, #2792, #5238, #3824, #603, #5078, #4331, #962, #4708, #298, #345, #4330, #2262, #1134, #6474, #1483, #4828, #2374, #5557, #723, #5326, #2419, #2388, #6226, #2373, #6688, #1964, #6301, #2207, #6019, #1640, #3816, #4301, #1514, #3090, #3281, #113, #347, #6299, #728, #2955, #224, #4240, #1969, #6487, #5312, #4689, #400, #4983, #4093, #3539, #5084, #2411, #6266, #3658, #6634, #509, #4209 ) ) ;
#3317 = CARTESIAN_POINT ( 'NONE',  ( 5.601533296172999776, 1.500000000000000000, -50.64339541948000090 ) ) ;
#3318 = CARTESIAN_POINT ( 'NONE',  ( 37.65738317085899922, 6.332811537780999700, 3.018850971148000273 ) ) ;
#3319 = ORIENTED_EDGE ( 'NONE', *, *, #2293, .F. ) ;
#3320 = DIRECTION ( 'NONE',  ( -0.7660369567204449170, 0.000000000000000000, 0.6427965315233734600 ) ) ;
#3321 = CARTESIAN_POINT ( 'NONE',  ( 25.86752981510401739, 1.714577338109999745E-06, -30.19701423173999899 ) ) ;
#3322 = DIRECTION ( 'NONE',  ( 0.6334076177927109308, 1.699999999999219288E-16, 0.7738183182906457347 ) ) ;
#3323 = CARTESIAN_POINT ( 'NONE',  ( 11.94530745890200052, 1.500000000000000000, -28.88052048012000128 ) ) ;
#3324 = DIRECTION ( 'NONE',  ( -0.7660444431187601877, 0.000000000000000000, 0.6427876096867989331 ) ) ;
#3325 = CARTESIAN_POINT ( 'NONE',  ( 25.86855155411299734, -3.550000000000000493E-15, -30.19143944976000071 ) ) ;
#3326 = CARTESIAN_POINT ( 'NONE',  ( 55.29234730678300025, 0.000000000000000000, 13.00024343257100057 ) ) ;
#3327 = EDGE_LOOP ( 'NONE', ( #6225, #756, #5315, #1623 ) ) ;
#3328 = AXIS2_PLACEMENT_3D ( 'NONE', #4257, #626, #4927 ) ;
#3329 = ORIENTED_EDGE ( 'NONE', *, *, #2336, .T. ) ;
#3330 = DIRECTION ( 'NONE',  ( 0.9968152208106985102, -1.999999999999394014E-17, -0.07974594384743585729 ) ) ;
#3331 = CYLINDRICAL_SURFACE ( 'NONE', #6103, 29.99999999999999645 ) ;
#3332 = ADVANCED_FACE ( 'NONE', ( #1677 ), #796, .T. ) ;
#3333 = DIRECTION ( 'NONE',  ( 0.000000000000000000, 0.7071067811865475727, 0.7071067811865475727 ) ) ;
#3334 = EDGE_CURVE ( 'NONE', #2859, #665, #6452, .T. ) ;
#3335 = CARTESIAN_POINT ( 'NONE',  ( 35.81490790724299700, 1.694989882000000008E-08, -1.656165509654999868 ) ) ;
#3336 = CARTESIAN_POINT ( 'NONE',  ( 4.730732509261000196, 7.500000000000000000, -51.00542408796000160 ) ) ;
#3337 = VERTEX_POINT ( 'NONE', #1443 ) ;
#3339 = ORIENTED_EDGE ( 'NONE', *, *, #3623, .T. ) ;
#3338 = EDGE_CURVE ( 'NONE', #3147, #6270, #1480, .T. ) ;
#3340 = DIRECTION ( 'NONE',  ( 1.000000000000000000, 0.000000000000000000, 0.000000000000000000 ) ) ;
#3341 = DIRECTION ( 'NONE',  ( 0.5296313450659221322, -2.409338161078898194E-16, -0.8482279400748727882 ) ) ;
#3342 = CARTESIAN_POINT ( 'NONE',  ( 35.81492843363201928, 2.055176813840002458E-06, -1.651689693011998861 ) ) ;
#3343 = DIRECTION ( 'NONE',  ( 0.000000000000000000, 0.000000000000000000, -1.000000000000000000 ) ) ;
#3344 = LINE ( 'NONE', #6390, #4175 ) ;
#3345 = CARTESIAN_POINT ( 'NONE',  ( 67.02952762043200607, 9.500000000000000000, 0.5407651816620000496 ) ) ;
#3346 = ORIENTED_EDGE ( 'NONE', *, *, #878, .T. ) ;
#3347 = CYLINDRICAL_SURFACE ( 'NONE', #2219, 0.8499999999999994227 ) ;
#3348 = DIRECTION ( 'NONE',  ( 0.6427876096867971567, 0.000000000000000000, 0.7660444431187616310 ) ) ;
#3349 = VECTOR ( 'NONE', #4044, 1000.000000000000000 ) ;
#3350 =( BOUNDED_CURVE ( )  B_SPLINE_CURVE ( 3, ( #2628, #2121, #5275, #1615 ),
 .UNSPECIFIED., .F., .T. ) 
 B_SPLINE_CURVE_WITH_KNOTS ( ( 4, 4 ),
 ( 1.570796326728429948, 2.356194490191830138 ),
 .UNSPECIFIED. ) 
 CURVE ( )  GEOMETRIC_REPRESENTATION_ITEM ( )  RATIONAL_B_SPLINE_CURVE ( ( 1.000000000000000000, 0.9492530216657779629, 0.9492530216657779629, 1.000000000000000000 ) ) 
 REPRESENTATION_ITEM ( '' )  );
#3351 = CARTESIAN_POINT ( 'NONE',  ( 16.02049146774800192, -6.839999999999999916E-15, -30.78915226599000121 ) ) ;
#3352 = CARTESIAN_POINT ( 'NONE',  ( 40.72104578684999865, 1.205475688725999861, -38.59108169350999873 ) ) ;
#3353 = CARTESIAN_POINT ( 'NONE',  ( 25.86787315638301621, 1.086672673821998788E-05, -30.20484580233999239 ) ) ;
#3354 = DIRECTION ( 'NONE',  ( 0.000000000000000000, 1.000000000000000000, -2.200000000000000003E-16 ) ) ;
#3355 = CARTESIAN_POINT ( 'NONE',  ( 5.487507125419002207, 1.446752580562000290, -108.8917905805000572 ) ) ;
#3356 = CARTESIAN_POINT ( 'NONE',  ( -3.167662790056999800, 4.207106781186999989, -110.9450379999999967 ) ) ;
#3357 = CARTESIAN_POINT ( 'NONE',  ( 25.99826312610199608, 0.002925021326156000082, -30.42270048657999837 ) ) ;
#3358 = VECTOR ( 'NONE', #6286, 1000.000000000000114 ) ;
#3359 = CARTESIAN_POINT ( 'NONE',  ( 69.33906159052899909, 11.87715197481800011, -3.983731100933000757 ) ) ;
#3360 = EDGE_LOOP ( 'NONE', ( #6126, #5617 ) ) ;
#3361 = VERTEX_POINT ( 'NONE', #453 ) ;
#3362 = DIRECTION ( 'NONE',  ( 0.000000000000000000, 1.000000000000000000, 0.000000000000000000 ) ) ;
#3363 = DIRECTION ( 'NONE',  ( 1.000000000000000000, 0.000000000000000000, 0.000000000000000000 ) ) ;
#3364 = DIRECTION ( 'NONE',  ( -0.5296313450659209110, 1.866101468163720669E-16, 0.8482279400748736764 ) ) ;
#3365 = CARTESIAN_POINT ( 'NONE',  ( -2.926194781746650708, 3.572726230141892945, -110.9450379999996557 ) ) ;
#3366 = CARTESIAN_POINT ( 'NONE',  ( 3.225589544122000163, 8.853553390592999506, -107.5914846093999842 ) ) ;
#3367 = EDGE_LOOP ( 'NONE', ( #1776, #6418, #2320 ) ) ;
#3368 = EDGE_CURVE ( 'NONE', #3094, #6247, #6003, .T. ) ;
#3369 = EDGE_CURVE ( 'NONE', #5814, #4134, #4089, .T. ) ;
#3370 = VECTOR ( 'NONE', #2261, 1000.000000000000000 ) ;
#3371 = ORIENTED_EDGE ( 'NONE', *, *, #6142, .F. ) ;
#3372 = DIRECTION ( 'NONE',  ( 0.000000000000000000, -1.000000000000000000, 0.000000000000000000 ) ) ;
#3373 = CYLINDRICAL_SURFACE ( 'NONE', #1314, 0.7500000000000006661 ) ;
#3374 = AXIS2_PLACEMENT_3D ( 'NONE', #3323, #4313, #6369 ) ;
#3375 = CARTESIAN_POINT ( 'NONE',  ( 35.80873240091101906, 6.102029732599999224E-07, -1.653278034333999669 ) ) ;
#3376 = CYLINDRICAL_SURFACE ( 'NONE', #1461, 0.7500000000000006661 ) ;
#3377 = CARTESIAN_POINT ( 'NONE',  ( 20.90321018855299684, 10.80000000000000071, -27.98313427429000200 ) ) ;
#3378 = CIRCLE ( 'NONE', #3811, 3.000000000000001332 ) ;
#3379 = CARTESIAN_POINT ( 'NONE',  ( 35.80974923719999481, 7.565687543000000490E-08, -1.655283360355000122 ) ) ;
#3380 = ORIENTED_EDGE ( 'NONE', *, *, #2679, .T. ) ;
#3381 = CARTESIAN_POINT ( 'NONE',  ( 19.13893583115400077, 10.80000000000000071, -25.74571750448000174 ) ) ;
#3382 = DIRECTION ( 'NONE',  ( 0.000000000000000000, -1.000000000000000000, 0.000000000000000000 ) ) ;
#3383 = EDGE_CURVE ( 'NONE', #5120, #1839, #3092, .T. ) ;
#3384 = CARTESIAN_POINT ( 'NONE',  ( -0.1676627900569999940, -2.397999999999999917E-14, -107.2379312188000000 ) ) ;
#3385 = DIRECTION ( 'NONE',  ( -0.000000000000000000, 1.000000000000000000, 0.000000000000000000 ) ) ;
#3386 = CARTESIAN_POINT ( 'NONE',  ( 41.00000077237499596, 11.56250000000000000, -37.27272699551999580 ) ) ;
#3387 = CARTESIAN_POINT ( 'NONE',  ( 26.22214898447600007, 0.2477172884559999122, -31.67556907400998512 ) ) ;
#3388 = CARTESIAN_POINT ( 'NONE',  ( 25.58588440017400245, 0.5999999999999999778, -21.46910616353000023 ) ) ;
#3389 = CARTESIAN_POINT ( 'NONE',  ( 40.07817436479899698, 12.50000000000000000, -37.02364028001999685 ) ) ;
#3390 = CARTESIAN_POINT ( 'NONE',  ( 25.98206517271298210, 0.002230066703989000074, -30.39382956617003373 ) ) ;
#3391 = CARTESIAN_POINT ( 'NONE',  ( 37.03916771552599840, 7.077679220882000521, 2.431036355282000017 ) ) ;
#3392 = ORIENTED_EDGE ( 'NONE', *, *, #2467, .F. ) ;
#3393 = ORIENTED_EDGE ( 'NONE', *, *, #5070, .T. ) ;
#3394 = CARTESIAN_POINT ( 'NONE',  ( -2.284370668781001257, 8.254538357802005066, -108.1904996421000362 ) ) ;
#3395 = CARTESIAN_POINT ( 'NONE',  ( 25.87754549897998047, 1.670253225414997766, -34.36634473406002144 ) ) ;
#3396 = CARTESIAN_POINT ( 'NONE',  ( 28.58135402467300068, 6.000000000000000000, -34.42586193529999861 ) ) ;
#3397 = FACE_OUTER_BOUND ( 'NONE', #2710, .T. ) ;
#3398 = CARTESIAN_POINT ( 'NONE',  ( 26.04546980513999799, 2.809310468947999961, -34.64770817618000365 ) ) ;
#3399 = ORIENTED_EDGE ( 'NONE', *, *, #3369, .T. ) ;
#3400 = AXIS2_PLACEMENT_3D ( 'NONE', #1966, #4031, #946 ) ;
#3401 = EDGE_LOOP ( 'NONE', ( #1549, #2429, #1872, #2017 ) ) ;
#3402 = CARTESIAN_POINT ( 'NONE',  ( 5.832337209943000644, 3.000000000000000000, -109.7379312188000000 ) ) ;
#3403 = VECTOR ( 'NONE', #2430, 1000.000000000000000 ) ;
#3404 = EDGE_CURVE ( 'NONE', #5990, #4685, #1146, .T. ) ;
#3405 = EDGE_CURVE ( 'NONE', #5256, #3740, #173, .T. ) ;
#3406 = CARTESIAN_POINT ( 'NONE',  ( 37.37924555876101351, 1.757406119624002061, 2.559203862750001335 ) ) ;
#3407 = CARTESIAN_POINT ( 'NONE',  ( 68.10371414713200977, 11.90000000000000036, -3.624102560038000131 ) ) ;
#3408 = FACE_OUTER_BOUND ( 'NONE', #4972, .T. ) ;
#3409 = AXIS2_PLACEMENT_3D ( 'NONE', #6683, #2078, #4654 ) ;
#3410 = AXIS2_PLACEMENT_3D ( 'NONE', #5248, #5775, #630 ) ;
#3411 = CARTESIAN_POINT ( 'NONE',  ( 58.40490177471279765, 12.50000000000000000, 5.819574613848859990 ) ) ;
#3412 = VERTEX_POINT ( 'NONE', #4251 ) ;
#3413 = CARTESIAN_POINT ( 'NONE',  ( 12.85122850833000108, -1.118000000000000102E-14, -50.37162072637000421 ) ) ;
#3414 = EDGE_CURVE ( 'NONE', #422, #1957, #5687, .T. ) ;
#3415 = CARTESIAN_POINT ( 'NONE',  ( 5.832337209943000644, 4.500000000000000000, -71.00000000000000000 ) ) ;
#3416 = AXIS2_PLACEMENT_3D ( 'NONE', #2424, #2053, #5101 ) ;
#3417 = DIRECTION ( 'NONE',  ( -0.07974594384743576014, -2.168404344971003198E-16, -0.9968152208106985102 ) ) ;
#3418 = EDGE_CURVE ( 'NONE', #311, #1906, #1714, .T. ) ;
#3419 = CARTESIAN_POINT ( 'NONE',  ( 25.84615455077857149, 1.168905467210932249E-16, -30.62400034983586394 ) ) ;
#3420 = CIRCLE ( 'NONE', #4507, 1.500000000000000222 ) ;
#3421 = CARTESIAN_POINT ( 'NONE',  ( 40.68502265964200149, 0.4003548631509999400, -36.75862513311999891 ) ) ;
#3422 = FACE_OUTER_BOUND ( 'NONE', #959, .T. ) ;
#3423 = DIRECTION ( 'NONE',  ( 0.6427965315233726828, 1.700000000000989048E-16, 0.7660369567204456942 ) ) ;
#3424 = CARTESIAN_POINT ( 'NONE',  ( 25.87439751108899699, 5.902623251950003981E-06, -30.20186384945998626 ) ) ;
#3425 = CARTESIAN_POINT ( 'NONE',  ( 32.45657734901799785, 8.576162625751999613, -1.914819701346999858 ) ) ;
#3426 = ORIENTED_EDGE ( 'NONE', *, *, #4113, .F. ) ;
#3427 = EDGE_LOOP ( 'NONE', ( #6170, #2260, #193, #1725 ) ) ;
#3428 = FACE_OUTER_BOUND ( 'NONE', #5698, .T. ) ;
#3429 = CARTESIAN_POINT ( 'NONE',  ( 25.87633588521900663, 1.626419081046000858, -34.33319766936998008 ) ) ;
#3430 = CARTESIAN_POINT ( 'NONE',  ( 66.48315815219820024, 9.500000000000000000, -0.1103725949889475949 ) ) ;
#3431 = DIRECTION ( 'NONE',  ( 0.6427876096867989331, 0.000000000000000000, 0.7660444431187601877 ) ) ;
#3432 = CARTESIAN_POINT ( 'NONE',  ( 35.81508937632400347, 2.810259690729999788E-06, -1.650843913600000157 ) ) ;
#3433 = LINE ( 'NONE', #5494, #1742 ) ;
#3434 = ORIENTED_EDGE ( 'NONE', *, *, #4745, .F. ) ;
#3435 = ORIENTED_EDGE ( 'NONE', *, *, #2868, .T. ) ;
#3436 = CARTESIAN_POINT ( 'NONE',  ( 27.39293922389600056, 0.4229395206869999702, -32.83961747933000197 ) ) ;
#3437 = CARTESIAN_POINT ( 'NONE',  ( 25.97493760970200682, 0.02242974963154002743, -30.64880859510999755 ) ) ;
#3438 = CARTESIAN_POINT ( 'NONE',  ( 25.40272345635900209, 12.50000000000000000, -22.62082317245999974 ) ) ;
#3439 = CARTESIAN_POINT ( 'NONE',  ( 37.26316060344099412, 1.500000000000000000, -36.48913347616999658 ) ) ;
#3440 = ORIENTED_EDGE ( 'NONE', *, *, #3447, .T. ) ;
#3441 = CARTESIAN_POINT ( 'NONE',  ( 35.88028017168900163, 0.2670027160069999850, -0.1343804034400000180 ) ) ;
#3442 = ORIENTED_EDGE ( 'NONE', *, *, #3574, .F. ) ;
#3443 = FACE_OUTER_BOUND ( 'NONE', #3956, .T. ) ;
#3444 = LINE ( 'NONE', #5506, #349 ) ;
#3445 = CARTESIAN_POINT ( 'NONE',  ( -3.167662790056999800, 4.500000000000000000, -97.25000000000000000 ) ) ;
#3446 = EDGE_CURVE ( 'NONE', #5790, #1447, #4410, .T. ) ;
#3447 = EDGE_CURVE ( 'NONE', #1648, #6001, #1578, .T. ) ;
#3448 = DIRECTION ( 'NONE',  ( -0.7525762377427939187, 1.499999999999589761E-16, 0.6585051301128198586 ) ) ;
#3449 = CARTESIAN_POINT ( 'NONE',  ( 35.65619157922400007, 12.50000000000000000, -38.40424458396999796 ) ) ;
#3450 = CARTESIAN_POINT ( 'NONE',  ( 25.90635216709799948, 12.50000000000000000, -25.13206950081999835 ) ) ;
#3451 = EDGE_CURVE ( 'NONE', #1561, #623, #3738, .T. ) ;
#3452 = CARTESIAN_POINT ( 'NONE',  ( 10.55311763816800052, 3.000000000000000000, -48.44323113179999751 ) ) ;
#3453 = CARTESIAN_POINT ( 'NONE',  ( 25.99286383908499332, 0.002682337213638002604, -30.41307732444001388 ) ) ;
#3454 = CARTESIAN_POINT ( 'NONE',  ( 32.72198397172800099, 10.26930440334900041, -3.008001370114000039 ) ) ;
#3455 = ORIENTED_EDGE ( 'NONE', *, *, #2136, .T. ) ;
#3456 = ORIENTED_EDGE ( 'NONE', *, *, #13, .T. ) ;
#3457 = DIRECTION ( 'NONE',  ( 0.000000000000000000, 1.000000000000000000, 0.000000000000000000 ) ) ;
#3458 = CARTESIAN_POINT ( 'NONE',  ( 25.87506901008902105, 1.581265451352998674, -34.29748198608000820 ) ) ;
#3459 = CYLINDRICAL_SURFACE ( 'NONE', #4613, 3.000000000000000000 ) ;
#3460 = DIRECTION ( 'NONE',  ( 0.000000000000000000, 0.000000000000000000, -1.000000000000000000 ) ) ;
#3461 = AXIS2_PLACEMENT_3D ( 'NONE', #5055, #815, #3109 ) ;
#3462 = CARTESIAN_POINT ( 'NONE',  ( 35.81515375370000243, 3.147817969840000056E-06, -1.650505601639999931 ) ) ;
#3463 = DIRECTION ( 'NONE',  ( 0.6427876096867977118, 0.000000000000000000, 0.7660444431187611869 ) ) ;
#3464 = ORIENTED_EDGE ( 'NONE', *, *, #4160, .F. ) ;
#3465 = ORIENTED_EDGE ( 'NONE', *, *, #4743, .F. ) ;
#3466 = CIRCLE ( 'NONE', #1851, 1.500000000000000222 ) ;
#3467 = CARTESIAN_POINT ( 'NONE',  ( 26.75430677094499998, 0.1374620808109999759, -31.75816771223999879 ) ) ;
#3468 = DIRECTION ( 'NONE',  ( -0.6427876096867990441, 0.000000000000000000, -0.7660444431187601877 ) ) ;
#3469 = LOCAL_TIME ( 2, 32, 51.00000000000000000, #1986 ) ;
#3470 = CARTESIAN_POINT ( 'NONE',  ( 26.06246683957299481, 0.07438887001209000538, -31.02062186925002507 ) ) ;
#3471 = CARTESIAN_POINT ( 'NONE',  ( 36.09221199945898206, 0.1457474788410000055, -0.2993730925960000344 ) ) ;
#3472 = CARTESIAN_POINT ( 'NONE',  ( -3.085170003232999836, 6.935406852534000244, -108.9584287021999955 ) ) ;
#3473 = ORIENTED_EDGE ( 'NONE', *, *, #3179, .T. ) ;
#3474 = CARTESIAN_POINT ( 'NONE',  ( 19.46190473320099912, 8.935848481884999472, -28.39768490197000261 ) ) ;
#3475 = VERTEX_POINT ( 'NONE', #519 ) ;
#3476 = AXIS2_PLACEMENT_3D ( 'NONE', #573, #1867, #4981 ) ;
#3477 = DIRECTION ( 'NONE',  ( 0.6427876096867969347, 0.000000000000000000, 0.7660444431187619641 ) ) ;
#3478 = DIRECTION ( 'NONE',  ( 0.6585051301128197476, 1.655667723033548348E-16, 0.7525762377427940297 ) ) ;
#3479 = CARTESIAN_POINT ( 'NONE',  ( 35.89852513793800171, 0.3223287211799997776, 0.007454714617151999949 ) ) ;
#3480 = CARTESIAN_POINT ( 'NONE',  ( 68.32121929180499365, 0.5679045653899998936, -3.823088511104999920 ) ) ;
#3481 = AXIS2_PLACEMENT_3D ( 'NONE', #6628, #4599, #3011 ) ;
#3482 = CARTESIAN_POINT ( 'NONE',  ( 40.82822105862400264, 11.14461914737099946, -38.46335517832999784 ) ) ;
#3483 = CARTESIAN_POINT ( 'NONE',  ( 25.93057525473500036, 2.063300002640000130, -34.55130100949999417 ) ) ;
#3484 = DIRECTION ( 'NONE',  ( 0.000000000000000000, 1.000000000000000000, -2.200000000000000003E-16 ) ) ;
#3485 = AXIS2_PLACEMENT_3D ( 'NONE', #5835, #5869, #160 ) ;
#3486 = EDGE_CURVE ( 'NONE', #3819, #5431, #1472, .T. ) ;
#3487 = EDGE_CURVE ( 'NONE', #39, #6035, #20, .T. ) ;
#3488 = CARTESIAN_POINT ( 'NONE',  ( 39.13329164899599988, 6.000000000000000000, -31.41518883086000358 ) ) ;
#3489 = CARTESIAN_POINT ( 'NONE',  ( 25.89731738690299778, 0.0001422773814540998947, -30.24273375609999448 ) ) ;
#3490 = CARTESIAN_POINT ( 'NONE',  ( 37.45859375097500532, 7.773605541331000346, 2.636870351018999692 ) ) ;
#3491 = ORIENTED_EDGE ( 'NONE', *, *, #3012, .F. ) ;
#3492 = ORIENTED_EDGE ( 'NONE', *, *, #3590, .F. ) ;
#3493 = CARTESIAN_POINT ( 'NONE',  ( -0.1676627900569999940, 9.000000000000000000, -107.2379312188000000 ) ) ;
#3494 = CARTESIAN_POINT ( 'NONE',  ( 25.76987868773198187, 0.7113188519799999998, -33.34607978815002127 ) ) ;
#3495 = DIRECTION ( 'NONE',  ( 0.000000000000000000, 0.000000000000000000, -1.000000000000000000 ) ) ;
#3496 = DIRECTION ( 'NONE',  ( 0.000000000000000000, 1.000000000000000000, 0.000000000000000000 ) ) ;
#3497 = CARTESIAN_POINT ( 'NONE',  ( 36.89062724361399859, 0.9634736286649999704, 1.814371375896000060 ) ) ;
#3498 = DIRECTION ( 'NONE',  ( -0.9078645223467951553, 9.223800322369920543E-17, 0.4192636510169055475 ) ) ;
#3499 = ORIENTED_EDGE ( 'NONE', *, *, #3218, .T. ) ;
#3500 = ORIENTED_EDGE ( 'NONE', *, *, #2704, .F. ) ;
#3501 = ADVANCED_FACE ( 'NONE', ( #2083 ), #4482, .T. ) ;
#3502 = CARTESIAN_POINT ( 'NONE',  ( 26.52427196774500118, 0.07493827639839001353, -31.35565630764000034 ) ) ;
#3503 = EDGE_CURVE ( 'NONE', #623, #4522, #2120, .T. ) ;
#3504 = PERSON_AND_ORGANIZATION ( #2759, #6393 ) ;
#3505 = AXIS2_PLACEMENT_3D ( 'NONE', #2934, #5139, #4499 ) ;
#3506 = CARTESIAN_POINT ( 'NONE',  ( 25.87568717132500140, 9.602055354341000788E-05, -30.22218777111999088 ) ) ;
#3507 = CARTESIAN_POINT ( 'NONE',  ( 36.02543879538599469, 0.08693269551612999024, -0.5903524181300003892 ) ) ;
#3508 = CARTESIAN_POINT ( 'NONE',  ( 5.749844423118999792, 2.064593147463999578, -108.9584287021999955 ) ) ;
#3509 = ORIENTED_EDGE ( 'NONE', *, *, #5357, .F. ) ;
#3510 = CARTESIAN_POINT ( 'NONE',  ( 36.08368586229600083, 0.7502386209110000204, 0.8641856030119999810 ) ) ;
#3511 = ORIENTED_EDGE ( 'NONE', *, *, #1632, .F. ) ;
#3512 = VECTOR ( 'NONE', #3303, 1000.000000000000000 ) ;
#3513 = CARTESIAN_POINT ( 'NONE',  ( 18.66153235691199797, 9.000000000000000000, -16.96429220722000153 ) ) ;
#3514 = LINE ( 'NONE', #2974, #240 ) ;
#3515 = AXIS2_PLACEMENT_3D ( 'NONE', #3679, #5142, #3175 ) ;
#3516 = CARTESIAN_POINT ( 'NONE',  ( 37.17874376624400412, 2.083194052252999473, 2.563144183333000203 ) ) ;
#3517 = VECTOR ( 'NONE', #4687, 1000.000000000000000 ) ;
#3518 = VECTOR ( 'NONE', #740, 1000.000000000000000 ) ;
#3519 = CARTESIAN_POINT ( 'NONE',  ( 68.62457275235099985, 0.4796048693170000266, -3.950853105909000185 ) ) ;
#3520 = CARTESIAN_POINT ( 'NONE',  ( 40.99796340391299765, 11.66078950932199909, -38.01584825083000396 ) ) ;
#3521 = CARTESIAN_POINT ( 'NONE',  ( 25.88893874653377125, 1.825540327223072579, -34.46178019536633741 ) ) ;
#3522 = AXIS2_PLACEMENT_3D ( 'NONE', #2306, #6366, #3255 ) ;
#3523 = AXIS2_PLACEMENT_3D ( 'NONE', #2453, #3026, #6581 ) ;
#3524 = CARTESIAN_POINT ( 'NONE',  ( 70.02764564830199845, 11.11250000000000071, -3.664836021904999797 ) ) ;
#3525 = CARTESIAN_POINT ( 'NONE',  ( 4.827714977881999658, -4.000000000000000000, -50.00998780169000213 ) ) ;
#3526 = DIRECTION ( 'NONE',  ( 0.000000000000000000, 1.000000000000000000, 0.000000000000000000 ) ) ;
#3527 = CARTESIAN_POINT ( 'NONE',  ( 37.20650288707300035, 8.047518763108000073, 2.336440158305999937 ) ) ;
#3528 = VERTEX_POINT ( 'NONE', #1817 ) ;
#3529 = VECTOR ( 'NONE', #6276, 1000.000000000000227 ) ;
#3530 = CARTESIAN_POINT ( 'NONE',  ( -3.114957006221003244, 6.763452784306002386, -109.6815852156000091 ) ) ;
#3531 = DIRECTION ( 'NONE',  ( -0.6427876096867990441, 0.000000000000000000, -0.7660444431187601877 ) ) ;
#3532 = CARTESIAN_POINT ( 'NONE',  ( -1.739065120221000127, 8.413498744338001600, -108.0315392555999949 ) ) ;
#3533 = LINE ( 'NONE', #2012, #2035 ) ;
#3534 =( BOUNDED_CURVE ( )  B_SPLINE_CURVE ( 2, ( #42, #6235, #3662 ),
 .UNSPECIFIED., .F., .T. ) 
 B_SPLINE_CURVE_WITH_KNOTS ( ( 3, 3 ),
 ( 0.000000000000000000, 0.2861894557399999872 ),
 .UNSPECIFIED. ) 
 CURVE ( )  GEOMETRIC_REPRESENTATION_ITEM ( )  RATIONAL_B_SPLINE_CURVE ( ( 1.000000000000000000, 0.8032484630099999690, 1.000000000000000000 ) ) 
 REPRESENTATION_ITEM ( '' )  );
#3535 = CARTESIAN_POINT ( 'NONE',  ( 37.12720076916100709, 1.165842927197999979, 2.185627739191999819 ) ) ;
#3536 = DIRECTION ( 'NONE',  ( -0.9078645223467951553, 9.223800322369920543E-17, 0.4192636510169054920 ) ) ;
#3537 = EDGE_LOOP ( 'NONE', ( #4291, #107, #3292, #5566, #478 ) ) ;
#3538 = VERTEX_POINT ( 'NONE', #826 ) ;
#3539 = ADVANCED_FACE ( 'NONE', ( #2891 ), #3806, .F. ) ;
#3540 = EDGE_CURVE ( 'NONE', #1093, #2122, #1581, .T. ) ;
#3541 = CARTESIAN_POINT ( 'NONE',  ( 25.99286383908499687, 0.002682337213638000002, -30.41307732443999967 ) ) ;
#3542 = PERSON_AND_ORGANIZATION ( #2759, #6393 ) ;
#3543 = CARTESIAN_POINT ( 'NONE',  ( 25.91935002819500156, 0.005105399277645995652, -30.41022331631998910 ) ) ;
#3544 = DIRECTION ( 'NONE',  ( -0.6427876096867989331, 0.000000000000000000, -0.7660444431187601877 ) ) ;
#3545 = ADVANCED_FACE ( 'NONE', ( #1879 ), #5427, .T. ) ;
#3546 = CARTESIAN_POINT ( 'NONE',  ( 24.95058725836500102, 8.753316666168998950, -33.72900567299000585 ) ) ;
#3547 = EDGE_LOOP ( 'NONE', ( #1116, #4605, #5407, #3301 ) ) ;
#3548 = AXIS2_PLACEMENT_3D ( 'NONE', #6451, #856, #4993 ) ;
#3549 = CARTESIAN_POINT ( 'NONE',  ( 36.00545236437800156, 0.5869949231239999232, 0.5703703929660000060 ) ) ;
#3550 = ORIENTED_EDGE ( 'NONE', *, *, #5841, .F. ) ;
#3551 = DIRECTION ( 'NONE',  ( 0.7660444431187601877, 0.000000000000000000, -0.6427876096867989331 ) ) ;
#3552 = CARTESIAN_POINT ( 'NONE',  ( 5.832337209943000644, 3.000000000000000000, -109.7379312188000000 ) ) ;
#3553 = CARTESIAN_POINT ( 'NONE',  ( 35.82879749805999126, 0.06335760797815000178, -0.8716445545479997170 ) ) ;
#3554 = CARTESIAN_POINT ( 'NONE',  ( 69.81030445633899717, 1.210761692014000079, -3.831785636419999808 ) ) ;
#3555 = CARTESIAN_POINT ( 'NONE',  ( 41.05367385377300593, 11.33750000000000036, -37.88621312315000722 ) ) ;
#3556 = ORIENTED_EDGE ( 'NONE', *, *, #3693, .T. ) ;
#3557 = CARTESIAN_POINT ( 'NONE',  ( -0.1676627900569999940, 8.500000000000000000, -107.2379312188000000 ) ) ;
#3558 = DIRECTION ( 'NONE',  ( -1.000000000000000000, 0.000000000000000000, 0.000000000000000000 ) ) ;
#3559 = CARTESIAN_POINT ( 'NONE',  ( 38.11814372809600115, 6.308080970283000077, 3.422891405750000171 ) ) ;
#3560 = VERTEX_POINT ( 'NONE', #3944 ) ;
#3561 = CARTESIAN_POINT ( 'NONE',  ( 6.799302874867000135, 5.247234492905000103, -62.09978180413999382 ) ) ;
#3562 = CARTESIAN_POINT ( 'NONE',  ( 25.85778319770999190, 0.002733830621689998987, -30.40444778748002008 ) ) ;
#3563 = CARTESIAN_POINT ( 'NONE',  ( -3.021216180649999750, 5.292893218813000011, -110.9450379999999967 ) ) ;
#3564 = DIRECTION ( 'NONE',  ( 0.7660444431187601877, 0.000000000000000000, -0.6427876096867991551 ) ) ;
#3565 = CARTESIAN_POINT ( 'NONE',  ( 35.81512156497299770, 2.976503956420000183E-06, -1.650674757672000004 ) ) ;
#3566 = CARTESIAN_POINT ( 'NONE',  ( 37.69260015160099897, 3.000000000000000000, 3.053098811051000006 ) ) ;
#3567 = ORIENTED_EDGE ( 'NONE', *, *, #4407, .F. ) ;
#3568 = ORIENTED_EDGE ( 'NONE', *, *, #1424, .T. ) ;
#3569 = CARTESIAN_POINT ( 'NONE',  ( 25.76464596212289138, 0.5242801666590616305, -32.95117017349171107 ) ) ;
#3570 =( BOUNDED_CURVE ( )  B_SPLINE_CURVE ( 2, ( #1535, #4552, #1021 ),
 .UNSPECIFIED., .F., .F. ) 
 B_SPLINE_CURVE_WITH_KNOTS ( ( 3, 3 ),
 ( 0.000000000000000000, 4.542637142608000111 ),
 .UNSPECIFIED. ) 
 CURVE ( )  GEOMETRIC_REPRESENTATION_ITEM ( )  RATIONAL_B_SPLINE_CURVE ( ( 1.000000000000000000, 0.9770539536260000046, 1.000000000000000000 ) ) 
 REPRESENTATION_ITEM ( '' )  );
#3571 = CARTESIAN_POINT ( 'NONE',  ( 27.33654729574099562, 0.3890786727899999686, -32.74411089275999842 ) ) ;
#3572 = VECTOR ( 'NONE', #4919, 1000.000000000000000 ) ;
#3573 = COORDINATED_UNIVERSAL_TIME_OFFSET ( 3, 0, .AHEAD. ) ;
#3574 = EDGE_CURVE ( 'NONE', #929, #3638, #1782, .T. ) ;
#3575 = EDGE_CURVE ( 'NONE', #2198, #72, #2795, .T. ) ;
#3576 = CARTESIAN_POINT ( 'NONE',  ( 26.07226393921002128, 0.08220933877375995180, -31.06177897775997820 ) ) ;
#3577 = CARTESIAN_POINT ( 'NONE',  ( 35.93337505181901292, 0.02616116586758002183, -1.034977864787999247 ) ) ;
#3578 = CARTESIAN_POINT ( 'NONE',  ( 5.832337209943000644, 2.527893841523999985, -109.3445095068000086 ) ) ;
#3579 = CIRCLE ( 'NONE', #873, 1.499999999999999778 ) ;
#3580 = VERTEX_POINT ( 'NONE', #3336 ) ;
#3581 = CARTESIAN_POINT ( 'NONE',  ( 35.83476549641200393, 0.09348956652569999359, -0.7211490230700000614 ) ) ;
#3582 = ORIENTED_EDGE ( 'NONE', *, *, #6212, .T. ) ;
#3583 = DIRECTION ( 'NONE',  ( 0.000000000000000000, 1.000000000000000000, 0.000000000000000000 ) ) ;
#3584 = CARTESIAN_POINT ( 'NONE',  ( 69.36992873719898967, 0.1982729011929999785, -3.462763421805000075 ) ) ;
#3585 = CARTESIAN_POINT ( 'NONE',  ( 36.88247677502199906, 1.792737898459000112, 2.248435621267000251 ) ) ;
#3586 = CARTESIAN_POINT ( 'NONE',  ( 31.36106465011000211, 8.728061279882000534, -2.953177465358999942 ) ) ;
#3587 = CARTESIAN_POINT ( 'NONE',  ( 40.97992470297199930, 12.06779004502800134, -37.38621059463999785 ) ) ;
#3588 = VERTEX_POINT ( 'NONE', #4863 ) ;
#3589 = EDGE_CURVE ( 'NONE', #5041, #2045, #38, .T. ) ;
#3590 = EDGE_CURVE ( 'NONE', #3361, #5120, #6115, .T. ) ;
#3591 = AXIS2_PLACEMENT_3D ( 'NONE', #3148, #5218, #500 ) ;
#3592 = CARTESIAN_POINT ( 'NONE',  ( 2.319995106579999966, 3.000000000000000000, -46.73129330573999596 ) ) ;
#3593 = CARTESIAN_POINT ( 'NONE',  ( 30.27822622321500035, 10.69376624230099893, -5.920358446333000124 ) ) ;
#3594 = VERTEX_POINT ( 'NONE', #5562 ) ;
#3595 = DIRECTION ( 'NONE',  ( -0.9055964464100785261, 9.000000000000781031E-17, 0.4241403968610367725 ) ) ;
#3596 = CIRCLE ( 'NONE', #5429, 1.499999999999999556 ) ;
#3597 = CARTESIAN_POINT ( 'NONE',  ( 25.84708875697399222, 0.01094153692712999948, -30.61724362048001069 ) ) ;
#3598 = DIRECTION ( 'NONE',  ( 0.6427876096867958244, 0.000000000000000000, 0.7660444431187628522 ) ) ;
#3599 = DIRECTION ( 'NONE',  ( 0.000000000000000000, 1.000000000000000000, 0.000000000000000000 ) ) ;
#3600 = CARTESIAN_POINT ( 'NONE',  ( 25.93057525473500036, 2.063300002640000130, -34.55130100949999417 ) ) ;
#3601 = CARTESIAN_POINT ( 'NONE',  ( 69.19131207760800351, 12.26244523515600093, -3.750262026973999685 ) ) ;
#3602 = ORIENTED_EDGE ( 'NONE', *, *, #1774, .F. ) ;
#3603 = ORIENTED_EDGE ( 'NONE', *, *, #5717, .T. ) ;
#3604 = CARTESIAN_POINT ( 'NONE',  ( 25.87938334335509438, 1.697573778558946866, -34.38287912028043536 ) ) ;
#3605 = CYLINDRICAL_SURFACE ( 'NONE', #3212, 0.5999999999999999778 ) ;
#3606 = CARTESIAN_POINT ( 'NONE',  ( 25.87346943672800137, 4.160985171089999948E-06, -30.20020892550000369 ) ) ;
#3607 = CARTESIAN_POINT ( 'NONE',  ( 26.25838538238998154, 0.02628575222809000772, -30.88555872064000596 ) ) ;
#3608 = DIRECTION ( 'NONE',  ( 0.000000000000000000, -1.000000000000000000, 0.000000000000000000 ) ) ;
#3609 = CARTESIAN_POINT ( 'NONE',  ( 41.05367385377300593, 1.162499999999999867, -37.88621312315000722 ) ) ;
#3610 = ORIENTED_EDGE ( 'NONE', *, *, #2257, .F. ) ;
#3611 = DIRECTION ( 'NONE',  ( 1.000000000000000000, 0.000000000000000000, 0.000000000000000000 ) ) ;
#3612 = ADVANCED_FACE ( 'NONE', ( #6033 ), #893, .T. ) ;
#3613 = ORIENTED_EDGE ( 'NONE', *, *, #1710, .F. ) ;
#3614 = EDGE_CURVE ( 'NONE', #4662, #311, #5209, .T. ) ;
#3615 = CARTESIAN_POINT ( 'NONE',  ( 19.38328216155900208, 10.77331052779399911, -26.20816253353000036 ) ) ;
#3616 = CARTESIAN_POINT ( 'NONE',  ( -3.167662790056999800, 3.000000000000000000, -109.7379312188000000 ) ) ;
#3617 = CARTESIAN_POINT ( 'NONE',  ( 35.81448679979799721, 2.665743070280001470E-06, -1.651641189175999669 ) ) ;
#3618 = CARTESIAN_POINT ( 'NONE',  ( 6.762260773609000353, 1.500000000000000000, -51.59350684617000127 ) ) ;
#3619 = VECTOR ( 'NONE', #6326, 1000.000000000000114 ) ;
#3620 = CARTESIAN_POINT ( 'NONE',  ( 41.01149974629500150, 11.89754928456199856, -37.33365461145000097 ) ) ;
#3621 = EDGE_CURVE ( 'NONE', #6149, #3538, #1801, .T. ) ;
#3622 = ORIENTED_EDGE ( 'NONE', *, *, #2336, .F. ) ;
#3623 = EDGE_CURVE ( 'NONE', #2933, #633, #1913, .T. ) ;
#3624 = CARTESIAN_POINT ( 'NONE',  ( 5.832337209943000644, 4.500000000000000000, -107.0000000000000000 ) ) ;
#3625 = VECTOR ( 'NONE', #4534, 1000.000000000000000 ) ;
#3626 = AXIS2_PLACEMENT_3D ( 'NONE', #4428, #2894, #3270 ) ;
#3627 = DIRECTION ( 'NONE',  ( 0.000000000000000000, 1.000000000000000000, 0.000000000000000000 ) ) ;
#3628 = EDGE_CURVE ( 'NONE', #4632, #2211, #6447, .T. ) ;
#3629 = VERTEX_POINT ( 'NONE', #5027 ) ;
#3630 = CIRCLE ( 'NONE', #4279, 0.7500000000000006661 ) ;
#3631 = AXIS2_PLACEMENT_3D ( 'NONE', #3822, #5445, #4436 ) ;
#3632 = CARTESIAN_POINT ( 'NONE',  ( 6.974609059566000191, 5.017955828307000488, -61.45597823277000060 ) ) ;
#3633 = CARTESIAN_POINT ( 'NONE',  ( 25.79464259837600437, 0.1486836679540001760, -31.73979593933000842 ) ) ;
#3634 = DIRECTION ( 'NONE',  ( 0.000000000000000000, -2.200000000000000003E-16, -1.000000000000000000 ) ) ;
#3635 = CARTESIAN_POINT ( 'NONE',  ( 51.75701545350700172, 0.000000000000000000, 8.786998995416999136 ) ) ;
#3636 = CARTESIAN_POINT ( 'NONE',  ( 22.72750926798499904, 10.80000000000000071, -29.51390295899999927 ) ) ;
#3637 = CARTESIAN_POINT ( 'NONE',  ( 19.13893583115299890, 10.80000000000000071, -25.74571750448000174 ) ) ;
#3638 = VERTEX_POINT ( 'NONE', #414 ) ;
#3639 = VERTEX_POINT ( 'NONE', #382 ) ;
#3640 = CARTESIAN_POINT ( 'NONE',  ( 25.76476532812254305, 0.5458280057433835264, -32.99947372055372341 ) ) ;
#3641 = FACE_OUTER_BOUND ( 'NONE', #5193, .T. ) ;
#3642 = CARTESIAN_POINT ( 'NONE',  ( 25.92264790559100263, 0.0005057723575667999894, -30.28790035313999951 ) ) ;
#3643 = CARTESIAN_POINT ( 'NONE',  ( 25.86424459311700730, 1.628572793069999489E-06, -30.19681706529001630 ) ) ;
#3644 = DIRECTION ( 'NONE',  ( 5.306685705355060116E-29, -1.000000000000000000, 2.199999999999150006E-16 ) ) ;
#3645 = ORIENTED_EDGE ( 'NONE', *, *, #6312, .F. ) ;
#3646 = CARTESIAN_POINT ( 'NONE',  ( 21.18947901920400056, 11.00000000000000000, -19.08549131918000086 ) ) ;
#3647 = ORIENTED_EDGE ( 'NONE', *, *, #5649, .F. ) ;
#3648 = DIRECTION ( 'NONE',  ( -0.4464134760038304672, 1.999999999999244870E-16, 0.8948268036006619131 ) ) ;
#3649 = CARTESIAN_POINT ( 'NONE',  ( 69.62809873014100503, 0.3911118663300000020, -3.532535447613999846 ) ) ;
#3650 = CARTESIAN_POINT ( 'NONE',  ( 35.81490108560998209, 8.729470106990005123E-06, -1.647542093837000454 ) ) ;
#3651 = FACE_OUTER_BOUND ( 'NONE', #1606, .T. ) ;
#3652 = CARTESIAN_POINT ( 'NONE',  ( 69.80335737341698632, 0.6629130978799999685, -3.655295502127999807 ) ) ;
#3653 = CARTESIAN_POINT ( 'NONE',  ( -3.167662790056999800, 4.500000000000000000, -80.75000000000000000 ) ) ;
#3654 = ORIENTED_EDGE ( 'NONE', *, *, #1005, .T. ) ;
#3655 = DIRECTION ( 'NONE',  ( 0.6427965315233731269, 0.000000000000000000, 0.7660369567204452501 ) ) ;
#3656 = ADVANCED_FACE ( 'NONE', ( #2484 ), #4555, .T. ) ;
#3657 = DIRECTION ( 'NONE',  ( 1.000000000000000000, 0.000000000000000000, 0.000000000000000000 ) ) ;
#3658 = ADVANCED_FACE ( 'NONE', ( #5597 ), #4047, .F. ) ;
#3659 = ORIENTED_EDGE ( 'NONE', *, *, #1087, .F. ) ;
#3660 = CARTESIAN_POINT ( 'NONE',  ( 6.985603575304000223, 4.973803106586999867, -61.41740211146999684 ) ) ;
#3661 = CARTESIAN_POINT ( 'NONE',  ( 25.82169139390898138, 0.05444997503349999213, -31.13624722781998955 ) ) ;
#3662 = CARTESIAN_POINT ( 'NONE',  ( 20.90321018855299684, 10.65729015676100033, -27.98313427429000200 ) ) ;
#3663 = DIRECTION ( 'NONE',  ( 1.078313318704245828E-16, -1.000000000000000000, 1.317348537388759879E-16 ) ) ;
#3664 = EDGE_CURVE ( 'NONE', #6060, #4796, #858, .T. ) ;
#3665 = CYLINDRICAL_SURFACE ( 'NONE', #972, 0.4999999999999997224 ) ;
#3666 = CARTESIAN_POINT ( 'NONE',  ( 70.14464862025099023, 11.29452431127399947, -3.525397309740000207 ) ) ;
#3667 = VERTEX_POINT ( 'NONE', #6646 ) ;
#3668 = ORIENTED_EDGE ( 'NONE', *, *, #6675, .F. ) ;
#3669 = CARTESIAN_POINT ( 'NONE',  ( 25.88250121597548414, 1.752338735506733025, -34.41943797025019336 ) ) ;
#3670 = CARTESIAN_POINT ( 'NONE',  ( 25.87470686913500018, 6.555466982799999789E-06, -30.20241549050999907 ) ) ;
#3671 = EDGE_CURVE ( 'NONE', #1612, #6290, #599, .T. ) ;
#3672 = EDGE_CURVE ( 'NONE', #2837, #1648, #2044, .T. ) ;
#3673 = CARTESIAN_POINT ( 'NONE',  ( 5.487507125420000520, 7.553247419437999710, -108.8917905805000572 ) ) ;
#3674 = ORIENTED_EDGE ( 'NONE', *, *, #1980, .F. ) ;
#3675 = FACE_BOUND ( 'NONE', #3078, .T. ) ;
#3676 = ORIENTED_EDGE ( 'NONE', *, *, #585, .T. ) ;
#3677 = FACE_OUTER_BOUND ( 'NONE', #5005, .T. ) ;
#3678 = ORIENTED_EDGE ( 'NONE', *, *, #102, .F. ) ;
#3679 = CARTESIAN_POINT ( 'NONE',  ( 26.83233720994300242, 3.000000000000000000, -58.05141188318999923 ) ) ;
#3680 = CARTESIAN_POINT ( 'NONE',  ( -2.013452176267999771, 0.5036120881029999552, -107.6592374056999972 ) ) ;
#3681 = AXIS2_PLACEMENT_3D ( 'NONE', #3525, #1970, #3970 ) ;
#3682 = CARTESIAN_POINT ( 'NONE',  ( 35.81472846556403056, 5.783282888360002492E-06, -1.649250052192000826 ) ) ;
#3683 = CARTESIAN_POINT ( 'NONE',  ( 37.56615318743700271, 2.497020242041000149, 2.931419329959999764 ) ) ;
#3684 = FACE_OUTER_BOUND ( 'NONE', #5563, .T. ) ;
#3685 = CARTESIAN_POINT ( 'NONE',  ( 40.63442033241899765, 12.31061696025600050, -37.75318773386000260 ) ) ;
#3686 = ORIENTED_EDGE ( 'NONE', *, *, #6260, .T. ) ;
#3687 = PLANE ( 'NONE',  #451 ) ;
#3688 = CARTESIAN_POINT ( 'NONE',  ( 40.23147947072499875, 12.50000000000000000, -37.29913685791000688 ) ) ;
#3689 = ORIENTED_EDGE ( 'NONE', *, *, #6473, .F. ) ;
#3690 = CARTESIAN_POINT ( 'NONE',  ( 7.033034602505999544, 4.589651550660049928, -61.25312537047999939 ) ) ;
#3691 = CARTESIAN_POINT ( 'NONE',  ( 25.86061085730299780, 0.001491833580419999958, -30.34844536415999983 ) ) ;
#3692 = CYLINDRICAL_SURFACE ( 'NONE', #2777, 0.5000000000000004441 ) ;
#3693 = EDGE_CURVE ( 'NONE', #4254, #602, #3433, .T. ) ;
#3694 = CARTESIAN_POINT ( 'NONE',  ( 17.16009261396400021, 9.000000000000000000, -31.78630466522000475 ) ) ;
#3695 = ADVANCED_FACE ( 'NONE', ( #4242 ), #540, .T. ) ;
#3696 = AXIS2_PLACEMENT_3D ( 'NONE', #335, #5921, #5953 ) ;
#3697 = CARTESIAN_POINT ( 'NONE',  ( 37.55387441679199867, 1.463138408154999848, 2.750042414462000373 ) ) ;
#3698 = CARTESIAN_POINT ( 'NONE',  ( 70.21696222634099627, 11.00000000000000000, -3.439217309890000074 ) ) ;
#3699 = ORIENTED_EDGE ( 'NONE', *, *, #3169, .F. ) ;
#3700 = ORIENTED_EDGE ( 'NONE', *, *, #5510, .T. ) ;
#3701 = CARTESIAN_POINT ( 'NONE',  ( 25.79471974259601552, 0.9795511185185437064, -33.73002230302770243 ) ) ;
#3702 = CARTESIAN_POINT ( 'NONE',  ( 67.47417825870799390, 1.500000000000000000, -0.4850446495840000649 ) ) ;
#3703 = CARTESIAN_POINT ( 'NONE',  ( 25.86855155418699681, -2.999999999999999839E-15, -30.19143944885999886 ) ) ;
#3704 = CARTESIAN_POINT ( 'NONE',  ( 4.174836394360998071, 8.779844987639995324, -107.6651930123000369 ) ) ;
#3705 = ORIENTED_EDGE ( 'NONE', *, *, #5795, .F. ) ;
#3706 = CARTESIAN_POINT ( 'NONE',  ( 26.04546980513999799, 6.785392573648000081, -34.64770817618000365 ) ) ;
#3708 = ORIENTED_EDGE ( 'NONE', *, *, #3040, .T. ) ;
#3707 = EDGE_CURVE ( 'NONE', #2728, #4779, #3466, .T. ) ;
#3709 = DIRECTION ( 'NONE',  ( -1.587582571757285348E-30, -1.000000000000000000, 2.199999999999800076E-16 ) ) ;
#3710 = ORIENTED_EDGE ( 'NONE', *, *, #4003, .F. ) ;
#3711 = CARTESIAN_POINT ( 'NONE',  ( 19.66989802639799834, 10.71660757046899981, -26.64612571205999814 ) ) ;
#3712 = CARTESIAN_POINT ( 'NONE',  ( -0.1676627900569999940, -2.399999999999999871E-14, -107.2379312188000000 ) ) ;
#3713 = CARTESIAN_POINT ( 'NONE',  ( 35.93487201949699283, 0.1125076044170000289, -0.5819058208720001568 ) ) ;
#3714 = DIRECTION ( 'NONE',  ( 0.000000000000000000, 1.000000000000000000, 0.000000000000000000 ) ) ;
#3715 = CARTESIAN_POINT ( 'NONE',  ( 40.46384693061100535, 0.5999999999999999778, -36.56401361414999940 ) ) ;
#3716 = CARTESIAN_POINT ( 'NONE',  ( 40.63837753327800328, 12.10888813366999983, -38.08113983226999721 ) ) ;
#3717 = ORIENTED_EDGE ( 'NONE', *, *, #2536, .F. ) ;
#3718 = CARTESIAN_POINT ( 'NONE',  ( 2.546487337083000124, 1.500000000000000000, -48.94825787499999592 ) ) ;
#3719 = UNCERTAINTY_MEASURE_WITH_UNIT (LENGTH_MEASURE( 1.000000000000000082E-05 ), #2929, 'distance_accuracy_value', 'NONE');
#3720 = VECTOR ( 'NONE', #1898, 1000.000000000000114 ) ;
#3721 = CARTESIAN_POINT ( 'NONE',  ( 23.74732300001600294, 10.80000000000000071, -32.71936140620999822 ) ) ;
#3722 = ORIENTED_EDGE ( 'NONE', *, *, #5313, .F. ) ;
#3723 = B_SPLINE_CURVE_WITH_KNOTS ( 'NONE', 5,
 ( #4721, #2043, #614, #5262, #3091, #3600 ),
 .UNSPECIFIED., .F., .F.,
 ( 6, 6 ),
 ( 62.29202788403900115, 63.18568961097300019 ),
 .UNSPECIFIED. ) ;
#3724 = LINE ( 'NONE', #2272, #4715 ) ;
#3725 = CARTESIAN_POINT ( 'NONE',  ( 26.59572085053902057, 1.051931741423000277, -32.90597684453000227 ) ) ;
#3726 = DIRECTION ( 'NONE',  ( 0.000000000000000000, 0.7071067811865474617, -0.7071067811865474617 ) ) ;
#3727 = TOROIDAL_SURFACE ( 'NONE', #1456, 2.600000000000000089, 0.5999999999999999778 ) ;
#3728 = DIRECTION ( 'NONE',  ( 0.7660444431187608538, 0.000000000000000000, -0.6427876096867981559 ) ) ;
#3729 = DIRECTION ( 'NONE',  ( -0.07974594384743576014, 0.000000000000000000, -0.9968152208106985102 ) ) ;
#3730 = DIRECTION ( 'NONE',  ( 1.000000000000000000, 0.000000000000000000, 0.000000000000000000 ) ) ;
#3731 = AXIS2_PLACEMENT_3D ( 'NONE', #4814, #176, #1804 ) ;
#3732 = VERTEX_POINT ( 'NONE', #4211 ) ;
#3733 = CIRCLE ( 'NONE', #1797, 1.799999999999999600 ) ;
#3734 = ORIENTED_EDGE ( 'NONE', *, *, #2969, .T. ) ;
#3735 = FACE_BOUND ( 'NONE', #6200, .T. ) ;
#3736 = DIRECTION ( 'NONE',  ( 0.6427876096867990441, 0.000000000000000000, 0.7660444431187601877 ) ) ;
#3737 = CARTESIAN_POINT ( 'NONE',  ( 25.90642956006800190, 0.0002488710003047999776, -30.25898187361000069 ) ) ;
#3738 = CIRCLE ( 'NONE', #819, 27.00000000000001421 ) ;
#3739 = CARTESIAN_POINT ( 'NONE',  ( 5.047243375220999972, 8.174550594543999793, -107.9275364110000055 ) ) ;
#3740 = VERTEX_POINT ( 'NONE', #3637 ) ;
#3741 = EDGE_CURVE ( 'NONE', #4188, #5256, #2074, .T. ) ;
#3742 = CARTESIAN_POINT ( 'NONE',  ( 35.81519595429399772, 2.521845954000000973E-08, -1.656197143837998764 ) ) ;
#3743 = EDGE_CURVE ( 'NONE', #434, #6035, #4342, .T. ) ;
#3744 = ORIENTED_EDGE ( 'NONE', *, *, #3218, .F. ) ;
#3745 = AXIS2_PLACEMENT_3D ( 'NONE', #4480, #471, #5024 ) ;
#3746 = DIRECTION ( 'NONE',  ( -0.7660444431187601877, 0.000000000000000000, 0.6427876096867990441 ) ) ;
#3747 = LINE ( 'NONE', #3239, #2670 ) ;
#3748 = CARTESIAN_POINT ( 'NONE',  ( 27.55109650975880342, 9.500000000000000000, -30.95055865585815269 ) ) ;
#3749 = ADVANCED_FACE ( 'NONE', ( #6303 ), #5295, .T. ) ;
#3750 = CARTESIAN_POINT ( 'NONE',  ( 35.81497013439200572, 1.009225284321000494E-05, -1.646858908179999359 ) ) ;
#3751 = FACE_OUTER_BOUND ( 'NONE', #3982, .T. ) ;
#3752 = CARTESIAN_POINT ( 'NONE',  ( 69.30444180028901258, 0.1893830397439999758, -3.585586649779000101 ) ) ;
#3753 = CARTESIAN_POINT ( 'NONE',  ( 40.54450776838100268, 12.41819299118300002, -36.92608425958999874 ) ) ;
#3754 = ORIENTED_EDGE ( 'NONE', *, *, #2624, .T. ) ;
#3755 = CARTESIAN_POINT ( 'NONE',  ( 22.05313786052499836, 9.225745848425994211, -28.94803815971998517 ) ) ;
#3756 = CARTESIAN_POINT ( 'NONE',  ( 68.23686878696500457, 0.1057423613259999978, -3.465415039645000306 ) ) ;
#3757 = CARTESIAN_POINT ( 'NONE',  ( -3.167662790057001132, 4.017063983396667481, -110.9450380000000820 ) ) ;
#3758 = ORIENTED_EDGE ( 'NONE', *, *, #757, .F. ) ;
#3759 = CARTESIAN_POINT ( 'NONE',  ( 40.74169157681400577, 1.220764876050999925, -38.56647699914999805 ) ) ;
#3760 = CARTESIAN_POINT ( 'NONE',  ( 25.86822500556100124, 2.514719794839999876E-06, -30.19789261696999816 ) ) ;
#3761 = CARTESIAN_POINT ( 'NONE',  ( 51.75701545350700172, 1.500000000000000000, 8.786998995416999136 ) ) ;
#3762 = CARTESIAN_POINT ( 'NONE',  ( 46.39470435167399387, 1.500000000000000000, 13.28651226322299905 ) ) ;
#3763 = CARTESIAN_POINT ( 'NONE',  ( 50.65460117794900441, 11.90000000000000036, 8.406627118110000296 ) ) ;
#3764 = CARTESIAN_POINT ( 'NONE',  ( 27.94125586573799680, 0.8604581298829999669, -33.70276385227000304 ) ) ;
#3765 = CARTESIAN_POINT ( 'NONE',  ( 34.48023448839499849, 8.145320954065999430, 0.004008515487477999628 ) ) ;
#3766 = VERTEX_POINT ( 'NONE', #1665 ) ;
#3767 = ORIENTED_EDGE ( 'NONE', *, *, #225, .F. ) ;
#3768 = CARTESIAN_POINT ( 'NONE',  ( 4.730732509261000196, 1.500000000000000000, -51.00542408796000160 ) ) ;
#3769 = CARTESIAN_POINT ( 'NONE',  ( 38.09248087717400466, 2.555687260362999869, 3.392307610966999842 ) ) ;
#3770 = CARTESIAN_POINT ( 'NONE',  ( 68.23686878696800306, 12.39425763867600061, -3.465415039647000484 ) ) ;
#3771 = CARTESIAN_POINT ( 'NONE',  ( 5.832337209943002421, 6.353553390592998618, -110.0914846094000268 ) ) ;
#3772 = ORIENTED_EDGE ( 'NONE', *, *, #196, .T. ) ;
#3773 = CARTESIAN_POINT ( 'NONE',  ( 35.81408718751397657, 7.894894941569997871E-06, -1.648488865411001036 ) ) ;
#3774 = ORIENTED_EDGE ( 'NONE', *, *, #2343, .F. ) ;
#3775 = DIRECTION ( 'NONE',  ( -1.100000000000000002E-16, -1.000000000000000000, 8.999999999999999565E-17 ) ) ;
#3776 = LINE ( 'NONE', #5375, #5263 ) ;
#3777 = EDGE_CURVE ( 'NONE', #4522, #4789, #147, .T. ) ;
#3778 = CARTESIAN_POINT ( 'NONE',  ( 5.832337209943000644, 4.500000000000000000, -89.75000000000000000 ) ) ;
#3779 = EDGE_CURVE ( 'NONE', #6379, #5041, #2106, .T. ) ;
#3780 = CIRCLE ( 'NONE', #4647, 4.000000000000001776 ) ;
#3781 = CARTESIAN_POINT ( 'NONE',  ( 35.81730046868698736, 2.500204627665000823E-05, -1.639224578584998371 ) ) ;
#3782 = CARTESIAN_POINT ( 'NONE',  ( 36.91816020352700178, 8.307991461395001664, 1.992806729290999668 ) ) ;
#3783 = CARTESIAN_POINT ( 'NONE',  ( 68.40284199463098957, -2.500000000000000194E-16, -3.267615873137000193 ) ) ;
#3784 = B_SPLINE_CURVE_WITH_KNOTS ( 'NONE', 8,
 ( #435, #4607, #1388, #6158, #5014, #6534, #5548, #3524, #2402 ),
 .UNSPECIFIED., .F., .F.,
 ( 9, 9 ),
 ( 0.000000000000000000, 1.000000000000000000 ),
 .UNSPECIFIED. ) ;
#3785 = CARTESIAN_POINT ( 'NONE',  ( 40.78970593074900108, 11.83708690212000114, -38.23241884320000139 ) ) ;
#3786 = ORIENTED_EDGE ( 'NONE', *, *, #1379, .F. ) ;
#3787 = CARTESIAN_POINT ( 'NONE',  ( 50.65460117794900441, 8.881784197000999888E-16, 8.406627118110000296 ) ) ;
#3788 = DIRECTION ( 'NONE',  ( -0.7660444431187601877, 0.000000000000000000, 0.6427876096867989331 ) ) ;
#3789 = DIRECTION ( 'NONE',  ( 2.541020703812924851E-17, -1.000000000000000000, 2.082652357112019865E-16 ) ) ;
#3790 = ORIENTED_EDGE ( 'NONE', *, *, #878, .F. ) ;
#3791 = AXIS2_PLACEMENT_3D ( 'NONE', #5192, #615, #2143 ) ;
#3792 = EDGE_CURVE ( 'NONE', #2678, #5859, #1414, .T. ) ;
#3793 = CARTESIAN_POINT ( 'NONE',  ( 40.78931657180900316, 0.9378806389770000251, -38.41765220843999629 ) ) ;
#3794 = CARTESIAN_POINT ( 'NONE',  ( 25.86855155440199994, -2.199999999999999757E-16, -30.19143944967999715 ) ) ;
#3795 = DIRECTION ( 'NONE',  ( 0.7660444431187601877, 0.000000000000000000, -0.6427876096867990441 ) ) ;
#3796 = CARTESIAN_POINT ( 'NONE',  ( 2.832337209942999756, 0.1464466094069999946, -107.5914846093999842 ) ) ;
#3797 = CARTESIAN_POINT ( 'NONE',  ( 36.73926373048199423, 6.000000000000000000, 4.579909103185999975 ) ) ;
#3798 = CARTESIAN_POINT ( 'NONE',  ( 28.10073690850300920, 1.038238928084999069, -33.93150755170000821 ) ) ;
#3799 = CARTESIAN_POINT ( 'NONE',  ( 68.10371414713200977, 12.03463968036900056, -3.624102560038000131 ) ) ;
#3800 = VERTEX_POINT ( 'NONE', #6268 ) ;
#3801 = ORIENTED_EDGE ( 'NONE', *, *, #4999, .T. ) ;
#3802 = LINE ( 'NONE', #6449, #2007 ) ;
#3803 = LINE ( 'NONE', #187, #5249 ) ;
#3804 = CARTESIAN_POINT ( 'NONE',  ( 68.17168402680999861, 12.29284815415200072, -3.543099211742999799 ) ) ;
#3805 = AXIS2_PLACEMENT_3D ( 'NONE', #4509, #4069, #2984 ) ;
#3806 = CYLINDRICAL_SURFACE ( 'NONE', #5048, 1.500000000000000222 ) ;
#3807 = ORIENTED_EDGE ( 'NONE', *, *, #2495, .T. ) ;
#3808 = VERTEX_POINT ( 'NONE', #2612 ) ;
#3809 = CARTESIAN_POINT ( 'NONE',  ( 28.14406282888900179, 10.80000000000000071, -8.463755338704999076 ) ) ;
#3810 = DIRECTION ( 'NONE',  ( -0.7660444431187601877, 0.000000000000000000, 0.6427876096867989331 ) ) ;
#3811 = AXIS2_PLACEMENT_3D ( 'NONE', #1861, #4846, #201 ) ;
#3812 = DIRECTION ( 'NONE',  ( -3.641418571165864804E-16, 1.000000000000000000, -5.114129554009490291E-16 ) ) ;
#3813 = B_SPLINE_CURVE_WITH_KNOTS ( 'NONE', 6,
 ( #2057, #6659, #423, #2428, #3474, #1958, #5609 ),
 .UNSPECIFIED., .F., .F.,
 ( 7, 7 ),
 ( 47.79435256200800097, 49.07032354991599732 ),
 .UNSPECIFIED. ) ;
#3814 = CARTESIAN_POINT ( 'NONE',  ( 35.81499281063902629, 2.341987735079999997E-06, -1.651351381246998873 ) ) ;
#3815 = CARTESIAN_POINT ( 'NONE',  ( 20.50300869379200108, 8.945775709624999905, -29.38685668567000064 ) ) ;
#3816 = ADVANCED_FACE ( 'NONE', ( #3158 ), #3124, .F. ) ;
#3817 = EDGE_CURVE ( 'NONE', #4385, #1393, #3579, .T. ) ;
#3818 = CARTESIAN_POINT ( 'NONE',  ( 35.81405217087300485, 3.709154817950000278E-06, -1.651075379125999776 ) ) ;
#3819 = VERTEX_POINT ( 'NONE', #3326 ) ;
#3820 = CARTESIAN_POINT ( 'NONE',  ( 46.39470435167399387, 8.881784197000999888E-16, 13.28651226322299905 ) ) ;
#3821 = DIRECTION ( 'NONE',  ( 0.000000000000000000, 0.7071067811865475727, -0.7071067811865475727 ) ) ;
#3822 = CARTESIAN_POINT ( 'NONE',  ( 27.57759995228300198, 0.5999999999999999778, -23.14035394871000051 ) ) ;
#3823 = VERTEX_POINT ( 'NONE', #1264 ) ;
#3824 = ADVANCED_FACE ( 'NONE', ( #2817 ), #287, .T. ) ;
#3825 =( BOUNDED_SURFACE ( )  B_SPLINE_SURFACE ( 2, 5, ( 
 ( #1213, #4305, #167, #2199, #5348, #3315 ),
 ( #4265, #5380, #6362, #1726, #5945, #738 ),
 ( #3381, #4876, #5442, #6328, #1795, #2973 ) ),
 .UNSPECIFIED., .F., .F., .T. ) 
 B_SPLINE_SURFACE_WITH_KNOTS ( ( 3, 3 ),
 ( 6, 6 ),
 ( 0.000000000000000000, 1.307219200001999981 ),
 ( 46.48713336200700041, 47.79435256200800097 ),
 .UNSPECIFIED. ) 
 GEOMETRIC_REPRESENTATION_ITEM ( )  RATIONAL_B_SPLINE_SURFACE ( (
 ( 1.000000000000000000, 1.000000000000000000, 1.000000000000000000, 1.000000000000000000, 1.000000000000000000, 1.000000000000000000),
 ( 0.7071067811869999886, 0.7309580944460000174, 0.7527256357339999759, 0.7693267429659998990, 0.7809919550580000092, 0.7878381688439999309),
 ( 1.000000000000000000, 1.000000000000000000, 1.000000000000000000, 1.000000000000000000, 1.000000000000000000, 1.000000000000000000) ) ) 
 REPRESENTATION_ITEM ( '' )  SURFACE ( )  );
#3826 = EDGE_CURVE ( 'NONE', #3800, #4577, #1229, .T. ) ;
#3827 = CARTESIAN_POINT ( 'NONE',  ( 40.78810270550200556, 1.276137814736000076, -38.51116636980000152 ) ) ;
#3828 = CARTESIAN_POINT ( 'NONE',  ( 27.03446713704702375, 1.973151733937999808, -33.18831908959004551 ) ) ;
#3829 = LINE ( 'NONE', #5885, #4711 ) ;
#3830 = CARTESIAN_POINT ( 'NONE',  ( 5.749844423118999792, 2.064593147463999578, -108.9584287021999955 ) ) ;
#3831 = AXIS2_PLACEMENT_3D ( 'NONE', #4790, #2178, #4246 ) ;
#3832 = ADVANCED_FACE ( 'NONE', ( #3397 ), #4123, .T. ) ;
#3833 = CARTESIAN_POINT ( 'NONE',  ( 69.08114728292399320, 1.500000000000000000, 1.430066458212999825 ) ) ;
#3834 = CARTESIAN_POINT ( 'NONE',  ( 26.36820684658499303, 0.04352293422706998011, -31.08019435417000764 ) ) ;
#3835 = CARTESIAN_POINT ( 'NONE',  ( 69.24040885236300369, 11.56858957356599937, -4.047933554166999848 ) ) ;
#3836 = ORIENTED_EDGE ( 'NONE', *, *, #1800, .F. ) ;
#3837 = VERTEX_POINT ( 'NONE', #3266 ) ;
#3838 = AXIS2_PLACEMENT_3D ( 'NONE', #3047, #5616, #1491 ) ;
#3839 = CARTESIAN_POINT ( 'NONE',  ( 2.832337209942999756, 9.000000000000000000, -107.2379312188000000 ) ) ;
#3840 = DIRECTION ( 'NONE',  ( 3.088127490305189917E-29, 1.000000000000000000, -2.200000000000254904E-16 ) ) ;
#3841 = LINE ( 'NONE', #6031, #5596 ) ;
#3842 = AXIS2_PLACEMENT_3D ( 'NONE', #6044, #1412, #5611 ) ;
#3843 = CIRCLE ( 'NONE', #4928, 0.5999999999999983125 ) ;
#3844 = LINE ( 'NONE', #5900, #4986 ) ;
#3845 = CIRCLE ( 'NONE', #4274, 1.500000000000000222 ) ;
#3846 = CARTESIAN_POINT ( 'NONE',  ( 27.20249008635002497, 2.999999999997001954, -33.26885771320997520 ) ) ;
#3847 = ORIENTED_EDGE ( 'NONE', *, *, #1102, .T. ) ;
#3848 = ORIENTED_EDGE ( 'NONE', *, *, #2343, .T. ) ;
#3849 = DIRECTION ( 'NONE',  ( -1.000000000000000000, 0.000000000000000000, 0.000000000000000000 ) ) ;
#3850 = CIRCLE ( 'NONE', #3522, 0.8499999999999990896 ) ;
#3851 = VECTOR ( 'NONE', #6492, 1000.000000000000000 ) ;
#3852 = DIRECTION ( 'NONE',  ( 0.000000000000000000, 0.000000000000000000, -1.000000000000000000 ) ) ;
#3853 = CARTESIAN_POINT ( 'NONE',  ( 35.81505718771801838, 2.649097053939998600E-06, -1.651013069524999377 ) ) ;
#3854 = CARTESIAN_POINT ( 'NONE',  ( 5.466717760953878624, 3.448574789466726020, -110.8936127894789365 ) ) ;
#3855 = AXIS2_PLACEMENT_3D ( 'NONE', #6614, #1982, #477 ) ;
#3856 = CARTESIAN_POINT ( 'NONE',  ( -3.021216180646999927, 3.707106781186999989, -110.9450379999999967 ) ) ;
#3857 = CARTESIAN_POINT ( 'NONE',  ( 35.81411985379800456, 1.326028972648000014E-05, -1.646074802087999833 ) ) ;
#3858 = ORIENTED_EDGE ( 'NONE', *, *, #6090, .T. ) ;
#3859 = CARTESIAN_POINT ( 'NONE',  ( 22.28082619674300346, 9.171404617957001904, -29.13909135867000089 ) ) ;
#3860 = CARTESIAN_POINT ( 'NONE',  ( 5.832337209943000644, 4.500000000000000000, -89.00000000000000000 ) ) ;
#3861 = CARTESIAN_POINT ( 'NONE',  ( 37.44317170887800472, 6.719183103240999877, 2.815043682426999982 ) ) ;
#3862 = DIRECTION ( 'NONE',  ( 0.6585051301128199697, 1.655667723033544651E-16, 0.7525762377427938077 ) ) ;
#3863 = CARTESIAN_POINT ( 'NONE',  ( 40.52483475251599998, 0.1982729011929999785, -37.83900780676999887 ) ) ;
#3864 = CARTESIAN_POINT ( 'NONE',  ( 25.86124640774401229, 2.285762927800001050E-07, -30.19548328927999847 ) ) ;
#3865 = CARTESIAN_POINT ( 'NONE',  ( -3.167662790056999800, 4.500000000000000000, -89.75000000000000000 ) ) ;
#3866 = DIRECTION ( 'NONE',  ( 1.000000000000000000, 0.000000000000000000, 0.000000000000000000 ) ) ;
#3867 = EDGE_CURVE ( 'NONE', #5911, #6011, #5627, .T. ) ;
#3868 = EDGE_CURVE ( 'NONE', #4864, #5256, #2602, .T. ) ;
#3869 = DIRECTION ( 'NONE',  ( -0.6427876096867969347, 0.000000000000000000, -0.7660444431187619641 ) ) ;
#3870 = CARTESIAN_POINT ( 'NONE',  ( 26.07387571818301808, 0.007284037709923004214, -30.55742067027999909 ) ) ;
#3871 = CARTESIAN_POINT ( 'NONE',  ( 68.67029258034699524, 12.20347240072600137, -3.902584044315000167 ) ) ;
#3872 = ORIENTED_EDGE ( 'NONE', *, *, #712, .T. ) ;
#3873 = VECTOR ( 'NONE', #3431, 1000.000000000000114 ) ;
#3874 = ORIENTED_EDGE ( 'NONE', *, *, #2508, .F. ) ;
#3875 = CARTESIAN_POINT ( 'NONE',  ( 19.83216710480299838, 8.933334893752000738, -28.73250952327999741 ) ) ;
#3876 = EDGE_CURVE ( 'NONE', #1717, #5990, #4661, .T. ) ;
#3877 = CARTESIAN_POINT ( 'NONE',  ( 40.39587705093499892, 12.29284815415499921, -36.64501696243999618 ) ) ;
#3878 = FACE_OUTER_BOUND ( 'NONE', #1092, .T. ) ;
#3879 = CARTESIAN_POINT ( 'NONE',  ( 35.80873240091100485, 6.102029732600000283E-07, -1.653278034334000113 ) ) ;
#3880 = CARTESIAN_POINT ( 'NONE',  ( 6.882653606050999961, 3.772468071370000064, -61.78604290737999349 ) ) ;
#3881 = ORIENTED_EDGE ( 'NONE', *, *, #6593, .F. ) ;
#3882 = ORIENTED_EDGE ( 'NONE', *, *, #4655, .T. ) ;
#3883 = EDGE_CURVE ( 'NONE', #4957, #647, #331, .T. ) ;
#3884 = CARTESIAN_POINT ( 'NONE',  ( 28.58135402467300068, 6.000000000000000000, -34.42586193529999861 ) ) ;
#3885 = CARTESIAN_POINT ( 'NONE',  ( 39.49966551608100218, 0.5999999999999999778, -37.71308027882999880 ) ) ;
#3886 = CARTESIAN_POINT ( 'NONE',  ( 35.81508937632398926, 2.810259690730000635E-06, -1.650843913600000823 ) ) ;
#3887 = DIRECTION ( 'NONE',  ( 0.000000000000000000, 1.000000000000000000, 0.000000000000000000 ) ) ;
#3888 = LINE ( 'NONE', #3377, #6227 ) ;
#3889 = CARTESIAN_POINT ( 'NONE',  ( 35.81378948249899707, 5.040000000000000486E-14, -1.656358289996000099 ) ) ;
#3890 = VERTEX_POINT ( 'NONE', #4929 ) ;
#3891 = FACE_OUTER_BOUND ( 'NONE', #6193, .T. ) ;
#3892 = DIRECTION ( 'NONE',  ( 0.7660369567204458052, 0.000000000000000000, -0.6427965315233724608 ) ) ;
#3893 = CARTESIAN_POINT ( 'NONE',  ( 36.72209182371175018, 9.500000000000000000, -35.57823031138904923 ) ) ;
#3894 = AXIS2_PLACEMENT_3D ( 'NONE', #4768, #3333, #753 ) ;
#3895 = FACE_OUTER_BOUND ( 'NONE', #1666, .T. ) ;
#3896 = CARTESIAN_POINT ( 'NONE',  ( 41.06190266176800208, 11.44999999999999929, -37.57640223883999653 ) ) ;
#3897 = AXIS2_PLACEMENT_3D ( 'NONE', #2749, #2717, #4853 ) ;
#3898 = CARTESIAN_POINT ( 'NONE',  ( 26.09191500388401153, 0.09916211937938999854, -31.14396155716002212 ) ) ;
#3899 = CARTESIAN_POINT ( 'NONE',  ( 35.83233720994299887, 3.000000000000000000, -69.65551667206999298 ) ) ;
#3900 = CARTESIAN_POINT ( 'NONE',  ( 26.04546980513999799, 6.000000000000000000, -34.64770817618000365 ) ) ;
#3901 = CARTESIAN_POINT ( 'NONE',  ( -3.167662790056999800, 4.500000000000000000, -71.75000000000000000 ) ) ;
#3902 = CARTESIAN_POINT ( 'NONE',  ( 25.87808254923499973, 1.504026378552000120E-05, -30.20843493263999946 ) ) ;
#3903 = VECTOR ( 'NONE', #2579, 1000.000000000000114 ) ;
#3904 = ORIENTED_EDGE ( 'NONE', *, *, #1553, .F. ) ;
#3905 = VERTEX_POINT ( 'NONE', #4356 ) ;
#3906 = EDGE_CURVE ( 'NONE', #1612, #46, #5201, .T. ) ;
#3907 = CARTESIAN_POINT ( 'NONE',  ( 19.82801002854600370, 9.293515744213008745, -26.85432883534998183 ) ) ;
#3908 = ADVANCED_FACE ( 'NONE', ( #284 ), #6347, .F. ) ;
#3909 = DIRECTION ( 'NONE',  ( 0.000000000000000000, 1.000000000000000000, 0.000000000000000000 ) ) ;
#3910 = CARTESIAN_POINT ( 'NONE',  ( -1.738865534952950043, 0.5863778318325960637, -108.0314158317685980 ) ) ;
#3911 = DIRECTION ( 'NONE',  ( 0.000000000000000000, 1.000000000000000000, 0.000000000000000000 ) ) ;
#3912 = CARTESIAN_POINT ( 'NONE',  ( 25.97591154293399995, 2.243370939379999651, -34.58934368973000062 ) ) ;
#3913 = ORIENTED_EDGE ( 'NONE', *, *, #1050, .F. ) ;
#3914 = ORIENTED_EDGE ( 'NONE', *, *, #5717, .F. ) ;
#3915 = CARTESIAN_POINT ( 'NONE',  ( -11.00000000000000000, 4.500000000000000000, -106.2500000000000000 ) ) ;
#3916 = DIRECTION ( 'NONE',  ( 0.000000000000000000, 1.000000000000000000, 0.000000000000000000 ) ) ;
#3917 = CIRCLE ( 'NONE', #3805, 0.7500000000000006661 ) ;
#3918 = CARTESIAN_POINT ( 'NONE',  ( 35.81666224661301356, 1.629328764618998335E-05, -1.642578489641998374 ) ) ;
#3919 = DIRECTION ( 'NONE',  ( -0.7660444431187619641, 0.000000000000000000, 0.6427876096867969347 ) ) ;
#3920 = ADVANCED_FACE ( 'NONE', ( #188 ), #3254, .T. ) ;
#3921 = DIRECTION ( 'NONE',  ( 1.000000000000000000, 0.000000000000000000, 0.000000000000000000 ) ) ;
#3922 = AXIS2_PLACEMENT_3D ( 'NONE', #6529, #6016, #1893 ) ;
#3923 = CARTESIAN_POINT ( 'NONE',  ( 35.81735909357600178, 1.134842001039999988E-06, -1.653909834235999909 ) ) ;
#3924 = ORIENTED_EDGE ( 'NONE', *, *, #931, .F. ) ;
#3925 = CARTESIAN_POINT ( 'NONE',  ( 5.332358987704270525, 6.738006500577729874, -109.7070314993273996 ) ) ;
#3927 = B_SPLINE_CURVE_WITH_KNOTS ( 'NONE', 8,
 ( #393, #2461, #4530, #2558, #4629, #3609, #2426, #3006, #4562 ),
 .UNSPECIFIED., .F., .F.,
 ( 9, 9 ),
 ( 0.000000000000000000, 1.000000000000000000 ),
 .UNSPECIFIED. ) ;
#3926 = CARTESIAN_POINT ( 'NONE',  ( 36.17572235547799409, 9.500000000000000000, -36.22936808803999753 ) ) ;
#3928 = CC_DESIGN_PERSON_AND_ORGANIZATION_ASSIGNMENT ( #1853, #3984, ( #3150 ) ) ;
#3929 = CARTESIAN_POINT ( 'NONE',  ( 39.17827171123799701, 0.000000000000000000, -38.09610250039000334 ) ) ;
#3930 = CARTESIAN_POINT ( 'NONE',  ( 25.81724100106363196, 0.06671693193937223987, -31.23138516842017509 ) ) ;
#3931 = CARTESIAN_POINT ( 'NONE',  ( 40.63688111097200562, 0.2255144188519999926, -36.81599799670000550 ) ) ;
#3932 = LINE ( 'NONE', #4439, #6330 ) ;
#3933 = DIRECTION ( 'NONE',  ( 0.6427876096867990441, 0.000000000000000000, 0.7660444431187601877 ) ) ;
#3934 = CARTESIAN_POINT ( 'NONE',  ( 20.68775344203900346, 10.65336895904700043, -27.79470544441000257 ) ) ;
#3935 = CARTESIAN_POINT ( 'NONE',  ( 25.97126589505300487, 0.001821908022554999439, -30.37457916955002091 ) ) ;
#3936 = CARTESIAN_POINT ( 'NONE',  ( 36.78055916074801246, 7.826767314728000358, 1.828820192214001050 ) ) ;
#3937 = ORIENTED_EDGE ( 'NONE', *, *, #3779, .F. ) ;
#3938 = ORIENTED_EDGE ( 'NONE', *, *, #6519, .T. ) ;
#3939 = DIRECTION ( 'NONE',  ( 0.7660444431187605208, 0.000000000000000000, -0.6427876096867987110 ) ) ;
#3940 = FACE_OUTER_BOUND ( 'NONE', #2637, .T. ) ;
#3941 = CARTESIAN_POINT ( 'NONE',  ( 40.64873218076000683, 1.500000000000000000, -38.67726169336000197 ) ) ;
#3942 = DIRECTION ( 'NONE',  ( 0.000000000000000000, 1.000000000000000000, -2.200000000000000003E-16 ) ) ;
#3943 = CARTESIAN_POINT ( 'NONE',  ( 35.81489624512300196, 1.919382812469999639E-06, -1.651858848963000170 ) ) ;
#3944 = CARTESIAN_POINT ( 'NONE',  ( 39.46323099073600105, 0.000000000000000000, 0.6218909839760000668 ) ) ;
#3945 = ORIENTED_EDGE ( 'NONE', *, *, #1919, .T. ) ;
#3946 = VECTOR ( 'NONE', #4564, 1000.000000000000000 ) ;
#3947 = ORIENTED_EDGE ( 'NONE', *, *, #5695, .T. ) ;
#3948 = CARTESIAN_POINT ( 'NONE',  ( 28.39720085809200256, 1.500000000000000000, -34.27133908115000338 ) ) ;
#3949 = CIRCLE ( 'NONE', #2534, 1.500000000000000888 ) ;
#3950 = DIRECTION ( 'NONE',  ( -0.7660444431187602987, 0.000000000000000000, 0.6427876096867988220 ) ) ;
#3951 = EDGE_CURVE ( 'NONE', #6478, #3112, #1496, .T. ) ;
#3952 = EDGE_CURVE ( 'NONE', #3538, #6149, #1195, .T. ) ;
#3953 = CARTESIAN_POINT ( 'NONE',  ( 25.87760017216000108, 0.0001568249474348001166, -30.23043090702999791 ) ) ;
#3954 = CARTESIAN_POINT ( 'NONE',  ( 37.93468880812802979, 2.830138972364002914, 3.204258345799002594 ) ) ;
#3955 = CARTESIAN_POINT ( 'NONE',  ( 67.02952762043200607, 9.500000000000000000, 0.5407651816620000496 ) ) ;
#3956 = EDGE_LOOP ( 'NONE', ( #375, #3393, #3758, #5874 ) ) ;
#3957 = AXIS2_PLACEMENT_3D ( 'NONE', #5959, #1778, #4285 ) ;
#3958 = CIRCLE ( 'NONE', #2983, 1.500000000000000222 ) ;
#3959 = CARTESIAN_POINT ( 'NONE',  ( 35.81403816082099922, 2.474288858019999926E-06, -1.652109991394000055 ) ) ;
#3960 = ORIENTED_EDGE ( 'NONE', *, *, #1219, .F. ) ;
#3961 = CARTESIAN_POINT ( 'NONE',  ( 70.04532869745399637, 8.881784197000999888E-16, 2.579133122891999808 ) ) ;
#3962 = EDGE_CURVE ( 'NONE', #3112, #1304, #3844, .T. ) ;
#3963 = DIRECTION ( 'NONE',  ( 0.6427965315233726828, 1.700000000000989048E-16, 0.7660369567204456942 ) ) ;
#3964 = VECTOR ( 'NONE', #2856, 1000.000000000000114 ) ;
#3965 = CARTESIAN_POINT ( 'NONE',  ( -3.167662790056997579, 2.646446609407002271, -110.0914846094000268 ) ) ;
#3966 = CARTESIAN_POINT ( 'NONE',  ( 5.332337209943000644, 3.000000000000000000, -110.4450379999999967 ) ) ;
#3967 = VECTOR ( 'NONE', #1681, 1000.000000000000114 ) ;
#3968 = CARTESIAN_POINT ( 'NONE',  ( 41.05367385377300593, 11.33750000000000036, -37.88621312315000722 ) ) ;
#3969 = CARTESIAN_POINT ( 'NONE',  ( 12.85122850833000108, 3.000000000000000000, -50.37162072637000421 ) ) ;
#3970 = DIRECTION ( 'NONE',  ( -0.07974594384743576014, 0.000000000000000000, -0.9968152208106985102 ) ) ;
#3971 = CARTESIAN_POINT ( 'NONE',  ( 25.98746454570098763, 0.002450686594026997827, -30.40345372061998575 ) ) ;
#3972 = CARTESIAN_POINT ( 'NONE',  ( 30.62200893088497722, 9.252253371754994404, -5.510654169398001123 ) ) ;
#3973 = ORIENTED_EDGE ( 'NONE', *, *, #546, .T. ) ;
#3974 = ORIENTED_EDGE ( 'NONE', *, *, #1980, .T. ) ;
#3975 = CARTESIAN_POINT ( 'NONE',  ( -3.167662790056999800, 6.472106158475000370, -109.3445095068000086 ) ) ;
#3976 = DIRECTION ( 'NONE',  ( 0.6427876096867995992, 0.000000000000000000, 0.7660444431187596326 ) ) ;
#3977 = DIRECTION ( 'NONE',  ( 0.000000000000000000, 1.000000000000000000, 0.000000000000000000 ) ) ;
#3978 = DIRECTION ( 'NONE',  ( 0.000000000000000000, -2.200000000000000003E-16, -1.000000000000000000 ) ) ;
#3979 = CARTESIAN_POINT ( 'NONE',  ( 36.20364597705599863, 0.2583180201129999798, 0.1257347982650000029 ) ) ;
#3980 = CARTESIAN_POINT ( 'NONE',  ( 6.799409525296999490, 3.752752765852999772, -62.09937637123000087 ) ) ;
#3981 = ORIENTED_EDGE ( 'NONE', *, *, #2095, .F. ) ;
#3982 = EDGE_LOOP ( 'NONE', ( #3048, #3027, #492, #3001 ) ) ;
#3983 = CARTESIAN_POINT ( 'NONE',  ( 26.07387571818300032, 0.007284037709923000745, -30.55742067027999909 ) ) ;
#3984 = PERSON_AND_ORGANIZATION_ROLE ( 'classification_officer' ) ;
#3985 = CARTESIAN_POINT ( 'NONE',  ( 25.88913255408302305, 0.0008355834967125995308, -30.28011889553000913 ) ) ;
#3986 = CARTESIAN_POINT ( 'NONE',  ( 36.20364597705599152, 0.2583180201130001463, 0.1257347982650000862 ) ) ;
#3987 = CARTESIAN_POINT ( 'NONE',  ( -0.1676627900569999940, 9.000000000000000000, -107.2379312188000000 ) ) ;
#3988 = EDGE_LOOP ( 'NONE', ( #1440, #4328, #2765, #884 ) ) ;
#3989 = CARTESIAN_POINT ( 'NONE',  ( 37.17874376624400412, 2.083194052252999473, 2.563144183333000203 ) ) ;
#3990 = EDGE_CURVE ( 'NONE', #3147, #5399, #5824, .T. ) ;
#3991 = EDGE_LOOP ( 'NONE', ( #5532, #286, #5663, #3754 ) ) ;
#3992 = CARTESIAN_POINT ( 'NONE',  ( 69.25278081181099310, 11.90000000000000036, -4.588283974567999302 ) ) ;
#3993 = FACE_OUTER_BOUND ( 'NONE', #3537, .T. ) ;
#3994 = CARTESIAN_POINT ( 'NONE',  ( 35.86504535296602114, 0.2161590402809998868, -0.2783644040309999901 ) ) ;
#3995 = CARTESIAN_POINT ( 'NONE',  ( 68.59506564566200382, 0.6798904087860000445, -3.973582890966999681 ) ) ;
#3996 = DIRECTION ( 'NONE',  ( 1.000000000000000000, 0.000000000000000000, 0.000000000000000000 ) ) ;
#3997 = CARTESIAN_POINT ( 'NONE',  ( 27.08739667074803492, 2.062508559219998094, -33.17228287063001346 ) ) ;
#3998 = CARTESIAN_POINT ( 'NONE',  ( 5.466717760954254324, 5.551425210533001753, -110.8936127894792918 ) ) ;
#3999 = AXIS2_PLACEMENT_3D ( 'NONE', #6676, #3599, #1979 ) ;
#4000 = CARTESIAN_POINT ( 'NONE',  ( 20.75825649393397754, 9.325340923575994978, -27.85895502685998082 ) ) ;
#4001 = CARTESIAN_POINT ( 'NONE',  ( 26.10632033693199716, 0.009805660701987994540, -30.61519005890002632 ) ) ;
#4002 = CARTESIAN_POINT ( 'NONE',  ( 27.57360899023000300, 8.995436766521999417, -6.540313752903999855 ) ) ;
#4003 = EDGE_CURVE ( 'NONE', #6249, #1169, #6677, .T. ) ;
#4004 = ORIENTED_EDGE ( 'NONE', *, *, #23, .T. ) ;
#4005 = ORIENTED_EDGE ( 'NONE', *, *, #1759, .T. ) ;
#4006 = LINE ( 'NONE', #341, #4173 ) ;
#4007 = DIRECTION ( 'NONE',  ( 0.6427876096867989331, 0.000000000000000000, 0.7660444431187601877 ) ) ;
#4008 = CARTESIAN_POINT ( 'NONE',  ( 35.62935288724419536, 1.500000000000000000, -36.88050586469094583 ) ) ;
#4009 = CARTESIAN_POINT ( 'NONE',  ( 20.04041235452600134, 10.80000000000000071, -18.12130990464999769 ) ) ;
#4010 =( BOUNDED_CURVE ( )  B_SPLINE_CURVE ( 3, ( #4752, #110, #2172, #3225 ),
 .UNSPECIFIED., .F., .T. ) 
 B_SPLINE_CURVE_WITH_KNOTS ( ( 4, 4 ),
 ( 0.7853981633987949795, 1.570796326794895004 ),
 .UNSPECIFIED. ) 
 CURVE ( )  GEOMETRIC_REPRESENTATION_ITEM ( )  RATIONAL_B_SPLINE_CURVE ( ( 1.000000000000000000, 0.9492530216743629845, 0.9492530216743629845, 1.000000000000000000 ) ) 
 REPRESENTATION_ITEM ( '' )  );
#4011 = AXIS2_PLACEMENT_3D ( 'NONE', #3833, #5986, #4669 ) ;
#4012 = CARTESIAN_POINT ( 'NONE',  ( 35.81678989152199932, 1.787544198816999892E-05, -1.641907703290000020 ) ) ;
#4013 = DIRECTION ( 'NONE',  ( 1.812756911421455181E-29, -1.000000000000000000, 2.199999999999914954E-16 ) ) ;
#4014 = ORIENTED_EDGE ( 'NONE', *, *, #5289, .T. ) ;
#4015 = EDGE_LOOP ( 'NONE', ( #2518, #2524 ) ) ;
#4016 = CARTESIAN_POINT ( 'NONE',  ( 28.21536110237400052, 1.195728383917000093, -34.08287191587000109 ) ) ;
#4017 = PERSON_AND_ORGANIZATION_ROLE ( 'design_owner' ) ;
#4018 = CC_DESIGN_APPROVAL ( #6107, ( #6530 ) ) ;
#4019 = CARTESIAN_POINT ( 'NONE',  ( 25.88142510367200444, 0.0003257951977709001141, -30.24691194336001843 ) ) ;
#4020 = CARTESIAN_POINT ( 'NONE',  ( 37.38122899133600896, 1.350080506736998753, 2.533711060679002092 ) ) ;
#4021 = DIRECTION ( 'NONE',  ( 0.000000000000000000, 1.000000000000000000, -2.200000000000000003E-16 ) ) ;
#4022 = ORIENTED_EDGE ( 'NONE', *, *, #4091, .F. ) ;
#4023 = CARTESIAN_POINT ( 'NONE',  ( 35.85257223093200452, 0.1701129495409999803, -0.4242931909240000299 ) ) ;
#4024 = ORIENTED_EDGE ( 'NONE', *, *, #6147, .T. ) ;
#4025 = CIRCLE ( 'NONE', #6397, 1.500000000000000000 ) ;
#4026 = DIRECTION ( 'NONE',  ( 0.000000000000000000, -1.000000000000000000, 2.177983127387030160E-16 ) ) ;
#4027 = CARTESIAN_POINT ( 'NONE',  ( 5.332337761447999647, 2.646971730650999888, -110.0920097305999832 ) ) ;
#4028 = CARTESIAN_POINT ( 'NONE',  ( 35.83476549641202524, 0.09348956652569997972, -0.7211490230700003945 ) ) ;
#4029 = CARTESIAN_POINT ( 'NONE',  ( 70.21696222634099627, 1.500000000000000000, -3.439217309890000074 ) ) ;
#4030 = AXIS2_PLACEMENT_3D ( 'NONE', #2468, #839, #6596 ) ;
#4031 = DIRECTION ( 'NONE',  ( 1.856982882736874889E-16, 1.000000000000000000, -1.535199081685299804E-16 ) ) ;
#4032 = CARTESIAN_POINT ( 'NONE',  ( 25.90021521357184398, 1.913500990267241963, -34.50412775732814197 ) ) ;
#4033 = CARTESIAN_POINT ( 'NONE',  ( 28.58135402467300068, 6.000000000000000000, -34.42586193529999861 ) ) ;
#4034 = CIRCLE ( 'NONE', #2621, 0.8499999999999994227 ) ;
#4035 = CARTESIAN_POINT ( 'NONE',  ( 19.91471518422499898, 8.933076026095999822, -28.80585411684999997 ) ) ;
#4036 = EDGE_CURVE ( 'NONE', #172, #3528, #112, .T. ) ;
#4037 = DIRECTION ( 'NONE',  ( -0.6427876096867989331, 0.000000000000000000, -0.7660444431187601877 ) ) ;
#4038 = EDGE_CURVE ( 'NONE', #2355, #6681, #3723, .T. ) ;
#4039 = CARTESIAN_POINT ( 'NONE',  ( 34.65398685104600673, 9.658203493950999530, -0.7055299977840006065 ) ) ;
#4040 = ORIENTED_EDGE ( 'NONE', *, *, #462, .F. ) ;
#4041 = DIRECTION ( 'NONE',  ( -0.6427876096867990441, 0.000000000000000000, -0.7660444431187601877 ) ) ;
#4042 = CARTESIAN_POINT ( 'NONE',  ( 2.832337209942999756, 9.000000000000000000, -107.2379312188000000 ) ) ;
#4043 = CARTESIAN_POINT ( 'NONE',  ( -1.373716642964999846, 8.639452292650998899, -107.8055857072999970 ) ) ;
#4044 = DIRECTION ( 'NONE',  ( 0.000000000000000000, 1.000000000000000000, -2.200000000000000003E-16 ) ) ;
#4045 = EDGE_CURVE ( 'NONE', #4796, #6446, #5513, .T. ) ;
#4046 = CARTESIAN_POINT ( 'NONE',  ( 35.84658393752800265, 0.0005519098403809999821, -1.485344866634999983 ) ) ;
#4047 = CYLINDRICAL_SURFACE ( 'NONE', #3523, 0.7500000000000006661 ) ;
#4048 = ORIENTED_EDGE ( 'NONE', *, *, #196, .F. ) ;
#4049 = EDGE_LOOP ( 'NONE', ( #2561, #6657, #2132, #1429 ) ) ;
#4050 =( BOUNDED_CURVE ( )  B_SPLINE_CURVE ( 2, ( #1935, #3997, #1420 ),
 .UNSPECIFIED., .F., .F. ) 
 B_SPLINE_CURVE_WITH_KNOTS ( ( 3, 3 ),
 ( 0.000000000000000000, 0.8936617269340000336 ),
 .UNSPECIFIED. ) 
 CURVE ( )  GEOMETRIC_REPRESENTATION_ITEM ( )  RATIONAL_B_SPLINE_CURVE ( ( 1.000000000000000000, 0.7071107400219999173, 1.000000000000000000 ) ) 
 REPRESENTATION_ITEM ( '' )  );
#4051 = CARTESIAN_POINT ( 'NONE',  ( 26.23656872950600061, 0.02341830772358000079, -30.84681922785000197 ) ) ;
#4052 = CALENDAR_DATE ( 2026, 15, 6 ) ;
#4053 = AXIS2_PLACEMENT_3D ( 'NONE', #6569, #463, #6666 ) ;
#4054 = CARTESIAN_POINT ( 'NONE',  ( 25.94109348641701729, 0.01040614569806000596, -30.50369889712001736 ) ) ;
#4055 = CARTESIAN_POINT ( 'NONE',  ( 37.29668975611603088, 1.291385488046999708, 2.421779064337999277 ) ) ;
#4056 = LINE ( 'NONE', #2523, #388 ) ;
#4057 = ORIENTED_EDGE ( 'NONE', *, *, #3383, .F. ) ;
#4058 = DIRECTION ( 'NONE',  ( 1.000000000000000000, 0.000000000000000000, 0.000000000000000000 ) ) ;
#4059 = ORIENTED_EDGE ( 'NONE', *, *, #4834, .F. ) ;
#4060 = CIRCLE ( 'NONE', #1129, 6.999999999999998224 ) ;
#4061 = DIRECTION ( 'NONE',  ( 0.6427876096867990441, 0.000000000000000000, 0.7660444431187601877 ) ) ;
#4062 = DIRECTION ( 'NONE',  ( -0.6427876096867989331, 0.000000000000000000, -0.7660444431187601877 ) ) ;
#4063 = CARTESIAN_POINT ( 'NONE',  ( 35.81847134147198375, 0.007571860885825997325, -1.328659051453001227 ) ) ;
#4064 = AXIS2_PLACEMENT_3D ( 'NONE', #2098, #2506, #4575 ) ;
#4065 = CARTESIAN_POINT ( 'NONE',  ( 27.57360899023000300, 8.995436766521999417, -6.540313752903999855 ) ) ;
#4066 = CARTESIAN_POINT ( 'NONE',  ( 40.83804875879899754, 11.11250000000000071, -38.45164298133999381 ) ) ;
#4067 = ORIENTED_EDGE ( 'NONE', *, *, #5803, .T. ) ;
#4068 = VECTOR ( 'NONE', #6178, 1000.000000000000000 ) ;
#4069 = DIRECTION ( 'NONE',  ( 1.000000000000000000, 0.000000000000000000, 0.000000000000000000 ) ) ;
#4070 = LINE ( 'NONE', #1115, #5254 ) ;
#4071 = CARTESIAN_POINT ( 'NONE',  ( 35.39260878380399333, 8.534192624730001953, 0.1747253441490002890 ) ) ;
#4072 = EDGE_LOOP ( 'NONE', ( #2948, #5706, #135, #5575 ) ) ;
#4073 = VECTOR ( 'NONE', #4645, 1000.000000000000000 ) ;
#4074 = CARTESIAN_POINT ( 'NONE',  ( -1.056536790680999927, 8.929544719519000751, -107.5154932804000083 ) ) ;
#4075 = CARTESIAN_POINT ( 'NONE',  ( 25.89458057188198481, 1.885940448127001234, -34.49564423043999994 ) ) ;
#4076 = CARTESIAN_POINT ( 'NONE',  ( 40.52483475251599998, 0.1982729011929999785, -37.83900780676999887 ) ) ;
#4077 = ADVANCED_FACE ( 'NONE', ( #510 ), #2104, .T. ) ;
#4078 = DIRECTION ( 'NONE',  ( -0.6427876096867989331, 0.000000000000000000, -0.7660444431187601877 ) ) ;
#4079 = ADVANCED_FACE ( 'NONE', ( #4682 ), #2548, .F. ) ;
#4080 = TOROIDAL_SURFACE ( 'NONE', #5996, 4.500000000000000000, 1.500000000000000000 ) ;
#4081 = CARTESIAN_POINT ( 'NONE',  ( 35.87524686596800194, 0.005090413602636000359, -1.334886879047999964 ) ) ;
#4082 = CARTESIAN_POINT ( 'NONE',  ( 6.637922684359000236, 4.500000000000000000, -62.75000000000000000 ) ) ;
#4083 = ORIENTED_EDGE ( 'NONE', *, *, #5039, .F. ) ;
#4084 = ORIENTED_EDGE ( 'NONE', *, *, #6644, .F. ) ;
#4085 = CARTESIAN_POINT ( 'NONE',  ( 25.87188158402020832, 1.520245158307700795, -34.24749025446632089 ) ) ;
#4086 = CARTESIAN_POINT ( 'NONE',  ( 27.59138692333199927, 0.5518058579069999858, -33.16179634296999978 ) ) ;
#4087 = APPROVAL_STATUS ( 'not_yet_approved' ) ;
#4088 = CARTESIAN_POINT ( 'NONE',  ( 25.89034216802202337, 0.0009367798728871999095, -30.28532990589999230 ) ) ;
#4089 = LINE ( 'NONE', #3033, #4068 ) ;
#4090 = CARTESIAN_POINT ( 'NONE',  ( -3.167662790056999800, 6.000000000000000000, -109.7379312188000000 ) ) ;
#4092 = ORIENTED_EDGE ( 'NONE', *, *, #2335, .T. ) ;
#4091 = EDGE_CURVE ( 'NONE', #5777, #2789, #1305, .T. ) ;
#4093 = ADVANCED_FACE ( 'NONE', ( #1604 ), #6302, .F. ) ;
#4094 = DIRECTION ( 'NONE',  ( 0.000000000000000000, 0.000000000000000000, -1.000000000000000000 ) ) ;
#4095 = ORIENTED_EDGE ( 'NONE', *, *, #1591, .F. ) ;
#4096 = CARTESIAN_POINT ( 'NONE',  ( 27.20249008635002497, 6.785398061956007254, -33.26885771320997520 ) ) ;
#4097 = CARTESIAN_POINT ( 'NONE',  ( 35.81423580123199457, 4.321262072392998473E-05, -1.637518433757997549 ) ) ;
#4098 = DIRECTION ( 'NONE',  ( -0.6334076177927103757, 0.000000000000000000, -0.7738183182906462898 ) ) ;
#4099 = FACE_OUTER_BOUND ( 'NONE', #3367, .T. ) ;
#4100 = ORIENTED_EDGE ( 'NONE', *, *, #5929, .T. ) ;
#4101 = DIRECTION ( 'NONE',  ( 0.000000000000000000, 1.000000000000000000, -2.200000000000000003E-16 ) ) ;
#4102 = DIRECTION ( 'NONE',  ( 0.000000000000000000, -1.000000000000000000, 0.000000000000000000 ) ) ;
#4103 = CARTESIAN_POINT ( 'NONE',  ( 68.48938671294399683, 12.50000000000000000, -3.164475894166999925 ) ) ;
#4104 = ORIENTED_EDGE ( 'NONE', *, *, #585, .F. ) ;
#4105 = CARTESIAN_POINT ( 'NONE',  ( 6.968669759522000184, 5.038839763226000024, -61.47691335185000128 ) ) ;
#4106 = CARTESIAN_POINT ( 'NONE',  ( 25.83705306686599812, 0.02397458717222000074, -30.81937213839999856 ) ) ;
#4107 = FACE_OUTER_BOUND ( 'NONE', #672, .T. ) ;
#4108 = CARTESIAN_POINT ( 'NONE',  ( 5.832337209943000644, -2.462999999999999830E-14, -110.9450379999999967 ) ) ;
#4109 = DIRECTION ( 'NONE',  ( -8.787910484162059349E-30, -1.000000000000000000, 2.200000000000045116E-16 ) ) ;
#4110 = CARTESIAN_POINT ( 'NONE',  ( 26.29202473291000075, 0.5999999999999999778, -24.67244283495000090 ) ) ;
#4111 = ORIENTED_EDGE ( 'NONE', *, *, #3122, .F. ) ;
#4112 = EDGE_CURVE ( 'NONE', #633, #3105, #6162, .T. ) ;
#4113 = EDGE_CURVE ( 'NONE', #5206, #2465, #6052, .T. ) ;
#4114 = ORIENTED_EDGE ( 'NONE', *, *, #3883, .T. ) ;
#4115 = CARTESIAN_POINT ( 'NONE',  ( 25.87762138480779583, 1.659512656373304029, -34.35600100250822209 ) ) ;
#4116 = CYLINDRICAL_SURFACE ( 'NONE', #6125, 3.000000000000001332 ) ;
#4117 = CARTESIAN_POINT ( 'NONE',  ( 25.87408815297900233, 5.285923255329999638E-06, -30.20131220820000095 ) ) ;
#4118 = AXIS2_PLACEMENT_3D ( 'NONE', #2127, #3242, #2771 ) ;
#4119 = CARTESIAN_POINT ( 'NONE',  ( 26.32411361415901041, 0.03603808761554001816, -31.00212979621997889 ) ) ;
#4120 = DIRECTION ( 'NONE',  ( 0.000000000000000000, 0.000000000000000000, -1.000000000000000000 ) ) ;
#4121 = EDGE_CURVE ( 'NONE', #1447, #2737, #2187, .T. ) ;
#4122 = CARTESIAN_POINT ( 'NONE',  ( 2.832337209942999756, -2.399999999999999871E-14, -107.2379312188000000 ) ) ;
#4123 = TOROIDAL_SURFACE ( 'NONE', #1526, 33.00000000000000000, 3.000000000000000000 ) ;
#4124 = VERTEX_POINT ( 'NONE', #1090 ) ;
#4125 = DIRECTION ( 'NONE',  ( 0.6427876096867990441, 0.000000000000000000, 0.7660444431187601877 ) ) ;
#4126 = EDGE_LOOP ( 'NONE', ( #4095, #1880, #5621, #4040 ) ) ;
#4127 = CARTESIAN_POINT ( 'NONE',  ( 24.90434069745201384, 8.999999999999998224, -31.34048140859998455 ) ) ;
#4128 = FACE_OUTER_BOUND ( 'NONE', #5892, .T. ) ;
#4129 = ADVANCED_FACE ( 'NONE', ( #6237 ), #3665, .T. ) ;
#4130 = CARTESIAN_POINT ( 'NONE',  ( 36.43743440192800165, 1.299785347390999268, 1.657179643725998908 ) ) ;
#4131 = CARTESIAN_POINT ( 'NONE',  ( 68.89476271734000079, 0.9375000000000000000, -4.029044233049000390 ) ) ;
#4132 = CIRCLE ( 'NONE', #4347, 7.000000000000000888 ) ;
#4133 = CARTESIAN_POINT ( 'NONE',  ( 40.46384693061100535, 11.90000000000000036, -36.56401361414999940 ) ) ;
#4134 = VERTEX_POINT ( 'NONE', #5888 ) ;
#4135 = CARTESIAN_POINT ( 'NONE',  ( 68.48938671294399683, 0.000000000000000000, -3.164475894166999925 ) ) ;
#4136 = AXIS2_PLACEMENT_3D ( 'NONE', #3635, #3121, #6236 ) ;
#4137 = CARTESIAN_POINT ( 'NONE',  ( 20.12336569947400022, 7.500000000000000000, -28.39971159538000123 ) ) ;
#4138 = ORIENTED_EDGE ( 'NONE', *, *, #4748, .F. ) ;
#4139 = CARTESIAN_POINT ( 'NONE',  ( 6.743069930941999246, 5.186964151024000103, -62.31901872512000296 ) ) ;
#4140 = AXIS2_PLACEMENT_3D ( 'NONE', #1488, #5110, #4976 ) ;
#4141 = CARTESIAN_POINT ( 'NONE',  ( 25.86372649686298431, 0.0005474114304567002671, -30.28680938699001146 ) ) ;
#4142 = CARTESIAN_POINT ( 'NONE',  ( 2.546487337083000124, 9.000000000000000000, -48.94825787499999592 ) ) ;
#4143 = CARTESIAN_POINT ( 'NONE',  ( 67.47417825870799390, 11.00000000000000000, -0.4850446495840000649 ) ) ;
#4144 = DIRECTION ( 'NONE',  ( 0.000000000000000000, 1.000000000000000000, 0.000000000000000000 ) ) ;
#4145 = CARTESIAN_POINT ( 'NONE',  ( 70.12400283028699732, 11.27923512394900030, -3.550002004102000175 ) ) ;
#4146 = ORIENTED_EDGE ( 'NONE', *, *, #4584, .T. ) ;
#4147 = ORIENTED_EDGE ( 'NONE', *, *, #5031, .T. ) ;
#4148 = CARTESIAN_POINT ( 'NONE',  ( 25.78581282119945328, 0.8983795857607014268, -33.62055247718565454 ) ) ;
#4149 = LINE ( 'NONE', #5130, #2865 ) ;
#4150 = CARTESIAN_POINT ( 'NONE',  ( 25.97126589505300132, 0.001821908022554999873, -30.37457916954999959 ) ) ;
#4151 = CARTESIAN_POINT ( 'NONE',  ( 27.45803761423599809, 0.4617881668369998027, -32.94506353962002976 ) ) ;
#4152 = CARTESIAN_POINT ( 'NONE',  ( 4.678126596152999639, 8.496387911898999334, -107.6592374056999972 ) ) ;
#4153 = CARTESIAN_POINT ( 'NONE',  ( 35.83604790367398607, 3.782788486900002650E-07, -1.657224730066998442 ) ) ;
#4154 = ORIENTED_EDGE ( 'NONE', *, *, #5022, .F. ) ;
#4155 = CARTESIAN_POINT ( 'NONE',  ( 18.98376455325700007, 7.500000000000000000, -27.40255919615000124 ) ) ;
#4156 = ORIENTED_EDGE ( 'NONE', *, *, #3707, .F. ) ;
#4157 = DIRECTION ( 'NONE',  ( 0.7660444431187601877, 0.000000000000000000, -0.6427876096867989331 ) ) ;
#4158 = EDGE_CURVE ( 'NONE', #1393, #5431, #4276, .T. ) ;
#4159 = CARTESIAN_POINT ( 'NONE',  ( 59.36908318924299977, 9.500000000000000000, 6.968641278527000438 ) ) ;
#4160 = EDGE_CURVE ( 'NONE', #1247, #2137, #115, .T. ) ;
#4161 = CARTESIAN_POINT ( 'NONE',  ( 35.81455584696499272, 3.436109030639999411E-06, -1.650958006896998009 ) ) ;
#4162 = FACE_OUTER_BOUND ( 'NONE', #5496, .T. ) ;
#4163 = CARTESIAN_POINT ( 'NONE',  ( 69.89607533580000620, 1.022963676151999790, -3.740319979683000007 ) ) ;
#4164 = CIRCLE ( 'NONE', #262, 0.8499999999999994227 ) ;
#4165 = EDGE_CURVE ( 'NONE', #6290, #3475, #4765, .T. ) ;
#4166 = CARTESIAN_POINT ( 'NONE',  ( 40.23147947072499875, 12.50000000000000000, -37.29913685791000688 ) ) ;
#4167 = ORIENTED_EDGE ( 'NONE', *, *, #2921, .F. ) ;
#4168 = CARTESIAN_POINT ( 'NONE',  ( 20.12336569947400022, -5.999999999999999677E-15, -28.39971159538000123 ) ) ;
#4169 = AXIS2_PLACEMENT_3D ( 'NONE', #5741, #4193, #1107 ) ;
#4170 = VECTOR ( 'NONE', #1306, 1000.000000000000000 ) ;
#4171 = CARTESIAN_POINT ( 'NONE',  ( 5.601533296172999776, 7.500000000000000000, -50.64339541948000090 ) ) ;
#4172 = ORIENTED_EDGE ( 'NONE', *, *, #300, .F. ) ;
#4173 = VECTOR ( 'NONE', #4478, 1000.000000000000000 ) ;
#4174 = EDGE_CURVE ( 'NONE', #3412, #438, #2785, .T. ) ;
#4175 = VECTOR ( 'NONE', #5941, 1000.000000000000114 ) ;
#4176 = CARTESIAN_POINT ( 'NONE',  ( 25.82385847566698445, 0.04920577925925996576, -31.09069640774998788 ) ) ;
#4177 = CARTESIAN_POINT ( 'NONE',  ( 12.82631710353700072, 9.000000000000000000, -48.37030025313000436 ) ) ;
#4178 = DIRECTION ( 'NONE',  ( 1.000000000000000000, 0.000000000000000000, 0.000000000000000000 ) ) ;
#4179 = CARTESIAN_POINT ( 'NONE',  ( -0.1676627900569999940, 0.5000000000000000000, -107.2379312188000000 ) ) ;
#4180 = AXIS2_PLACEMENT_3D ( 'NONE', #2327, #4401, #6462 ) ;
#4181 = CARTESIAN_POINT ( 'NONE',  ( 69.48364988456300750, 12.03208312073300057, -3.793628381438999941 ) ) ;
#4182 = ORIENTED_EDGE ( 'NONE', *, *, #2589, .T. ) ;
#4183 = EDGE_LOOP ( 'NONE', ( #3602, #4336, #2730, #2288 ) ) ;
#4184 = CARTESIAN_POINT ( 'NONE',  ( 25.87848586226898462, 1.678880397180950723, -34.36980340948158386 ) ) ;
#4185 = CARTESIAN_POINT ( 'NONE',  ( 16.02049146774800192, -4.000000000000000000, -30.78915226599000121 ) ) ;
#4186 = CARTESIAN_POINT ( 'NONE',  ( 25.87439751108900055, 5.902623251949999746E-06, -30.20186384945999691 ) ) ;
#4187 = CARTESIAN_POINT ( 'NONE',  ( 4.403739540106999861, 8.413498744338001600, -108.0315392555999949 ) ) ;
#4188 = VERTEX_POINT ( 'NONE', #146 ) ;
#4189 = DIRECTION ( 'NONE',  ( -0.4192636510169054920, -1.999999999999550061E-16, -0.9078645223467950442 ) ) ;
#4190 = ORIENTED_EDGE ( 'NONE', *, *, #6385, .F. ) ;
#4191 = DIRECTION ( 'NONE',  ( 0.000000000000000000, 1.000000000000000000, 0.000000000000000000 ) ) ;
#4192 = ORIENTED_EDGE ( 'NONE', *, *, #3414, .T. ) ;
#4193 = DIRECTION ( 'NONE',  ( -1.593499028546445262E-30, -1.000000000000000000, 2.199999999999800076E-16 ) ) ;
#4194 = CARTESIAN_POINT ( 'NONE',  ( 5.332337209943000644, 6.353553390592999506, -110.0914846093999984 ) ) ;
#4195 = CARTESIAN_POINT ( 'NONE',  ( 35.81575886850696833, 3.242975990725001053E-05, -1.639055302131000147 ) ) ;
#4196 = CARTESIAN_POINT ( 'NONE',  ( 37.20234116441800154, 2.104000058122000194, 2.585554635270000290 ) ) ;
#4197 = CARTESIAN_POINT ( 'NONE',  ( 69.19131207761000724, 0.2375547648430000047, -3.750262026974999774 ) ) ;
#4198 = EDGE_CURVE ( 'NONE', #5893, #6417, #4980, .T. ) ;
#4199 = EDGE_CURVE ( 'NONE', #2188, #156, #1735, .T. ) ;
#4200 = FACE_BOUND ( 'NONE', #4015, .T. ) ;
#4201 = ORIENTED_EDGE ( 'NONE', *, *, #3906, .T. ) ;
#4202 = CARTESIAN_POINT ( 'NONE',  ( 2.832337209942999756, 8.853553390592999506, -107.5914846093999842 ) ) ;
#4203 = CARTESIAN_POINT ( 'NONE',  ( 35.62935288724419536, 1.500000000000000000, -36.88050586469094583 ) ) ;
#4204 = ORIENTED_EDGE ( 'NONE', *, *, #4158, .F. ) ;
#4205 = CARTESIAN_POINT ( 'NONE',  ( 6.666768429422999631, 4.926048066496000466, -62.62875984605000212 ) ) ;
#4206 = CARTESIAN_POINT ( 'NONE',  ( 25.76536352658299833, 0.4405000529949999466, -32.75223904577000411 ) ) ;
#4207 = DIRECTION ( 'NONE',  ( 0.000000000000000000, -1.000000000000000000, 0.000000000000000000 ) ) ;
#4208 = CARTESIAN_POINT ( 'NONE',  ( 6.762260773609000353, -1.100000000000000046E-14, -51.59350684617000127 ) ) ;
#4209 = ADVANCED_FACE ( 'NONE', ( #1261 ), #2310, .F. ) ;
#4210 = CARTESIAN_POINT ( 'NONE',  ( 37.26893739012900397, 1.271453533535999991, 2.384001632849999996 ) ) ;
#4211 = CARTESIAN_POINT ( 'NONE',  ( 23.24435129701199898, 6.000000000000000000, -5.968350628627000276 ) ) ;
#4212 = VERTEX_POINT ( 'NONE', #3901 ) ;
#4213 = EDGE_LOOP ( 'NONE', ( #1362, #5390, #5363, #4996 ) ) ;
#4214 = CARTESIAN_POINT ( 'NONE',  ( 25.80524183237687907, 1.064671963352842754, -33.83548271937123531 ) ) ;
#4215 = FACE_OUTER_BOUND ( 'NONE', #5958, .T. ) ;
#4216 = CARTESIAN_POINT ( 'NONE',  ( 25.94426118218200017, 0.0009943552044424999736, -30.32643591497000202 ) ) ;
#4217 = CARTESIAN_POINT ( 'NONE',  ( 4.949045088668001746, 8.254538357800999648, -108.1904996421999812 ) ) ;
#4218 = AXIS2_PLACEMENT_3D ( 'NONE', #2451, #1502, #2072 ) ;
#4219 = ORIENTED_EDGE ( 'NONE', *, *, #2969, .F. ) ;
#4220 = CARTESIAN_POINT ( 'NONE',  ( 35.81404283073597838, 2.855710343530001611E-06, -1.651765120511001328 ) ) ;
#4221 = VERTEX_POINT ( 'NONE', #5820 ) ;
#4222 = DIRECTION ( 'NONE',  ( -0.07974594384743578790, -2.192993485783336885E-16, -0.9968152208106983991 ) ) ;
#4223 = DIRECTION ( 'NONE',  ( 0.000000000000000000, 1.000000000000000000, 0.000000000000000000 ) ) ;
#4224 = DIRECTION ( 'NONE',  ( 0.6427876096867971567, 0.000000000000000000, 0.7660444431187616310 ) ) ;
#4225 = DIRECTION ( 'NONE',  ( 0.000000000000000000, -1.000000000000000000, 0.000000000000000000 ) ) ;
#4226 = CARTESIAN_POINT ( 'NONE',  ( 35.81445227626102934, 2.320052251200000293E-06, -1.651982780579000165 ) ) ;
#4227 = CARTESIAN_POINT ( 'NONE',  ( 29.21111718595100015, 10.77888143444699942, -7.192089475184999969 ) ) ;
#4228 = CARTESIAN_POINT ( 'NONE',  ( 69.72555272752398992, 0.7293771233499999340, -3.769100134697000115 ) ) ;
#4229 = CARTESIAN_POINT ( 'NONE',  ( 40.64873218076000683, 11.00000000000000000, -38.67726169336000197 ) ) ;
#4230 = ORIENTED_EDGE ( 'NONE', *, *, #4338, .T. ) ;
#4231 = CARTESIAN_POINT ( 'NONE',  ( 68.10371414713200977, 0.4653603196299999634, -3.624102560038000131 ) ) ;
#4232 = LINE ( 'NONE', #5813, #1031 ) ;
#4233 = ORIENTED_EDGE ( 'NONE', *, *, #3621, .F. ) ;
#4234 = CARTESIAN_POINT ( 'NONE',  ( 10.55311763816800052, 9.000000000000000000, -48.44323113179999751 ) ) ;
#4235 = CARTESIAN_POINT ( 'NONE',  ( 25.85552508961201212, 0.004025676780232000269, -30.44923787095000733 ) ) ;
#4236 = DIRECTION ( 'NONE',  ( -1.000000000000000000, 0.000000000000000000, 0.000000000000000000 ) ) ;
#4237 = CARTESIAN_POINT ( 'NONE',  ( 11.94530745890200052, 9.000000000000000000, -28.88052048012000128 ) ) ;
#4238 = AXIS2_PLACEMENT_3D ( 'NONE', #567, #6228, #5716 ) ;
#4239 = EDGE_CURVE ( 'NONE', #5790, #1667, #3, .T. ) ;
#4240 = ADVANCED_FACE ( 'NONE', ( #4885 ), #4416, .T. ) ;
#4241 = DIRECTION ( 'NONE',  ( 0.6427876096867958244, 0.000000000000000000, 0.7660444431187628522 ) ) ;
#4242 = FACE_OUTER_BOUND ( 'NONE', #784, .T. ) ;
#4243 = ORIENTED_EDGE ( 'NONE', *, *, #1720, .T. ) ;
#4244 = VECTOR ( 'NONE', #5876, 1000.000000000000000 ) ;
#4245 = ORIENTED_EDGE ( 'NONE', *, *, #3046, .F. ) ;
#4246 = DIRECTION ( 'NONE',  ( 0.000000000000000000, 1.000000000000000000, 0.000000000000000000 ) ) ;
#4247 = DIRECTION ( 'NONE',  ( 0.000000000000000000, -1.000000000000000000, 0.000000000000000000 ) ) ;
#4248 = ADVANCED_FACE ( 'NONE', ( #5954 ), #2815, .T. ) ;
#4249 = CARTESIAN_POINT ( 'NONE',  ( 25.97666564691499858, 0.002020474766795000293, -30.38420475213000316 ) ) ;
#4250 = B_SPLINE_CURVE_WITH_KNOTS ( 'NONE', 10,
 ( #5607, #4496, #2024, #1515, #1444, #2491, #488, #1922, #3472, #5637, #4090 ),
 .UNSPECIFIED., .F., .F.,
 ( 11, 11 ),
 ( 9.437403464742001091, 14.66711718712200074 ),
 .UNSPECIFIED. ) ;
#4251 = CARTESIAN_POINT ( 'NONE',  ( 25.90635216709799948, 8.881784197000999888E-16, -25.13206950081999835 ) ) ;
#4252 = ORIENTED_EDGE ( 'NONE', *, *, #6090, .F. ) ;
#4253 = FACE_OUTER_BOUND ( 'NONE', #4573, .T. ) ;
#4254 = VERTEX_POINT ( 'NONE', #3356 ) ;
#4255 = DIRECTION ( 'NONE',  ( 0.000000000000000000, 1.000000000000000000, 0.000000000000000000 ) ) ;
#4256 = LINE ( 'NONE', #6315, #3967 ) ;
#4257 = CARTESIAN_POINT ( 'NONE',  ( 4.810478453107999819, 7.500000000000000000, -50.00860886715000220 ) ) ;
#4258 = CARTESIAN_POINT ( 'NONE',  ( 38.11814372809600115, 6.000000000000000000, 3.422891405750000171 ) ) ;
#4259 = CARTESIAN_POINT ( 'NONE',  ( 35.98055483327600967, 0.1881009969339999810, -0.2908001169350001858 ) ) ;
#4260 = DIRECTION ( 'NONE',  ( -0.9055964464100785261, 9.331088730943824311E-17, 0.4241403968610368280 ) ) ;
#4261 = CARTESIAN_POINT ( 'NONE',  ( 69.36992873719898967, 0.1982729011929999785, -3.462763421805000075 ) ) ;
#4262 = DIRECTION ( 'NONE',  ( -0.4192636510169056030, -1.999999999999550554E-16, -0.9078645223467952663 ) ) ;
#4263 = EDGE_LOOP ( 'NONE', ( #5715, #2462, #5708, #1149, #1646 ) ) ;
#4264 = PRODUCT ( 'tibia (1).step_Default_sldprt.step_Default_sldprt', 'tibia (1).step_Default_sldprt.step_Default_sldprt', '', ( #4527 ) ) ;
#4265 = CARTESIAN_POINT ( 'NONE',  ( 19.13893583115300245, 8.999999999999998224, -25.74571750447999108 ) ) ;
#4266 = LINE ( 'NONE', #4776, #880 ) ;
#4267 = AXIS2_PLACEMENT_3D ( 'NONE', #6631, #6696, #1998 ) ;
#4268 = DIRECTION ( 'NONE',  ( -0.7660444431187601877, 0.000000000000000000, 0.6427876096867990441 ) ) ;
#4269 = ORIENTED_EDGE ( 'NONE', *, *, #3792, .F. ) ;
#4270 = CARTESIAN_POINT ( 'NONE',  ( 40.23147947072400399, 1.309999999999999987E-15, -37.29913685791000688 ) ) ;
#4271 = CIRCLE ( 'NONE', #2399, 4.499999999999996447 ) ;
#4272 = CARTESIAN_POINT ( 'NONE',  ( 25.86790561991502813, 9.833226869200003211E-06, -30.20420425976002221 ) ) ;
#4273 = FACE_OUTER_BOUND ( 'NONE', #446, .T. ) ;
#4274 = AXIS2_PLACEMENT_3D ( 'NONE', #58, #6248, #6211 ) ;
#4275 = CARTESIAN_POINT ( 'NONE',  ( 6.762260773609000353, 7.500000000000000000, -51.59350684617000127 ) ) ;
#4276 = LINE ( 'NONE', #208, #3142 ) ;
#4277 = CARTESIAN_POINT ( 'NONE',  ( 28.02150916526899493, 0.9447031199409999802, -33.81960818009998349 ) ) ;
#4278 = CARTESIAN_POINT ( 'NONE',  ( 68.48938671294399683, 12.50000000000000000, -3.164475894166999925 ) ) ;
#4279 = AXIS2_PLACEMENT_3D ( 'NONE', #2553, #4624, #2655 ) ;
#4280 = ORIENTED_EDGE ( 'NONE', *, *, #432, .F. ) ;
#4281 = AXIS2_PLACEMENT_3D ( 'NONE', #3439, #4334, #2864 ) ;
#4282 = EDGE_LOOP ( 'NONE', ( #3874, #1336, #692, #1999 ) ) ;
#4283 = CARTESIAN_POINT ( 'NONE',  ( 36.17572235547799409, 9.500000000000000000, -36.22936808803999753 ) ) ;
#4284 = EDGE_CURVE ( 'NONE', #3105, #2678, #3259, .T. ) ;
#4285 = DIRECTION ( 'NONE',  ( 0.000000000000000000, 0.000000000000000000, -1.000000000000000000 ) ) ;
#4286 = ADVANCED_FACE ( 'NONE', ( #5418 ), #5327, .T. ) ;
#4287 = CARTESIAN_POINT ( 'NONE',  ( 5.332337761447999647, 2.646971730650999888, -110.0920097305999832 ) ) ;
#4288 = AXIS2_PLACEMENT_3D ( 'NONE', #4660, #3135, #1613 ) ;
#4289 = CARTESIAN_POINT ( 'NONE',  ( 68.10371414713200977, 11.90000000000000036, -3.624102560038000131 ) ) ;
#4290 = CARTESIAN_POINT ( 'NONE',  ( 5.589562661546000122, 7.380167319847999785, -108.5880377619999990 ) ) ;
#4291 = ORIENTED_EDGE ( 'NONE', *, *, #1927, .F. ) ;
#4292 = CARTESIAN_POINT ( 'NONE',  ( 11.89735597859200134, 6.000000000000000000, -18.83727930035999876 ) ) ;
#4293 = ORIENTED_EDGE ( 'NONE', *, *, #2614, .F. ) ;
#4294 = AXIS2_PLACEMENT_3D ( 'NONE', #507, #4719, #3598 ) ;
#4295 = CARTESIAN_POINT ( 'NONE',  ( 27.57759995228300198, 0.5999999999999999778, -23.14035394871000051 ) ) ;
#4296 = FACE_OUTER_BOUND ( 'NONE', #3221, .T. ) ;
#4297 = DIRECTION ( 'NONE',  ( 0.000000000000000000, 1.000000000000000000, 0.000000000000000000 ) ) ;
#4298 = CARTESIAN_POINT ( 'NONE',  ( 36.22393278056000554, 0.5771920596869996034, 0.7009615621530005392 ) ) ;
#4299 = CARTESIAN_POINT ( 'NONE',  ( 38.07125714416000051, 6.616307144201000412, 3.367014150899000136 ) ) ;
#4300 = ADVANCED_FACE ( 'NONE', ( #6407 ), #3227, .F. ) ;
#4301 = ADVANCED_FACE ( 'NONE', ( #2276, #780 ), #178, .T. ) ;
#4302 = CARTESIAN_POINT ( 'NONE',  ( 70.12400283028699732, 1.220764876050999925, -3.550002004102000175 ) ) ;
#4303 = CARTESIAN_POINT ( 'NONE',  ( 14.62094954563200133, 6.000000000000000000, -20.09507025341000030 ) ) ;
#4304 = VERTEX_POINT ( 'NONE', #4785 ) ;
#4305 = CARTESIAN_POINT ( 'NONE',  ( 17.78363107832900170, 9.000000000000000000, -26.78915804262000222 ) ) ;
#4306 = CARTESIAN_POINT ( 'NONE',  ( 40.46384693061100535, 11.90000000000000036, -36.56401361414999940 ) ) ;
#4307 = CARTESIAN_POINT ( 'NONE',  ( 40.63837753327800328, 12.10888813366999983, -38.08113983226999721 ) ) ;
#4308 = ORIENTED_EDGE ( 'NONE', *, *, #3042, .F. ) ;
#4309 = CARTESIAN_POINT ( 'NONE',  ( 40.63442033241999951, 0.1893830397439999758, -37.75318773386000260 ) ) ;
#4310 = AXIS2_PLACEMENT_3D ( 'NONE', #3140, #3583, #6692 ) ;
#4311 = CARTESIAN_POINT ( 'NONE',  ( 26.69213451368001344, 1.308318382060999818, -33.07369571994001234 ) ) ;
#4312 = CARTESIAN_POINT ( 'NONE',  ( 20.64227504627200105, 7.500000000000000000, -34.63663894529000231 ) ) ;
#4313 = DIRECTION ( 'NONE',  ( 0.4241403968610359954, 2.000000000000179671E-16, 0.9055964464100789701 ) ) ;
#4314 = CARTESIAN_POINT ( 'NONE',  ( 5.832337209943000644, -1.546999999999999934E-14, -69.65551667206999298 ) ) ;
#4315 = CARTESIAN_POINT ( 'NONE',  ( 26.75430677094500709, 0.1374620808110000314, -31.75816771224002011 ) ) ;
#4316 = CARTESIAN_POINT ( 'NONE',  ( 68.62457275235298937, 12.02039513068399934, -3.950853105909000185 ) ) ;
#4317 = EDGE_LOOP ( 'NONE', ( #851, #1060, #2144, #1492 ) ) ;
#4318 = ORIENTED_EDGE ( 'NONE', *, *, #2831, .T. ) ;
#4319 = CARTESIAN_POINT ( 'NONE',  ( 19.64833440239499751, 8.933997520359000077, -28.56880180197000385 ) ) ;
#4320 = CARTESIAN_POINT ( 'NONE',  ( 37.26316060344099412, 11.00000000000000000, -36.48913347616999658 ) ) ;
#4321 = ADVANCED_FACE ( 'NONE', ( #2246 ), #6370, .T. ) ;
#4322 = EDGE_CURVE ( 'NONE', #6094, #6209, #2922, .T. ) ;
#4323 = DIRECTION ( 'NONE',  ( 0.6427876096867971567, 0.000000000000000000, 0.7660444431187616310 ) ) ;
#4324 = ORIENTED_EDGE ( 'NONE', *, *, #4368, .T. ) ;
#4325 = CARTESIAN_POINT ( 'NONE',  ( 35.81409652038399116, 9.276852713570003998E-06, -1.647799134751000372 ) ) ;
#4326 = ORIENTED_EDGE ( 'NONE', *, *, #6190, .F. ) ;
#4327 = FACE_OUTER_BOUND ( 'NONE', #6508, .T. ) ;
#4328 = ORIENTED_EDGE ( 'NONE', *, *, #2096, .T. ) ;
#4329 = DIRECTION ( 'NONE',  ( -1.000000000000000000, 0.000000000000000000, 0.000000000000000000 ) ) ;
#4330 = ADVANCED_FACE ( 'NONE', ( #1869 ), #5942, .T. ) ;
#4331 = ADVANCED_FACE ( 'NONE', ( #2375 ), #2874, .T. ) ;
#4332 = CARTESIAN_POINT ( 'NONE',  ( 35.80272395166502264, 1.695022508999999672E-07, -1.653880604818000144 ) ) ;
#4333 = CARTESIAN_POINT ( 'NONE',  ( 20.07089655794900196, 8.934869377498998233, -28.95196025967000253 ) ) ;
#4334 = DIRECTION ( 'NONE',  ( 0.000000000000000000, 1.000000000000000000, 0.000000000000000000 ) ) ;
#4335 = CARTESIAN_POINT ( 'NONE',  ( 35.81419871824699896, 3.165959613382999946E-05, -1.640253600355000119 ) ) ;
#4336 = ORIENTED_EDGE ( 'NONE', *, *, #2467, .T. ) ;
#4337 = CARTESIAN_POINT ( 'NONE',  ( 28.56278414417599976, 2.389790517559999827, -34.41027995542999918 ) ) ;
#4338 = EDGE_CURVE ( 'NONE', #5893, #3732, #4473, .T. ) ;
#4339 = CARTESIAN_POINT ( 'NONE',  ( 66.48315815219820024, 1.500000000000000000, -0.1103725949889459851 ) ) ;
#4340 = AXIS2_PLACEMENT_3D ( 'NONE', #4179, #2578, #2073 ) ;
#4341 = ORIENTED_EDGE ( 'NONE', *, *, #5844, .F. ) ;
#4342 = CIRCLE ( 'NONE', #5836, 2.999999999999999556 ) ;
#4343 = CARTESIAN_POINT ( 'NONE',  ( 40.89372757575200268, 0.2981110303499999725, -37.48893633067999787 ) ) ;
#4344 = CARTESIAN_POINT ( 'NONE',  ( 25.86835793283799845, 2.095600892369999825E-06, -30.19732705169999676 ) ) ;
#4345 = CARTESIAN_POINT ( 'NONE',  ( -3.167662790056999800, 4.500000000000000000, -98.75000000000000000 ) ) ;
#4346 = CARTESIAN_POINT ( 'NONE',  ( 5.332337761447999647, 2.646971730650999888, -110.0920097305999832 ) ) ;
#4347 = AXIS2_PLACEMENT_3D ( 'NONE', #1952, #3916, #3950 ) ;
#4348 = CARTESIAN_POINT ( 'NONE',  ( 67.02952762043200607, 1.500000000000000000, 0.5407651816620000496 ) ) ;
#4349 = CARTESIAN_POINT ( 'NONE',  ( 26.47941145725100043, 0.06518973745500000749, -31.27660648426000023 ) ) ;
#4350 = DIRECTION ( 'NONE',  ( 0.6427876096867977118, 0.000000000000000000, 0.7660444431187612979 ) ) ;
#4351 = ORIENTED_EDGE ( 'NONE', *, *, #2905, .T. ) ;
#4352 = ORIENTED_EDGE ( 'NONE', *, *, #3202, .F. ) ;
#4353 = LINE ( 'NONE', #1267, #6108 ) ;
#4354 = CIRCLE ( 'NONE', #2610, 2.599999999999999645 ) ;
#4355 = CARTESIAN_POINT ( 'NONE',  ( 38.04107226091799987, 2.337307891957000283, 3.331041207854000152 ) ) ;
#4356 = CARTESIAN_POINT ( 'NONE',  ( 55.29234730678300025, 12.50000000000000000, 13.00024343257100057 ) ) ;
#4357 = CIRCLE ( 'NONE', #1431, 0.7500000000000006661 ) ;
#4358 = CARTESIAN_POINT ( 'NONE',  ( 6.974969575500999497, 3.983427140630000363, -61.45471142171000167 ) ) ;
#4359 = VERTEX_POINT ( 'NONE', #4544 ) ;
#4360 = VERTEX_POINT ( 'NONE', #2597 ) ;
#4361 = CARTESIAN_POINT ( 'NONE',  ( 52.64631673005799684, 0.5999999999999999778, 6.735379332924999574 ) ) ;
#4362 = CYLINDRICAL_SURFACE ( 'NONE', #5585, 0.8499999999999990896 ) ;
#4363 = CARTESIAN_POINT ( 'NONE',  ( -11.00000000000000000, 4.500000000000000000, -97.25000000000000000 ) ) ;
#4364 = CARTESIAN_POINT ( 'NONE',  ( 35.82503080386599947, 4.745984993899996804E-07, -1.655383581816000538 ) ) ;
#4365 = CARTESIAN_POINT ( 'NONE',  ( 21.06864546822800222, 8.979005043825999621, -30.10185372840999918 ) ) ;
#4366 = FACE_BOUND ( 'NONE', #154, .T. ) ;
#4367 = CARTESIAN_POINT ( 'NONE',  ( 35.81519595429399772, 2.521845953999999981E-08, -1.656197143837999874 ) ) ;
#4368 = EDGE_CURVE ( 'NONE', #4384, #1990, #5678, .T. ) ;
#4369 = ORIENTED_EDGE ( 'NONE', *, *, #1087, .T. ) ;
#4370 = EDGE_CURVE ( 'NONE', #3732, #4789, #6602, .T. ) ;
#4371 = LINE ( 'NONE', #4942, #1895 ) ;
#4372 = LINE ( 'NONE', #6497, #2835 ) ;
#4373 = DIRECTION ( 'NONE',  ( 1.000000000000000000, 0.000000000000000000, 0.000000000000000000 ) ) ;
#4374 = ADVANCED_FACE ( 'NONE', ( #6055 ), #336, .F. ) ;
#4375 = CARTESIAN_POINT ( 'NONE',  ( 20.07089655794900196, 8.934869377498998233, -28.95196025967000253 ) ) ;
#4376 = CARTESIAN_POINT ( 'NONE',  ( 26.86450822817301542, 1.668316941083999527, -33.18862106592003158 ) ) ;
#4377 = CARTESIAN_POINT ( 'NONE',  ( 28.51527792428900199, 9.500000000000000000, -29.80149199118000070 ) ) ;
#4378 = DIRECTION ( 'NONE',  ( 0.000000000000000000, -1.000000000000000000, 0.000000000000000000 ) ) ;
#4379 = VECTOR ( 'NONE', #4191, 1000.000000000000000 ) ;
#4380 = DIRECTION ( 'NONE',  ( 0.6427876096868001543, 0.000000000000000000, 0.7660444431187590775 ) ) ;
#4381 = CARTESIAN_POINT ( 'NONE',  ( 26.21479136929299614, 0.02073837104781001833, -30.80812905515002953 ) ) ;
#4382 = CARTESIAN_POINT ( 'NONE',  ( 69.89607533580100096, 11.47703632384800088, -3.740319979683000007 ) ) ;
#4383 = ADVANCED_FACE ( 'NONE', ( #1389 ), #881, .F. ) ;
#4384 = VERTEX_POINT ( 'NONE', #2945 ) ;
#4385 = VERTEX_POINT ( 'NONE', #5015 ) ;
#4386 = VECTOR ( 'NONE', #691, 1000.000000000000000 ) ;
#4387 = CYLINDRICAL_SURFACE ( 'NONE', #3957, 0.7500000000000006661 ) ;
#4388 = CYLINDRICAL_SURFACE ( 'NONE', #584, 1.500000000000000666 ) ;
#4389 = DIRECTION ( 'NONE',  ( 0.7660444431187605208, 0.000000000000000000, -0.6427876096867986000 ) ) ;
#4390 = CIRCLE ( 'NONE', #1462, 0.8499999999999990896 ) ;
#4391 = CIRCLE ( 'NONE', #2866, 26.99999999999999645 ) ;
#4392 = CARTESIAN_POINT ( 'NONE',  ( 6.922535057687000837, 3.834002577405999812, -61.64109310425000388 ) ) ;
#4393 = ORIENTED_EDGE ( 'NONE', *, *, #2716, .T. ) ;
#4394 = ORIENTED_EDGE ( 'NONE', *, *, #5510, .F. ) ;
#4395 = DIRECTION ( 'NONE',  ( 0.000000000000000000, 1.000000000000000000, 0.000000000000000000 ) ) ;
#4396 = VECTOR ( 'NONE', #1363, 1000.000000000000114 ) ;
#4397 = VECTOR ( 'NONE', #2659, 1000.000000000000000 ) ;
#4398 = DIRECTION ( 'NONE',  ( 1.000000000000000000, 0.000000000000000000, 0.000000000000000000 ) ) ;
#4399 = CARTESIAN_POINT ( 'NONE',  ( 35.81512156497299060, 2.976503956419998913E-06, -1.650674757672001336 ) ) ;
#4400 = CARTESIAN_POINT ( 'NONE',  ( 37.61234877847199698, 1.500000000000000000, 2.820108457419999937 ) ) ;
#4401 = DIRECTION ( 'NONE',  ( -0.6427876096867990441, 0.000000000000000000, -0.7660444431187601877 ) ) ;
#4402 = CARTESIAN_POINT ( 'NONE',  ( 35.81422653005699885, 4.014627412684999505E-05, -1.638202224033999954 ) ) ;
#4403 = ORIENTED_EDGE ( 'NONE', *, *, #6593, .T. ) ;
#4404 = CARTESIAN_POINT ( 'NONE',  ( 21.13127836114599845, 10.66720185521700159, -28.17450619379999921 ) ) ;
#4405 = AXIS2_PLACEMENT_3D ( 'NONE', #4992, #3977, #6030 ) ;
#4406 = DIRECTION ( 'NONE',  ( 0.000000000000000000, 0.000000000000000000, -1.000000000000000000 ) ) ;
#4407 = EDGE_CURVE ( 'NONE', #72, #46, #2441, .T. ) ;
#4408 = CARTESIAN_POINT ( 'NONE',  ( -2.476000749501999998, 1.521814922020999994, -108.9668529219999868 ) ) ;
#4409 = EDGE_CURVE ( 'NONE', #2737, #5758, #978, .T. ) ;
#4410 = B_SPLINE_CURVE_WITH_KNOTS ( 'NONE', 5,
 ( #2116, #3234, #1066, #1611, #5301, #652 ),
 .UNSPECIFIED., .F., .F.,
 ( 6, 6 ),
 ( 46.48713336200700041, 47.79435256200800097 ),
 .UNSPECIFIED. ) ;
#4411 = CARTESIAN_POINT ( 'NONE',  ( 27.55109650975880342, 12.50000000000000000, -30.95055865585815269 ) ) ;
#4412 = CARTESIAN_POINT ( 'NONE',  ( 40.87260183183300200, 0.8249999999999999556, -36.99327561362999717 ) ) ;
#4413 = CARTESIAN_POINT ( 'NONE',  ( 26.16142815214200112, 0.1701142829160002257, -31.43102190398001738 ) ) ;
#4414 = PLANE ( 'NONE',  #3731 ) ;
#4415 = CARTESIAN_POINT ( 'NONE',  ( 5.140675169389000487, 1.521814922023000172, -108.9668529219999868 ) ) ;
#4416 = PLANE ( 'NONE',  #4553 ) ;
#4417 = CARTESIAN_POINT ( 'NONE',  ( 25.93615721336700020, 0.0007956445607874999609, -30.31198719206999925 ) ) ;
#4418 = CARTESIAN_POINT ( 'NONE',  ( 68.32933285914701571, 11.78749999999999964, -3.813419138077000170 ) ) ;
#4419 = ORIENTED_EDGE ( 'NONE', *, *, #1310, .F. ) ;
#4420 = AXIS2_PLACEMENT_3D ( 'NONE', #2698, #3942, #4961 ) ;
#4421 = EDGE_LOOP ( 'NONE', ( #3913, #2365, #4725, #3610 ) ) ;
#4422 = DIRECTION ( 'NONE',  ( -0.8482279400748736764, -1.199999999999819572E-16, -0.5296313450659208000 ) ) ;
#4423 = EDGE_CURVE ( 'NONE', #688, #2418, #32, .T. ) ;
#4424 = CARTESIAN_POINT ( 'NONE',  ( 35.81475603900099713, 1.118701855369999911E-06, -1.652992741323999759 ) ) ;
#4425 = CARTESIAN_POINT ( 'NONE',  ( 2.832337209942999756, 9.000000000000000000, -107.4450380000000109 ) ) ;
#4426 = ORIENTED_EDGE ( 'NONE', *, *, #5649, .T. ) ;
#4427 = EDGE_LOOP ( 'NONE', ( #218, #5631, #3500, #361 ) ) ;
#4428 = CARTESIAN_POINT ( 'NONE',  ( 25.40272345635900209, 8.881784197000999888E-16, -22.62082317245999974 ) ) ;
#4429 = PERSON_AND_ORGANIZATION_ROLE ( 'design_supplier' ) ;
#4430 = CARTESIAN_POINT ( 'NONE',  ( 35.81544345752199376, 4.872356315740003732E-06, -1.648983189699002150 ) ) ;
#4431 = DIRECTION ( 'NONE',  ( 0.7660444431187601877, -1.399999999999562005E-16, -0.6427876096867989331 ) ) ;
#4432 = DIRECTION ( 'NONE',  ( 0.6427876096867960465, 0.000000000000000000, 0.7660444431187626302 ) ) ;
#4433 = EDGE_LOOP ( 'NONE', ( #2236, #4630, #4067, #2478 ) ) ;
#4434 = LINE ( 'NONE', #2630, #918 ) ;
#4435 = DIRECTION ( 'NONE',  ( 0.000000000000000000, 1.000000000000000000, 0.000000000000000000 ) ) ;
#4436 = DIRECTION ( 'NONE',  ( -0.7660444431187601877, 0.000000000000000000, 0.6427876096867990441 ) ) ;
#4437 = LINE ( 'NONE', #1286, #3720 ) ;
#4438 = CARTESIAN_POINT ( 'NONE',  ( 40.68946564262600418, 11.78749999999999964, -36.75333019218999908 ) ) ;
#4439 = CARTESIAN_POINT ( 'NONE',  ( 67.57589708866579770, 1.500000000000000000, 1.191902958312946126 ) ) ;
#4440 = CARTESIAN_POINT ( 'NONE',  ( 4.949045088666999881, 0.7454616421980003738, -108.1904996421000362 ) ) ;
#4441 = CARTESIAN_POINT ( 'NONE',  ( 25.92535015782700825, 0.0005582370331487005290, -30.29271851959000728 ) ) ;
#4442 = AXIS2_PLACEMENT_3D ( 'NONE', #6199, #4786, #5697 ) ;
#4443 = CARTESIAN_POINT ( 'NONE',  ( 37.84669805290899802, 7.203980837754005329, 3.099395047150000249 ) ) ;
#4444 = ORIENTED_EDGE ( 'NONE', *, *, #1727, .T. ) ;
#4445 = ORIENTED_EDGE ( 'NONE', *, *, #4793, .T. ) ;
#4446 = CARTESIAN_POINT ( 'NONE',  ( -2.587244591917002623, 7.918761280232996747, -108.5262767196999505 ) ) ;
#4447 = DIRECTION ( 'NONE',  ( -0.6427876096867990441, 0.000000000000000000, -0.7660444431187601877 ) ) ;
#4448 = ADVANCED_FACE ( 'NONE', ( #4162 ), #1325, .T. ) ;
#4449 = LINE ( 'NONE', #346, #5914 ) ;
#4450 = EDGE_CURVE ( 'NONE', #2892, #1380, #220, .T. ) ;
#4451 = CARTESIAN_POINT ( 'NONE',  ( 35.81640695366999694, 1.336836254540000005E-05, -1.643920074052000135 ) ) ;
#4452 = CARTESIAN_POINT ( 'NONE',  ( 27.16766911415401253, 2.429529194458998287, -33.23963944828998507 ) ) ;
#4453 = VERTEX_POINT ( 'NONE', #4739 ) ;
#4454 = AXIS2_PLACEMENT_3D ( 'NONE', #4801, #3812, #3341 ) ;
#4456 = ORIENTED_EDGE ( 'NONE', *, *, #6565, .T. ) ;
#4455 = EDGE_CURVE ( 'NONE', #6417, #4188, #6057, .T. ) ;
#4457 = CARTESIAN_POINT ( 'NONE',  ( 28.32539078151700451, 1.372551625696999844, -34.20714941453000080 ) ) ;
#4458 = DATE_AND_TIME ( #4052, #3469 ) ;
#4459 = CIRCLE ( 'NONE', #342, 3.000000000000001332 ) ;
#4460 = CARTESIAN_POINT ( 'NONE',  ( 35.82914678338401160, 2.542479535800001754E-07, -1.656466828756998577 ) ) ;
#4461 = CARTESIAN_POINT ( 'NONE',  ( 69.78770022685799290, 1.275000000000000133, -3.847972211111999830 ) ) ;
#4462 = DIRECTION ( 'NONE',  ( 0.000000000000000000, 1.000000000000000000, 0.000000000000000000 ) ) ;
#4463 = ORIENTED_EDGE ( 'NONE', *, *, #2050, .T. ) ;
#4464 = VECTOR ( 'NONE', #1618, 1000.000000000000114 ) ;
#4465 = CARTESIAN_POINT ( 'NONE',  ( 35.81420798834399477, 3.436976297943999936E-05, -1.639569807246000099 ) ) ;
#4466 = EDGE_LOOP ( 'NONE', ( #2949, #2168, #4190, #4114 ) ) ;
#4467 = CARTESIAN_POINT ( 'NONE',  ( 5.832337209943000644, -1.304000000000000048E-14, -58.73621180005000042 ) ) ;
#4468 = LINE ( 'NONE', #2431, #5534 ) ;
#4469 = CARTESIAN_POINT ( 'NONE',  ( -2.291147378548000102, 1.177545084808999887, -108.6225830847999987 ) ) ;
#4470 = LINE ( 'NONE', #1705, #1126 ) ;
#4471 = LINE ( 'NONE', #6021, #5878 ) ;
#4472 = DIRECTION ( 'NONE',  ( -1.000000000000000000, 0.000000000000000000, 0.000000000000000000 ) ) ;
#4473 = LINE ( 'NONE', #848, #5093 ) ;
#4474 = CARTESIAN_POINT ( 'NONE',  ( 25.87223200553099645, 2.344927044760000357E-06, -30.19800236196999776 ) ) ;
#4475 = CARTESIAN_POINT ( 'NONE',  ( 37.67152357642002869, 7.498012803828999928, 2.890630235467000819 ) ) ;
#4476 = ORIENTED_EDGE ( 'NONE', *, *, #4947, .T. ) ;
#4477 = VERTEX_POINT ( 'NONE', #2232 ) ;
#4478 = DIRECTION ( 'NONE',  ( 0.6334076177927109308, 1.699999999999219288E-16, 0.7738183182906457347 ) ) ;
#4479 = DIRECTION ( 'NONE',  ( 8.450200795878899255E-17, -1.000000000000000000, 1.804230832251244873E-16 ) ) ;
#4480 = CARTESIAN_POINT ( 'NONE',  ( 67.02952762043200607, 12.50000000000000000, 0.5407651816620000496 ) ) ;
#4481 = FACE_OUTER_BOUND ( 'NONE', #5045, .T. ) ;
#4482 =( BOUNDED_SURFACE ( )  B_SPLINE_SURFACE ( 2, 10, ( 
 ( #2222, #5234, #586, #4290, #6348, #3739, #4152, #2184, #1675, #1711, #5704 ),
 ( #3771, #4730, #90, #3673, #5829, #4217, #2692, #3704, #1130, #4761, #2149 ),
 ( #122, #6207, #4693, #5199, #552, #2623, #4187, #53, #5933, #3366, #5464 ) ),
 .UNSPECIFIED., .F., .F., .T. ) 
 B_SPLINE_SURFACE_WITH_KNOTS ( ( 3, 3 ),
 ( 11, 11 ),
 ( 0.000000000000000000, 5.229713722390000541 ),
 ( 1.207689742351999884, 6.437403464741999315 ),
 .UNSPECIFIED. ) 
 GEOMETRIC_REPRESENTATION_ITEM ( )  RATIONAL_B_SPLINE_SURFACE ( (
 ( 1.000000000000000000, 1.000000000000000000, 1.000000000000000000, 1.000000000000000000, 1.000000000000000000, 1.000000000000000000, 1.000000000000000000, 1.000000000000000000, 1.000000000000000000, 1.000000000000000000, 1.000000000000000000),
 ( 0.7071067811869999886, 0.7464490044539999758, 0.7826272611030000714, 0.8156045143560000099, 0.8452963758389999693, 0.8711762861469999342, 0.8922449697460000939, 0.9082454809130000584, 0.9187743133919999972, 0.9238795325109999679, 0.9238795325109999679),
 ( 1.000000000000000000, 1.000000000000000000, 1.000000000000000000, 1.000000000000000000, 1.000000000000000000, 1.000000000000000000, 1.000000000000000000, 1.000000000000000000, 1.000000000000000000, 1.000000000000000000, 1.000000000000000000) ) ) 
 REPRESENTATION_ITEM ( '' )  SURFACE ( )  );
#4483 = CARTESIAN_POINT ( 'NONE',  ( 35.99384920905599472, 0.06289522672261001202, -0.7376349640699999544 ) ) ;
#4484 = CARTESIAN_POINT ( 'NONE',  ( 26.83233720994300242, -1.288999999999999922E-14, -58.05141188318999923 ) ) ;
#4485 = ORIENTED_EDGE ( 'NONE', *, *, #6356, .T. ) ;
#4486 = EDGE_CURVE ( 'NONE', #1212, #6349, #4772, .T. ) ;
#4487 = AXIS2_PLACEMENT_3D ( 'NONE', #491, #4125, #6042 ) ;
#4488 = ADVANCED_FACE ( 'NONE', ( #661 ), #2195, .T. ) ;
#4489 = EDGE_LOOP ( 'NONE', ( #4767, #2916, #2290, #3774 ) ) ;
#4490 = B_SPLINE_CURVE_WITH_KNOTS ( 'NONE', 6,
 ( #6077, #6113, #3546, #1482, #4593, #3706, #1579 ),
 .UNSPECIFIED., .F., .F.,
 ( 7, 7 ),
 ( 54.57961793935700001, 59.29202788403600266 ),
 .UNSPECIFIED. ) ;
#4491 = CARTESIAN_POINT ( 'NONE',  ( 26.12797420309400209, 0.01171164292521000017, -30.65372954996000132 ) ) ;
#4492 = VECTOR ( 'NONE', #1179, 1000.000000000000000 ) ;
#4493 = CIRCLE ( 'NONE', #1350, 2.000000000000000888 ) ;
#4494 = CARTESIAN_POINT ( 'NONE',  ( 25.89638864189598166, 0.001537386981645997956, -30.31137507989999591 ) ) ;
#4495 = CARTESIAN_POINT ( 'NONE',  ( 35.96322332933799970, 0.04260549328963001564, -0.8858986078999997460 ) ) ;
#4496 = CARTESIAN_POINT ( 'NONE',  ( -0.6335484493980000353, 9.000000000000000000, -107.2379312188000000 ) ) ;
#4497 = ORIENTED_EDGE ( 'NONE', *, *, #5600, .T. ) ;
#4498 = VECTOR ( 'NONE', #5232, 1000.000000000000000 ) ;
#4499 = DIRECTION ( 'NONE',  ( -0.6427876096867981559, 0.000000000000000000, -0.7660444431187608538 ) ) ;
#4500 = EDGE_LOOP ( 'NONE', ( #5472, #123 ) ) ;
#4501 = LINE ( 'NONE', #2498, #3625 ) ;
#4502 = CYLINDRICAL_SURFACE ( 'NONE', #4030, 1.499999999999999556 ) ;
#4503 = ADVANCED_FACE ( 'NONE', ( #3751 ), #2169, .T. ) ;
#4504 = CARTESIAN_POINT ( 'NONE',  ( 35.81505193076900895, 2.198572257999998714E-08, -1.656181326744998961 ) ) ;
#4505 = DIRECTION ( 'NONE',  ( -1.960884242492905089E-19, -1.000000000000000000, 2.175489170171410035E-16 ) ) ;
#4506 = CARTESIAN_POINT ( 'NONE',  ( 40.97673661261200095, 11.22500000000000142, -38.18354160448000556 ) ) ;
#4507 = AXIS2_PLACEMENT_3D ( 'NONE', #4377, #777, #206 ) ;
#4508 = CARTESIAN_POINT ( 'NONE',  ( 40.64873218076000683, 1.500000000000000000, -38.67726169336000197 ) ) ;
#4509 = CARTESIAN_POINT ( 'NONE',  ( -3.167662790056999800, 4.500000000000000000, -62.00000000000000000 ) ) ;
#4510 = CARTESIAN_POINT ( 'NONE',  ( 53.93189194943100517, -4.000000000000000000, 8.267468219162999787 ) ) ;
#4511 = CARTESIAN_POINT ( 'NONE',  ( 25.92264790559099197, 0.0005057723575667996642, -30.28790035313998530 ) ) ;
#4512 = CARTESIAN_POINT ( 'NONE',  ( 34.10075713971401257, 8.929404330028999581, -1.364843493794998253 ) ) ;
#4513 = EDGE_LOOP ( 'NONE', ( #5137, #5165, #3924, #5849 ) ) ;
#4514 = ORIENTED_EDGE ( 'NONE', *, *, #2538, .T. ) ;
#4515 = FACE_BOUND ( 'NONE', #489, .T. ) ;
#4516 = CARTESIAN_POINT ( 'NONE',  ( 25.88906004347498424, 1.842462100451998097, -34.47477913321002774 ) ) ;
#4517 = DIRECTION ( 'NONE',  ( 0.000000000000000000, -1.000000000000000000, 0.000000000000000000 ) ) ;
#4518 = DIRECTION ( 'NONE',  ( 1.000000000000000000, 0.000000000000000000, 0.000000000000000000 ) ) ;
#4519 = CARTESIAN_POINT ( 'NONE',  ( 36.05817050542799507, 0.1145977987160000100, -0.4442121348079999810 ) ) ;
#4520 = CIRCLE ( 'NONE', #3328, 0.9999999999999996669 ) ;
#4521 = CARTESIAN_POINT ( 'NONE',  ( 6.637922686453999965, 4.411444811154999535, -62.74999999114000104 ) ) ;
#4522 = VERTEX_POINT ( 'NONE', #6219 ) ;
#4523 = ORIENTED_EDGE ( 'NONE', *, *, #1919, .F. ) ;
#4524 =( BOUNDED_SURFACE ( )  B_SPLINE_SURFACE ( 2, 6, ( 
 ( #5894, #6480, #721, #1840, #5423, #4319, #2722 ),
 ( #3907, #1193, #5393, #5826, #4791, #751, #2215 ),
 ( #2315, #6375, #3264, #4925, #683, #2755, #4890 ) ),
 .UNSPECIFIED., .F., .F., .T. ) 
 B_SPLINE_SURFACE_WITH_KNOTS ( ( 3, 3 ),
 ( 7, 7 ),
 ( 0.000000000000000000, 1.275970987907999898 ),
 ( 47.79435256200800097, 49.07032354991599732 ),
 .UNSPECIFIED. ) 
 GEOMETRIC_REPRESENTATION_ITEM ( )  RATIONAL_B_SPLINE_SURFACE ( (
 ( 1.000000000000000000, 1.000000000000000000, 1.000000000000000000, 1.000000000000000000, 1.000000000000000000, 1.000000000000000000, 1.000000000000000000),
 ( 0.7878381688439999309, 0.7929824722100000667, 0.7971639223499999982, 0.8004044719899999771, 0.8027354138699999142, 0.8041055450569999374, 0.8045960925689999987),
 ( 1.000000000000000000, 1.000000000000000000, 1.000000000000000000, 1.000000000000000000, 1.000000000000000000, 1.000000000000000000, 1.000000000000000000) ) ) 
 REPRESENTATION_ITEM ( '' )  SURFACE ( )  );
#4525 = CARTESIAN_POINT ( 'NONE',  ( 26.21479136929299969, 0.02073837104781000099, -30.80812905514999755 ) ) ;
#4526 = ADVANCED_FACE ( 'NONE', ( #3651 ), #3136, .T. ) ;
#4527 = MECHANICAL_CONTEXT ( 'NONE', #1596, 'mechanical' ) ;
#4528 = CARTESIAN_POINT ( 'NONE',  ( 25.88238112370800437, 0.0003778982644369001040, -30.25103112001998440 ) ) ;
#4529 = CARTESIAN_POINT ( 'NONE',  ( 35.87524686596802326, 0.005090413602635999492, -1.334886879047999075 ) ) ;
#4530 = CARTESIAN_POINT ( 'NONE',  ( 40.87260183183300200, 0.8249999999999999556, -36.99327561362999717 ) ) ;
#4531 = ORIENTED_EDGE ( 'NONE', *, *, #70, .T. ) ;
#4532 = CARTESIAN_POINT ( 'NONE',  ( 37.08308589207899786, 1.994723077315999848, 2.468473265677999962 ) ) ;
#4533 = EDGE_LOOP ( 'NONE', ( #3881, #3674, #3070, #852 ) ) ;
#4534 = DIRECTION ( 'NONE',  ( -0.7525762377427939187, 1.499999999999589761E-16, 0.6585051301128198586 ) ) ;
#4535 = EDGE_CURVE ( 'NONE', #5475, #1304, #2838, .T. ) ;
#4536 = CARTESIAN_POINT ( 'NONE',  ( -2.667662790057000244, 5.646446609406999606, -110.7985913904999933 ) ) ;
#4537 = EDGE_CURVE ( 'NONE', #4221, #5738, #5438, .T. ) ;
#4538 = CARTESIAN_POINT ( 'NONE',  ( 37.10722793743800452, 2.017632941189001716, 2.492959577438001784 ) ) ;
#4539 = CARTESIAN_POINT ( 'NONE',  ( 33.50715832849599707, 8.381564603893000509, -0.9186945102479999736 ) ) ;
#4540 = ADVANCED_FACE ( 'NONE', ( #1823 ), #3376, .F. ) ;
#4541 = CYLINDRICAL_SURFACE ( 'NONE', #3838, 2.000000000000000000 ) ;
#4542 = CARTESIAN_POINT ( 'NONE',  ( 25.91999673488702172, 2.021283241806932640, -34.54242433996665085 ) ) ;
#4543 = DIRECTION ( 'NONE',  ( 1.000000000000000000, 0.000000000000000000, 0.000000000000000000 ) ) ;
#4544 = CARTESIAN_POINT ( 'NONE',  ( 18.98376455325700007, -5.999999999999999677E-15, -27.40255919615000124 ) ) ;
#4545 = FACE_OUTER_BOUND ( 'NONE', #203, .T. ) ;
#4546 = CARTESIAN_POINT ( 'NONE',  ( 33.63380635012303799, 9.025542058963008429, -1.921333774854001142 ) ) ;
#4547 = ORIENTED_EDGE ( 'NONE', *, *, #152, .F. ) ;
#4548 = CARTESIAN_POINT ( 'NONE',  ( -0.6034627410349994170, 9.000000000000000000, -107.4450379999999541 ) ) ;
#4549 = VECTOR ( 'NONE', #988, 1000.000000000000000 ) ;
#4550 = DIRECTION ( 'NONE',  ( 0.000000000000000000, -1.000000000000000000, 0.000000000000000000 ) ) ;
#4551 = CARTESIAN_POINT ( 'NONE',  ( 46.39470435167399387, 11.00000000000000000, 13.28651226322299905 ) ) ;
#4552 = CARTESIAN_POINT ( 'NONE',  ( 37.46304495415402158, 1.816255347166999545, 2.642175088401002458 ) ) ;
#4553 = AXIS2_PLACEMENT_3D ( 'NONE', #4348, #745, #643 ) ;
#4554 = CARTESIAN_POINT ( 'NONE',  ( 35.81499281063899787, 2.341987735079999997E-06, -1.651351381246999761 ) ) ;
#4555 = CYLINDRICAL_SURFACE ( 'NONE', #3855, 0.5999999999999999778 ) ;
#4556 = ORIENTED_EDGE ( 'NONE', *, *, #3046, .T. ) ;
#4557 = EDGE_LOOP ( 'NONE', ( #4341, #6189 ) ) ;
#4558 = CARTESIAN_POINT ( 'NONE',  ( 27.15881584278699989, 0.2989168458109999760, -32.44967188896000465 ) ) ;
#4559 = COORDINATED_UNIVERSAL_TIME_OFFSET ( 3, 0, .AHEAD. ) ;
#4560 = CARTESIAN_POINT ( 'NONE',  ( 26.03317457185199757, 0.05350452608938002091, -30.89691830276001383 ) ) ;
#4561 = CARTESIAN_POINT ( 'NONE',  ( 35.84658393752800265, 0.0005519098403809999821, -1.485344866634999983 ) ) ;
#4562 = CARTESIAN_POINT ( 'NONE',  ( 40.64873218076000683, 1.500000000000000000, -38.67726169336000197 ) ) ;
#4563 = ORIENTED_EDGE ( 'NONE', *, *, #5695, .F. ) ;
#4564 = DIRECTION ( 'NONE',  ( 0.000000000000000000, 1.000000000000000000, 0.000000000000000000 ) ) ;
#4565 = VERTEX_POINT ( 'NONE', #2392 ) ;
#4566 = AXIS2_PLACEMENT_3D ( 'NONE', #3219, #136, #1180 ) ;
#4567 = CARTESIAN_POINT ( 'NONE',  ( 2.546487337083000124, -1.100000000000000046E-14, -48.94825787499999592 ) ) ;
#4568 = CARTESIAN_POINT ( 'NONE',  ( 16.02049146774800192, 7.500000000000000000, -30.78915226599000121 ) ) ;
#4569 = CARTESIAN_POINT ( 'NONE',  ( 37.20234116441800154, 2.104000058122000194, 2.585554635270000290 ) ) ;
#4570 = CARTESIAN_POINT ( 'NONE',  ( 27.16936577264500130, 9.000000000000000000, -6.923548361802999374 ) ) ;
#4571 = EDGE_CURVE ( 'NONE', #1328, #6398, #5253, .T. ) ;
#4572 = CARTESIAN_POINT ( 'NONE',  ( 40.68946564262600418, 11.78749999999999964, -36.75333019218999908 ) ) ;
#4573 = EDGE_LOOP ( 'NONE', ( #3847, #4684, #26, #748 ) ) ;
#4574 = FACE_BOUND ( 'NONE', #3284, .T. ) ;
#4575 = DIRECTION ( 'NONE',  ( 0.000000000000000000, -1.000000000000000000, 0.000000000000000000 ) ) ;
#4576 = CARTESIAN_POINT ( 'NONE',  ( 37.52171003491899626, 7.181714392358001575, 2.712089409160002074 ) ) ;
#4577 = VERTEX_POINT ( 'NONE', #3407 ) ;
#4578 = CARTESIAN_POINT ( 'NONE',  ( -2.382568955332999838, 8.174550594544999882, -107.9275364110000055 ) ) ;
#4579 = CARTESIAN_POINT ( 'NONE',  ( 25.90959260791901642, 1.973937729587997847, -34.52928208591001180 ) ) ;
#4580 = DIRECTION ( 'NONE',  ( 0.000000000000000000, 1.000000000000000000, 0.000000000000000000 ) ) ;
#4581 = DIRECTION ( 'NONE',  ( -0.7660444431187601877, 0.000000000000000000, 0.6427876096867990441 ) ) ;
#4582 = ADVANCED_FACE ( 'NONE', ( #3309 ), #164, .T. ) ;
#4583 = CARTESIAN_POINT ( 'NONE',  ( 35.81492843363199796, 2.055176813839999917E-06, -1.651689693011999971 ) ) ;
#4584 = EDGE_CURVE ( 'NONE', #2198, #415, #657, .T. ) ;
#4585 = DIRECTION ( 'NONE',  ( -0.4241403968610368280, -2.000000000000173754E-16, -0.9055964464100785261 ) ) ;
#4586 = ORIENTED_EDGE ( 'NONE', *, *, #3486, .T. ) ;
#4587 = ORIENTED_EDGE ( 'NONE', *, *, #4112, .T. ) ;
#4588 = CARTESIAN_POINT ( 'NONE',  ( 28.10073690850299855, 1.038238928084999735, -33.93150755170000110 ) ) ;
#4589 = CALENDAR_DATE ( 2026, 15, 6 ) ;
#4590 = VECTOR ( 'NONE', #5321, 1000.000000000000114 ) ;
#4591 = CARTESIAN_POINT ( 'NONE',  ( 25.87664371778701522, 0.0001244484261287001278, -30.22630955840999079 ) ) ;
#4592 = CARTESIAN_POINT ( 'NONE',  ( 36.16482277969001302, 0.2178104039570002703, -0.01423651331010000742 ) ) ;
#4593 = CARTESIAN_POINT ( 'NONE',  ( 25.85650090989899752, 7.570731440875999141, -34.48914669613999706 ) ) ;
#4594 = ORIENTED_EDGE ( 'NONE', *, *, #3741, .T. ) ;
#4595 = CARTESIAN_POINT ( 'NONE',  ( 36.95944137128000051, 1.872250827275000029, 2.336416441497000118 ) ) ;
#4596 = ORIENTED_EDGE ( 'NONE', *, *, #5761, .F. ) ;
#4597 = AXIS2_PLACEMENT_3D ( 'NONE', #2153, #2860, #4934 ) ;
#4598 = CARTESIAN_POINT ( 'NONE',  ( 23.74732300001600294, 9.000000000000000000, -32.71936140620999822 ) ) ;
#4599 = DIRECTION ( 'NONE',  ( 1.000000000000000000, 0.000000000000000000, 0.000000000000000000 ) ) ;
#4600 = CARTESIAN_POINT ( 'NONE',  ( 36.04214171261600086, 0.6667190048679999537, 0.7190724251299999148 ) ) ;
#4601 = CIRCLE ( 'NONE', #1355, 0.5999999999999999778 ) ;
#4602 = AXIS2_PLACEMENT_3D ( 'NONE', #365, #4505, #3417 ) ;
#4603 = CARTESIAN_POINT ( 'NONE',  ( 37.03916771552599840, 7.077679220882000521, 2.431036355282000017 ) ) ;
#4604 = CARTESIAN_POINT ( 'NONE',  ( 40.68502265963900300, 12.09964513684700016, -36.75862513311999891 ) ) ;
#4605 = ORIENTED_EDGE ( 'NONE', *, *, #3503, .F. ) ;
#4606 = AXIS2_PLACEMENT_3D ( 'NONE', #5064, #6679, #3463 ) ;
#4607 = CARTESIAN_POINT ( 'NONE',  ( 68.32933285914701571, 11.78749999999999964, -3.813419138077000170 ) ) ;
#4608 = EDGE_CURVE ( 'NONE', #2675, #2663, #3080, .T. ) ;
#4609 = ADVANCED_FACE ( 'NONE', ( #257 ), #5500, .F. ) ;
#4610 = CARTESIAN_POINT ( 'NONE',  ( 25.86855155418699681, -2.999999999999999839E-15, -30.19143944885999886 ) ) ;
#4611 = CARTESIAN_POINT ( 'NONE',  ( 28.49974537061300239, 10.80000000000000071, -8.039869391783998509 ) ) ;
#4612 = EDGE_LOOP ( 'NONE', ( #4230, #2356, #339, #3207 ) ) ;
#4613 = AXIS2_PLACEMENT_3D ( 'NONE', #889, #2450, #4517 ) ;
#4614 = CARTESIAN_POINT ( 'NONE',  ( 6.861310489686999858, 5.244829278668000860, -61.86508499067999622 ) ) ;
#4615 = CARTESIAN_POINT ( 'NONE',  ( 25.78700902757702806, 0.1895307890700001774, -31.93148450350001610 ) ) ;
#4616 = DIRECTION ( 'NONE',  ( 1.000000000000000000, 0.000000000000000000, 0.000000000000000000 ) ) ;
#4617 = DIRECTION ( 'NONE',  ( 0.6427876096867960465, 0.000000000000000000, 0.7660444431187626302 ) ) ;
#4618 = EDGE_CURVE ( 'NONE', #4359, #455, #2432, .T. ) ;
#4619 = CARTESIAN_POINT ( 'NONE',  ( 37.52482456733499561, 1.444602332159000024, 2.714661545155000244 ) ) ;
#4620 = DIRECTION ( 'NONE',  ( 0.6427876096867978228, 0.000000000000000000, 0.7660444431187610759 ) ) ;
#4621 = ORIENTED_EDGE ( 'NONE', *, *, #3868, .T. ) ;
#4622 = ORIENTED_EDGE ( 'NONE', *, *, #6260, .F. ) ;
#4623 = CARTESIAN_POINT ( 'NONE',  ( 25.76774392731714869, 0.3866571591351243287, -32.60422478577687855 ) ) ;
#4624 = DIRECTION ( 'NONE',  ( 1.000000000000000000, 0.000000000000000000, 0.000000000000000000 ) ) ;
#4625 = ADVANCED_FACE ( 'NONE', ( #2326 ), #758, .T. ) ;
#4626 = CARTESIAN_POINT ( 'NONE',  ( 25.87532558479900047, 7.969613681209999662E-06, -30.20351877166000065 ) ) ;
#4627 = CARTESIAN_POINT ( 'NONE',  ( 27.98136029753701592, 0.9014231294480004042, -33.76153496447998492 ) ) ;
#4628 = CARTESIAN_POINT ( 'NONE',  ( 37.58304551562100215, 1.481597114916999969, 2.785186188642999827 ) ) ;
#4629 = CARTESIAN_POINT ( 'NONE',  ( 41.06190266176800208, 1.050000000000000044, -37.57640223883999653 ) ) ;
#4630 = ORIENTED_EDGE ( 'NONE', *, *, #3575, .F. ) ;
#4631 = LINE ( 'NONE', #3104, #693 ) ;
#4632 = VERTEX_POINT ( 'NONE', #2807 ) ;
#4633 = CARTESIAN_POINT ( 'NONE',  ( 27.67382483292099948, 9.615305767673000048, -33.66435452521999849 ) ) ;
#4634 = CARTESIAN_POINT ( 'NONE',  ( -3.167662790056999800, 2.527893841522999896, -109.3445095068000086 ) ) ;
#4635 = CARTESIAN_POINT ( 'NONE',  ( 35.84258104643998877, 0.1291427168269999870, -0.5719589651750002224 ) ) ;
#4636 = FACE_OUTER_BOUND ( 'NONE', #5801, .T. ) ;
#4637 = DIRECTION ( 'NONE',  ( -0.9968152208106993983, 1.999999999999395863E-17, 0.07974594384742574038 ) ) ;
#4638 = ORIENTED_EDGE ( 'NONE', *, *, #1761, .T. ) ;
#4639 = DIRECTION ( 'NONE',  ( -0.6427876096867989331, 0.000000000000000000, -0.7660444431187601877 ) ) ;
#4640 = CARTESIAN_POINT ( 'NONE',  ( 25.87723810781399791, 5.333792980600002375E-07, -30.19286890700001535 ) ) ;
#4641 = B_SPLINE_CURVE_WITH_KNOTS ( 'NONE', 8,
 ( #1181, #3688, #2740, #5220, #4307, #670, #5351, #2640, #1152 ),
 .UNSPECIFIED., .F., .F.,
 ( 9, 9 ),
 ( 0.000000000000000000, 1.000000000000000000 ),
 .UNSPECIFIED. ) ;
#4642 = ORIENTED_EDGE ( 'NONE', *, *, #6523, .T. ) ;
#4643 = CARTESIAN_POINT ( 'NONE',  ( 7.010112516154000772, 4.842104375577999775, -61.33208590538000493 ) ) ;
#4644 = CARTESIAN_POINT ( 'NONE',  ( 25.86202639930402469, 0.001007284627336000205, -30.32043434238999069 ) ) ;
#4645 = DIRECTION ( 'NONE',  ( 0.000000000000000000, 1.000000000000000000, -2.200000000000000003E-16 ) ) ;
#4646 = FACE_OUTER_BOUND ( 'NONE', #4513, .T. ) ;
#4647 = AXIS2_PLACEMENT_3D ( 'NONE', #4143, #3496, #1398 ) ;
#4648 = CARTESIAN_POINT ( 'NONE',  ( 36.17572235547799409, 9.500000000000000000, -36.22936808803999753 ) ) ;
#4649 = CARTESIAN_POINT ( 'NONE',  ( 68.78731903104899459, 12.50000000000000000, -3.267612472353999653 ) ) ;
#4650 = ORIENTED_EDGE ( 'NONE', *, *, #3951, .T. ) ;
#4651 = EDGE_LOOP ( 'NONE', ( #3456, #5767 ) ) ;
#4652 = CARTESIAN_POINT ( 'NONE',  ( 25.78620224971511021, 0.9021605973670683287, -33.62585556838460121 ) ) ;
#4653 = EDGE_CURVE ( 'NONE', #311, #3808, #4371, .T. ) ;
#4654 = DIRECTION ( 'NONE',  ( -0.07974594384742568487, -2.891205793294672903E-16, -0.9968152208106992873 ) ) ;
#4655 = EDGE_CURVE ( 'NONE', #749, #5096, #18, .T. ) ;
#4656 = CARTESIAN_POINT ( 'NONE',  ( 25.89731738690299778, 0.0001422773814541000031, -30.24273375609999803 ) ) ;
#4657 = AXIS2_PLACEMENT_3D ( 'NONE', #3452, #3423, #306 ) ;
#4658 = CARTESIAN_POINT ( 'NONE',  ( 27.52920693277800268, 0.5055698104810001370, -33.05794216780001449 ) ) ;
#4659 = EDGE_CURVE ( 'NONE', #6059, #5194, #2738, .T. ) ;
#4660 = CARTESIAN_POINT ( 'NONE',  ( 11.94530745890200052, 1.500000000000000000, -28.88052048012000128 ) ) ;
#4661 = CIRCLE ( 'NONE', #6498, 0.5999999999999998668 ) ;
#4662 = VERTEX_POINT ( 'NONE', #5810 ) ;
#4663 = DIRECTION ( 'NONE',  ( -0.6585051301128203027, 0.000000000000000000, -0.7525762377427935856 ) ) ;
#4664 = ORIENTED_EDGE ( 'NONE', *, *, #6644, .T. ) ;
#4665 = CARTESIAN_POINT ( 'NONE',  ( 19.13893583115299890, 10.80000000000000071, -25.74571750448000174 ) ) ;
#4666 = DIRECTION ( 'NONE',  ( 0.000000000000000000, 1.000000000000000000, 0.000000000000000000 ) ) ;
#4667 = VECTOR ( 'NONE', #5434, 1000.000000000000000 ) ;
#4668 = CARTESIAN_POINT ( 'NONE',  ( 35.87896956778001112, 0.03392927547364998214, -1.029127286845999745 ) ) ;
#4669 = DIRECTION ( 'NONE',  ( 0.000000000000000000, -1.000000000000000000, 0.000000000000000000 ) ) ;
#4670 = CARTESIAN_POINT ( 'NONE',  ( 32.98953447516699811, 8.484185490232999172, -1.409505894144999827 ) ) ;
#4671 = AXIS2_PLACEMENT_3D ( 'NONE', #405, #2474, #1693 ) ;
#4672 = CARTESIAN_POINT ( 'NONE',  ( 40.77694915042900448, 12.26244523515800111, -37.61318112670999625 ) ) ;
#4673 = ORIENTED_EDGE ( 'NONE', *, *, #6591, .T. ) ;
#4674 = CARTESIAN_POINT ( 'NONE',  ( 37.69260015160099897, 6.000000000000000000, 3.053098811051000006 ) ) ;
#4675 = AXIS2_PLACEMENT_3D ( 'NONE', #2066, #5182, #3249 ) ;
#4676 = CARTESIAN_POINT ( 'NONE',  ( 50.65460117794900441, 12.50000000000000000, 8.406627118110000296 ) ) ;
#4677 = ORIENTED_EDGE ( 'NONE', *, *, #757, .T. ) ;
#4678 = DIRECTION ( 'NONE',  ( 0.000000000000000000, 0.000000000000000000, -1.000000000000000000 ) ) ;
#4679 = VECTOR ( 'NONE', #1413, 1000.000000000000000 ) ;
#4680 = CARTESIAN_POINT ( 'NONE',  ( 25.86429357396901807, 0.0004272162009402003077, -30.27559726290003184 ) ) ;
#4681 = CARTESIAN_POINT ( 'NONE',  ( 2.832337209942999756, 6.000000000000000000, -69.65551667206999298 ) ) ;
#4682 = FACE_OUTER_BOUND ( 'NONE', #2926, .T. ) ;
#4683 = CARTESIAN_POINT ( 'NONE',  ( 70.21696222634099627, 11.00000000000000000, -3.439217309890000074 ) ) ;
#4684 = ORIENTED_EDGE ( 'NONE', *, *, #1591, .T. ) ;
#4685 = VERTEX_POINT ( 'NONE', #666 ) ;
#4686 = CARTESIAN_POINT ( 'NONE',  ( 25.77396537394016462, 0.2990124993953948151, -32.33533138344451885 ) ) ;
#4687 = DIRECTION ( 'NONE',  ( 0.000000000000000000, 2.200000000000000003E-16, 1.000000000000000000 ) ) ;
#4688 = CARTESIAN_POINT ( 'NONE',  ( 25.87717765014799909, 2.539591510400000420E-07, -30.19182371068999871 ) ) ;
#4689 = ADVANCED_FACE ( 'NONE', ( #2871 ), #3347, .F. ) ;
#4690 = VECTOR ( 'NONE', #1120, 1000.000000000000000 ) ;
#4691 = EDGE_CURVE ( 'NONE', #5371, #156, #1827, .T. ) ;
#4692 = CARTESIAN_POINT ( 'NONE',  ( 25.85894071052997489, 8.723569224800004579E-07, -30.19715082125998151 ) ) ;
#4693 = CARTESIAN_POINT ( 'NONE',  ( 5.267287708431999782, 7.114470243289000351, -109.3305677567000060 ) ) ;
#4694 = CARTESIAN_POINT ( 'NONE',  ( 35.81406151077299427, 4.683413871389996780E-06, -1.650385638903998586 ) ) ;
#4695 = ORIENTED_EDGE ( 'NONE', *, *, #144, .F. ) ;
#4696 = CARTESIAN_POINT ( 'NONE',  ( 3.298222869284999970, 9.000000000000000000, -107.2379312188000000 ) ) ;
#4697 = ORIENTED_EDGE ( 'NONE', *, *, #1056, .T. ) ;
#4698 = FACE_OUTER_BOUND ( 'NONE', #2075, .T. ) ;
#4699 = CIRCLE ( 'NONE', #3076, 0.8499999999999990896 ) ;
#4700 = CARTESIAN_POINT ( 'NONE',  ( 34.69201016469499876, 11.00000000000000000, -39.55331124865000447 ) ) ;
#4701 = CARTESIAN_POINT ( 'NONE',  ( 35.81446953803000355, 2.489603112110000058E-06, -1.651811984849002490 ) ) ;
#4702 = CARTESIAN_POINT ( 'NONE',  ( 28.14406282888900179, 10.80000000000000071, -8.463755338704999076 ) ) ;
#4703 = CARTESIAN_POINT ( 'NONE',  ( 69.00116164297799060, 0.04811718976742000026, -3.489616527226000464 ) ) ;
#4704 = AXIS2_PLACEMENT_3D ( 'NONE', #1276, #3340, #2827 ) ;
#4705 = CYLINDRICAL_SURFACE ( 'NONE', #2754, 0.5000000000000000000 ) ;
#4706 = ORIENTED_EDGE ( 'NONE', *, *, #300, .T. ) ;
#4707 = EDGE_CURVE ( 'NONE', #2627, #2990, #2301, .T. ) ;
#4708 = ADVANCED_FACE ( 'NONE', ( #3891 ), #3825, .T. ) ;
#4709 = CARTESIAN_POINT ( 'NONE',  ( 34.69201016469499876, 8.881784197000999888E-16, -39.55331124865000447 ) ) ;
#4710 = AXIS2_PLACEMENT_3D ( 'NONE', #1072, #3648, #6216 ) ;
#4711 = VECTOR ( 'NONE', #3322, 1000.000000000000000 ) ;
#4712 = VECTOR ( 'NONE', #3775, 1000.000000000000000 ) ;
#4713 = CARTESIAN_POINT ( 'NONE',  ( 59.36908318924299977, 1.500000000000000000, 6.968641278527000438 ) ) ;
#4714 = EDGE_LOOP ( 'NONE', ( #6305, #6680, #5769, #1017 ) ) ;
#4715 = VECTOR ( 'NONE', #1767, 1000.000000000000114 ) ;
#4716 = VECTOR ( 'NONE', #5689, 1000.000000000000000 ) ;
#4717 = CARTESIAN_POINT ( 'NONE',  ( 6.998615137280000731, 4.910508634239000081, -61.37200224949999949 ) ) ;
#4718 = CARTESIAN_POINT ( 'NONE',  ( 25.86174322041098605, 0.001098405758240001600, -30.32603704413001822 ) ) ;
#4719 = DIRECTION ( 'NONE',  ( 0.000000000000000000, 1.000000000000000000, 0.000000000000000000 ) ) ;
#4720 = CARTESIAN_POINT ( 'NONE',  ( 20.70207449804499689, 8.954849919959999127, -29.61287463232000050 ) ) ;
#4721 = CARTESIAN_POINT ( 'NONE',  ( 26.04546980513999799, 3.000000000000000000, -34.64770817618000365 ) ) ;
#4722 = VECTOR ( 'NONE', #4585, 1000.000000000000000 ) ;
#4723 = CARTESIAN_POINT ( 'NONE',  ( 68.47429073339199590, 12.41819299118500020, -3.640665070674000248 ) ) ;
#4724 = ORIENTED_EDGE ( 'NONE', *, *, #21, .T. ) ;
#4725 = ORIENTED_EDGE ( 'NONE', *, *, #6230, .T. ) ;
#4726 = CARTESIAN_POINT ( 'NONE',  ( 25.81297753613311485, 0.07922073896684365957, -31.32367580468713086 ) ) ;
#4727 = CARTESIAN_POINT ( 'NONE',  ( 17.16009261396400021, 7.500000000000000000, -31.78630466522000475 ) ) ;
#4728 = CARTESIAN_POINT ( 'NONE',  ( 68.10371414713200977, 0.5999999999999999778, -3.624102560038000131 ) ) ;
#4729 = VECTOR ( 'NONE', #95, 1000.000000000000000 ) ;
#4730 = CARTESIAN_POINT ( 'NONE',  ( 5.779631426108000625, 6.763452784307007803, -109.6815852156000091 ) ) ;
#4731 = EDGE_LOOP ( 'NONE', ( #578, #5797, #801, #3668 ) ) ;
#4732 = DIRECTION ( 'NONE',  ( 0.6334076177927103757, 0.000000000000000000, 0.7738183182906462898 ) ) ;
#4733 = ORIENTED_EDGE ( 'NONE', *, *, #6190, .T. ) ;
#4734 = DIRECTION ( 'NONE',  ( 0.000000000000000000, 1.000000000000000000, 0.000000000000000000 ) ) ;
#4735 = CARTESIAN_POINT ( 'NONE',  ( 5.832337209943000644, 6.000000000000000000, -107.4450380000000109 ) ) ;
#4736 = FACE_OUTER_BOUND ( 'NONE', #91, .T. ) ;
#4737 = CARTESIAN_POINT ( 'NONE',  ( 20.83012237483400142, 10.65411380662800056, -27.92180631675000058 ) ) ;
#4738 = CARTESIAN_POINT ( 'NONE',  ( 36.72931835042097504, 1.200214943215998531, 1.764888872074998227 ) ) ;
#4739 = CARTESIAN_POINT ( 'NONE',  ( 20.90321018855299684, 10.65729015676100033, -27.98313427429000200 ) ) ;
#4740 = CARTESIAN_POINT ( 'NONE',  ( 68.31629768194501651, 0.03524933339874999905, -3.370755368701999988 ) ) ;
#4741 = AXIS2_PLACEMENT_3D ( 'NONE', #6514, #823, #1814 ) ;
#4742 = FACE_BOUND ( 'NONE', #885, .T. ) ;
#4743 = EDGE_CURVE ( 'NONE', #5164, #2592, #1347, .T. ) ;
#4744 = ORIENTED_EDGE ( 'NONE', *, *, #3990, .T. ) ;
#4745 = EDGE_CURVE ( 'NONE', #6349, #5814, #2358, .T. ) ;
#4746 = FACE_OUTER_BOUND ( 'NONE', #4263, .T. ) ;
#4747 = LINE ( 'NONE', #106, #6548 ) ;
#4748 = EDGE_CURVE ( 'NONE', #1678, #5749, #2975, .T. ) ;
#4749 = EDGE_LOOP ( 'NONE', ( #2393, #2869, #3678, #5608 ) ) ;
#4750 = FACE_OUTER_BOUND ( 'NONE', #2249, .T. ) ;
#4751 = CARTESIAN_POINT ( 'NONE',  ( 25.79862339829301021, 0.1306975253730000286, -31.64526200390001875 ) ) ;
#4752 = CARTESIAN_POINT ( 'NONE',  ( 5.685890600537000239, 5.292893218813000011, -110.9450379999999967 ) ) ;
#4753 = FACE_OUTER_BOUND ( 'NONE', #1838, .T. ) ;
#4754 = CARTESIAN_POINT ( 'NONE',  ( 37.61234877847199698, 1.500000000000000000, 2.820108457419999937 ) ) ;
#4755 = CARTESIAN_POINT ( 'NONE',  ( 4.827714977881999658, 7.500000000000000000, -50.00998780169000213 ) ) ;
#4756 = ORIENTED_EDGE ( 'NONE', *, *, #1556, .T. ) ;
#4757 = ORIENTED_EDGE ( 'NONE', *, *, #6049, .F. ) ;
#4758 = CARTESIAN_POINT ( 'NONE',  ( 25.77270029288823494, 0.3132503052638989649, -32.38213152108394155 ) ) ;
#4759 = DIRECTION ( 'NONE',  ( 0.6427876096867990441, 0.000000000000000000, 0.7660444431187601877 ) ) ;
#4760 = CARTESIAN_POINT ( 'NONE',  ( 25.92805220524000021, 0.0006134570270874999728, -30.29753627242999769 ) ) ;
#4761 = CARTESIAN_POINT ( 'NONE',  ( 3.268137160922000906, 9.000000000000000000, -107.4450379999999541 ) ) ;
#4762 = EDGE_LOOP ( 'NONE', ( #2886, #3293 ) ) ;
#4763 = CARTESIAN_POINT ( 'NONE',  ( 35.79257213957100703, 5.295946516899998711E-07, -1.652134485031002686 ) ) ;
#4764 = ORIENTED_EDGE ( 'NONE', *, *, #2096, .F. ) ;
#4765 = CIRCLE ( 'NONE', #1845, 0.6000000000000009770 ) ;
#4766 = LINE ( 'NONE', #5205, #6427 ) ;
#4767 = ORIENTED_EDGE ( 'NONE', *, *, #3169, .T. ) ;
#4768 = CARTESIAN_POINT ( 'NONE',  ( 5.332337209943000644, 5.146446609407000494, -110.5914846093999984 ) ) ;
#4769 = CARTESIAN_POINT ( 'NONE',  ( -0.1676627900569999940, -2.399999999999999871E-14, -107.2379312188000000 ) ) ;
#4770 = VECTOR ( 'NONE', #5661, 1000.000000000000000 ) ;
#4771 = CARTESIAN_POINT ( 'NONE',  ( 36.38315634150999500, 0.8000620787039998127, 1.125174023239000398 ) ) ;
#4772 = LINE ( 'NONE', #5344, #3358 ) ;
#4773 = CARTESIAN_POINT ( 'NONE',  ( 69.57814908794600228, 0.4059798946429999944, -3.645430415043999783 ) ) ;
#4774 = CARTESIAN_POINT ( 'NONE',  ( 40.52483475251599998, 12.30172709880700133, -37.83900780676999887 ) ) ;
#4775 = ORIENTED_EDGE ( 'NONE', *, *, #5436, .T. ) ;
#4776 = CARTESIAN_POINT ( 'NONE',  ( 69.38928936650499679, 12.50000000000000000, -2.092013673799999918 ) ) ;
#4777 = EDGE_CURVE ( 'NONE', #6011, #455, #4501, .T. ) ;
#4778 = DIRECTION ( 'NONE',  ( 0.9968152208106985102, -1.999999999999394014E-17, -0.07974594384743585729 ) ) ;
#4779 = VERTEX_POINT ( 'NONE', #6594 ) ;
#4780 = CARTESIAN_POINT ( 'NONE',  ( 40.77872702730000043, 1.267161835447000229, -38.52233986797999421 ) ) ;
#4781 = CARTESIAN_POINT ( 'NONE',  ( 25.86743997743599977, 3.810177640000000084E-08, -30.19279302059999992 ) ) ;
#4782 = DIRECTION ( 'NONE',  ( 0.7738183182906459567, -1.445602896647338670E-16, -0.6334076177927103757 ) ) ;
#4783 = DIRECTION ( 'NONE',  ( -8.136081577162520006E-17, 1.000000000000000000, -3.129836592504665140E-16 ) ) ;
#4784 = AXIS2_PLACEMENT_3D ( 'NONE', #2097, #5778, #1047 ) ;
#4785 = CARTESIAN_POINT ( 'NONE',  ( 67.57589708866579770, 1.500000000000000000, 1.191902958312946126 ) ) ;
#4786 = DIRECTION ( 'NONE',  ( 0.7660444431187601877, 0.000000000000000000, -0.6427876096867991551 ) ) ;
#4787 = ORIENTED_EDGE ( 'NONE', *, *, #3777, .T. ) ;
#4788 = VECTOR ( 'NONE', #6119, 1000.000000000000000 ) ;
#4789 = VERTEX_POINT ( 'NONE', #1892 ) ;
#4790 = CARTESIAN_POINT ( 'NONE',  ( 25.90635216709799948, 11.90000000000000036, -25.13206950081999835 ) ) ;
#4791 = CARTESIAN_POINT ( 'NONE',  ( 20.37807980401802865, 9.322013884750004920, -27.50198075492999195 ) ) ;
#4792 = CARTESIAN_POINT ( 'NONE',  ( 68.78731903104899459, 12.50000000000000000, -3.267612472353999653 ) ) ;
#4793 = EDGE_CURVE ( 'NONE', #4577, #46, #5077, .T. ) ;
#4794 = EDGE_CURVE ( 'NONE', #6261, #4360, #698, .T. ) ;
#4795 = DIRECTION ( 'NONE',  ( -0.7660444431187601877, 0.000000000000000000, 0.6427876096867990441 ) ) ;
#4796 = VERTEX_POINT ( 'NONE', #4567 ) ;
#4797 = CARTESIAN_POINT ( 'NONE',  ( 35.81407318445300092, 6.048460769130000157E-06, -1.649523465891000074 ) ) ;
#4798 = EDGE_LOOP ( 'NONE', ( #104, #5740, #4326, #894 ) ) ;
#4799 = DIRECTION ( 'NONE',  ( 0.000000000000000000, 1.000000000000000000, 0.000000000000000000 ) ) ;
#4800 = CARTESIAN_POINT ( 'NONE',  ( 27.57759995228300198, 12.50000000000000000, -23.14035394871000051 ) ) ;
#4801 = CARTESIAN_POINT ( 'NONE',  ( 36.73926373048199423, 3.000000000000000000, 4.579909103185999975 ) ) ;
#4802 = CARTESIAN_POINT ( 'NONE',  ( 35.89627985873699600, 0.05523452828295003642, -0.8789278372870004130 ) ) ;
#4803 = CARTESIAN_POINT ( 'NONE',  ( 37.67152357642000027, 7.498012803828999928, 2.890630235466999931 ) ) ;
#4804 = CARTESIAN_POINT ( 'NONE',  ( 70.07306638737600224, 1.283177953896999846, -3.610705692934999878 ) ) ;
#4805 = CARTESIAN_POINT ( 'NONE',  ( 40.74169157681400577, 11.27923512394900030, -38.56647699914999805 ) ) ;
#4806 = ORIENTED_EDGE ( 'NONE', *, *, #4370, .F. ) ;
#4807 = DIRECTION ( 'NONE',  ( 0.000000000000000000, -0.7071067811865497932, -0.7071067811865454633 ) ) ;
#4808 = AXIS2_PLACEMENT_3D ( 'NONE', #3351, #2843, #3862 ) ;
#4809 = CARTESIAN_POINT ( 'NONE',  ( 51.11422784382000373, 11.90000000000000036, 8.020954552298000806 ) ) ;
#4810 = ORIENTED_EDGE ( 'NONE', *, *, #6511, .T. ) ;
#4811 = CARTESIAN_POINT ( 'NONE',  ( 34.69201016469499876, 11.00000000000000000, -39.55331124865000447 ) ) ;
#4812 = VECTOR ( 'NONE', #1448, 1000.000000000000000 ) ;
#4813 = CARTESIAN_POINT ( 'NONE',  ( 25.86710269178697885, 4.686403199861002378E-05, -30.22007188076002748 ) ) ;
#4814 = CARTESIAN_POINT ( 'NONE',  ( 15.54089908671999964, 1.776356839399999804E-15, -23.48362100647999995 ) ) ;
#4815 = EDGE_CURVE ( 'NONE', #2850, #2486, #3949, .T. ) ;
#4816 = AXIS2_PLACEMENT_3D ( 'NONE', #4320, #5862, #650 ) ;
#4817 = CARTESIAN_POINT ( 'NONE',  ( 21.24017419773299764, 8.991285874900000863, -30.36014362507999920 ) ) ;
#4818 = EDGE_CURVE ( 'NONE', #6209, #5859, #5977, .T. ) ;
#4819 = DIRECTION ( 'NONE',  ( 0.6427876096867991551, 0.000000000000000000, 0.7660444431187601877 ) ) ;
#4820 = CARTESIAN_POINT ( 'NONE',  ( 26.80175303527298425, 0.1530191455299998726, -31.84045872793998200 ) ) ;
#4821 = CARTESIAN_POINT ( 'NONE',  ( 36.11020129843399218, 7.570184038524999437, 1.549672345715999766 ) ) ;
#4822 = AXIS2_PLACEMENT_3D ( 'NONE', #515, #3736, #5792 ) ;
#4823 = ORIENTED_EDGE ( 'NONE', *, *, #385, .F. ) ;
#4824 = AXIS2_PLACEMENT_3D ( 'NONE', #528, #6155, #2501 ) ;
#4825 = EDGE_LOOP ( 'NONE', ( #5466, #3568, #4497, #211 ) ) ;
#4826 = CARTESIAN_POINT ( 'NONE',  ( -2.667662790057000244, 3.500000000000000000, -110.9450379999999967 ) ) ;
#4827 = CARTESIAN_POINT ( 'NONE',  ( 40.44118909585100141, 12.16927872969599811, -36.59101617011999963 ) ) ;
#4828 = ADVANCED_FACE ( 'NONE', ( #2936 ), #6210, .T. ) ;
#4829 = ADVANCED_FACE ( 'NONE', ( #1382 ), #5542, .T. ) ;
#4830 = DIRECTION ( 'NONE',  ( 1.000000000000000000, 0.000000000000000000, 0.000000000000000000 ) ) ;
#4831 = CARTESIAN_POINT ( 'NONE',  ( 6.985781213999000094, 4.027004312841000022, -61.41678120667999963 ) ) ;
#4832 = ORIENTED_EDGE ( 'NONE', *, *, #23, .F. ) ;
#4833 = CARTESIAN_POINT ( 'NONE',  ( 35.81414312163902025, 1.789187550693999528E-05, -1.644356384760999434 ) ) ;
#4835 = ORIENTED_EDGE ( 'NONE', *, *, #5774, .F. ) ;
#4834 = EDGE_CURVE ( 'NONE', #3594, #2567, #329, .T. ) ;
#4836 = CIRCLE ( 'NONE', #4405, 0.8499999999999994227 ) ;
#4837 = LINE ( 'NONE', #289, #4170 ) ;
#4838 = CARTESIAN_POINT ( 'NONE',  ( 14.62094954563200133, 9.000000000000000000, -20.09507025341000030 ) ) ;
#4839 = DIRECTION ( 'NONE',  ( 0.000000000000000000, -2.200000000000000003E-16, -1.000000000000000000 ) ) ;
#4840 = CARTESIAN_POINT ( 'NONE',  ( 35.81602289321798338, 9.508957980349996099E-06, -1.645938317109001847 ) ) ;
#4841 = CARTESIAN_POINT ( 'NONE',  ( 28.51527792428900199, 12.50000000000000000, -29.80149199118000070 ) ) ;
#4842 = DIRECTION ( 'NONE',  ( 0.9055964464100778599, 0.000000000000000000, -0.4241403968610381603 ) ) ;
#4843 = CARTESIAN_POINT ( 'NONE',  ( 35.81847134147199796, 0.007571860885825999928, -1.328659051453000117 ) ) ;
#4844 = ORIENTED_EDGE ( 'NONE', *, *, #3297, .F. ) ;
#4845 = CARTESIAN_POINT ( 'NONE',  ( 21.35918978494999720, 10.68484985046200109, -28.36574658545000105 ) ) ;
#4846 = DIRECTION ( 'NONE',  ( 1.078313318704245828E-16, -1.000000000000000000, 1.317348537388759879E-16 ) ) ;
#4847 = CARTESIAN_POINT ( 'NONE',  ( 60.33326460377319478, 9.500000000000000000, 8.117707943205138221 ) ) ;
#4848 = ORIENTED_EDGE ( 'NONE', *, *, #3042, .T. ) ;
#4849 = CARTESIAN_POINT ( 'NONE',  ( 40.64873218076000683, 1.500000000000000000, -38.67726169336000197 ) ) ;
#4850 = CARTESIAN_POINT ( 'NONE',  ( 26.43848843627401735, 0.6532667266930006766, -32.46443109053000597 ) ) ;
#4851 = CYLINDRICAL_SURFACE ( 'NONE', #1575, 1.499999999999999556 ) ;
#4852 = FACE_OUTER_BOUND ( 'NONE', #4965, .T. ) ;
#4853 = DIRECTION ( 'NONE',  ( 0.000000000000000000, -1.000000000000000000, 0.000000000000000000 ) ) ;
#4854 = CARTESIAN_POINT ( 'NONE',  ( 25.86994416914500405, 3.838941856180000430E-06, -30.19744046422001560 ) ) ;
#4855 = CIRCLE ( 'NONE', #1950, 30.00000000000001066 ) ;
#4856 = CARTESIAN_POINT ( 'NONE',  ( 68.91109774604601057, 11.69868224291799841, -4.054355839548000162 ) ) ;
#4857 = ORIENTED_EDGE ( 'NONE', *, *, #634, .T. ) ;
#4858 = ORIENTED_EDGE ( 'NONE', *, *, #5190, .F. ) ;
#4859 = DIRECTION ( 'NONE',  ( 0.9968152208106985102, -1.999999999999394014E-17, -0.07974594384743585729 ) ) ;
#4860 = CARTESIAN_POINT ( 'NONE',  ( 69.84813555389200701, 11.86626985150200042, -3.570309945218999914 ) ) ;
#4861 = B_SPLINE_CURVE_WITH_KNOTS ( 'NONE', 10,
 ( #3616, #4634, #3141, #6693, #2059, #3107, #3680, #64, #2631, #1585, #3712 ),
 .UNSPECIFIED., .F., .F.,
 ( 11, 11 ),
 ( 1.207689742351999884, 6.437403464741999315 ),
 .UNSPECIFIED. ) ;
#4862 = CARTESIAN_POINT ( 'NONE',  ( 25.58588440017400245, 11.90000000000000036, -21.46910616353000023 ) ) ;
#4863 = CARTESIAN_POINT ( 'NONE',  ( 70.21696222634099627, 11.00000000000000000, -3.439217309890000074 ) ) ;
#4864 = VERTEX_POINT ( 'NONE', #3513 ) ;
#4865 = EDGE_CURVE ( 'NONE', #1393, #647, #5580, .T. ) ;
#4866 = ADVANCED_FACE ( 'NONE', ( #3443 ), #5008, .T. ) ;
#4867 = ORIENTED_EDGE ( 'NONE', *, *, #6224, .F. ) ;
#4868 = LINE ( 'NONE', #3884, #4712 ) ;
#4869 = DIRECTION ( 'NONE',  ( 1.000000000000000000, 0.000000000000000000, 0.000000000000000000 ) ) ;
#4870 = EDGE_CURVE ( 'NONE', #2455, #2660, #2366, .T. ) ;
#4871 = CARTESIAN_POINT ( 'NONE',  ( 35.82094673099403082, 1.016991091299999975E-07, -1.656197492948001893 ) ) ;
#4872 = DIRECTION ( 'NONE',  ( -0.9078645223467951553, 9.223800322369918078E-17, 0.4192636510169055475 ) ) ;
#4873 = DIRECTION ( 'NONE',  ( -0.000000000000000000, 1.000000000000000000, 0.000000000000000000 ) ) ;
#4874 = CARTESIAN_POINT ( 'NONE',  ( 35.81408718751400500, 7.894894941569999565E-06, -1.648488865411000148 ) ) ;
#4875 = ORIENTED_EDGE ( 'NONE', *, *, #1774, .T. ) ;
#4876 = CARTESIAN_POINT ( 'NONE',  ( 19.25564788445300124, 10.80000000000000071, -25.97966445995999862 ) ) ;
#4877 = CARTESIAN_POINT ( 'NONE',  ( 37.26316060344099412, 0.000000000000000000, -36.48913347616999658 ) ) ;
#4878 = ADVANCED_FACE ( 'NONE', ( #3039 ), #57, .T. ) ;
#4879 = EDGE_CURVE ( 'NONE', #6277, #1212, #4434, .T. ) ;
#4880 = CARTESIAN_POINT ( 'NONE',  ( 51.75701545350700172, 8.881784197000999888E-16, 8.786998995416999136 ) ) ;
#4881 = CARTESIAN_POINT ( 'NONE',  ( 40.78970593075000295, 0.6629130978799999685, -38.23241884320000139 ) ) ;
#4882 = CARTESIAN_POINT ( 'NONE',  ( 27.08739667074803492, 2.062508559219998094, -33.17228287063001346 ) ) ;
#4883 = CARTESIAN_POINT ( 'NONE',  ( 13.30370212851699918, -4.000000000000000000, -29.51673107541000363 ) ) ;
#4884 = CARTESIAN_POINT ( 'NONE',  ( 2.832337209943001533, -2.398000000000002126E-14, -107.4450379999999541 ) ) ;
#4885 = FACE_OUTER_BOUND ( 'NONE', #2819, .T. ) ;
#4886 = CARTESIAN_POINT ( 'NONE',  ( 25.92805220523998955, 0.0006134570270875002980, -30.29753627243001191 ) ) ;
#4887 = CARTESIAN_POINT ( 'NONE',  ( 37.65738317085899922, 6.332811537780999700, 3.018850971148000273 ) ) ;
#4888 = ORIENTED_EDGE ( 'NONE', *, *, #1132, .F. ) ;
#4889 = EDGE_LOOP ( 'NONE', ( #3945, #3151, #2971, #4867 ) ) ;
#4890 = CARTESIAN_POINT ( 'NONE',  ( 20.68775344203900346, 10.65336895904700043, -27.79470544441000257 ) ) ;
#4891 = AXIS2_PLACEMENT_3D ( 'NONE', #111, #1663, #1699 ) ;
#4892 = CARTESIAN_POINT ( 'NONE',  ( 69.08525142017300880, 12.43390881655899882, -3.370749110134000137 ) ) ;
#4893 = FACE_OUTER_BOUND ( 'NONE', #1217, .T. ) ;
#4894 = CARTESIAN_POINT ( 'NONE',  ( 35.81130301355999990, 5.085057219999999584E-08, -1.655454000616000121 ) ) ;
#4895 = CARTESIAN_POINT ( 'NONE',  ( 6.980522101672000268, 4.004852587169000167, -61.43520448742999918 ) ) ;
#4896 = ORIENTED_EDGE ( 'NONE', *, *, #5069, .T. ) ;
#4897 = ORIENTED_EDGE ( 'NONE', *, *, #3296, .T. ) ;
#4898 = CARTESIAN_POINT ( 'NONE',  ( -3.167662790056999800, -1.288999999999999922E-14, -58.05141188318999923 ) ) ;
#4899 = EDGE_CURVE ( 'NONE', #895, #1839, #1244, .T. ) ;
#4900 = FACE_OUTER_BOUND ( 'NONE', #5391, .T. ) ;
#4901 = EDGE_CURVE ( 'NONE', #5790, #3740, #2105, .T. ) ;
#4902 = CARTESIAN_POINT ( 'NONE',  ( 37.29552390881098489, 1.695665171224000067, 2.472556358262999243 ) ) ;
#4903 = DIRECTION ( 'NONE',  ( -0.6427876096867991551, 0.000000000000000000, -0.7660444431187599656 ) ) ;
#4904 = FACE_OUTER_BOUND ( 'NONE', #4798, .T. ) ;
#4905 = CARTESIAN_POINT ( 'NONE',  ( 35.81410585285200199, 1.077961659378999930E-05, -1.647109403840000041 ) ) ;
#4906 = EDGE_LOOP ( 'NONE', ( #1235, #5728, #4923, #917 ) ) ;
#4907 = CARTESIAN_POINT ( 'NONE',  ( 22.72750926798403270, 8.999999999999998224, -29.51390295899997795 ) ) ;
#4908 = FACE_OUTER_BOUND ( 'NONE', #4612, .T. ) ;
#4909 = CARTESIAN_POINT ( 'NONE',  ( -2.587244591914997560, 1.081238719765000633, -108.5262767196999505 ) ) ;
#4910 = EDGE_CURVE ( 'NONE', #2465, #1992, #493, .T. ) ;
#4911 = CARTESIAN_POINT ( 'NONE',  ( 5.685890600533999972, 3.707106781186999989, -110.9450379999999967 ) ) ;
#4912 = APPROVAL ( #862, 'UNSPECIFIED' ) ;
#4913 = CARTESIAN_POINT ( 'NONE',  ( 22.00773040517200485, -4.000000000000000311E-15, -20.18027251698000057 ) ) ;
#4914 = CARTESIAN_POINT ( 'NONE',  ( 27.06063577335596548, 2.017707998878000009, -33.18124646012998369 ) ) ;
#4915 = B_SPLINE_CURVE_WITH_KNOTS ( 'NONE', 5,
 ( #4665, #62, #3615, #5709, #3711, #5770 ),
 .UNSPECIFIED., .F., .F.,
 ( 6, 6 ),
 ( 46.48713336200700041, 47.79435256200800097 ),
 .UNSPECIFIED. ) ;
#4916 = DIRECTION ( 'NONE',  ( 1.000000000000000000, 0.000000000000000000, 0.000000000000000000 ) ) ;
#4917 = CARTESIAN_POINT ( 'NONE',  ( 5.832337209943000644, 2.527893841523999985, -109.3445095068000086 ) ) ;
#4918 = AXIS2_PLACEMENT_3D ( 'NONE', #4948, #4978, #808 ) ;
#4919 = DIRECTION ( 'NONE',  ( 0.000000000000000000, 1.000000000000000000, -2.200000000000000003E-16 ) ) ;
#4920 = CARTESIAN_POINT ( 'NONE',  ( 25.89090755580399517, 8.434862677697995326E-05, -30.23130408615999087 ) ) ;
#4921 = CARTESIAN_POINT ( 'NONE',  ( 69.87028915267400464, 11.43692014435299953, -3.771050756063999643 ) ) ;
#4922 = ORIENTED_EDGE ( 'NONE', *, *, #2225, .T. ) ;
#4923 = ORIENTED_EDGE ( 'NONE', *, *, #6509, .T. ) ;
#4924 = CIRCLE ( 'NONE', #2002, 3.000000000000000000 ) ;
#4925 = CARTESIAN_POINT ( 'NONE',  ( 20.23213833084000157, 10.66637787519599989, -27.34803093726999990 ) ) ;
#4926 = CARTESIAN_POINT ( 'NONE',  ( 69.62809873014199979, 12.10888813366999983, -3.532535447614999935 ) ) ;
#4927 = DIRECTION ( 'NONE',  ( -0.9055964464100800804, 0.000000000000000000, 0.4241403968610337194 ) ) ;
#4928 = AXIS2_PLACEMENT_3D ( 'NONE', #1706, #2791, #3232 ) ;
#4929 = CARTESIAN_POINT ( 'NONE',  ( 40.64873218076000683, 1.500000000000000000, -38.67726169336000197 ) ) ;
#4930 = AXIS2_PLACEMENT_3D ( 'NONE', #4713, #1625, #6364 ) ;
#4931 = CARTESIAN_POINT ( 'NONE',  ( 6.861567712151999565, 3.755259536662999942, -61.86411965548000325 ) ) ;
#4932 = ORIENTED_EDGE ( 'NONE', *, *, #6399, .T. ) ;
#4933 = ORIENTED_EDGE ( 'NONE', *, *, #4537, .F. ) ;
#4934 = DIRECTION ( 'NONE',  ( 1.000000000000000000, 0.000000000000000000, 0.000000000000000000 ) ) ;
#4935 = AXIS2_PLACEMENT_3D ( 'NONE', #6309, #4795, #5735 ) ;
#4936 = DIRECTION ( 'NONE',  ( 0.000000000000000000, 1.000000000000000000, 0.000000000000000000 ) ) ;
#4937 = CARTESIAN_POINT ( 'NONE',  ( 35.81589412991898769, 8.336499793589997545E-06, -1.646614956838999388 ) ) ;
#4938 = CARTESIAN_POINT ( 'NONE',  ( 38.11814372809600115, 2.777899532525999859, 3.422891405750000171 ) ) ;
#4939 = CARTESIAN_POINT ( 'NONE',  ( 4.747969034035000035, -4.000000000000000000, -51.00680302250000864 ) ) ;
#4940 = CARTESIAN_POINT ( 'NONE',  ( 35.81406618039399348, 5.215842727500000780E-06, -1.650040769510999983 ) ) ;
#4941 = ORIENTED_EDGE ( 'NONE', *, *, #1435, .T. ) ;
#4942 = CARTESIAN_POINT ( 'NONE',  ( 45.69734128048799704, 3.000000000000000000, 8.051238592469999844 ) ) ;
#4943 = VECTOR ( 'NONE', #3354, 1000.000000000000000 ) ;
#4944 = CARTESIAN_POINT ( 'NONE',  ( 21.86739160308300001, 11.00000000000000000, -26.83406760961000259 ) ) ;
#4945 = CARTESIAN_POINT ( 'NONE',  ( -0.6335484493989999022, -5.106999999999999721E-14, -107.2379312188000000 ) ) ;
#4946 = ADVANCED_FACE ( 'NONE', ( #4698 ), #5242, .T. ) ;
#4947 = EDGE_CURVE ( 'NONE', #5782, #688, #2088, .T. ) ;
#4948 = CARTESIAN_POINT ( 'NONE',  ( 12.82631710353700072, -1.074000000000000018E-14, -48.37030025313000436 ) ) ;
#4949 = CARTESIAN_POINT ( 'NONE',  ( 41.05367385377300593, 1.162499999999999867, -37.88621312315000722 ) ) ;
#4950 = CARTESIAN_POINT ( 'NONE',  ( 26.30515974935699575, 0.3803512118470000480, -31.99598464800000741 ) ) ;
#4951 = CARTESIAN_POINT ( 'NONE',  ( 70.04532869745399637, 11.00000000000000000, 2.579133122891999808 ) ) ;
#4952 = DIRECTION ( 'NONE',  ( 0.6427876096867988220, 0.000000000000000000, 0.7660444431187602987 ) ) ;
#4953 = EDGE_CURVE ( 'NONE', #4453, #2280, #558, .T. ) ;
#4954 = DIRECTION ( 'NONE',  ( -0.6427876096867989331, 0.000000000000000000, -0.7660444431187601877 ) ) ;
#4955 = CARTESIAN_POINT ( 'NONE',  ( 25.88022057705200041, 2.227849846891999909E-05, -30.21224741490000198 ) ) ;
#4956 = CARTESIAN_POINT ( 'NONE',  ( 69.50824884496900324, 11.33750000000000036, -3.975371151651000190 ) ) ;
#4957 = VERTEX_POINT ( 'NONE', #2123 ) ;
#4958 = ORIENTED_EDGE ( 'NONE', *, *, #4777, .F. ) ;
#4959 = CARTESIAN_POINT ( 'NONE',  ( -1.739065120221000127, 8.413498744338001600, -108.0315392555999949 ) ) ;
#4960 = CYLINDRICAL_SURFACE ( 'NONE', #2323, 0.5999999999999998668 ) ;
#4961 = DIRECTION ( 'NONE',  ( -1.000000000000000000, 0.000000000000000000, 0.000000000000000000 ) ) ;
#4962 = DIRECTION ( 'NONE',  ( 0.000000000000000000, 1.000000000000000000, 0.000000000000000000 ) ) ;
#4963 = DIRECTION ( 'NONE',  ( 0.000000000000000000, 1.000000000000000000, 0.000000000000000000 ) ) ;
#4964 = ORIENTED_EDGE ( 'NONE', *, *, #3203, .F. ) ;
#4965 = EDGE_LOOP ( 'NONE', ( #3036, #5297, #2753, #4201 ) ) ;
#4966 = B_SPLINE_CURVE_WITH_KNOTS ( 'NONE', 8,
 ( #1899, #4438, #5586, #3386, #3896, #3968, #5512, #4979, #2401 ),
 .UNSPECIFIED., .F., .F.,
 ( 9, 9 ),
 ( 0.000000000000000000, 1.000000000000000000 ),
 .UNSPECIFIED. ) ;
#4967 = FACE_OUTER_BOUND ( 'NONE', #6541, .T. ) ;
#4968 = DATE_AND_TIME ( #2962, #5210 ) ;
#4969 = CARTESIAN_POINT ( 'NONE',  ( 35.81691753584799187, 1.953739698401998022E-05, -1.641236919761997815 ) ) ;
#4970 = CARTESIAN_POINT ( 'NONE',  ( -11.00000000000000000, 4.500000000000000000, -70.25000000000000000 ) ) ;
#4971 = DIRECTION ( 'NONE',  ( 0.000000000000000000, -1.000000000000000000, 0.000000000000000000 ) ) ;
#4972 = EDGE_LOOP ( 'NONE', ( #5332, #5018, #2212, #1850 ) ) ;
#4973 = DIRECTION ( 'NONE',  ( 0.000000000000000000, 1.000000000000000000, 0.000000000000000000 ) ) ;
#4974 = ORIENTED_EDGE ( 'NONE', *, *, #930, .T. ) ;
#4975 = DIRECTION ( 'NONE',  ( 0.7660369567204451391, -1.400000000000811857E-16, -0.6427965315233731269 ) ) ;
#4976 = DIRECTION ( 'NONE',  ( 0.000000000000000000, 0.000000000000000000, -1.000000000000000000 ) ) ;
#4977 = CARTESIAN_POINT ( 'NONE',  ( -0.9689548972249999448, 0.2151658259540000229, -107.6602038259000125 ) ) ;
#4978 = DIRECTION ( 'NONE',  ( 0.000000000000000000, 1.000000000000000000, -2.200000000000000003E-16 ) ) ;
#4979 = CARTESIAN_POINT ( 'NONE',  ( 40.83804875879899754, 11.11250000000000071, -38.45164298133999381 ) ) ;
#4980 = CIRCLE ( 'NONE', #535, 1.800000000000000266 ) ;
#4981 = DIRECTION ( 'NONE',  ( -0.7660444431187600767, 0.000000000000000000, 0.6427876096867990441 ) ) ;
#4982 = EDGE_CURVE ( 'NONE', #3740, #2737, #4915, .T. ) ;
#4983 = ADVANCED_FACE ( 'NONE', ( #6152 ), #5675, .F. ) ;
#4984 = DIRECTION ( 'NONE',  ( -0.5296313450659208000, 1.734723475976806601E-16, 0.8482279400748736764 ) ) ;
#4985 = CARTESIAN_POINT ( 'NONE',  ( 25.87377879483600296, 4.705384228479998162E-06, -30.20076056685999433 ) ) ;
#4986 = VECTOR ( 'NONE', #2823, 1000.000000000000000 ) ;
#4987 = CARTESIAN_POINT ( 'NONE',  ( 29.19065849311800065, 8.931153744699999564, -5.007855256494999630 ) ) ;
#4988 = ORIENTED_EDGE ( 'NONE', *, *, #1933, .T. ) ;
#4989 = ORIENTED_EDGE ( 'NONE', *, *, #2830, .T. ) ;
#4990 = CARTESIAN_POINT ( 'NONE',  ( -2.040776322721999936, 8.139195736038999485, -108.3058422639000042 ) ) ;
#4991 = CARTESIAN_POINT ( 'NONE',  ( 50.65460117794900441, 11.90000000000000036, 8.406627118110000296 ) ) ;
#4992 = CARTESIAN_POINT ( 'NONE',  ( 36.17572235547799409, 1.500000000000000000, -36.22936808803999753 ) ) ;
#4993 = DIRECTION ( 'NONE',  ( 0.6427876096867997102, 0.000000000000000000, 0.7660444431187596326 ) ) ;
#4994 = CARTESIAN_POINT ( 'NONE',  ( 35.81602289321800470, 9.508957980349999487E-06, -1.645938317109000071 ) ) ;
#4995 = CARTESIAN_POINT ( 'NONE',  ( 6.761118478928000108, 3.784132570591999922, -62.24772862220000036 ) ) ;
#4996 = ORIENTED_EDGE ( 'NONE', *, *, #145, .F. ) ;
#4997 = APPROVAL_PERSON_ORGANIZATION ( #1511, #2809, #6144 ) ;
#4998 = ORIENTED_EDGE ( 'NONE', *, *, #3163, .F. ) ;
#4999 = EDGE_CURVE ( 'NONE', #2122, #1093, #5283, .T. ) ;
#5000 = CARTESIAN_POINT ( 'NONE',  ( 26.41255929055500218, 0.05181770375871000422, -31.15859221634000065 ) ) ;
#5001 = CIRCLE ( 'NONE', #773, 0.5999999999999999778 ) ;
#5002 = CARTESIAN_POINT ( 'NONE',  ( 25.89880655053901037, 0.001821763128753998680, -30.32178858682001632 ) ) ;
#5003 = DIRECTION ( 'NONE',  ( 0.000000000000000000, -1.000000000000000000, 0.000000000000000000 ) ) ;
#5004 = CARTESIAN_POINT ( 'NONE',  ( 22.49947188305500134, 10.80000000000000071, -29.32255687341000083 ) ) ;
#5005 = EDGE_LOOP ( 'NONE', ( #4084, #1626, #4638, #1460 ) ) ;
#5006 = CARTESIAN_POINT ( 'NONE',  ( 36.51395572831300029, 1.394784108157000047, 1.777043323364000171 ) ) ;
#5007 = VERTEX_POINT ( 'NONE', #2562 ) ;
#5008 = CYLINDRICAL_SURFACE ( 'NONE', #5883, 1.500000000000000000 ) ;
#5009 = DIRECTION ( 'NONE',  ( 0.000000000000000000, 1.000000000000000000, 0.000000000000000000 ) ) ;
#5010 = CARTESIAN_POINT ( 'NONE',  ( 35.79977125548003869, 2.198553814600002056E-07, -1.653556331083998465 ) ) ;
#5011 = DIRECTION ( 'NONE',  ( 0.000000000000000000, 1.000000000000000000, 0.000000000000000000 ) ) ;
#5012 = FACE_OUTER_BOUND ( 'NONE', #5128, .T. ) ;
#5013 = DIRECTION ( 'NONE',  ( 0.000000000000000000, 1.000000000000000000, 0.000000000000000000 ) ) ;
#5014 = CARTESIAN_POINT ( 'NONE',  ( 69.20457360165099203, 11.44999999999999929, -4.037273041049000533 ) ) ;
#5015 = CARTESIAN_POINT ( 'NONE',  ( 69.08114728292399320, 0.000000000000000000, 1.430066458212999825 ) ) ;
#5016 = CARTESIAN_POINT ( 'NONE',  ( 26.19304905006600492, 0.01824344673387000293, -30.76948253488997764 ) ) ;
#5017 = CARTESIAN_POINT ( 'NONE',  ( 34.19423079052400283, 9.836420518721004314, -1.253445934629000336 ) ) ;
#5018 = ORIENTED_EDGE ( 'NONE', *, *, #4815, .F. ) ;
#5019 = VERTEX_POINT ( 'NONE', #4598 ) ;
#5020 = ADVANCED_FACE ( 'NONE', ( #4736 ), #975, .T. ) ;
#5021 = FACE_BOUND ( 'NONE', #566, .T. ) ;
#5022 = EDGE_CURVE ( 'NONE', #991, #1393, #2895, .T. ) ;
#5023 = CARTESIAN_POINT ( 'NONE',  ( 25.80743552719598455, 1.086982155977000319, -33.86442022473001856 ) ) ;
#5024 = DIRECTION ( 'NONE',  ( 0.6427876096867977118, 0.000000000000000000, 0.7660444431187611869 ) ) ;
#5025 = CARTESIAN_POINT ( 'NONE',  ( 26.04551106604499822, 0.5999999999999999778, -21.85477872934000132 ) ) ;
#5026 = CARTESIAN_POINT ( 'NONE',  ( 36.67964004278199752, 0.7625294964340000314, 1.419686324609000128 ) ) ;
#5027 = CARTESIAN_POINT ( 'NONE',  ( 69.38928936650499679, 0.000000000000000000, -2.092013673799999918 ) ) ;
#5028 = VERTEX_POINT ( 'NONE', #1366 ) ;
#5029 = AXIS2_PLACEMENT_3D ( 'NONE', #5748, #2736, #4973 ) ;
#5030 = ORIENTED_EDGE ( 'NONE', *, *, #1929, .T. ) ;
#5031 = EDGE_CURVE ( 'NONE', #633, #6094, #6678, .T. ) ;
#5032 = EDGE_CURVE ( 'NONE', #1169, #3580, #4520, .T. ) ;
#5033 = CARTESIAN_POINT ( 'NONE',  ( 26.34612995477699826, 0.03968051829354000276, -31.04112324599999795 ) ) ;
#5034 = AXIS2_PLACEMENT_3D ( 'NONE', #5403, #6522, #4872 ) ;
#5035 = VECTOR ( 'NONE', #3657, 1000.000000000000000 ) ;
#5036 = PERSON_AND_ORGANIZATION ( #2759, #6393 ) ;
#5037 = CARTESIAN_POINT ( 'NONE',  ( 25.96526291287801413, 0.01848646679557999772, -30.60739051530001831 ) ) ;
#5038 = CARTESIAN_POINT ( 'NONE',  ( 35.81742811405801774, 2.698319630867001577E-05, -1.638553798684997842 ) ) ;
#5039 = EDGE_CURVE ( 'NONE', #5782, #4685, #1599, .T. ) ;
#5040 = CARTESIAN_POINT ( 'NONE',  ( 5.832337209943000644, 4.500000000000000000, -80.00000000000000000 ) ) ;
#5041 = VERTEX_POINT ( 'NONE', #1780 ) ;
#5042 = AXIS2_PLACEMENT_3D ( 'NONE', #5623, #3118, #5157 ) ;
#5043 = AXIS2_PLACEMENT_3D ( 'NONE', #2265, #2899, #1280 ) ;
#5044 = CARTESIAN_POINT ( 'NONE',  ( 36.77201897819900722, 1.677220103521999794, 2.117968839203000275 ) ) ;
#5045 = EDGE_LOOP ( 'NONE', ( #3028, #1486, #252, #4444, #5115 ) ) ;
#5046 = CARTESIAN_POINT ( 'NONE',  ( 6.762260773609000353, 9.000000000000000000, -51.59350684617000127 ) ) ;
#5047 = DIRECTION ( 'NONE',  ( 0.6427876096867989331, 0.000000000000000000, 0.7660444431187601877 ) ) ;
#5048 = AXIS2_PLACEMENT_3D ( 'NONE', #5999, #5864, #2824 ) ;
#5049 = CARTESIAN_POINT ( 'NONE',  ( 35.81421725902900022, 3.719865215701001373E-05, -1.638886015179998656 ) ) ;
#5050 = CARTESIAN_POINT ( 'NONE',  ( 68.12637198188998866, 0.3307212703040000035, -3.597100004064000434 ) ) ;
#5051 = CARTESIAN_POINT ( 'NONE',  ( 41.03252773821900234, 11.87715197481899843, -37.71814451331000129 ) ) ;
#5052 = VECTOR ( 'NONE', #4616, 1000.000000000000000 ) ;
#5053 = CARTESIAN_POINT ( 'NONE',  ( 40.68946564262600418, 0.7125000000000000222, -36.75333019218999908 ) ) ;
#5054 = CARTESIAN_POINT ( 'NONE',  ( 17.52824758467199828, 9.000000000000000000, -26.54926176129000126 ) ) ;
#5055 = CARTESIAN_POINT ( 'NONE',  ( 52.39980306319299785, -4.000000000000000000, 9.553043438535999243 ) ) ;
#5056 = FACE_OUTER_BOUND ( 'NONE', #5541, .T. ) ;
#5057 = CARTESIAN_POINT ( 'NONE',  ( 33.71635718068699816, 9.997922808290001129, -1.822953525957000220 ) ) ;
#5058 = ORIENTED_EDGE ( 'NONE', *, *, #5968, .T. ) ;
#5059 = CARTESIAN_POINT ( 'NONE',  ( -3.167662790056997579, 6.353553390592998618, -110.0914846094000268 ) ) ;
#5060 = DIRECTION ( 'NONE',  ( 1.000000000000000000, 0.000000000000000000, 0.000000000000000000 ) ) ;
#5061 = CARTESIAN_POINT ( 'NONE',  ( -0.9689548972220000111, 8.784834174047000843, -107.6602038259000125 ) ) ;
#5062 = CARTESIAN_POINT ( 'NONE',  ( 26.83233720994300242, 6.000000000000000000, -58.05141188318999923 ) ) ;
#5063 = CARTESIAN_POINT ( 'NONE',  ( 35.81576536555600399, 7.245240049690000249E-06, -1.647291596976999895 ) ) ;
#5064 = CARTESIAN_POINT ( 'NONE',  ( 67.02952762043200607, 9.500000000000000000, 0.5407651816620000496 ) ) ;
#5065 = VERTEX_POINT ( 'NONE', #5995 ) ;
#5066 = ORIENTED_EDGE ( 'NONE', *, *, #21, .F. ) ;
#5067 = CARTESIAN_POINT ( 'NONE',  ( 26.11714448925100029, 0.01073608265510000125, -30.63445661305999934 ) ) ;
#5068 =( NAMED_UNIT ( * ) PLANE_ANGLE_UNIT ( ) SI_UNIT ( $, .RADIAN. ) );
#5069 = EDGE_CURVE ( 'NONE', #5120, #5065, #4449, .T. ) ;
#5070 = EDGE_CURVE ( 'NONE', #415, #991, #2822, .T. ) ;
#5071 = CARTESIAN_POINT ( 'NONE',  ( 25.87144468995801105, 1.658899638478997715E-05, -30.20390644571998351 ) ) ;
#5072 = CARTESIAN_POINT ( 'NONE',  ( 37.12720076916100709, 1.165842927197999979, 2.185627739191999819 ) ) ;
#5073 = CARTESIAN_POINT ( 'NONE',  ( 35.81397609183100172, 0.000000000000000000, -1.656694392998999898 ) ) ;
#5074 = ORIENTED_EDGE ( 'NONE', *, *, #5683, .F. ) ;
#5075 = CARTESIAN_POINT ( 'NONE',  ( 36.93404072802099591, 1.846216738764000054, 2.307870641812999946 ) ) ;
#5076 = ORIENTED_EDGE ( 'NONE', *, *, #5202, .F. ) ;
#5077 = LINE ( 'NONE', #3992, #2758 ) ;
#5078 = ADVANCED_FACE ( 'NONE', ( #5426 ), #5930, .F. ) ;
#5079 = CARTESIAN_POINT ( 'NONE',  ( 5.832337209943002421, 2.646446609407002271, -110.0914846094000268 ) ) ;
#5080 = CARTESIAN_POINT ( 'NONE',  ( 36.18131583847798538, 0.9261717593360002665, 1.143090266180999182 ) ) ;
#5081 = CARTESIAN_POINT ( 'NONE',  ( 70.02764564830199845, 1.387499999999999956, -3.664836021904999797 ) ) ;
#5082 = DIRECTION ( 'NONE',  ( -0.07974594384742568487, 0.000000000000000000, -0.9968152208106992873 ) ) ;
#5083 = CARTESIAN_POINT ( 'NONE',  ( 40.87607954910399854, 0.4796048693159999932, -37.02021956994999385 ) ) ;
#5084 = ADVANCED_FACE ( 'NONE', ( #3878 ), #5492, .F. ) ;
#5085 = CARTESIAN_POINT ( 'NONE',  ( 5.590869201633551278, 5.427273769857204222, -110.9450380000000393 ) ) ;
#5086 = FACE_BOUND ( 'NONE', #2094, .T. ) ;
#5087 = CARTESIAN_POINT ( 'NONE',  ( 29.90773497559698413, 9.223537427090999330, -6.361892721707999243 ) ) ;
#5088 = ORIENTED_EDGE ( 'NONE', *, *, #1603, .F. ) ;
#5089 = CARTESIAN_POINT ( 'NONE',  ( -0.5609151242340000287, 8.853553390592999506, -107.5914846093999842 ) ) ;
#5090 = CARTESIAN_POINT ( 'NONE',  ( 25.91928513503302867, 2.018456842527001527, -34.54182722082000367 ) ) ;
#5091 = CARTESIAN_POINT ( 'NONE',  ( -2.476000749504000176, 7.478185077975999739, -108.9668529219999868 ) ) ;
#5092 = DIRECTION ( 'NONE',  ( 1.000000000000000000, 0.000000000000000000, 0.000000000000000000 ) ) ;
#5093 = VECTOR ( 'NONE', #1457, 1000.000000000000114 ) ;
#5094 = CARTESIAN_POINT ( 'NONE',  ( 35.81563660127599746, 6.235183561019999307E-06, -1.647968236089000005 ) ) ;
#5095 = CARTESIAN_POINT ( 'NONE',  ( 6.743447759656000073, 3.812429255204000000, -62.31752619284999639 ) ) ;
#5096 = VERTEX_POINT ( 'NONE', #2854 ) ;
#5097 = ORIENTED_EDGE ( 'NONE', *, *, #2538, .F. ) ;
#5098 = CARTESIAN_POINT ( 'NONE',  ( 27.94125586573799680, 0.8604581298829999669, -33.70276385227000304 ) ) ;
#5099 = APPROVAL_PERSON_ORGANIZATION ( #1884, #6107, #6037 ) ;
#5100 = CARTESIAN_POINT ( 'NONE',  ( 25.90485061482202411, 0.002605201820536999155, -30.34781623928000016 ) ) ;
#5101 = DIRECTION ( 'NONE',  ( 0.7660444431187578562, 0.000000000000000000, -0.6427876096868014866 ) ) ;
#5102 = CARTESIAN_POINT ( 'NONE',  ( 39.13329164899599988, 9.000000000000000000, -31.41518883086000358 ) ) ;
#5103 = ORIENTED_EDGE ( 'NONE', *, *, #5190, .T. ) ;
#5104 = CARTESIAN_POINT ( 'NONE',  ( 37.10722793743799741, 2.017632941188999496, 2.492959577438000007 ) ) ;
#5105 = ADVANCED_FACE ( 'NONE', ( #2920 ), #297, .T. ) ;
#5106 = ORIENTED_EDGE ( 'NONE', *, *, #6636, .F. ) ;
#5107 = ADVANCED_FACE ( 'NONE', ( #4481 ), #128, .T. ) ;
#5108 = AXIS2_PLACEMENT_3D ( 'NONE', #1770, #272, #3866 ) ;
#5109 = CARTESIAN_POINT ( 'NONE',  ( 24.95058725836500102, 8.753316666168998950, -33.72900567299000585 ) ) ;
#5110 = DIRECTION ( 'NONE',  ( 1.000000000000000000, 0.000000000000000000, 0.000000000000000000 ) ) ;
#5111 = CARTESIAN_POINT ( 'NONE',  ( 35.81397609183100172, -8.900000000000000652E-16, -1.656694392998999898 ) ) ;
#5112 = DIRECTION ( 'NONE',  ( 0.000000000000000000, 1.000000000000000000, 0.000000000000000000 ) ) ;
#5113 = AXIS2_PLACEMENT_3D ( 'NONE', #667, #1796, #3382 ) ;
#5114 = CARTESIAN_POINT ( 'NONE',  ( 24.83324533220999797, -2.000000000000000155E-15, -8.513034448850998359 ) ) ;
#5115 = ORIENTED_EDGE ( 'NONE', *, *, #3614, .T. ) ;
#5116 = CARTESIAN_POINT ( 'NONE',  ( 35.83233720994299887, 9.000000000000000000, -69.65551667206999298 ) ) ;
#5117 = CARTESIAN_POINT ( 'NONE',  ( 25.86643782401498370, 7.112545952200005145E-07, -30.19624033578999089 ) ) ;
#5118 = CARTESIAN_POINT ( 'NONE',  ( 37.06348919196600633, 7.623148667719004123, 2.166003073371002063 ) ) ;
#5119 = EDGE_CURVE ( 'NONE', #6313, #5007, #3841, .T. ) ;
#5120 = VERTEX_POINT ( 'NONE', #6482 ) ;
#5121 = CARTESIAN_POINT ( 'NONE',  ( 6.646530518271000609, 4.763489970630000236, -62.71360865245999605 ) ) ;
#5122 = CARTESIAN_POINT ( 'NONE',  ( 25.78339486398901670, 0.2126086558480001498, -32.02881906089002229 ) ) ;
#5123 = CARTESIAN_POINT ( 'NONE',  ( -3.167662790056998912, 4.982936016602247165, -110.9450379999999114 ) ) ;
#5124 = CARTESIAN_POINT ( 'NONE',  ( 37.75618793717000443, 1.776356839399999804E-15, -42.12446168739000285 ) ) ;
#5125 = CARTESIAN_POINT ( 'NONE',  ( 37.35287466196900397, 1.330698719803000030, 2.496664052425999536 ) ) ;
#5126 = CARTESIAN_POINT ( 'NONE',  ( 52.64631673005799684, 12.50000000000000000, 6.735379332924999574 ) ) ;
#5127 = ORIENTED_EDGE ( 'NONE', *, *, #474, .F. ) ;
#5128 = EDGE_LOOP ( 'NONE', ( #3556, #4048, #2378, #6625, #5751, #1637, #2063, #1531 ) ) ;
#5129 = CARTESIAN_POINT ( 'NONE',  ( 25.87321062767710345, 1.548031021244206329, -34.26995433044289996 ) ) ;
#5130 = CARTESIAN_POINT ( 'NONE',  ( 66.06534620590180396, 9.500000000000000000, -0.6083014830161399544 ) ) ;
#5131 = CARTESIAN_POINT ( 'NONE',  ( 26.80175303527300201, 0.1530191455300000114, -31.84045872793999621 ) ) ;
#5132 = APPROVAL_DATE_TIME ( #3064, #2809 ) ;
#5133 = AXIS2_PLACEMENT_3D ( 'NONE', #1319, #3385, #5446 ) ;
#5134 = CARTESIAN_POINT ( 'NONE',  ( 25.87116779604402339, 1.351633362589999027E-05, -30.20271326791999300 ) ) ;
#5135 = CARTESIAN_POINT ( 'NONE',  ( 37.55387441679200577, 1.463138408155000292, 2.750042414461999929 ) ) ;
#5136 = CARTESIAN_POINT ( 'NONE',  ( -11.00000000000000000, 4.500000000000000000, -98.75000000000000000 ) ) ;
#5137 = ORIENTED_EDGE ( 'NONE', *, *, #2614, .T. ) ;
#5138 = AXIS2_PLACEMENT_3D ( 'NONE', #2863, #798, #5940 ) ;
#5139 = DIRECTION ( 'NONE',  ( 0.000000000000000000, -1.000000000000000000, 0.000000000000000000 ) ) ;
#5140 = ORIENTED_EDGE ( 'NONE', *, *, #1469, .T. ) ;
#5141 = CIRCLE ( 'NONE', #2535, 2.600000000000000533 ) ;
#5142 = DIRECTION ( 'NONE',  ( 4.994915742851159813E-18, -1.000000000000000000, 2.176932829080530144E-16 ) ) ;
#5143 = CARTESIAN_POINT ( 'NONE',  ( 68.48938671294399683, 0.000000000000000000, -3.164475894166999925 ) ) ;
#5144 = CARTESIAN_POINT ( 'NONE',  ( 36.59565194421898582, 1.489666240994999225, 1.893977176143997632 ) ) ;
#5145 = AXIS2_PLACEMENT_3D ( 'NONE', #2363, #5405, #4971 ) ;
#5146 = CARTESIAN_POINT ( 'NONE',  ( 26.76518283127499842, 9.000000000000000000, -7.306737641269999806 ) ) ;
#5147 = CARTESIAN_POINT ( 'NONE',  ( 40.64873218076000683, 11.00000000000000000, -38.67726169336000197 ) ) ;
#5148 = ORIENTED_EDGE ( 'NONE', *, *, #5574, .F. ) ;
#5149 = AXIS2_PLACEMENT_3D ( 'NONE', #1545, #3608, #5170 ) ;
#5150 = LINE ( 'NONE', #1421, #663 ) ;
#5151 = ADVANCED_FACE ( 'NONE', ( #5962 ), #2681, .T. ) ;
#5152 = PLANE ( 'NONE',  #5681 ) ;
#5153 = ADVANCED_FACE ( 'NONE', ( #4893 ), #1270, .T. ) ;
#5154 = CARTESIAN_POINT ( 'NONE',  ( 28.85543474181400114, 10.79298212742100027, -7.615975305806999884 ) ) ;
#5155 = ORIENTED_EDGE ( 'NONE', *, *, #1340, .T. ) ;
#5156 = VECTOR ( 'NONE', #6471, 1000.000000000000000 ) ;
#5157 = DIRECTION ( 'NONE',  ( 1.000000000000000000, 0.000000000000000000, 0.000000000000000000 ) ) ;
#5158 = CARTESIAN_POINT ( 'NONE',  ( 25.77375119485299138, 0.2943202377179999774, -32.32800279434001567 ) ) ;
#5159 = CARTESIAN_POINT ( 'NONE',  ( 70.21696222634099627, 1.500000000000000000, -3.439217309890000074 ) ) ;
#5160 = CARTESIAN_POINT ( 'NONE',  ( -11.00000000000000000, 4.500000000000000000, -62.75000000000000000 ) ) ;
#5161 = EDGE_CURVE ( 'NONE', #4632, #6313, #1931, .T. ) ;
#5162 = DIRECTION ( 'NONE',  ( -0.9055964464100787481, 9.331088730943776239E-17, 0.4241403968610362174 ) ) ;
#5163 = DIRECTION ( 'NONE',  ( -0.4192636510169056030, -1.999999999999550554E-16, -0.9078645223467952663 ) ) ;
#5164 = VERTEX_POINT ( 'NONE', #7 ) ;
#5165 = ORIENTED_EDGE ( 'NONE', *, *, #1881, .T. ) ;
#5166 = CARTESIAN_POINT ( 'NONE',  ( 25.87311536863613881, 1.545966126571170829, -34.26829495973278483 ) ) ;
#5167 = DIRECTION ( 'NONE',  ( 0.6427876096867960465, 0.000000000000000000, 0.7660444431187626302 ) ) ;
#5168 = CARTESIAN_POINT ( 'NONE',  ( 25.93075405731499927, 0.0006714319123331000203, -30.30235362601000304 ) ) ;
#5169 = CARTESIAN_POINT ( 'NONE',  ( 25.86790269572601630, 5.815605153000003720E-08, -30.19267131733998966 ) ) ;
#5170 = DIRECTION ( 'NONE',  ( -0.7660444431187601877, 0.000000000000000000, 0.6427876096867990441 ) ) ;
#5171 = LINE ( 'NONE', #4292, #5783 ) ;
#5172 = ORIENTED_EDGE ( 'NONE', *, *, #6352, .T. ) ;
#5173 = CYLINDRICAL_SURFACE ( 'NONE', #2103, 1.499999999999999556 ) ;
#5174 = EDGE_LOOP ( 'NONE', ( #6456, #3882, #85, #5966 ) ) ;
#5175 = CARTESIAN_POINT ( 'NONE',  ( 23.74732300001600294, 9.000000000000000000, -32.71936140620999822 ) ) ;
#5176 = CYLINDRICAL_SURFACE ( 'NONE', #779, 0.8499999999999990896 ) ;
#5177 = CARTESIAN_POINT ( 'NONE',  ( 35.81486656140502589, 8.087563031720002268E-06, -1.647883686057002084 ) ) ;
#5178 = CARTESIAN_POINT ( 'NONE',  ( 20.53053791308600040, 10.65490814310800083, -27.65143459559000050 ) ) ;
#5179 = DIRECTION ( 'NONE',  ( -0.4192636510169054920, -1.999999999999550061E-16, -0.9078645223467950442 ) ) ;
#5180 = CARTESIAN_POINT ( 'NONE',  ( 40.78931657180799419, 11.56211936102299909, -38.41765220843999629 ) ) ;
#5181 = ORIENTED_EDGE ( 'NONE', *, *, #1603, .T. ) ;
#5182 = DIRECTION ( 'NONE',  ( 0.07974594384743585729, 2.199999999999335141E-16, 0.9968152208106985102 ) ) ;
#5183 = DIRECTION ( 'NONE',  ( -0.8482279400748737874, -1.199999999999819819E-16, -0.5296313450659209110 ) ) ;
#5184 = ORIENTED_EDGE ( 'NONE', *, *, #6175, .T. ) ;
#5185 = CARTESIAN_POINT ( 'NONE',  ( 7.028475902542989928, 4.678491897885050044, -61.26875197348999791 ) ) ;
#5186 = CARTESIAN_POINT ( 'NONE',  ( 25.85270718307200255, 0.005964323929016000087, -30.50522515761999998 ) ) ;
#5187 = FACE_OUTER_BOUND ( 'NONE', #1253, .T. ) ;
#5188 = EDGE_CURVE ( 'NONE', #2900, #6384, #530, .T. ) ;
#5189 = DIRECTION ( 'NONE',  ( 0.7738183182906461788, 0.000000000000000000, -0.6334076177927103757 ) ) ;
#5190 = EDGE_CURVE ( 'NONE', #5825, #2045, #442, .T. ) ;
#5191 = DIRECTION ( 'NONE',  ( 0.000000000000000000, -1.000000000000000000, 0.000000000000000000 ) ) ;
#5192 = CARTESIAN_POINT ( 'NONE',  ( 35.83233720994299887, 6.000000000000000000, -69.65551667206999298 ) ) ;
#5193 = EDGE_LOOP ( 'NONE', ( #1659, #4138, #4756, #261 ) ) ;
#5194 = VERTEX_POINT ( 'NONE', #3089 ) ;
#5195 = CARTESIAN_POINT ( 'NONE',  ( 25.77364210115699805, 0.3025570143763063879, -32.34708667098742296 ) ) ;
#5196 = FACE_OUTER_BOUND ( 'NONE', #1583, .T. ) ;
#5197 = CARTESIAN_POINT ( 'NONE',  ( 25.87147449363000007, 1.397063071229999846E-06, -30.19650737362000115 ) ) ;
#5198 = CARTESIAN_POINT ( 'NONE',  ( 25.87795319538798822, 1.221591659829999755E-06, -30.19268099588002841 ) ) ;
#5199 = CARTESIAN_POINT ( 'NONE',  ( 5.140675169390000576, 7.478185077975999739, -108.9668529219999868 ) ) ;
#5200 = DIRECTION ( 'NONE',  ( 0.000000000000000000, 1.000000000000000000, 0.000000000000000000 ) ) ;
#5201 = CIRCLE ( 'NONE', #2387, 0.5999999999999998668 ) ;
#5203 = ORIENTED_EDGE ( 'NONE', *, *, #963, .F. ) ;
#5202 = EDGE_CURVE ( 'NONE', #3808, #4522, #4855, .T. ) ;
#5204 = EDGE_CURVE ( 'NONE', #2321, #5823, #2042, .T. ) ;
#5205 = CARTESIAN_POINT ( 'NONE',  ( 10.55311763816800052, -1.066000000000000046E-14, -48.44323113179999751 ) ) ;
#5206 = VERTEX_POINT ( 'NONE', #2994 ) ;
#5207 = CARTESIAN_POINT ( 'NONE',  ( 47.28623531568599958, 6.000000000000000000, 5.506554772245999985 ) ) ;
#5209 = B_SPLINE_CURVE_WITH_KNOTS ( 'NONE', 7,
 ( #2516, #1504, #1438, #2997, #990, #2416, #1400, #3566 ),
 .UNSPECIFIED., .F., .F.,
 ( 8, 8 ),
 ( 4.542637142609000200, 6.540674547244000436 ),
 .UNSPECIFIED. ) ;
#5208 = DIRECTION ( 'NONE',  ( 0.000000000000000000, 1.000000000000000000, 0.000000000000000000 ) ) ;
#5210 = LOCAL_TIME ( 2, 32, 51.00000000000000000, #6489 ) ;
#5211 = CARTESIAN_POINT ( 'NONE',  ( 36.00665533167798316, 0.2321830443460000393, -0.1479654871109998548 ) ) ;
#5212 = CARTESIAN_POINT ( 'NONE',  ( 35.09195933626200059, 9.463917890549000234, -0.1835747150710000108 ) ) ;
#5213 = CARTESIAN_POINT ( 'NONE',  ( 69.67146966838099331, 0.7688464045900000876, -3.844094147878999834 ) ) ;
#5214 = CIRCLE ( 'NONE', #3050, 33.00000000000000000 ) ;
#5215 = CARTESIAN_POINT ( 'NONE',  ( 47.54377101635200376, 0.000000000000000000, 12.32233084869299944 ) ) ;
#5216 = ORIENTED_EDGE ( 'NONE', *, *, #3574, .T. ) ;
#5217 =( BOUNDED_SURFACE ( )  B_SPLINE_SURFACE ( 2, 10, ( 
 ( #3493, #1330, #1909, #2479, #1430, #4578, #5554, #377, #2009, #3975, #1464 ),
 ( #821, #4548, #4074, #6576, #2380, #3394, #4446, #5458, #2510, #3530, #5059 ),
 ( #2448, #5089, #2950, #2887, #4959, #4990, #853, #313, #6028, #5591, #952 ) ),
 .UNSPECIFIED., .F., .F., .T. ) 
 B_SPLINE_SURFACE_WITH_KNOTS ( ( 3, 3 ),
 ( 11, 11 ),
 ( 0.000000000000000000, 5.229713722380000540 ),
 ( 9.437403464742001091, 14.66711718712200074 ),
 .UNSPECIFIED. ) 
 GEOMETRIC_REPRESENTATION_ITEM ( )  RATIONAL_B_SPLINE_SURFACE ( (
 ( 1.000000000000000000, 1.000000000000000000, 1.000000000000000000, 1.000000000000000000, 1.000000000000000000, 1.000000000000000000, 1.000000000000000000, 1.000000000000000000, 1.000000000000000000, 1.000000000000000000, 1.000000000000000000),
 ( 0.9238795325109999679, 0.9238795325109999679, 0.9187743133919999972, 0.9082454809130000584, 0.8922449697460000939, 0.8711762861479999120, 0.8452963758389999693, 0.8156045143560000099, 0.7826272611030000714, 0.7464490044539999758, 0.7071067811869999886),
 ( 1.000000000000000000, 1.000000000000000000, 1.000000000000000000, 1.000000000000000000, 1.000000000000000000, 1.000000000000000000, 1.000000000000000000, 1.000000000000000000, 1.000000000000000000, 1.000000000000000000, 1.000000000000000000) ) ) 
 REPRESENTATION_ITEM ( '' )  SURFACE ( )  );
#5218 = DIRECTION ( 'NONE',  ( -1.383287658319729827E-17, -1.000000000000000000, 2.041910203275724789E-16 ) ) ;
#5219 = CIRCLE ( 'NONE', #3160, 0.8499999999999990896 ) ;
#5220 = CARTESIAN_POINT ( 'NONE',  ( 40.52483475251599998, 12.30172709880700133, -37.83900780676999887 ) ) ;
#5221 = ORIENTED_EDGE ( 'NONE', *, *, #260, .T. ) ;
#5222 = CARTESIAN_POINT ( 'NONE',  ( 6.980257180054000088, 4.996254402787999815, -61.43613277538000261 ) ) ;
#5223 = CIRCLE ( 'NONE', #6411, 0.8499999999999990896 ) ;
#5224 = CARTESIAN_POINT ( 'NONE',  ( 25.77111072707100803, 0.3264547641580000659, -32.43050375252999373 ) ) ;
#5225 = FACE_OUTER_BOUND ( 'NONE', #3401, .T. ) ;
#5226 = DIRECTION ( 'NONE',  ( 0.000000000000000000, 2.200000000000000003E-16, 1.000000000000000000 ) ) ;
#5227 = DIRECTION ( 'NONE',  ( 0.000000000000000000, -0.7071067811865497932, -0.7071067811865454633 ) ) ;
#5228 = CARTESIAN_POINT ( 'NONE',  ( 70.21696222634099627, 11.00000000000000000, -3.439217309890000074 ) ) ;
#5229 = ORIENTED_EDGE ( 'NONE', *, *, #77, .T. ) ;
#5230 = ORIENTED_EDGE ( 'NONE', *, *, #4865, .F. ) ;
#5231 = CARTESIAN_POINT ( 'NONE',  ( 25.87499047685744458, 1.588796132214126189, -34.30237826174958116 ) ) ;
#5232 = DIRECTION ( 'NONE',  ( -3.899999999999999771E-16, 1.000000000000000000, -4.700000000000000444E-16 ) ) ;
#5233 = CARTESIAN_POINT ( 'NONE',  ( 25.87254136304199648, 2.744715652539999789E-06, -30.19855400239000076 ) ) ;
#5234 = CARTESIAN_POINT ( 'NONE',  ( 5.832337209943000644, 6.472106158476000459, -109.3445095068000086 ) ) ;
#5235 = ORIENTED_EDGE ( 'NONE', *, *, #429, .F. ) ;
#5236 = EDGE_CURVE ( 'NONE', #4662, #5399, #3570, .T. ) ;
#5237 = CARTESIAN_POINT ( 'NONE',  ( 35.80542505719100177, 9.078743064000005019E-07, -1.652914812250001697 ) ) ;
#5238 = ADVANCED_FACE ( 'NONE', ( #2576 ), #5594, .T. ) ;
#5239 = ORIENTED_EDGE ( 'NONE', *, *, #3369, .F. ) ;
#5240 = CARTESIAN_POINT ( 'NONE',  ( 4.678126596152999639, 8.496387911898999334, -107.6592374056999972 ) ) ;
#5241 = ORIENTED_EDGE ( 'NONE', *, *, #2626, .F. ) ;
#5242 = CYLINDRICAL_SURFACE ( 'NONE', #89, 3.000000000000000000 ) ;
#5243 = VECTOR ( 'NONE', #6532, 1000.000000000000227 ) ;
#5244 = CARTESIAN_POINT ( 'NONE',  ( 70.14464862025099023, 1.205475688725999861, -3.525397309741000296 ) ) ;
#5245 = ADVANCED_FACE ( 'NONE', ( #4646 ), #2514, .T. ) ;
#5246 = CARTESIAN_POINT ( 'NONE',  ( 35.81507370873700324, 1.233390824028999191E-05, -1.645834125957998939 ) ) ;
#5247 = CARTESIAN_POINT ( 'NONE',  ( 29.92250209935100003, 10.72941511742200049, -6.344293948923000137 ) ) ;
#5248 = CARTESIAN_POINT ( 'NONE',  ( -2.667662790057000244, 3.853553390593000394, -110.5914846093999984 ) ) ;
#5249 = VECTOR ( 'NONE', #5928, 1000.000000000000000 ) ;
#5250 = CARTESIAN_POINT ( 'NONE',  ( 40.74273060912399558, 11.58904871525600200, -38.46241909982999374 ) ) ;
#5251 = ORIENTED_EDGE ( 'NONE', *, *, #4486, .T. ) ;
#5252 = CARTESIAN_POINT ( 'NONE',  ( 68.12637198188998866, 0.3307212703040000035, -3.597100004064000434 ) ) ;
#5253 = CIRCLE ( 'NONE', #5568, 1.500000000000000888 ) ;
#5254 = VECTOR ( 'NONE', #2709, 1000.000000000000114 ) ;
#5255 = CARTESIAN_POINT ( 'NONE',  ( 19.83216710480299838, 8.933334893752000738, -28.73250952327999741 ) ) ;
#5256 = VERTEX_POINT ( 'NONE', #4009 ) ;
#5257 = VECTOR ( 'NONE', #2844, 1000.000000000000000 ) ;
#5258 = VECTOR ( 'NONE', #5398, 1000.000000000000000 ) ;
#5259 = CARTESIAN_POINT ( 'NONE',  ( 6.962451112513000417, 5.058838637724999643, -61.49890899276000766 ) ) ;
#5260 = CARTESIAN_POINT ( 'NONE',  ( 25.81526164053401473, 0.07207279163909997843, -31.27364380062002525 ) ) ;
#5261 = CARTESIAN_POINT ( 'NONE',  ( 56.25652872131300342, 1.500000000000000000, 14.14931009724999988 ) ) ;
#5262 = CARTESIAN_POINT ( 'NONE',  ( 26.01071296063500071, 2.429623575062999752, -34.61854313133000716 ) ) ;
#5263 = VECTOR ( 'NONE', #2154, 1000.000000000000000 ) ;
#5264 = DIRECTION ( 'NONE',  ( -0.9078645223467951553, 0.000000000000000000, 0.4192636510169055475 ) ) ;
#5265 = ORIENTED_EDGE ( 'NONE', *, *, #3614, .F. ) ;
#5266 = ORIENTED_EDGE ( 'NONE', *, *, #1392, .T. ) ;
#5267 = CARTESIAN_POINT ( 'NONE',  ( 25.78998313136874287, 0.9376749765857994579, -33.67467772552777916 ) ) ;
#5268 = DIRECTION ( 'NONE',  ( -8.450200795878930069E-17, 1.000000000000000000, -1.804230832251234766E-16 ) ) ;
#5269 = FACE_OUTER_BOUND ( 'NONE', #3991, .T. ) ;
#5270 = AXIS2_PLACEMENT_3D ( 'NONE', #581, #49, #5665 ) ;
#5271 = CARTESIAN_POINT ( 'NONE',  ( 40.46384693061100535, 0.5999999999999999778, -36.56401361414999940 ) ) ;
#5272 = EDGE_LOOP ( 'NONE', ( #5241, #383, #4810, #4844 ) ) ;
#5273 = CARTESIAN_POINT ( 'NONE',  ( 35.79681855938398627, 2.521890698499998867E-07, -1.653232057326997850 ) ) ;
#5274 = ORIENTED_EDGE ( 'NONE', *, *, #4045, .F. ) ;
#5275 = CARTESIAN_POINT ( 'NONE',  ( -2.926194781747325724, 5.427273769857437813, -110.9450379999998120 ) ) ;
#5276 = DIRECTION ( 'NONE',  ( 0.000000000000000000, -1.000000000000000000, 0.000000000000000000 ) ) ;
#5277 = CARTESIAN_POINT ( 'NONE',  ( 67.47417825870799390, 1.500000000000000000, -0.4850446495840000649 ) ) ;
#5278 = EDGE_CURVE ( 'NONE', #647, #665, #3780, .T. ) ;
#5279 = DIRECTION ( 'NONE',  ( 0.6427876096867974898, 0.000000000000000000, 0.7660444431187614089 ) ) ;
#5280 = CARTESIAN_POINT ( 'NONE',  ( 35.81462489428901819, 4.311785159139999307E-06, -1.650274825089998787 ) ) ;
#5281 = DIRECTION ( 'NONE',  ( -9.087677628146051458E-30, -1.000000000000000000, 2.200000000000045116E-16 ) ) ;
#5282 = CARTESIAN_POINT ( 'NONE',  ( 40.44118909585399990, 0.3307212703020000477, -36.59101617011999963 ) ) ;
#5283 = CIRCLE ( 'NONE', #4310, 1.500000000000000888 ) ;
#5284 = CARTESIAN_POINT ( 'NONE',  ( 40.48724416503100088, 12.45188281023300014, -37.47118012050000146 ) ) ;
#5285 = ORIENTED_EDGE ( 'NONE', *, *, #1102, .F. ) ;
#5286 = CARTESIAN_POINT ( 'NONE',  ( 68.31629768194501651, 0.03524933339874999905, -3.370755368701999988 ) ) ;
#5287 = CARTESIAN_POINT ( 'NONE',  ( 20.64227504627200105, 9.000000000000000000, -34.63663894529000231 ) ) ;
#5288 = ORIENTED_EDGE ( 'NONE', *, *, #6212, .F. ) ;
#5289 = EDGE_CURVE ( 'NONE', #434, #2627, #426, .T. ) ;
#5290 = CARTESIAN_POINT ( 'NONE',  ( 40.77694915042700075, 0.2375547648439999826, -37.61318112670999625 ) ) ;
#5291 = CARTESIAN_POINT ( 'NONE',  ( 25.87866828034099598, 8.002391394000005870E-07, -30.19249308606001847 ) ) ;
#5292 = LINE ( 'NONE', #3120, #5052 ) ;
#5293 = PLANE ( 'NONE',  #2829 ) ;
#5294 = DIRECTION ( 'NONE',  ( -0.000000000000000000, 1.000000000000000000, 0.000000000000000000 ) ) ;
#5295 = PLANE ( 'NONE',  #4442 ) ;
#5296 = EDGE_LOOP ( 'NONE', ( #4695, #93, #1539, #1819 ) ) ;
#5297 = ORIENTED_EDGE ( 'NONE', *, *, #4165, .F. ) ;
#5298 = CARTESIAN_POINT ( 'NONE',  ( 14.62094954563200133, 6.000000000000000000, -20.09507025341000030 ) ) ;
#5299 = CARTESIAN_POINT ( 'NONE',  ( 47.28623531568599958, 9.000000000000000000, 5.506554772245999985 ) ) ;
#5300 = DIRECTION ( 'NONE',  ( -0.4241403968610359954, -2.000000000000174740E-16, -0.9055964464100789701 ) ) ;
#5301 = CARTESIAN_POINT ( 'NONE',  ( 18.52061116535099927, 8.960171981965000754, -27.45481733417999948 ) ) ;
#5302 = ORIENTED_EDGE ( 'NONE', *, *, #6433, .F. ) ;
#5303 = CARTESIAN_POINT ( 'NONE',  ( 35.81317509353498707, 1.387029471939998929E-06, -1.653134726064999338 ) ) ;
#5304 = ORIENTED_EDGE ( 'NONE', *, *, #2335, .F. ) ;
#5305 = VECTOR ( 'NONE', #6571, 1000.000000000000000 ) ;
#5306 = DIRECTION ( 'NONE',  ( 0.6427876096867997102, 0.000000000000000000, 0.7660444431187596326 ) ) ;
#5307 = DIRECTION ( 'NONE',  ( 0.000000000000000000, 1.000000000000000000, -2.200000000000000003E-16 ) ) ;
#5308 = CARTESIAN_POINT ( 'NONE',  ( 66.06534620590180396, 12.50000000000000000, -0.6083014830161420639 ) ) ;
#5309 = CARTESIAN_POINT ( 'NONE',  ( 35.81555349559501167, 2.534162853052002287E-05, -1.641087160780001053 ) ) ;
#5310 = CARTESIAN_POINT ( 'NONE',  ( 37.80248559818001297, 2.314905551092000913, 3.046704695390996864 ) ) ;
#5311 = CARTESIAN_POINT ( 'NONE',  ( 69.62624050567799827, 0.8392104906779999096, -3.897996165022000525 ) ) ;
#5312 = ADVANCED_FACE ( 'NONE', ( #2546 ), #6579, .F. ) ;
#5313 = EDGE_CURVE ( 'NONE', #6574, #6518, #2161, .T. ) ;
#5314 = FACE_OUTER_BOUND ( 'NONE', #2250, .T. ) ;
#5315 = ORIENTED_EDGE ( 'NONE', *, *, #1056, .F. ) ;
#5316 = DIRECTION ( 'NONE',  ( -0.6427876096867989331, 0.000000000000000000, -0.7660444431187601877 ) ) ;
#5317 = PLANE ( 'NONE',  #1215 ) ;
#5318 = FACE_OUTER_BOUND ( 'NONE', #5495, .T. ) ;
#5319 = ORIENTED_EDGE ( 'NONE', *, *, #6049, .T. ) ;
#5320 = EDGE_CURVE ( 'NONE', #5206, #6139, #2129, .T. ) ;
#5321 = DIRECTION ( 'NONE',  ( -0.7660444431187601877, 0.000000000000000000, 0.6427876096867989331 ) ) ;
#5322 = CARTESIAN_POINT ( 'NONE',  ( 26.46282256928700605, 0.7098176896650003620, -32.54303374522999803 ) ) ;
#5323 = DIRECTION ( 'NONE',  ( -0.7738183182906461788, 1.399999999999358627E-16, 0.6334076177927102647 ) ) ;
#5324 = LINE ( 'NONE', #1602, #4690 ) ;
#5325 = CIRCLE ( 'NONE', #5108, 0.4999999999999995559 ) ;
#5326 = ADVANCED_FACE ( 'NONE', ( #890 ), #2954, .T. ) ;
#5327 = CYLINDRICAL_SURFACE ( 'NONE', #1956, 3.000000000000000000 ) ;
#5328 = CARTESIAN_POINT ( 'NONE',  ( 27.10367336020799556, 0.2735670431269999758, -32.35659706981000028 ) ) ;
#5329 = CARTESIAN_POINT ( 'NONE',  ( 69.81030445633899717, 11.28923830798600214, -3.831785636419999808 ) ) ;
#5330 = VERTEX_POINT ( 'NONE', #5025 ) ;
#5331 = CIRCLE ( 'NONE', #557, 0.7500000000000006661 ) ;
#5332 = ORIENTED_EDGE ( 'NONE', *, *, #1775, .T. ) ;
#5333 = DIRECTION ( 'NONE',  ( 1.000000000000000000, 0.000000000000000000, 0.000000000000000000 ) ) ;
#5334 = CARTESIAN_POINT ( 'NONE',  ( -3.167662790056999800, 3.000000000000000000, -109.7379312188000000 ) ) ;
#5335 = CARTESIAN_POINT ( 'NONE',  ( 68.10371414713200977, 12.03463968036900056, -3.624102560038000131 ) ) ;
#5336 = CARTESIAN_POINT ( 'NONE',  ( 7.033946812642001056, 4.500000000000000000, -61.25000000000000000 ) ) ;
#5337 = VERTEX_POINT ( 'NONE', #5559 ) ;
#5338 = CARTESIAN_POINT ( 'NONE',  ( 35.81411985379798324, 1.326028972648000014E-05, -1.646074802087999833 ) ) ;
#5339 = ORIENTED_EDGE ( 'NONE', *, *, #3245, .T. ) ;
#5340 = LINE ( 'NONE', #2766, #1787 ) ;
#5341 = CARTESIAN_POINT ( 'NONE',  ( -3.167662790056999800, 6.000000000000000000, -109.7379312188000000 ) ) ;
#5342 = CARTESIAN_POINT ( 'NONE',  ( 60.33326460377319478, 9.500000000000000000, 8.117707943205138221 ) ) ;
#5343 = CARTESIAN_POINT ( 'NONE',  ( 37.43508374336301614, 1.796941244073999133, 2.614885155057001143 ) ) ;
#5344 = CARTESIAN_POINT ( 'NONE',  ( 5.332337209943000644, 5.500000000000000000, -110.9450379999999967 ) ) ;
#5345 = CARTESIAN_POINT ( 'NONE',  ( 69.40608726593899291, 0.5185745849330000157, -3.903853011464999856 ) ) ;
#5346 = CARTESIAN_POINT ( 'NONE',  ( 35.81413741264900352, 1.664435112849999889E-06, -1.652924801718999914 ) ) ;
#5347 = EDGE_LOOP ( 'NONE', ( #6479, #993, #1826, #4586 ) ) ;
#5348 = CARTESIAN_POINT ( 'NONE',  ( 18.52061116535099927, 8.960171981965000754, -27.45481733417999948 ) ) ;
#5349 = CARTESIAN_POINT ( 'NONE',  ( 50.65460117794900441, 8.881784197000999888E-16, 8.406627118110000296 ) ) ;
#5350 = AXIS2_PLACEMENT_3D ( 'NONE', #624, #3709, #4222 ) ;
#5351 = CARTESIAN_POINT ( 'NONE',  ( 40.74273060912399558, 11.58904871525600200, -38.46241909982999374 ) ) ;
#5352 = ORIENTED_EDGE ( 'NONE', *, *, #6004, .F. ) ;
#5353 = CARTESIAN_POINT ( 'NONE',  ( 40.16471908311400085, -2.800000000000000139E-16, -36.92050030104999792 ) ) ;
#5354 = CARTESIAN_POINT ( 'NONE',  ( 25.86755138249800012, 2.256048371496000113E-05, -30.21120470163999983 ) ) ;
#5355 = DIRECTION ( 'NONE',  ( -1.930163174001124888E-48, -1.000000000000000000, 2.200000000000000003E-16 ) ) ;
#5356 = CARTESIAN_POINT ( 'NONE',  ( 5.267287708431999782, 1.885529756711000093, -109.3305677567000060 ) ) ;
#5357 = EDGE_CURVE ( 'NONE', #5371, #5399, #3533, .T. ) ;
#5358 = EDGE_CURVE ( 'NONE', #3538, #3639, #6134, .T. ) ;
#5359 = CARTESIAN_POINT ( 'NONE',  ( 25.90635216709799948, 8.881784197000999888E-16, -25.13206950081999835 ) ) ;
#5360 = CARTESIAN_POINT ( 'NONE',  ( 28.17773265632001056, 1.140990308763999650, -34.03504951357000152 ) ) ;
#5361 = CARTESIAN_POINT ( 'NONE',  ( 69.08114728292399320, 1.500000000000000000, 1.430066458212999825 ) ) ;
#5362 = AXIS2_PLACEMENT_3D ( 'NONE', #1063, #4759, #5731 ) ;
#5363 = ORIENTED_EDGE ( 'NONE', *, *, #5392, .F. ) ;
#5364 = AXIS2_PLACEMENT_3D ( 'NONE', #4137, #2476, #533 ) ;
#5365 = ORIENTED_EDGE ( 'NONE', *, *, #4174, .F. ) ;
#5366 = LINE ( 'NONE', #5299, #2650 ) ;
#5367 = EDGE_CURVE ( 'NONE', #2137, #6539, #5324, .T. ) ;
#5368 = CARTESIAN_POINT ( 'NONE',  ( 4.955821798436000236, 1.177545084809999976, -108.6225830847999987 ) ) ;
#5369 = CARTESIAN_POINT ( 'NONE',  ( 20.12336569947400022, 1.500000000000000000, -28.39971159538000123 ) ) ;
#5370 = CARTESIAN_POINT ( 'NONE',  ( 25.93057525473500036, 2.063300002640000130, -34.55130100949999417 ) ) ;
#5371 = VERTEX_POINT ( 'NONE', #3762 ) ;
#5372 = EDGE_LOOP ( 'NONE', ( #351, #1079, #4806, #1025 ) ) ;
#5373 = FACE_OUTER_BOUND ( 'NONE', #464, .T. ) ;
#5374 = ADVANCED_FACE ( 'NONE', ( #177 ), #5755, .T. ) ;
#5375 = CARTESIAN_POINT ( 'NONE',  ( 10.55311763816800052, -1.066000000000000046E-14, -48.44323113179999751 ) ) ;
#5376 = CARTESIAN_POINT ( 'NONE',  ( 37.35134273112897318, 1.737161809281998703, 2.530762833114997612 ) ) ;
#5377 = FACE_OUTER_BOUND ( 'NONE', #5372, .T. ) ;
#5378 = LINE ( 'NONE', #700, #159 ) ;
#5379 = ORIENTED_EDGE ( 'NONE', *, *, #1003, .T. ) ;
#5380 = CARTESIAN_POINT ( 'NONE',  ( 19.25183954610300674, 9.117468741896999518, -25.97203072258999512 ) ) ;
#5381 = LINE ( 'NONE', #1728, #6074 ) ;
#5382 = CARTESIAN_POINT ( 'NONE',  ( -1.373716642967999890, 0.3605477073510000019, -107.8055857072999970 ) ) ;
#5383 = CARTESIAN_POINT ( 'NONE',  ( 40.88953900064500147, 1.022963676151999790, -38.30896386581000002 ) ) ;
#5384 = CARTESIAN_POINT ( 'NONE',  ( 25.86575724996301773, 0.0001818715563402002885, -30.24666317800000925 ) ) ;
#5385 = CARTESIAN_POINT ( 'NONE',  ( 14.62094954563200133, -4.000000000000000311E-15, -20.09507025341000030 ) ) ;
#5386 = CARTESIAN_POINT ( 'NONE',  ( 3.774779076236999931, 0.08044100143244001244, -107.3050319963000021 ) ) ;
#5387 = DIRECTION ( 'NONE',  ( 0.6585051301128199697, 0.000000000000000000, 0.7525762377427938077 ) ) ;
#5388 = CARTESIAN_POINT ( 'NONE',  ( 28.28911878344201369, 1.311596761085000118, -34.16919477720998088 ) ) ;
#5389 = CARTESIAN_POINT ( 'NONE',  ( 37.69260015160099897, 6.000000000000000000, 3.053098811051000006 ) ) ;
#5390 = ORIENTED_EDGE ( 'NONE', *, *, #2959, .T. ) ;
#5391 = EDGE_LOOP ( 'NONE', ( #3767, #2006, #785, #5789 ) ) ;
#5392 = EDGE_CURVE ( 'NONE', #1667, #422, #539, .T. ) ;
#5393 = CARTESIAN_POINT ( 'NONE',  ( 20.09031137973902048, 9.312673097563004987, -27.18706136622999381 ) ) ;
#5394 = EDGE_CURVE ( 'NONE', #1265, #172, #2968, .T. ) ;
#5395 = CARTESIAN_POINT ( 'NONE',  ( 2.832337209942999756, 0.1464466094069999946, -107.5914846093999842 ) ) ;
#5396 = CARTESIAN_POINT ( 'NONE',  ( 26.83233720994300242, 3.000000000000000000, -58.05141188318999923 ) ) ;
#5397 = CARTESIAN_POINT ( 'NONE',  ( -3.167662790056999800, 1.750000000000000000, -109.1950379999999967 ) ) ;
#5398 = DIRECTION ( 'NONE',  ( 0.000000000000000000, 2.200000000000000003E-16, 1.000000000000000000 ) ) ;
#5399 = VERTEX_POINT ( 'NONE', #5818 ) ;
#5400 = ORIENTED_EDGE ( 'NONE', *, *, #1260, .F. ) ;
#5401 = FACE_OUTER_BOUND ( 'NONE', #3988, .T. ) ;
#5402 = CARTESIAN_POINT ( 'NONE',  ( 37.12801103645701772, 1.562765103675997969, 2.286004382735000728 ) ) ;
#5403 = CARTESIAN_POINT ( 'NONE',  ( 26.83233720994300242, 6.000000000000000000, -58.05141188318999923 ) ) ;
#5404 = EDGE_CURVE ( 'NONE', #2592, #172, #4271, .T. ) ;
#5405 = DIRECTION ( 'NONE',  ( 0.7660444431187601877, 0.000000000000000000, -0.6427876096867990441 ) ) ;
#5406 = CARTESIAN_POINT ( 'NONE',  ( 35.81417091349599957, 2.424146795499000143E-05, -1.642304986536999856 ) ) ;
#5407 = ORIENTED_EDGE ( 'NONE', *, *, #3451, .F. ) ;
#5408 = CARTESIAN_POINT ( 'NONE',  ( 21.82391093577300722, 9.262993832380004733, -28.75569393171002375 ) ) ;
#5409 = FACE_OUTER_BOUND ( 'NONE', #1266, .T. ) ;
#5410 = AXIS2_PLACEMENT_3D ( 'NONE', #4841, #3714, #99 ) ;
#5411 = CC_DESIGN_PERSON_AND_ORGANIZATION_ASSIGNMENT ( #6585, #4017, ( #4264 ) ) ;
#5412 = CARTESIAN_POINT ( 'NONE',  ( -0.6034627410359997279, -2.709000000000000750E-14, -107.4450379999999541 ) ) ;
#5413 = DIRECTION ( 'NONE',  ( 0.000000000000000000, 1.000000000000000000, 0.000000000000000000 ) ) ;
#5414 = DIRECTION ( 'NONE',  ( 0.6427965315233731269, 1.700000000000990281E-16, 0.7660369567204452501 ) ) ;
#5415 = CARTESIAN_POINT ( 'NONE',  ( 25.86810040195102189, 4.770990396309999694E-06, -30.20035500355000124 ) ) ;
#5416 = LINE ( 'NONE', #1354, #1680 ) ;
#5417 = AXIS2_PLACEMENT_3D ( 'NONE', #2457, #3468, #6005 ) ;
#5418 = FACE_OUTER_BOUND ( 'NONE', #3095, .T. ) ;
#5419 = CARTESIAN_POINT ( 'NONE',  ( 25.93345572353001316, 0.0007321612360528998277, -30.30717059445999340 ) ) ;
#5420 = CARTESIAN_POINT ( 'NONE',  ( 68.89476271734000079, 11.56250000000000000, -4.029044233049000390 ) ) ;
#5421 = ORIENTED_EDGE ( 'NONE', *, *, #4165, .T. ) ;
#5422 = ORIENTED_EDGE ( 'NONE', *, *, #3589, .F. ) ;
#5423 = CARTESIAN_POINT ( 'NONE',  ( 19.46190473320099912, 8.935848481884999472, -28.39768490197000261 ) ) ;
#5424 = AXIS2_PLACEMENT_3D ( 'NONE', #1559, #2163, #73 ) ;
#5425 = CARTESIAN_POINT ( 'NONE',  ( 35.83233720994299887, -1.546999999999999934E-14, -69.65551667206999298 ) ) ;
#5426 = FACE_OUTER_BOUND ( 'NONE', #1739, .T. ) ;
#5427 =( BOUNDED_SURFACE ( )  B_SPLINE_SURFACE ( 2, 5, ( 
 ( #6516, #3398, #790, #6378, #3912, #5370 ),
 ( #3846, #5901, #5965, #4452, #1847, #189 ),
 ( #2354, #1335, #726, #318, #2384, #1272 ) ),
 .UNSPECIFIED., .F., .F., .T. ) 
 B_SPLINE_SURFACE_WITH_KNOTS ( ( 3, 3 ),
 ( 6, 6 ),
 ( 0.000000000000000000, 0.8936617269340000336 ),
 ( 62.29202788403900115, 63.18568961097300019 ),
 .UNSPECIFIED. ) 
 GEOMETRIC_REPRESENTATION_ITEM ( )  RATIONAL_B_SPLINE_SURFACE ( (
 ( 1.000000000000000000, 1.000000000000000000, 1.000000000000000000, 1.000000000000000000, 1.000000000000000000, 1.000000000000000000),
 ( 0.7071108989000000067, 0.7071108989000000067, 0.7071108423559999689, 0.7071109200549999807, 0.7071106911450000254, 0.7071107400219999173),
 ( 1.000000000000000000, 1.000000000000000000, 1.000000000000000000, 1.000000000000000000, 1.000000000000000000, 1.000000000000000000) ) ) 
 REPRESENTATION_ITEM ( '' )  SURFACE ( )  );
#5428 = CARTESIAN_POINT ( 'NONE',  ( 35.81680947911400636, 7.627504134999999887E-07, -1.653849473781999979 ) ) ;
#5429 = AXIS2_PLACEMENT_3D ( 'NONE', #4944, #2239, #739 ) ;
#5430 = CARTESIAN_POINT ( 'NONE',  ( 36.17572235547799409, 12.50000000000000000, -36.22936808803999753 ) ) ;
#5431 = VERTEX_POINT ( 'NONE', #5261 ) ;
#5432 = ORIENTED_EDGE ( 'NONE', *, *, #2257, .T. ) ;
#5433 = LINE ( 'NONE', #4898, #5457 ) ;
#5434 = DIRECTION ( 'NONE',  ( 1.000000000000000000, 0.000000000000000000, 0.000000000000000000 ) ) ;
#5435 = ADVANCED_FACE ( 'NONE', ( #3226 ), #5293, .T. ) ;
#5436 = EDGE_CURVE ( 'NONE', #929, #5814, #6597, .T. ) ;
#5437 = CARTESIAN_POINT ( 'NONE',  ( 35.81521813140599875, 3.505674647020000347E-06, -1.650167289291000206 ) ) ;
#5438 = LINE ( 'NONE', #4970, #5947 ) ;
#5439 = CARTESIAN_POINT ( 'NONE',  ( 2.546487337083000124, 7.500000000000000000, -48.94825787499999592 ) ) ;
#5440 = CARTESIAN_POINT ( 'NONE',  ( 35.81407318445300092, 6.048460769130000157E-06, -1.649523465891000074 ) ) ;
#5441 = EDGE_LOOP ( 'NONE', ( #3271, #2152, #6138, #75 ) ) ;
#5442 = CARTESIAN_POINT ( 'NONE',  ( 19.38328216155900208, 10.77331052779399911, -26.20816253353000036 ) ) ;
#5443 = ADVANCED_FACE ( 'NONE', ( #4753 ), #2724, .T. ) ;
#5444 = CYLINDRICAL_SURFACE ( 'NONE', #1106, 1.500000000000000888 ) ;
#5445 = DIRECTION ( 'NONE',  ( 0.000000000000000000, -1.000000000000000000, 0.000000000000000000 ) ) ;
#5446 = DIRECTION ( 'NONE',  ( 1.000000000000000000, 0.000000000000000000, 0.000000000000000000 ) ) ;
#5447 = CARTESIAN_POINT ( 'NONE',  ( 40.99796340391200289, 0.8392104906789999985, -38.01584825083000396 ) ) ;
#5448 = CARTESIAN_POINT ( 'NONE',  ( 26.24266621812001077, 0.2776229432600000324, -31.75642816981001459 ) ) ;
#5449 = LINE ( 'NONE', #5983, #6438 ) ;
#5450 = CARTESIAN_POINT ( 'NONE',  ( 3.633629317110000034, 0.2151658259529999895, -107.6602038259000125 ) ) ;
#5451 = VECTOR ( 'NONE', #5511, 1000.000000000000114 ) ;
#5452 = CARTESIAN_POINT ( 'NONE',  ( 25.90635216709799948, 0.5999999999999999778, -25.13206950081999835 ) ) ;
#5453 = CARTESIAN_POINT ( 'NONE',  ( 25.96046542030398285, 0.001457839018754999560, -30.35532526291002142 ) ) ;
#5454 = CARTESIAN_POINT ( 'NONE',  ( 36.77057665313299850, 7.243395176980000016, 2.175856988015000049 ) ) ;
#5455 = EDGE_LOOP ( 'NONE', ( #5066, #5799, #5216, #4394 ) ) ;
#5456 = EDGE_LOOP ( 'NONE', ( #5266, #1580, #1228, #2046 ) ) ;
#5457 = VECTOR ( 'NONE', #2322, 1000.000000000000000 ) ;
#5458 = CARTESIAN_POINT ( 'NONE',  ( -2.822832705533998343, 7.553247419437006727, -108.8917905805000572 ) ) ;
#5459 = CARTESIAN_POINT ( 'NONE',  ( 26.04546980513999799, 3.000000000000000000, -34.64770817618000365 ) ) ;
#5460 = CARTESIAN_POINT ( 'NONE',  ( 69.63845337762300858, 1.500000000000000000, -4.128657308696999095 ) ) ;
#5461 = CIRCLE ( 'NONE', #59, 0.7500000000000006661 ) ;
#5462 = CARTESIAN_POINT ( 'NONE',  ( 35.81390662777999978, 2.043000000000000105E-14, -1.656371155235000003 ) ) ;
#5463 = CIRCLE ( 'NONE', #3631, 1.999999999999997335 ) ;
#5464 = CARTESIAN_POINT ( 'NONE',  ( 2.832337209942999756, 8.853553390592999506, -107.5914846093999842 ) ) ;
#5465 = ORIENTED_EDGE ( 'NONE', *, *, #3418, .F. ) ;
#5466 = ORIENTED_EDGE ( 'NONE', *, *, #4618, .F. ) ;
#5467 = CYLINDRICAL_SURFACE ( 'NONE', #5991, 3.000000000000000000 ) ;
#5468 = CARTESIAN_POINT ( 'NONE',  ( 37.40715528162700565, 1.777328701251999821, 2.587236247307002301 ) ) ;
#5469 = CARTESIAN_POINT ( 'NONE',  ( 69.20457360165099203, 1.050000000000000044, -4.037273041049000533 ) ) ;
#5470 = CIRCLE ( 'NONE', #3099, 5.499999999999998224 ) ;
#5471 = CARTESIAN_POINT ( 'NONE',  ( 28.51527792428900199, 1.500000000000000000, -29.80149199118000070 ) ) ;
#5472 = ORIENTED_EDGE ( 'NONE', *, *, #6066, .T. ) ;
#5473 = CARTESIAN_POINT ( 'NONE',  ( 35.81404516574799146, 3.057751946089999936E-06, -1.651592685083000056 ) ) ;
#5474 = EDGE_CURVE ( 'NONE', #1614, #6249, #4459, .T. ) ;
#5475 = VERTEX_POINT ( 'NONE', #1088 ) ;
#5476 = DIRECTION ( 'NONE',  ( 0.000000000000000000, 1.000000000000000000, 0.000000000000000000 ) ) ;
#5477 = CARTESIAN_POINT ( 'NONE',  ( 10.55311763816800052, 6.000000000000000000, -48.44323113179999751 ) ) ;
#5478 = LINE ( 'NONE', #6467, #3518 ) ;
#5479 = LINE ( 'NONE', #2721, #5243 ) ;
#5480 = CARTESIAN_POINT ( 'NONE',  ( 40.89334016234700186, 0.6798904087860000445, -36.98721375675999923 ) ) ;
#5481 = CARTESIAN_POINT ( 'NONE',  ( 4.705450742607999892, 0.8608042639610000712, -108.3058422639000042 ) ) ;
#5482 = CARTESIAN_POINT ( 'NONE',  ( 20.90321018855299684, 10.65729015676100033, -27.98313427429000200 ) ) ;
#5483 = CARTESIAN_POINT ( 'NONE',  ( 26.08468650449101744, 0.008079756932479996434, -30.57667288977999931 ) ) ;
#5484 = CARTESIAN_POINT ( 'NONE',  ( 33.15597986671800612, 9.103196195693003645, -2.490785203088000888 ) ) ;
#5485 = ADVANCED_FACE ( 'NONE', ( #1158 ), #81, .F. ) ;
#5487 = VERTEX_POINT ( 'NONE', #4208 ) ;
#5486 = EDGE_CURVE ( 'NONE', #2465, #5164, #6617, .T. ) ;
#5488 = VERTEX_POINT ( 'NONE', #2206 ) ;
#5489 = CYLINDRICAL_SURFACE ( 'NONE', #1250, 1.499999999999999334 ) ;
#5490 = DIRECTION ( 'NONE',  ( -0.7660444431187598546, 0.000000000000000000, 0.6427876096867992661 ) ) ;
#5491 = CARTESIAN_POINT ( 'NONE',  ( 40.72104578684999865, 1.205475688725999861, -38.59108169350999873 ) ) ;
#5492 = CYLINDRICAL_SURFACE ( 'NONE', #3548, 1.500000000000000222 ) ;
#5493 = CARTESIAN_POINT ( 'NONE',  ( 35.81691753584799898, 1.953739698401999716E-05, -1.641236919762000035 ) ) ;
#5494 = CARTESIAN_POINT ( 'NONE',  ( -3.167662790056999800, -2.462999999999999830E-14, -110.9450379999999967 ) ) ;
#5495 = EDGE_LOOP ( 'NONE', ( #3786, #2286, #448, #3229 ) ) ;
#5496 = EDGE_LOOP ( 'NONE', ( #2447, #2485, #2258, #951 ) ) ;
#5497 = CARTESIAN_POINT ( 'NONE',  ( 28.36137763588800098, 1.435387453366999910, -34.24127982861000419 ) ) ;
#5498 = DATE_TIME_ROLE ( 'creation_date' ) ;
#5499 = CARTESIAN_POINT ( 'NONE',  ( 25.87951281165299022, 0.0002334194755131001775, -30.23867229397002276 ) ) ;
#5500 = CYLINDRICAL_SURFACE ( 'NONE', #5138, 0.7500000000000006661 ) ;
#5501 = CYLINDRICAL_SURFACE ( 'NONE', #5145, 1.500000000000000000 ) ;
#5502 = ORIENTED_EDGE ( 'NONE', *, *, #546, .F. ) ;
#5503 = CARTESIAN_POINT ( 'NONE',  ( 37.05876560471300252, 1.971281962722000181, 2.443387128388999852 ) ) ;
#5504 = EDGE_LOOP ( 'NONE', ( #589, #2517, #6671, #1890 ) ) ;
#5505 = CARTESIAN_POINT ( 'NONE',  ( 5.140498427268339832, 7.478514182896919493, -108.9665238170790076 ) ) ;
#5506 = CARTESIAN_POINT ( 'NONE',  ( 47.54377101635200376, -2.199999999999999757E-16, 12.32233084869299944 ) ) ;
#5507 = CARTESIAN_POINT ( 'NONE',  ( 36.51395572831300740, 1.394784108156999602, 1.777043323363998839 ) ) ;
#5508 = EDGE_CURVE ( 'NONE', #5256, #2188, #43, .T. ) ;
#5509 = CARTESIAN_POINT ( 'NONE',  ( -2.924888241659000077, 1.619832680150000037, -108.5880377619999990 ) ) ;
#5510 = EDGE_CURVE ( 'NONE', #2678, #3638, #133, .T. ) ;
#5511 = DIRECTION ( 'NONE',  ( 0.000000000000000000, 0.7071067811865474617, -0.7071067811865474617 ) ) ;
#5512 = CARTESIAN_POINT ( 'NONE',  ( 40.97673661261200095, 11.22500000000000142, -38.18354160448000556 ) ) ;
#5513 = CIRCLE ( 'NONE', #2492, 2.500000000000000888 ) ;
#5514 = DIRECTION ( 'NONE',  ( -1.000000000000000000, 0.000000000000000000, 0.000000000000000000 ) ) ;
#5515 = EDGE_CURVE ( 'NONE', #3819, #1703, #6288, .T. ) ;
#5516 = CARTESIAN_POINT ( 'NONE',  ( 25.96586584393399022, 0.001634363693912997814, -30.36495270944999447 ) ) ;
#5517 = AXIS2_PLACEMENT_3D ( 'NONE', #5126, #2549, #4620 ) ;
#5518 = EDGE_CURVE ( 'NONE', #320, #3905, #1422, .T. ) ;
#5519 = CARTESIAN_POINT ( 'NONE',  ( 29.99976598561099905, 8.870237181821000405, -4.241953401188999884 ) ) ;
#5520 = ORIENTED_EDGE ( 'NONE', *, *, #4322, .F. ) ;
#5521 = ORIENTED_EDGE ( 'NONE', *, *, #5774, .T. ) ;
#5522 = FACE_BOUND ( 'NONE', #6102, .T. ) ;
#5523 = FACE_OUTER_BOUND ( 'NONE', #4466, .T. ) ;
#5524 = CARTESIAN_POINT ( 'NONE',  ( 40.23147947072400399, 1.309999999999999987E-15, -37.29913685791000688 ) ) ;
#5525 = DIRECTION ( 'NONE',  ( 0.07974594384743545483, 0.000000000000000000, 0.9968152208106983991 ) ) ;
#5526 = CC_DESIGN_APPROVAL ( #2809, ( #3150 ) ) ;
#5527 = EDGE_CURVE ( 'NONE', #5431, #3766, #713, .T. ) ;
#5528 = CARTESIAN_POINT ( 'NONE',  ( 36.24428064178199804, 0.3014979039669999916, 0.2637481509449999817 ) ) ;
#5529 = CARTESIAN_POINT ( 'NONE',  ( 26.83233720994300242, -1.288999999999999922E-14, -58.05141188318999923 ) ) ;
#5530 = VERTEX_POINT ( 'NONE', #2814 ) ;
#5531 = CIRCLE ( 'NONE', #1318, 0.8499999999999990896 ) ;
#5532 = ORIENTED_EDGE ( 'NONE', *, *, #771, .F. ) ;
#5533 = CARTESIAN_POINT ( 'NONE',  ( 26.25838538238999931, 0.02628575222809000078, -30.88555872063999885 ) ) ;
#5534 = VECTOR ( 'NONE', #5047, 1000.000000000000114 ) ;
#5535 = CARTESIAN_POINT ( 'NONE',  ( 25.91210131018798535, 0.003741907384989002095, -30.37903064332000724 ) ) ;
#5536 = CARTESIAN_POINT ( 'NONE',  ( 35.81755576053697609, 2.904414846516000816E-05, -1.637883017767000071 ) ) ;
#5537 = CARTESIAN_POINT ( 'NONE',  ( 51.11422784382000373, 0.5999999999999999778, 8.020954552298000806 ) ) ;
#5538 = ORIENTED_EDGE ( 'NONE', *, *, #3245, .F. ) ;
#5539 = CIRCLE ( 'NONE', #2616, 2.500000000000001332 ) ;
#5540 = CARTESIAN_POINT ( 'NONE',  ( 35.84258104643999587, 0.1291427168269999870, -0.5719589651749998893 ) ) ;
#5541 = EDGE_LOOP ( 'NONE', ( #5288, #4463, #2641, #593, #6551, #4182 ) ) ;
#5542 = PLANE ( 'NONE',  #476 ) ;
#5543 = FACE_OUTER_BOUND ( 'NONE', #707, .T. ) ;
#5544 = CARTESIAN_POINT ( 'NONE',  ( 36.98460286642600181, 1.897786490386999425, 2.364213212770998052 ) ) ;
#5545 = CARTESIAN_POINT ( 'NONE',  ( 69.24040885236300369, 0.9314104264339998496, -4.047933554166999848 ) ) ;
#5546 = CARTESIAN_POINT ( 'NONE',  ( 40.87607954910200192, 12.02039513068300103, -37.02021956994999385 ) ) ;
#5547 = CARTESIAN_POINT ( 'NONE',  ( 40.64873218076000683, 1.500000000000000000, -38.67726169336000197 ) ) ;
#5548 = CARTESIAN_POINT ( 'NONE',  ( 69.78770022685799290, 11.22500000000000142, -3.847972211111999830 ) ) ;
#5549 = CARTESIAN_POINT ( 'NONE',  ( 20.09139848241200355, 10.67600738168800056, -27.18834375630000011 ) ) ;
#5550 = CARTESIAN_POINT ( 'NONE',  ( 26.13881003155999849, 0.01273246022013999924, -30.67300967186999827 ) ) ;
#5551 = CARTESIAN_POINT ( 'NONE',  ( 38.07125714416000051, 6.616307144201000412, 3.367014150899000136 ) ) ;
#5552 = ORIENTED_EDGE ( 'NONE', *, *, #4608, .F. ) ;
#5553 = ORIENTED_EDGE ( 'NONE', *, *, #794, .F. ) ;
#5554 = CARTESIAN_POINT ( 'NONE',  ( -2.691742525662000229, 7.797182481810000176, -108.2411259489999935 ) ) ;
#5555 = CARTESIAN_POINT ( 'NONE',  ( 69.38928936650499679, 11.00000000000000000, -2.092013673799999918 ) ) ;
#5556 = CARTESIAN_POINT ( 'NONE',  ( -0.1676627900569999940, 8.853553390592999506, -107.5914846093999842 ) ) ;
#5557 = ADVANCED_FACE ( 'NONE', ( #4852 ), #1210, .T. ) ;
#5558 = CIRCLE ( 'NONE', #6535, 0.7500000000000006661 ) ;
#5559 = CARTESIAN_POINT ( 'NONE',  ( 5.832337209943000644, 4.500000000000000000, -71.75000000000000000 ) ) ;
#5560 = EDGE_CURVE ( 'NONE', #5194, #5330, #5001, .T. ) ;
#5561 = CARTESIAN_POINT ( 'NONE',  ( 36.38573100781599834, 0.4536796808889999588, 0.7053369434280000183 ) ) ;
#5562 = CARTESIAN_POINT ( 'NONE',  ( 13.30370212851699918, 1.500000000000000000, -29.51673107541000363 ) ) ;
#5563 = EDGE_LOOP ( 'NONE', ( #6616, #621, #6412, #6373, #2532 ) ) ;
#5564 = VECTOR ( 'NONE', #1128, 1000.000000000000114 ) ;
#5566 = ORIENTED_EDGE ( 'NONE', *, *, #4239, .F. ) ;
#5565 = ADVANCED_FACE ( 'NONE', ( #3422 ), #6338, .F. ) ;
#5567 = CARTESIAN_POINT ( 'NONE',  ( 26.01986096182400132, 0.003973019932983000262, -30.46119113291999980 ) ) ;
#5568 = AXIS2_PLACEMENT_3D ( 'NONE', #1855, #3919, #5871 ) ;
#5569 = AXIS2_PLACEMENT_3D ( 'NONE', #151, #5333, #6413 ) ;
#5570 = AXIS2_PLACEMENT_3D ( 'NONE', #2804, #5872, #3311 ) ;
#5571 = CARTESIAN_POINT ( 'NONE',  ( 25.87281696218201432, 3.444047209266999881E-05, -30.20981976287001558 ) ) ;
#5572 = CARTESIAN_POINT ( 'NONE',  ( 35.81781105818399880, 3.340546044850000297E-05, -1.636541449671999882 ) ) ;
#5573 = DIRECTION ( 'NONE',  ( -3.250297816312459947E-18, -1.000000000000000000, 2.252054951940529667E-16 ) ) ;
#5575 = ORIENTED_EDGE ( 'NONE', *, *, #2756, .F. ) ;
#5574 = EDGE_CURVE ( 'NONE', #6392, #6349, #5325, .T. ) ;
#5576 = AXIS2_PLACEMENT_3D ( 'NONE', #6609, #921, #3939 ) ;
#5577 = AXIS2_PLACEMENT_3D ( 'NONE', #3592, #6159, #4102 ) ;
#5578 = CARTESIAN_POINT ( 'NONE',  ( 35.86504535296599983, 0.2161590402809999978, -0.2783644040309999901 ) ) ;
#5579 = VERTEX_POINT ( 'NONE', #3900 ) ;
#5580 = LINE ( 'NONE', #3961, #5671 ) ;
#5581 = VECTOR ( 'NONE', #937, 1000.000000000000000 ) ;
#5582 = CARTESIAN_POINT ( 'NONE',  ( 35.82739416227201446, 6.156008602899998642E-07, -1.655643132792997907 ) ) ;
#5583 = CARTESIAN_POINT ( 'NONE',  ( 31.91234823940700238, 8.657431384067001190, -2.430732423568000122 ) ) ;
#5584 = CARTESIAN_POINT ( 'NONE',  ( 70.53835603118399433, 11.00000000000000000, -3.056195088329999976 ) ) ;
#5585 = AXIS2_PLACEMENT_3D ( 'NONE', #5625, #4580, #1466 ) ;
#5586 = CARTESIAN_POINT ( 'NONE',  ( 40.87260183183300200, 11.67499999999999893, -36.99327561362999717 ) ) ;
#5587 = DIRECTION ( 'NONE',  ( 0.6427965315233731269, 1.700000000000990281E-16, 0.7660369567204452501 ) ) ;
#5588 = CARTESIAN_POINT ( 'NONE',  ( -11.00000000000000000, 4.500000000000000000, -88.25000000000000000 ) ) ;
#5589 = CARTESIAN_POINT ( 'NONE',  ( 31.91234823940700238, 8.657431384067001190, -2.430732423568000122 ) ) ;
#5590 = VERTEX_POINT ( 'NONE', #1356 ) ;
#5591 = CARTESIAN_POINT ( 'NONE',  ( -2.667764687937999923, 6.737543221103999613, -109.7074947787999974 ) ) ;
#5592 = FACE_OUTER_BOUND ( 'NONE', #6279, .T. ) ;
#5593 = CARTESIAN_POINT ( 'NONE',  ( 58.82271372100920104, 1.500000000000000000, 6.317503501876049476 ) ) ;
#5594 = PLANE ( 'NONE',  #1936 ) ;
#5595 = CARTESIAN_POINT ( 'NONE',  ( 35.81550783822599726, 5.306330487900000110E-06, -1.648644872740999912 ) ) ;
#5596 = VECTOR ( 'NONE', #788, 1000.000000000000000 ) ;
#5597 = FACE_OUTER_BOUND ( 'NONE', #617, .T. ) ;
#5598 = ORIENTED_EDGE ( 'NONE', *, *, #6006, .F. ) ;
#5599 = ADVANCED_FACE ( 'NONE', ( #2910 ), #1258, .T. ) ;
#5600 = EDGE_CURVE ( 'NONE', #6060, #3594, #5641, .T. ) ;
#5601 = VERTEX_POINT ( 'NONE', #744 ) ;
#5602 = CARTESIAN_POINT ( 'NONE',  ( 26.99827808259999884, 0.2276707927259999931, -32.17783438988999478 ) ) ;
#5603 = CARTESIAN_POINT ( 'NONE',  ( 0.000000000000000000, 0.000000000000000000, 0.000000000000000000 ) ) ;
#5604 =( BOUNDED_CURVE ( )  B_SPLINE_CURVE ( 2, ( #6459, #1307, #6355 ),
 .UNSPECIFIED., .F., .T. ) 
 B_SPLINE_CURVE_WITH_KNOTS ( ( 3, 3 ),
 ( 0.000000000000000000, 4.712409944677999896 ),
 .UNSPECIFIED. ) 
 CURVE ( )  GEOMETRIC_REPRESENTATION_ITEM ( )  RATIONAL_B_SPLINE_CURVE ( ( 1.000000000000000000, 0.7071108989000000067, 1.000000000000000000 ) ) 
 REPRESENTATION_ITEM ( '' )  );
#5605 = CARTESIAN_POINT ( 'NONE',  ( 25.89517954850098747, 0.001404653427126000649, -30.30616735374000470 ) ) ;
#5606 = CARTESIAN_POINT ( 'NONE',  ( 37.46705763524398947, 1.407215639077998848, 2.643125505711000578 ) ) ;
#5607 = CARTESIAN_POINT ( 'NONE',  ( -0.1676627900569999940, 9.000000000000000000, -107.2379312188000000 ) ) ;
#5608 = ORIENTED_EDGE ( 'NONE', *, *, #1765, .F. ) ;
#5609 = CARTESIAN_POINT ( 'NONE',  ( 19.83216710480299838, 8.933334893752000738, -28.73250952327999741 ) ) ;
#5610 = EDGE_LOOP ( 'NONE', ( #3914, #2902, #3205 ) ) ;
#5611 = DIRECTION ( 'NONE',  ( 0.6427876096867997102, 0.000000000000000000, 0.7660444431187596326 ) ) ;
#5612 = CARTESIAN_POINT ( 'NONE',  ( -3.167662790056999800, 3.000000000000000000, -58.05141188318999923 ) ) ;
#5613 = EDGE_CURVE ( 'NONE', #1212, #1282, #2662, .T. ) ;
#5614 = CARTESIAN_POINT ( 'NONE',  ( 36.23767980964102264, 1.017587465131998936, 1.276972394871000116 ) ) ;
#5615 = CARTESIAN_POINT ( 'NONE',  ( 34.92785485701899972, 8.012500499149998845, 0.4284674892389999656 ) ) ;
#5616 = DIRECTION ( 'NONE',  ( 0.000000000000000000, 1.000000000000000000, 0.000000000000000000 ) ) ;
#5617 = ORIENTED_EDGE ( 'NONE', *, *, #3621, .T. ) ;
#5618 = CARTESIAN_POINT ( 'NONE',  ( 35.62935288724419536, 9.500000000000000000, -36.88050586469094583 ) ) ;
#5619 = FACE_BOUND ( 'NONE', #727, .T. ) ;
#5620 = CARTESIAN_POINT ( 'NONE',  ( 32.18555287257900233, 9.203642607078004190, -3.647295059704999343 ) ) ;
#5621 = ORIENTED_EDGE ( 'NONE', *, *, #3867, .T. ) ;
#5622 = AXIS2_PLACEMENT_3D ( 'NONE', #541, #1664, #3729 ) ;
#5623 = CARTESIAN_POINT ( 'NONE',  ( 15.54089908671999964, 12.50000000000000000, -23.48362100647999995 ) ) ;
#5624 = CARTESIAN_POINT ( 'NONE',  ( 25.85891361898802643, 0.002187377636310002416, -30.38204971050999603 ) ) ;
#5625 = CARTESIAN_POINT ( 'NONE',  ( 28.51527792428900199, 1.500000000000000000, -29.80149199118000070 ) ) ;
#5626 = CARTESIAN_POINT ( 'NONE',  ( 67.99370903496219398, 9.500000000000000000, 1.689831846340140054 ) ) ;
#5627 = CIRCLE ( 'NONE', #2711, 1.499999999999999334 ) ;
#5628 = CARTESIAN_POINT ( 'NONE',  ( 35.81589412991900190, 8.336499793590000933E-06, -1.646614956839000277 ) ) ;
#5629 = CARTESIAN_POINT ( 'NONE',  ( 6.655324129588000126, 4.151406562417999879, -62.67657548872000461 ) ) ;
#5630 = ORIENTED_EDGE ( 'NONE', *, *, #1381, .T. ) ;
#5631 = ORIENTED_EDGE ( 'NONE', *, *, #4409, .T. ) ;
#5632 = CARTESIAN_POINT ( 'NONE',  ( 25.85588889347868857, 1.382061339956919266, -34.13672975281274091 ) ) ;
#5633 = CARTESIAN_POINT ( 'NONE',  ( 27.27183773933899857, 0.3556127027300000076, -32.63961497399000677 ) ) ;
#5634 = CALENDAR_DATE ( 2026, 15, 6 ) ;
#5635 = CARTESIAN_POINT ( 'NONE',  ( 25.87130624303101811, 1.501126825309997074E-05, -30.20330985711999716 ) ) ;
#5636 = CARTESIAN_POINT ( 'NONE',  ( 36.67964004278202594, 0.7625294964340001425, 1.419686324608998795 ) ) ;
#5637 = CARTESIAN_POINT ( 'NONE',  ( -3.167662790056999800, 6.472106158475000370, -109.3445095068000086 ) ) ;
#5638 = ORIENTED_EDGE ( 'NONE', *, *, #3123, .F. ) ;
#5639 = CARTESIAN_POINT ( 'NONE',  ( 29.47945933881920055, 9.500000000000000000, -28.65242532650184870 ) ) ;
#5640 = ORIENTED_EDGE ( 'NONE', *, *, #432, .T. ) ;
#5641 = CIRCLE ( 'NONE', #3374, 1.500000000000000666 ) ;
#5642 = CARTESIAN_POINT ( 'NONE',  ( 26.82954415472499932, 10.40531324847000150, -32.95591891954000374 ) ) ;
#5643 = ADVANCED_FACE ( 'NONE', ( #2505 ), #6127, .T. ) ;
#5644 = CYLINDRICAL_SURFACE ( 'NONE', #668, 1.500000000000000000 ) ;
#5645 = EDGE_CURVE ( 'NONE', #1402, #5590, #868, .T. ) ;
#5646 = CARTESIAN_POINT ( 'NONE',  ( 37.00953638649200172, 1.922809403901998726, 2.391287855473002377 ) ) ;
#5647 = CARTESIAN_POINT ( 'NONE',  ( 11.89735597859200134, 3.000000000000000000, -18.83727930035999876 ) ) ;
#5648 = CIRCLE ( 'NONE', #6292, 0.4999999999999996114 ) ;
#5649 = EDGE_CURVE ( 'NONE', #2087, #6059, #4354, .T. ) ;
#5650 = CARTESIAN_POINT ( 'NONE',  ( 40.46384693061100535, 12.03463968036999887, -36.56401361414999940 ) ) ;
#5651 = ORIENTED_EDGE ( 'NONE', *, *, #2458, .F. ) ;
#5652 = CARTESIAN_POINT ( 'NONE',  ( -3.167662790056999800, 5.292893218813000011, -110.9450379999999967 ) ) ;
#5653 = CARTESIAN_POINT ( 'NONE',  ( 26.29202473291000075, 11.90000000000000036, -24.67244283495000090 ) ) ;
#5654 = CARTESIAN_POINT ( 'NONE',  ( 68.31629768194299857, 12.46475066659999875, -3.370755368700999899 ) ) ;
#5655 = ORIENTED_EDGE ( 'NONE', *, *, #5474, .F. ) ;
#5656 = DIRECTION ( 'NONE',  ( 9.938201541843659363E-17, 1.000000000000000000, 0.000000000000000000 ) ) ;
#5657 = CARTESIAN_POINT ( 'NONE',  ( 25.85834829821701675, 0.002452322444609000927, -30.39324912922997868 ) ) ;
#5658 = CARTESIAN_POINT ( 'NONE',  ( 37.69260015160099897, 3.000000000000000000, 3.053098811051000006 ) ) ;
#5659 = CARTESIAN_POINT ( 'NONE',  ( -0.5608614182244220370, 0.1464466094069999946, -107.5914846093999842 ) ) ;
#5660 = CARTESIAN_POINT ( 'NONE',  ( 37.46705763524400368, 1.407215639077999958, 2.643125505710999690 ) ) ;
#5661 = DIRECTION ( 'NONE',  ( 0.000000000000000000, 1.000000000000000000, -2.200000000000000003E-16 ) ) ;
#5662 = ORIENTED_EDGE ( 'NONE', *, *, #4901, .T. ) ;
#5663 = ORIENTED_EDGE ( 'NONE', *, *, #5358, .T. ) ;
#5664 = CARTESIAN_POINT ( 'NONE',  ( 25.84302890497416882, 1.304222806632696408, -34.07409712047078187 ) ) ;
#5665 = DIRECTION ( 'NONE',  ( 0.6427876096867958244, 0.000000000000000000, 0.7660444431187628522 ) ) ;
#5666 = CARTESIAN_POINT ( 'NONE',  ( 25.87316007868900058, 3.652747625039999916E-06, -30.19965728425000151 ) ) ;
#5667 = CARTESIAN_POINT ( 'NONE',  ( 26.70740244072301195, 0.1229889405529999702, -31.67654316663001879 ) ) ;
#5668 = CARTESIAN_POINT ( 'NONE',  ( 35.81768340846601717, 3.118490260222998227E-05, -1.637212235017000861 ) ) ;
#5669 = CARTESIAN_POINT ( 'NONE',  ( 21.58746067762499976, 10.70591551117800044, -28.55728860730000207 ) ) ;
#5670 = ORIENTED_EDGE ( 'NONE', *, *, #1298, .F. ) ;
#5671 = VECTOR ( 'NONE', #1860, 1000.000000000000000 ) ;
#5672 = CARTESIAN_POINT ( 'NONE',  ( 4.611113593489999829, 9.000000000000000000, -52.50064691917999937 ) ) ;
#5673 = EDGE_LOOP ( 'NONE', ( #1783, #1236, #2177, #2385 ) ) ;
#5674 = AXIS2_PLACEMENT_3D ( 'NONE', #1364, #6640, #5490 ) ;
#5675 = CYLINDRICAL_SURFACE ( 'NONE', #6136, 1.500000000000000888 ) ;
#5676 = DIRECTION ( 'NONE',  ( 0.000000000000000000, -1.000000000000000000, 0.000000000000000000 ) ) ;
#5677 = CARTESIAN_POINT ( 'NONE',  ( 36.50953747696999585, 0.9580196952800003052, 1.390886176767000437 ) ) ;
#5678 = LINE ( 'NONE', #1903, #2595 ) ;
#5679 = AXIS2_PLACEMENT_3D ( 'NONE', #3257, #5323, #2308 ) ;
#5680 = B_SPLINE_CURVE_WITH_KNOTS ( 'NONE', 8,
 ( #2011, #5524, #6420, #4076, #3056, #2413, #6611, #5491, #3941 ),
 .UNSPECIFIED., .F., .F.,
 ( 9, 9 ),
 ( 0.000000000000000000, 1.000000000000000000 ),
 .UNSPECIFIED. ) ;
#5681 = AXIS2_PLACEMENT_3D ( 'NONE', #6635, #3558, #503 ) ;
#5682 = CARTESIAN_POINT ( 'NONE',  ( 32.45657734901799785, 8.576162625751999613, -1.914819701346999858 ) ) ;
#5683 = EDGE_CURVE ( 'NONE', #455, #1614, #981, .T. ) ;
#5684 = EDGE_CURVE ( 'NONE', #3638, #4565, #5214, .T. ) ;
#5685 = CARTESIAN_POINT ( 'NONE',  ( 41.05633046164400213, 11.74285871926499958, -37.67198843152000620 ) ) ;
#5686 = EDGE_LOOP ( 'NONE', ( #1337, #230, #277, #3061 ) ) ;
#5687 = CIRCLE ( 'NONE', #6658, 2.500000000000000888 ) ;
#5688 = PLANE ( 'NONE',  #4566 ) ;
#5689 = DIRECTION ( 'NONE',  ( 0.000000000000000000, 1.000000000000000000, 0.000000000000000000 ) ) ;
#5690 = ORIENTED_EDGE ( 'NONE', *, *, #5795, .T. ) ;
#5691 = FACE_OUTER_BOUND ( 'NONE', #2068, .T. ) ;
#5692 = CARTESIAN_POINT ( 'NONE',  ( 25.84261604265298118, 0.01613912868864999378, -30.70697854526002502 ) ) ;
#5693 = LINE ( 'NONE', #538, #495 ) ;
#5694 = CARTESIAN_POINT ( 'NONE',  ( 21.57049157054900235, 9.000000000000000000, -30.89278295660999873 ) ) ;
#5695 = EDGE_CURVE ( 'NONE', #3137, #4134, #550, .T. ) ;
#5696 = DIRECTION ( 'NONE',  ( -0.000000000000000000, 1.000000000000000000, 0.000000000000000000 ) ) ;
#5697 = DIRECTION ( 'NONE',  ( 0.000000000000000000, -1.000000000000000000, 0.000000000000000000 ) ) ;
#5698 = EDGE_LOOP ( 'NONE', ( #2445, #1035, #4005, #1377 ) ) ;
#5699 = ORIENTED_EDGE ( 'NONE', *, *, #5320, .T. ) ;
#5700 = CARTESIAN_POINT ( 'NONE',  ( 25.76464150066888337, 0.5219517625551903794, -32.94587252604059557 ) ) ;
#5701 = LINE ( 'NONE', #2619, #4498 ) ;
#5702 = CARTESIAN_POINT ( 'NONE',  ( 25.86643782401499791, 7.112545952199999851E-07, -30.19624033578999800 ) ) ;
#5703 = CARTESIAN_POINT ( 'NONE',  ( 27.27183773933898436, 0.3556127027300001742, -32.63961497398998546 ) ) ;
#5704 = CARTESIAN_POINT ( 'NONE',  ( 2.832337209942999756, 9.000000000000000000, -107.2379312188000000 ) ) ;
#5705 = CARTESIAN_POINT ( 'NONE',  ( 35.81413741264902484, 1.664435112849999254E-06, -1.652924801718997916 ) ) ;
#5706 = ORIENTED_EDGE ( 'NONE', *, *, #763, .T. ) ;
#5707 = CARTESIAN_POINT ( 'NONE',  ( 60.33326460377319478, 12.50000000000000000, 8.117707943205138221 ) ) ;
#5708 = ORIENTED_EDGE ( 'NONE', *, *, #1348, .T. ) ;
#5709 = CARTESIAN_POINT ( 'NONE',  ( 19.52149880746100052, 10.74225986486199957, -26.43053165500000290 ) ) ;
#5710 = DIRECTION ( 'NONE',  ( 0.7660444431187601877, 0.000000000000000000, -0.6427876096867990441 ) ) ;
#5711 = CARTESIAN_POINT ( 'NONE',  ( 35.81500465899899410, 1.081313630302000940E-05, -1.646517314647998997 ) ) ;
#5712 = CARTESIAN_POINT ( 'NONE',  ( 38.11814372809600115, 6.000000000000000000, 3.422891405750000171 ) ) ;
#5713 = CARTESIAN_POINT ( 'NONE',  ( 68.67029258034999373, 0.2965275992719999532, -3.902584044315999812 ) ) ;
#5714 = CARTESIAN_POINT ( 'NONE',  ( 40.87042059996399956, 12.03208312073400066, -37.89354717707000475 ) ) ;
#5715 = ORIENTED_EDGE ( 'NONE', *, *, #5724, .T. ) ;
#5716 = DIRECTION ( 'NONE',  ( 0.6585051301128197476, 1.655667723033548348E-16, 0.7525762377427940297 ) ) ;
#5717 = EDGE_CURVE ( 'NONE', #4577, #3588, #3784, .T. ) ;
#5718 = CARTESIAN_POINT ( 'NONE',  ( 19.91471518422499898, 8.933076026095999822, -28.80585411684999997 ) ) ;
#5719 = ORIENTED_EDGE ( 'NONE', *, *, #1218, .T. ) ;
#5720 = CARTESIAN_POINT ( 'NONE',  ( 17.16009261396400021, 1.500000000000000000, -31.78630466522000475 ) ) ;
#5721 = CARTESIAN_POINT ( 'NONE',  ( 25.84484972164501571, 0.01340402770218000576, -30.66209233896999109 ) ) ;
#5722 = CARTESIAN_POINT ( 'NONE',  ( -0.4035984604600000303, 6.000000000000000000, -45.47350235268000063 ) ) ;
#5723 = CARTESIAN_POINT ( 'NONE',  ( 37.75618793717000443, 1.776356839399999804E-15, -42.12446168739000285 ) ) ;
#5724 = EDGE_CURVE ( 'NONE', #6209, #2355, #1902, .T. ) ;
#5725 = ADVANCED_FACE ( 'NONE', ( #4574, #2034 ), #6633, .F. ) ;
#5726 = CARTESIAN_POINT ( 'NONE',  ( 5.332337209943000644, 3.353553390593000394, -110.0914846093999984 ) ) ;
#5727 = CARTESIAN_POINT ( 'NONE',  ( 69.00116164297799060, 12.45188281023300014, -3.489616527227000109 ) ) ;
#5728 = ORIENTED_EDGE ( 'NONE', *, *, #2831, .F. ) ;
#5729 = ORIENTED_EDGE ( 'NONE', *, *, #2704, .T. ) ;
#5730 = CARTESIAN_POINT ( 'NONE',  ( 25.86752088348147538, 1.461802907738712909, -34.19961583111808068 ) ) ;
#5731 = DIRECTION ( 'NONE',  ( 0.000000000000000000, 1.000000000000000000, 0.000000000000000000 ) ) ;
#5732 = EDGE_CURVE ( 'NONE', #3823, #1282, #6603, .T. ) ;
#5733 = CARTESIAN_POINT ( 'NONE',  ( 25.86836541402499989, 2.540188238000000064E-08, -30.19254961405999893 ) ) ;
#5734 = AXIS2_PLACEMENT_3D ( 'NONE', #6604, #2404, #6091 ) ;
#5735 = DIRECTION ( 'NONE',  ( 0.000000000000000000, -1.000000000000000000, 0.000000000000000000 ) ) ;
#5736 = EDGE_LOOP ( 'NONE', ( #2076, #394, #3659, #1103, #3981, #729, #4111, #4964, #1123 ) ) ;
#5737 = CARTESIAN_POINT ( 'NONE',  ( 35.81397609183100172, -2.199999999999999757E-16, -1.656694392998999898 ) ) ;
#5738 = VERTEX_POINT ( 'NONE', #2000 ) ;
#5739 = CYLINDRICAL_SURFACE ( 'NONE', #6648, 1.500000000000000222 ) ;
#5740 = ORIENTED_EDGE ( 'NONE', *, *, #3990, .F. ) ;
#5741 = CARTESIAN_POINT ( 'NONE',  ( 4.827714977881999658, 1.500000000000000000, -50.00998780169000213 ) ) ;
#5742 = CARTESIAN_POINT ( 'NONE',  ( 5.832337209943000644, 6.000000000000000000, -109.7379312188000000 ) ) ;
#5743 = APPLICATION_CONTEXT ( 'configuration controlled 3d designs of mechanical parts and assemblies' ) ;
#5744 = CARTESIAN_POINT ( 'NONE',  ( 35.81562195272498883, 2.760084573982999920E-05, -1.640409873441999178 ) ) ;
#5745 = CARTESIAN_POINT ( 'NONE',  ( 37.63639320041799863, 2.631749982371000218, 2.998327209129000082 ) ) ;
#5746 = CARTESIAN_POINT ( 'NONE',  ( 69.92875103415899218, 0.9951100917730000273, -3.697794566439999819 ) ) ;
#5747 = AXIS2_PLACEMENT_3D ( 'NONE', #4681, #5226, #4178 ) ;
#5748 = CARTESIAN_POINT ( 'NONE',  ( 5.832337209943000644, -2.462999999999999830E-14, -110.9450379999999967 ) ) ;
#5749 = VERTEX_POINT ( 'NONE', #6053 ) ;
#5750 = CARTESIAN_POINT ( 'NONE',  ( 5.832337209943000644, 4.792893218813000011, -110.9450379999999967 ) ) ;
#5751 = ORIENTED_EDGE ( 'NONE', *, *, #5204, .F. ) ;
#5752 = CARTESIAN_POINT ( 'NONE',  ( 4.747969034035000035, 1.500000000000000000, -51.00680302250000864 ) ) ;
#5753 = CARTESIAN_POINT ( 'NONE',  ( 25.86344302789198224, 0.0006137154228176004049, -30.29241468608999099 ) ) ;
#5754 = DIRECTION ( 'NONE',  ( 0.000000000000000000, 1.000000000000000000, 0.000000000000000000 ) ) ;
#5755 = CYLINDRICAL_SURFACE ( 'NONE', #310, 4.000000000000000000 ) ;
#5756 = CARTESIAN_POINT ( 'NONE',  ( 37.29668975611600246, 1.291385488046999930, 2.421779064338000165 ) ) ;
#5757 = CARTESIAN_POINT ( 'NONE',  ( 68.31629768194299857, 12.46475066659999875, -3.370755368700999899 ) ) ;
#5758 = VERTEX_POINT ( 'NONE', #2440 ) ;
#5759 = ORIENTED_EDGE ( 'NONE', *, *, #2508, .T. ) ;
#5760 = CARTESIAN_POINT ( 'NONE',  ( 25.87087633479768201, 1.503877741669201740, -34.23403927691619941 ) ) ;
#5761 = EDGE_CURVE ( 'NONE', #5825, #6379, #3917, .T. ) ;
#5762 = FACE_OUTER_BOUND ( 'NONE', #646, .T. ) ;
#5763 = CARTESIAN_POINT ( 'NONE',  ( 25.89518096172699657, 0.0001212449752157000033, -30.23892421037999867 ) ) ;
#5764 = CARTESIAN_POINT ( 'NONE',  ( 37.93468880812802979, 3.000000000001002309, 3.204258345799002594 ) ) ;
#5765 = ORIENTED_EDGE ( 'NONE', *, *, #1727, .F. ) ;
#5766 = CARTESIAN_POINT ( 'NONE',  ( -3.167662790056999800, 4.500000000000000000, -107.7500000000000000 ) ) ;
#5767 = ORIENTED_EDGE ( 'NONE', *, *, #2626, .T. ) ;
#5768 = FACE_OUTER_BOUND ( 'NONE', #2314, .T. ) ;
#5769 = ORIENTED_EDGE ( 'NONE', *, *, #3486, .F. ) ;
#5770 = CARTESIAN_POINT ( 'NONE',  ( 19.82801002854600370, 10.70064248896199999, -26.85432883534999959 ) ) ;
#5771 = FACE_OUTER_BOUND ( 'NONE', #5809, .T. ) ;
#5772 = CARTESIAN_POINT ( 'NONE',  ( 35.81453858517508593, 3.233632938750002036E-06, -1.651128802397999307 ) ) ;
#5773 = CARTESIAN_POINT ( 'NONE',  ( 33.71635718068699816, 9.997922808290001129, -1.822953525957000220 ) ) ;
#5774 = EDGE_CURVE ( 'NONE', #5823, #6392, #5150, .T. ) ;
#5775 = DIRECTION ( 'NONE',  ( 0.000000000000000000, -0.7071067811865460184, 0.7071067811865490160 ) ) ;
#5776 = CARTESIAN_POINT ( 'NONE',  ( 40.89372757574899708, 12.20188896964900138, -37.48893633067999787 ) ) ;
#5777 = VERTEX_POINT ( 'NONE', #5618 ) ;
#5778 = DIRECTION ( 'NONE',  ( 1.000000000000000000, 0.000000000000000000, 0.000000000000000000 ) ) ;
#5779 = VECTOR ( 'NONE', #439, 1000.000000000000000 ) ;
#5780 = VECTOR ( 'NONE', #6192, 1000.000000000000114 ) ;
#5781 = CARTESIAN_POINT ( 'NONE',  ( 26.76518283127499842, 9.000000000000000000, -7.306737641269999806 ) ) ;
#5782 = VERTEX_POINT ( 'NONE', #3450 ) ;
#5783 = VECTOR ( 'NONE', #4189, 1000.000000000000227 ) ;
#5784 = CARTESIAN_POINT ( 'NONE',  ( 27.96890845605519615, 1.500000000000000000, -30.45262976783094899 ) ) ;
#5785 = CARTESIAN_POINT ( 'NONE',  ( 26.32634264549999514, 0.4191785531020003064, -32.07449047528998420 ) ) ;
#5786 = CYLINDRICAL_SURFACE ( 'NONE', #4294, 0.8499999999999994227 ) ;
#5787 = DIRECTION ( 'NONE',  ( 8.136081577162520006E-17, -1.000000000000000000, 3.129836592504665140E-16 ) ) ;
#5788 = CARTESIAN_POINT ( 'NONE',  ( 69.36992873719799491, 12.30172709880700133, -3.462763421805000075 ) ) ;
#5789 = ORIENTED_EDGE ( 'NONE', *, *, #6175, .F. ) ;
#5790 = VERTEX_POINT ( 'NONE', #5054 ) ;
#5791 = CARTESIAN_POINT ( 'NONE',  ( 25.81701847364925939, 0.06733960453719875505, -31.23615924139288325 ) ) ;
#5792 = DIRECTION ( 'NONE',  ( 0.000000000000000000, -1.000000000000000000, 0.000000000000000000 ) ) ;
#5793 = CARTESIAN_POINT ( 'NONE',  ( 25.90158970557899920, 0.0001895083583606999901, -30.25035185073999600 ) ) ;
#5794 = EDGE_CURVE ( 'NONE', #3105, #6209, #887, .T. ) ;
#5795 = EDGE_CURVE ( 'NONE', #555, #2763, #1098, .T. ) ;
#5796 = CARTESIAN_POINT ( 'NONE',  ( 4.810478453107999819, 9.000000000000000000, -50.00860886715000220 ) ) ;
#5797 = ORIENTED_EDGE ( 'NONE', *, *, #2748, .F. ) ;
#5798 = CARTESIAN_POINT ( 'NONE',  ( 36.17572235547799409, 9.500000000000000000, -36.22936808803999753 ) ) ;
#5799 = ORIENTED_EDGE ( 'NONE', *, *, #1917, .T. ) ;
#5800 = CARTESIAN_POINT ( 'NONE',  ( 5.832337209943000644, 6.472106158476000459, -109.3445095068000086 ) ) ;
#5801 = EDGE_LOOP ( 'NONE', ( #1135, #5936, #4146 ) ) ;
#5802 = DIRECTION ( 'NONE',  ( 0.6427876096867971567, 0.000000000000000000, 0.7660444431187616310 ) ) ;
#5803 = EDGE_CURVE ( 'NONE', #2198, #3197, #783, .T. ) ;
#5804 = CARTESIAN_POINT ( 'NONE',  ( 35.81493560992501557, 9.397687138039994745E-06, -1.647200501211001811 ) ) ;
#5805 = CARTESIAN_POINT ( 'NONE',  ( 68.78731903104899459, 3.110000000000000048E-15, -3.267612472353999653 ) ) ;
#5806 = VECTOR ( 'NONE', #4157, 1000.000000000000114 ) ;
#5807 = CARTESIAN_POINT ( 'NONE',  ( 11.94530745890200052, 9.000000000000000000, -28.88052048012000128 ) ) ;
#5808 = AXIS2_PLACEMENT_3D ( 'NONE', #412, #4581, #1434 ) ;
#5809 = EDGE_LOOP ( 'NONE', ( #2613, #4156, #3938, #5030 ) ) ;
#5810 = CARTESIAN_POINT ( 'NONE',  ( 37.20234116441800154, 2.104000058122000194, 2.585554635270000290 ) ) ;
#5811 = ADVANCED_FACE ( 'NONE', ( #6291 ), #2603, .T. ) ;
#5812 = DIRECTION ( 'NONE',  ( 0.6427876096868001543, 0.000000000000000000, 0.7660444431187590775 ) ) ;
#5813 = CARTESIAN_POINT ( 'NONE',  ( 4.611113593489999829, -1.131999999999999935E-14, -52.50064691917999937 ) ) ;
#5814 = VERTEX_POINT ( 'NONE', #4202 ) ;
#5815 = CARTESIAN_POINT ( 'NONE',  ( 40.25126339579900048, 0.03524933339922999703, -36.81736080548999723 ) ) ;
#5816 = CARTESIAN_POINT ( 'NONE',  ( 26.81997826281200048, 1.583190701215999585, -33.17268921637999313 ) ) ;
#5817 = DIRECTION ( 'NONE',  ( 1.000000000000000000, 0.000000000000000000, 0.000000000000000000 ) ) ;
#5818 = CARTESIAN_POINT ( 'NONE',  ( 37.61234877847199698, 1.500000000000000000, 2.820108457419999937 ) ) ;
#5819 = B_SPLINE_SURFACE_WITH_KNOTS ( 'NONE', 7, 8, ( 
 ( #1523, #6695, #2061, #4131, #3014, #1932, #6186, #5081, #1555 ),
 ( #1044, #3480, #3995, #6047, #5545, #908, #3554, #2470, #4029 ),
 ( #5050, #1451, #3519, #431, #6630, #974, #2635, #3145, #3276 ),
 ( #2159, #2128, #5713, #1176, #2092, #5311, #1111, #4804, #1076 ),
 ( #2196, #1589, #6287, #564, #5345, #5213, #4163, #1654, #3215 ),
 ( #4740, #2735, #163, #4197, #2234, #4228, #5746, #600, #2673 ),
 ( #3783, #6222, #4703, #3752, #4773, #3652, #1207, #4302, #132 ),
 ( #3243, #5805, #697, #4261, #100, #662, #5839, #6359, #69 ) ),
 .UNSPECIFIED., .F., .F., .F.,
 ( 8, 8 ),
 ( 9, 9 ),
 ( 0.000000000000000000, 1.000000000000000000 ),
 ( 0.000000000000000000, 1.000000000000000000 ),
 .UNSPECIFIED. ) ;
#5820 = CARTESIAN_POINT ( 'NONE',  ( -3.167662790056999800, 4.500000000000000000, -70.25000000000000000 ) ) ;
#5821 = CARTESIAN_POINT ( 'NONE',  ( 27.81594985706700029, 0.7378868956999999895, -33.51651063167999922 ) ) ;
#5822 = CARTESIAN_POINT ( 'NONE',  ( 69.62624050567600875, 11.66078950932099900, -3.897996165022000525 ) ) ;
#5823 = VERTEX_POINT ( 'NONE', #5750 ) ;
#5824 = B_SPLINE_CURVE_WITH_KNOTS ( 'NONE', 14,
 ( #1271, #5462, #3335, #4894, #2220, #250, #2318, #1816, #1708, #3879, #5428, #789, #4424, #6483, #1334, #3058, #3943, #4583, #1503, #4554, #2996, #2923, #3432, #3565, #3462, #2452, #2415, #5997, #1471, #2383, #5595, #1399, #5094, #857, #5063, #2956, #5628, #6580, #4994, #989, #1368, #4451, #1946, #6645, #4012, #5493, #444, #2515, #317, #6515, #413, #3025, #2013, #4046, #4081, #380, #2483, #348, #4483, #1878, #4519, #6547, #1912, #956, #3979, #5528, #6135, #5561, #6613, #6032, #1981, #891, #5026, #1436, #6067, #3497, #926, #6100, #3535, #576, #4210, #5756, #6198, #5125, #1121, #1567, #2647, #5660, #2142, #4619, #3697, #82, #4754 ),
 .UNSPECIFIED., .F., .F.,
 ( 15, 13, 13, 13, 13, 13, 13, 15 ),
 ( 7.141400000000000246E-13, 0.003735181293793000089, 0.005778960311110000261, 0.009866520827219000048, 0.01797118365144000085, 1.836667241096999748, 3.901113557168999435, 4.542637142609000200 ),
 .UNSPECIFIED. ) ;
#5825 = VERTEX_POINT ( 'NONE', #2134 ) ;
#5826 = CARTESIAN_POINT ( 'NONE',  ( 20.23121864992098651, 9.318256193436003088, -27.34705569654996893 ) ) ;
#5827 = DIRECTION ( 'NONE',  ( -0.7660369567204451391, 1.414152369351822558E-16, 0.6427965315233731269 ) ) ;
#5828 = CARTESIAN_POINT ( 'NONE',  ( 68.12637198189300136, 12.16927872969799829, -3.597100004064000434 ) ) ;
#5829 = CARTESIAN_POINT ( 'NONE',  ( 5.251919011802002935, 7.918761280235006694, -108.5262767196999505 ) ) ;
#5830 = ORIENTED_EDGE ( 'NONE', *, *, #1507, .F. ) ;
#5831 = CARTESIAN_POINT ( 'NONE',  ( 35.81411051936199641, 1.157630783787999775E-05, -1.646764537544997964 ) ) ;
#5832 = VERTEX_POINT ( 'NONE', #1624 ) ;
#5833 = LINE ( 'NONE', #761, #6325 ) ;
#5834 = ORIENTED_EDGE ( 'NONE', *, *, #4870, .F. ) ;
#5835 = CARTESIAN_POINT ( 'NONE',  ( 36.17572235547799409, 1.500000000000000000, -36.22936808803999753 ) ) ;
#5836 = AXIS2_PLACEMENT_3D ( 'NONE', #2175, #5163, #5264 ) ;
#5837 = CARTESIAN_POINT ( 'NONE',  ( 35.81489624512303038, 1.919382812469997945E-06, -1.651858848963000614 ) ) ;
#5838 = CARTESIAN_POINT ( 'NONE',  ( 33.22422099376500171, 10.14227982145800055, -2.409458594767999617 ) ) ;
#5839 = CARTESIAN_POINT ( 'NONE',  ( 70.02170623034601249, 0.9109512847440000005, -3.569094715764999926 ) ) ;
#5840 = DIRECTION ( 'NONE',  ( 0.000000000000000000, -0.7071067811865475727, -0.7071067811865475727 ) ) ;
#5841 = EDGE_CURVE ( 'NONE', #2859, #3800, #4266, .T. ) ;
#5842 = EDGE_LOOP ( 'NONE', ( #373, #4057, #3492, #3807 ) ) ;
#5843 = B_SPLINE_CURVE_WITH_KNOTS ( 'NONE', 10,
 ( #4122, #1000, #3034, #6560, #6148, #6656, #1546, #454, #3508, #3578, #2055 ),
 .UNSPECIFIED., .F., .F.,
 ( 11, 11 ),
 ( 9.437403464742001091, 14.66711718712200074 ),
 .UNSPECIFIED. ) ;
#5844 = EDGE_CURVE ( 'NONE', #5530, #1124, #6071, .T. ) ;
#5845 = DIRECTION ( 'NONE',  ( 0.000000000000000000, -2.200000000000000003E-16, -1.000000000000000000 ) ) ;
#5846 = CARTESIAN_POINT ( 'NONE',  ( -3.167662790056999800, 4.500000000000000000, -89.00000000000000000 ) ) ;
#5847 = CARTESIAN_POINT ( 'NONE',  ( -3.167662790056999800, 6.000000000000000000, -58.05141188318999923 ) ) ;
#5848 = EDGE_CURVE ( 'NONE', #4796, #2567, #4025, .T. ) ;
#5849 = ORIENTED_EDGE ( 'NONE', *, *, #714, .F. ) ;
#5850 = LINE ( 'NONE', #4811, #4590 ) ;
#5851 = CARTESIAN_POINT ( 'NONE',  ( 26.66003661267399494, 1.220690040532001586, -33.02510147499997828 ) ) ;
#5852 = FACE_OUTER_BOUND ( 'NONE', #4889, .T. ) ;
#5853 = CARTESIAN_POINT ( 'NONE',  ( 56.25652872131300342, 8.881784197000999888E-16, 14.14931009724999988 ) ) ;
#5854 = VECTOR ( 'NONE', #5587, 1000.000000000000000 ) ;
#5855 =( BOUNDED_CURVE ( )  B_SPLINE_CURVE ( 3, ( #1694, #6259, #3757, #1658 ),
 .UNSPECIFIED., .F., .F. ) 
 B_SPLINE_CURVE_WITH_KNOTS ( ( 4, 4 ),
 ( 0.7853981633931379491, 1.570796326794895226 ),
 .UNSPECIFIED. ) 
 CURVE ( )  GEOMETRIC_REPRESENTATION_ITEM ( )  RATIONAL_B_SPLINE_CURVE ( ( 1.000000000000000000, 0.9492530216736410065, 0.9492530216736410065, 1.000000000000000000 ) ) 
 REPRESENTATION_ITEM ( '' )  );
#5856 = DIRECTION ( 'NONE',  ( 0.000000000000000000, 1.000000000000000000, 0.000000000000000000 ) ) ;
#5857 = CARTESIAN_POINT ( 'NONE',  ( 27.21616862141202020, 0.3265031930339999944, -32.54543589969999573 ) ) ;
#5858 = CARTESIAN_POINT ( 'NONE',  ( 69.54257758595799999, 11.43138557321000093, -3.966080750706000302 ) ) ;
#5859 = VERTEX_POINT ( 'NONE', #1151 ) ;
#5860 = ORIENTED_EDGE ( 'NONE', *, *, #896, .T. ) ;
#5861 = CARTESIAN_POINT ( 'NONE',  ( 59.36908318924299977, 9.500000000000000000, 6.968641278527000438 ) ) ;
#5862 = DIRECTION ( 'NONE',  ( 0.000000000000000000, -1.000000000000000000, 0.000000000000000000 ) ) ;
#5863 = CARTESIAN_POINT ( 'NONE',  ( 35.83233720994299887, 6.000000000000000000, -69.65551667206999298 ) ) ;
#5864 = DIRECTION ( 'NONE',  ( 0.000000000000000000, 1.000000000000000000, 0.000000000000000000 ) ) ;
#5865 = VERTEX_POINT ( 'NONE', #1594 ) ;
#5866 = ORIENTED_EDGE ( 'NONE', *, *, #4608, .T. ) ;
#5867 = LINE ( 'NONE', #830, #4386 ) ;
#5868 = EDGE_LOOP ( 'NONE', ( #1873, #3440, #5097, #1794 ) ) ;
#5869 = DIRECTION ( 'NONE',  ( 0.000000000000000000, 1.000000000000000000, 0.000000000000000000 ) ) ;
#5870 = CARTESIAN_POINT ( 'NONE',  ( 37.46304495415402158, 1.816255347166999323, 2.642175088401002458 ) ) ;
#5871 = DIRECTION ( 'NONE',  ( -0.6427876096867971567, 0.000000000000000000, -0.7660444431187616310 ) ) ;
#5872 = DIRECTION ( 'NONE',  ( -5.294566031639740353E-29, 1.000000000000000000, -2.199999999999150006E-16 ) ) ;
#5873 = CARTESIAN_POINT ( 'NONE',  ( 35.81405684090000108, 4.181183788089999731E-06, -1.650730508814999942 ) ) ;
#5874 = ORIENTED_EDGE ( 'NONE', *, *, #1224, .F. ) ;
#5875 = CARTESIAN_POINT ( 'NONE',  ( 22.27141986651700023, 10.78492028729600172, -29.13119851044000086 ) ) ;
#5876 = DIRECTION ( 'NONE',  ( -0.7525762377427939187, 1.499999999999589761E-16, 0.6585051301128198586 ) ) ;
#5877 = ADVANCED_FACE ( 'NONE', ( #3183 ), #5688, .T. ) ;
#5878 = VECTOR ( 'NONE', #1387, 1000.000000000000114 ) ;
#5879 = CARTESIAN_POINT ( 'NONE',  ( 69.38928936650499679, 12.50000000000000000, -2.092013673799999918 ) ) ;
#5880 = EDGE_CURVE ( 'NONE', #1380, #2892, #1642, .T. ) ;
#5881 = EDGE_LOOP ( 'NONE', ( #4252, #1004, #531, #3346 ) ) ;
#5882 = CARTESIAN_POINT ( 'NONE',  ( 40.64873218076000683, 1.500000000000000000, -38.67726169336000197 ) ) ;
#5883 = AXIS2_PLACEMENT_3D ( 'NONE', #1993, #4061, #6118 ) ;
#5884 = CARTESIAN_POINT ( 'NONE',  ( 26.34772976468102001, 0.4604372878539999547, -32.15211275158001314 ) ) ;
#5885 = CARTESIAN_POINT ( 'NONE',  ( 5.601533296172999776, 1.500000000000000000, -50.64339541948000090 ) ) ;
#5886 = AXIS2_PLACEMENT_3D ( 'NONE', #2147, #6272, #1639 ) ;
#5887 = CARTESIAN_POINT ( 'NONE',  ( 5.589562661546000122, 1.619832680151999993, -108.5880377619999990 ) ) ;
#5888 = CARTESIAN_POINT ( 'NONE',  ( -0.1676627900569999940, 8.853553390592999506, -107.5914846093999842 ) ) ;
#5889 = CARTESIAN_POINT ( 'NONE',  ( 26.34612995477703024, 0.03968051829353998194, -31.04112324599999795 ) ) ;
#5890 = CARTESIAN_POINT ( 'NONE',  ( 69.78770022685799290, 11.22500000000000142, -3.847972211111999830 ) ) ;
#5891 = AXIS2_PLACEMENT_3D ( 'NONE', #570, #2170, #4678 ) ;
#5892 = EDGE_LOOP ( 'NONE', ( #5319, #396, #4958, #2550 ) ) ;
#5893 = VERTEX_POINT ( 'NONE', #4674 ) ;
#5894 = CARTESIAN_POINT ( 'NONE',  ( 18.74067659610600245, 8.953866360295000604, -27.68037361530999974 ) ) ;
#5895 = CARTESIAN_POINT ( 'NONE',  ( 20.90321018855299684, 11.00000000000000000, -27.98313427429000200 ) ) ;
#5896 =( BOUNDED_CURVE ( )  B_SPLINE_CURVE ( 2, ( #2357, #2798, #3809 ),
 .UNSPECIFIED., .F., .T. ) 
 B_SPLINE_CURVE_WITH_KNOTS ( ( 3, 3 ),
 ( 0.000000000000000000, 16.21322204524600252 ),
 .UNSPECIFIED. ) 
 CURVE ( )  GEOMETRIC_REPRESENTATION_ITEM ( )  RATIONAL_B_SPLINE_CURVE ( ( 1.000000000000000000, 0.7071067811869999886, 1.000000000000000000 ) ) 
 REPRESENTATION_ITEM ( '' )  );
#5897 = ADVANCED_FACE ( 'NONE', ( #4746 ), #635, .T. ) ;
#5898 = ADVANCED_FACE ( 'NONE', ( #2200 ), #447, .T. ) ;
#5899 = AXIS2_PLACEMENT_3D ( 'NONE', #4484, #927, #3536 ) ;
#5900 = CARTESIAN_POINT ( 'NONE',  ( -3.167662790056999800, 3.707106781186999989, -110.9450379999999967 ) ) ;
#5901 = CARTESIAN_POINT ( 'NONE',  ( 27.20249008635002497, 2.809309136439998689, -33.26885771320997520 ) ) ;
#5902 = ORIENTED_EDGE ( 'NONE', *, *, #1761, .F. ) ;
#5903 = EDGE_LOOP ( 'NONE', ( #5421, #2526, #2185, #3717 ) ) ;
#5904 = CIRCLE ( 'NONE', #824, 0.8499999999999994227 ) ;
#5905 = DIRECTION ( 'NONE',  ( -0.8482279400748736764, -1.199999999999819572E-16, -0.5296313450659208000 ) ) ;
#5906 = LINE ( 'NONE', #694, #1437 ) ;
#5907 = CARTESIAN_POINT ( 'NONE',  ( 35.81531469847300286, 4.065295484020000132E-06, -1.649659819963999796 ) ) ;
#5908 = CARTESIAN_POINT ( 'NONE',  ( 5.590869201632877150, 3.572726230142115877, -110.9450379999998546 ) ) ;
#5909 = DIRECTION ( 'NONE',  ( 0.4241403968610383823, 2.000000000000174247E-16, 0.9055964464100777489 ) ) ;
#5910 = DIRECTION ( 'NONE',  ( 0.000000000000000000, 1.000000000000000000, 0.000000000000000000 ) ) ;
#5911 = VERTEX_POINT ( 'NONE', #4168 ) ;
#5912 = CARTESIAN_POINT ( 'NONE',  ( 22.50565914117996869, 9.097677533255005500, -29.32774859942001910 ) ) ;
#5913 = CARTESIAN_POINT ( 'NONE',  ( 10.55311763816800052, -1.100000000000000046E-14, -48.44323113179999751 ) ) ;
#5914 = VECTOR ( 'NONE', #3978, 1000.000000000000000 ) ;
#5915 = CARTESIAN_POINT ( 'NONE',  ( 37.27249589887200187, 6.884478120595999506, 2.651500543403999988 ) ) ;
#5916 = B_SPLINE_SURFACE_WITH_KNOTS ( 'NONE', 7, 8, ( 
 ( #4133, #4572, #6188, #976, #403, #3555, #4506, #4066, #6124 ),
 ( #5650, #2531, #6086, #498, #1934, #1453, #6050, #3482, #1419 ),
 ( #1557, #4604, #5546, #3620, #5685, #1045, #2980, #2032, #5147 ),
 ( #6156, #1524, #3111, #3587, #5051, #3520, #1010, #601, #1724 ),
 ( #71, #3753, #165, #5776, #6223, #631, #2093, #1689, #103 ),
 ( #6255, #1211, #3146, #4672, #5714, #2674, #2197, #2705, #6360 ),
 ( #1148, #1622, #5284, #3685, #2160, #3785, #5180, #4805, #3216 ),
 ( #2235, #4166, #2636, #4774, #3716, #6289, #5250, #35, #4229 ) ),
 .UNSPECIFIED., .F., .F., .F.,
 ( 8, 8 ),
 ( 9, 9 ),
 ( 0.000000000000000000, 1.000000000000000000 ),
 ( 0.000000000000000000, 1.000000000000000000 ),
 .UNSPECIFIED. ) ;
#5917 = CARTESIAN_POINT ( 'NONE',  ( 5.780911999430450088, 3.841487332217794481, -110.9450379999999967 ) ) ;
#5918 = CARTESIAN_POINT ( 'NONE',  ( 40.71378714485000216, 0.6337301484970000454, -38.29127432957999844 ) ) ;
#5919 = CARTESIAN_POINT ( 'NONE',  ( 26.79848780338501868, 1.540690563104000654, -33.16164003464002974 ) ) ;
#5920 = DIRECTION ( 'NONE',  ( -0.7738183182906471780, 0.000000000000000000, 0.6334076177927090434 ) ) ;
#5921 = DIRECTION ( 'NONE',  ( 1.000000000000000000, 0.000000000000000000, 0.000000000000000000 ) ) ;
#5922 = DIRECTION ( 'NONE',  ( 4.917479582136740067E-16, -1.000000000000000000, 3.070461608693754817E-16 ) ) ;
#5923 = CARTESIAN_POINT ( 'NONE',  ( 26.00366247997200020, 0.003178741703507000169, -30.43232331599000062 ) ) ;
#5924 = CARTESIAN_POINT ( 'NONE',  ( 68.95676148174199227, 11.89754928456299865, -4.029788542243999849 ) ) ;
#5925 = EDGE_LOOP ( 'NONE', ( #4775, #3399, #4563, #3622 ) ) ;
#5926 = ORIENTED_EDGE ( 'NONE', *, *, #2218, .T. ) ;
#5927 = DIRECTION ( 'NONE',  ( 4.639670805522109858E-29, -1.000000000000000000, 2.199999999999620117E-16 ) ) ;
#5928 = DIRECTION ( 'NONE',  ( 1.000000000000000000, 0.000000000000000000, 0.000000000000000000 ) ) ;
#5929 = EDGE_CURVE ( 'NONE', #6539, #984, #5531, .T. ) ;
#5930 = CYLINDRICAL_SURFACE ( 'NONE', #4741, 1.799999999999999600 ) ;
#5931 = EDGE_CURVE ( 'NONE', #455, #3594, #2183, .T. ) ;
#5932 = DIRECTION ( 'NONE',  ( -0.7660444431187601877, 0.000000000000000000, 0.6427876096867990441 ) ) ;
#5933 = CARTESIAN_POINT ( 'NONE',  ( 3.633629317110000034, 8.784834174047000843, -107.6602038259000125 ) ) ;
#5934 = ORIENTED_EDGE ( 'NONE', *, *, #6066, .F. ) ;
#5936 = ORIENTED_EDGE ( 'NONE', *, *, #5803, .F. ) ;
#5935 = EDGE_CURVE ( 'NONE', #4477, #6398, #2638, .T. ) ;
#5937 = CARTESIAN_POINT ( 'NONE',  ( 6.637922684359000236, 4.500000000000000000, -62.75000000000000000 ) ) ;
#5938 = FACE_OUTER_BOUND ( 'NONE', #4072, .T. ) ;
#5939 = CARTESIAN_POINT ( 'NONE',  ( 35.81515375369998821, 3.147817969839998786E-06, -1.650505601639998154 ) ) ;
#5940 = DIRECTION ( 'NONE',  ( 0.000000000000000000, 0.000000000000000000, -1.000000000000000000 ) ) ;
#5941 = DIRECTION ( 'NONE',  ( 0.7660444431187601877, 0.000000000000000000, -0.6427876096867989331 ) ) ;
#5942 = TOROIDAL_SURFACE ( 'NONE', #5734, 5.500000000000000000, 1.500000000000000000 ) ;
#5943 = CARTESIAN_POINT ( 'NONE',  ( 35.80542505719100177, 9.078743063999999725E-07, -1.652914812249999921 ) ) ;
#5944 = VERTEX_POINT ( 'NONE', #105 ) ;
#5945 = CARTESIAN_POINT ( 'NONE',  ( 19.66851200883103346, 9.277101441548996519, -26.64430059326997480 ) ) ;
#5946 = DIRECTION ( 'NONE',  ( 1.000000000000000000, 0.000000000000000000, 0.000000000000000000 ) ) ;
#5947 = VECTOR ( 'NONE', #765, 1000.000000000000000 ) ;
#5948 = DIRECTION ( 'NONE',  ( -0.7660444431187602987, 0.000000000000000000, 0.6427876096867988220 ) ) ;
#5949 = DIRECTION ( 'NONE',  ( 0.000000000000000000, -2.200000000000000003E-16, -1.000000000000000000 ) ) ;
#5950 = CARTESIAN_POINT ( 'NONE',  ( 40.79262801972499375, 1.283177953896999846, -38.50577331030999773 ) ) ;
#5951 = CARTESIAN_POINT ( 'NONE',  ( 26.18153751743599500, 0.1940201348699998607, -31.51280759596000891 ) ) ;
#5952 = DIRECTION ( 'NONE',  ( 0.000000000000000000, 0.000000000000000000, -1.000000000000000000 ) ) ;
#5953 = DIRECTION ( 'NONE',  ( 0.000000000000000000, 0.000000000000000000, -1.000000000000000000 ) ) ;
#5954 = FACE_OUTER_BOUND ( 'NONE', #2958, .T. ) ;
#5955 = CARTESIAN_POINT ( 'NONE',  ( 25.87563494232299988, 8.730912897549999887E-06, -30.20407041157000094 ) ) ;
#5956 = CARTESIAN_POINT ( 'NONE',  ( 70.21696222634099627, 11.00000000000000000, -3.439217309890000074 ) ) ;
#5957 = EDGE_LOOP ( 'NONE', ( #3937, #4596, #5103, #3068 ) ) ;
#5958 = EDGE_LOOP ( 'NONE', ( #3603, #5630, #1371, #6485 ) ) ;
#5959 = CARTESIAN_POINT ( 'NONE',  ( -11.00000000000000000, 4.500000000000000000, -80.00000000000000000 ) ) ;
#5960 = VECTOR ( 'NONE', #1323, 1000.000000000000000 ) ;
#5961 = CARTESIAN_POINT ( 'NONE',  ( 68.48938671294399683, 12.50000000000000000, -3.164475894166999925 ) ) ;
#5962 = FACE_OUTER_BOUND ( 'NONE', #5842, .T. ) ;
#5963 = DIRECTION ( 'NONE',  ( -9.087677628146051458E-30, -1.000000000000000000, 2.200000000000045116E-16 ) ) ;
#5964 = CIRCLE ( 'NONE', #3481, 0.7500000000000006661 ) ;
#5965 = CARTESIAN_POINT ( 'NONE',  ( 27.19088404470200615, 2.618619428415002837, -33.25911908795001182 ) ) ;
#5966 = ORIENTED_EDGE ( 'NONE', *, *, #4038, .F. ) ;
#5967 = ADVANCED_FACE ( 'NONE', ( #6257 ), #3687, .T. ) ;
#5968 = EDGE_CURVE ( 'NONE', #3800, #1612, #5381, .T. ) ;
#5969 = EDGE_LOOP ( 'NONE', ( #4456, #1848, #3511, #1959 ) ) ;
#5970 = DIRECTION ( 'NONE',  ( 0.000000000000000000, -1.000000000000000000, 0.000000000000000000 ) ) ;
#5971 = FACE_OUTER_BOUND ( 'NONE', #835, .T. ) ;
#5972 = CARTESIAN_POINT ( 'NONE',  ( 35.81678989152198511, 1.787544198817001586E-05, -1.641907703290001130 ) ) ;
#5973 = CARTESIAN_POINT ( 'NONE',  ( 38.09248087717400466, 2.555687260362999869, 3.392307610966999842 ) ) ;
#5974 = CYLINDRICAL_SURFACE ( 'NONE', #5043, 0.7500000000000006661 ) ;
#5975 = CARTESIAN_POINT ( 'NONE',  ( 35.81317509353500128, 1.387029471939999988E-06, -1.653134726065000226 ) ) ;
#5976 = ORIENTED_EDGE ( 'NONE', *, *, #1381, .F. ) ;
#5977 = LINE ( 'NONE', #3413, #6435 ) ;
#5978 = DIRECTION ( 'NONE',  ( 1.000000000000000000, 0.000000000000000000, 0.000000000000000000 ) ) ;
#5979 = EDGE_CURVE ( 'NONE', #2675, #2280, #3596, .T. ) ;
#5980 = CARTESIAN_POINT ( 'NONE',  ( 37.69260015160099897, 6.000000000000000000, 3.053098811051000006 ) ) ;
#5981 = DIRECTION ( 'NONE',  ( 0.000000000000000000, -1.000000000000000000, 2.200000000000000003E-16 ) ) ;
#5982 = CARTESIAN_POINT ( 'NONE',  ( 41.07862394371999670, 0.9314104264339998496, -37.60984189290000046 ) ) ;
#5983 = CARTESIAN_POINT ( 'NONE',  ( 22.51451700000000145, 0.000000000000000000, -27.01383599999999774 ) ) ;
#5984 = CARTESIAN_POINT ( 'NONE',  ( 4.244808607591000538, 0.2470441545929999982, -107.4441198064000105 ) ) ;
#5985 = CIRCLE ( 'NONE', #4808, 4.500000000000000888 ) ;
#5986 = DIRECTION ( 'NONE',  ( -0.7660444431187601877, 0.000000000000000000, 0.6427876096867990441 ) ) ;
#5987 = CARTESIAN_POINT ( 'NONE',  ( 25.87316007868900414, 3.652747625039999916E-06, -30.19965728424999796 ) ) ;
#5988 = CARTESIAN_POINT ( 'NONE',  ( 33.22422099376500171, 10.14227982145800055, -2.409458594767999617 ) ) ;
#5989 = ORIENTED_EDGE ( 'NONE', *, *, #3123, .T. ) ;
#5990 = VERTEX_POINT ( 'NONE', #2333 ) ;
#5991 = AXIS2_PLACEMENT_3D ( 'NONE', #730, #1786, #3849 ) ;
#5992 = CARTESIAN_POINT ( 'NONE',  ( 20.90321018855299684, 1.500000000000000000, -27.98313427429000200 ) ) ;
#5993 = CARTESIAN_POINT ( 'NONE',  ( 25.93057525473500036, 2.063300002640000130, -34.55130100949999417 ) ) ;
#5994 = LINE ( 'NONE', #5593, #179 ) ;
#5995 = CARTESIAN_POINT ( 'NONE',  ( -0.1676627900569999940, -2.399999999999999871E-14, -107.2379312188000000 ) ) ;
#5996 = AXIS2_PLACEMENT_3D ( 'NONE', #4727, #2690, #2583 ) ;
#5997 = CARTESIAN_POINT ( 'NONE',  ( 35.81531469847300286, 4.065295484020000132E-06, -1.649659819963999796 ) ) ;
#5998 = CIRCLE ( 'NONE', #170, 1.499999999999999334 ) ;
#5999 = CARTESIAN_POINT ( 'NONE',  ( 59.36908318924299977, 9.500000000000000000, 6.968641278527000438 ) ) ;
#6000 = VERTEX_POINT ( 'NONE', #3317 ) ;
#6001 = VERTEX_POINT ( 'NONE', #4306 ) ;
#6002 = CARTESIAN_POINT ( 'NONE',  ( 28.17773265632000346, 1.140990308763999872, -34.03504951356999442 ) ) ;
#6003 = CIRCLE ( 'NONE', #490, 0.7500000000000006661 ) ;
#6004 = EDGE_CURVE ( 'NONE', #579, #5865, #4357, .T. ) ;
#6005 = DIRECTION ( 'NONE',  ( 0.000000000000000000, 1.000000000000000000, 0.000000000000000000 ) ) ;
#6006 = EDGE_CURVE ( 'NONE', #1992, #3837, #3378, .T. ) ;
#6007 = CARTESIAN_POINT ( 'NONE',  ( 25.87089090195001617, 1.077479374145000722E-05, -30.20152008821000322 ) ) ;
#6008 = CARTESIAN_POINT ( 'NONE',  ( 70.21696222634099627, 1.500000000000000000, -3.439217309890000074 ) ) ;
#6009 = TOROIDAL_SURFACE ( 'NONE', #1154, 5.500000000000000000, 1.500000000000000000 ) ;
#6010 = DIRECTION ( 'NONE',  ( 1.000000000000000000, 0.000000000000000000, 0.000000000000000000 ) ) ;
#6011 = VERTEX_POINT ( 'NONE', #6466 ) ;
#6012 = CARTESIAN_POINT ( 'NONE',  ( 35.81405917586199195, 4.428528285419999636E-06, -1.650558073782000035 ) ) ;
#6013 = ORIENTED_EDGE ( 'NONE', *, *, #3131, .F. ) ;
#6014 = DIRECTION ( 'NONE',  ( 0.7660444431187616310, 0.000000000000000000, -0.6427876096867971567 ) ) ;
#6015 = ADVANCED_FACE ( 'NONE', ( #5409 ), #1828, .T. ) ;
#6016 = DIRECTION ( 'NONE',  ( 0.000000000000000000, -1.000000000000000000, 0.000000000000000000 ) ) ;
#6017 = ADVANCED_FACE ( 'NONE', ( #6395 ), #2808, .T. ) ;
#6018 = CARTESIAN_POINT ( 'NONE',  ( -3.114957006221003244, 2.236547215692001878, -109.6815852156000091 ) ) ;
#6019 = ADVANCED_FACE ( 'NONE', ( #1284 ), #5444, .F. ) ;
#6020 = CARTESIAN_POINT ( 'NONE',  ( 5.832337209942999756, 4.017063983397024529, -110.9450379999999967 ) ) ;
#6021 = CARTESIAN_POINT ( 'NONE',  ( 21.86739160308300001, -2.199999999999999757E-16, -26.83406760961000259 ) ) ;
#6022 = DIRECTION ( 'NONE',  ( 0.000000000000000000, 0.7071067811865474617, 0.7071067811865474617 ) ) ;
#6023 = CARTESIAN_POINT ( 'NONE',  ( 20.07089655794900196, 8.934869377498998233, -28.95196025967000253 ) ) ;
#6024 = CARTESIAN_POINT ( 'NONE',  ( 25.89518096172701078, 0.0001212449752156999220, -30.23892421038001999 ) ) ;
#6025 = CARTESIAN_POINT ( 'NONE',  ( 30.26446566445801523, 9.242257380521996524, -5.936757641669001551 ) ) ;
#6026 = ORIENTED_EDGE ( 'NONE', *, *, #2868, .F. ) ;
#6027 = ORIENTED_EDGE ( 'NONE', *, *, #4036, .F. ) ;
#6028 = CARTESIAN_POINT ( 'NONE',  ( -2.602613288545999826, 7.114470243287000173, -109.3305677567000060 ) ) ;
#6029 = CARTESIAN_POINT ( 'NONE',  ( 25.90139202083398828, 1.929762704114001304, -34.51384556269000825 ) ) ;
#6030 = DIRECTION ( 'NONE',  ( 0.6427876096867958244, 0.000000000000000000, 0.7660444431187628522 ) ) ;
#6031 = CARTESIAN_POINT ( 'NONE',  ( -0.1676627900569999940, 0.1464466094069999946, -107.5914846093999842 ) ) ;
#6032 = CARTESIAN_POINT ( 'NONE',  ( 36.49481950515999529, 0.5712374740329999590, 0.9995739638679999040 ) ) ;
#6033 = FACE_OUTER_BOUND ( 'NONE', #2825, .T. ) ;
#6034 = ORIENTED_EDGE ( 'NONE', *, *, #4947, .F. ) ;
#6035 = VERTEX_POINT ( 'NONE', #1316 ) ;
#6036 = CARTESIAN_POINT ( 'NONE',  ( 26.06306828100600015, 0.006532981976257000792, -30.53817162448000033 ) ) ;
#6037 = APPROVAL_ROLE ( '' ) ;
#6038 = CARTESIAN_POINT ( 'NONE',  ( 25.88671297970302732, 0.0006521271830970006272, -30.26969487895999222 ) ) ;
#6039 = CARTESIAN_POINT ( 'NONE',  ( 37.26893739012900397, 1.271453533536000435, 2.384001632850002217 ) ) ;
#6040 = DIRECTION ( 'NONE',  ( 1.000000000000000000, 0.000000000000000000, 0.000000000000000000 ) ) ;
#6041 = ORIENTED_EDGE ( 'NONE', *, *, #1551, .T. ) ;
#6042 = DIRECTION ( 'NONE',  ( 0.000000000000000000, -1.000000000000000000, 0.000000000000000000 ) ) ;
#6043 = ORIENTED_EDGE ( 'NONE', *, *, #637, .F. ) ;
#6044 = CARTESIAN_POINT ( 'NONE',  ( 28.51527792428900199, 9.500000000000000000, -29.80149199118000070 ) ) ;
#6045 = LINE ( 'NONE', #1994, #4788 ) ;
#6046 = CARTESIAN_POINT ( 'NONE',  ( 35.81424507232902243, 4.639769789816000818E-05, -1.636834644256001337 ) ) ;
#6047 = CARTESIAN_POINT ( 'NONE',  ( 68.91109774604601057, 0.8013177570820000373, -4.054355839548000162 ) ) ;
#6048 = EDGE_CURVE ( 'NONE', #1561, #3808, #1324, .T. ) ;
#6049 = EDGE_CURVE ( 'NONE', #5911, #4359, #1763, .T. ) ;
#6050 = CARTESIAN_POINT ( 'NONE',  ( 40.96472113161799911, 11.28923830798600214, -38.20861319413000246 ) ) ;
#6051 = CARTESIAN_POINT ( 'NONE',  ( 40.79839766799700129, 1.297763919868999860, -38.49889731126000214 ) ) ;
#6052 = CIRCLE ( 'NONE', #5622, 1.000000000000002665 ) ;
#6053 = CARTESIAN_POINT ( 'NONE',  ( -3.167662790056999800, 4.500000000000000000, -79.25000000000000000 ) ) ;
#6054 = EDGE_CURVE ( 'NONE', #2660, #2850, #1976, .T. ) ;
#6055 = FACE_OUTER_BOUND ( 'NONE', #148, .T. ) ;
#6056 = CARTESIAN_POINT ( 'NONE',  ( 25.97666564691501634, 0.002020474766795002895, -30.38420475212998184 ) ) ;
#6057 = B_SPLINE_CURVE_WITH_KNOTS ( 'NONE', 10,
 ( #5712, #696, #4299, #6321, #3144, #4803, #6253, #162, #3782, #1685, #1075, #1110, #5212, #2634, #1588, #5773, #5838, #1145, #561, #6358, #1722, #1206, #1653, #5247, #2158, #4227, #3214, #3275, #4702 ),
 .UNSPECIFIED., .F., .F.,
 ( 11, 9, 9, 11 ),
 ( 9.540674547241000170, 15.48725807351099881, 21.43384159977999914, 25.75389659248699914 ),
 .UNSPECIFIED. ) ;
#6058 = CARTESIAN_POINT ( 'NONE',  ( 37.93468880812802979, 6.235618370385004994, 3.204258345799002594 ) ) ;
#6059 = VERTEX_POINT ( 'NONE', #5349 ) ;
#6060 = VERTEX_POINT ( 'NONE', #233 ) ;
#6061 = CARTESIAN_POINT ( 'NONE',  ( 20.12336569947400022, 7.500000000000000000, -28.39971159538000123 ) ) ;
#6062 = DIRECTION ( 'NONE',  ( 0.000000000000000000, 0.000000000000000000, -1.000000000000000000 ) ) ;
#6063 = DIRECTION ( 'NONE',  ( 1.000000000000000000, 0.000000000000000000, 0.000000000000000000 ) ) ;
#6064 = CARTESIAN_POINT ( 'NONE',  ( 5.832337209943000644, 4.500000000000000000, -89.00000000000000000 ) ) ;
#6065 = CC_DESIGN_APPROVAL ( #4912, ( #1204 ) ) ;
#6066 = EDGE_CURVE ( 'NONE', #2137, #1247, #5219, .T. ) ;
#6067 = CARTESIAN_POINT ( 'NONE',  ( 36.81746243229100202, 0.8959337136689999870, 1.685594217072999834 ) ) ;
#6068 = EDGE_CURVE ( 'NONE', #6011, #3837, #4372, .T. ) ;
#6069 = CARTESIAN_POINT ( 'NONE',  ( 6.640808109137000592, 4.322709234256000066, -62.73780131948000616 ) ) ;
#6070 = VERTEX_POINT ( 'NONE', #2739 ) ;
#6071 = CIRCLE ( 'NONE', #1863, 0.7500000000000006661 ) ;
#6072 = ORIENTED_EDGE ( 'NONE', *, *, #5841, .T. ) ;
#6073 = CARTESIAN_POINT ( 'NONE',  ( 26.19304905006599782, 0.01824344673386999599, -30.76948253489000251 ) ) ;
#6074 = VECTOR ( 'NONE', #3788, 1000.000000000000114 ) ;
#6075 = CARTESIAN_POINT ( 'NONE',  ( 25.88046900023702079, 0.0002776352443921000705, -30.24279233516003274 ) ) ;
#6076 = CARTESIAN_POINT ( 'NONE',  ( 37.61234877847199698, 1.500000000000000000, 2.820108457419999937 ) ) ;
#6077 = CARTESIAN_POINT ( 'NONE',  ( 23.74732300001600294, 9.000000000000000000, -32.71936140620999822 ) ) ;
#6078 = VERTEX_POINT ( 'NONE', #2778 ) ;
#6079 = VECTOR ( 'NONE', #2732, 1000.000000000000000 ) ;
#6080 = CARTESIAN_POINT ( 'NONE',  ( 35.91999262995399533, 0.3817848840790000198, 0.1469393548369999913 ) ) ;
#6081 = ORIENTED_EDGE ( 'NONE', *, *, #1143, .T. ) ;
#6082 = CARTESIAN_POINT ( 'NONE',  ( 3.225535838110419995, 8.853553390592999506, -107.5914846093999842 ) ) ;
#6083 = DIRECTION ( 'NONE',  ( 3.587400968051149800E-16, 1.000000000000000000, 0.000000000000000000 ) ) ;
#6084 = CARTESIAN_POINT ( 'NONE',  ( 36.29922503975600279, 1.110687220905998585, 1.407265826089999061 ) ) ;
#6085 = CARTESIAN_POINT ( 'NONE',  ( 34.00539331853899228, 8.268498423909999673, -0.4462554987760000147 ) ) ;
#6086 = CARTESIAN_POINT ( 'NONE',  ( 40.89334016234800373, 11.82010959121400084, -36.98721375675999923 ) ) ;
#6087 = CARTESIAN_POINT ( 'NONE',  ( 25.89536581497156575, 1.880743323572557690, -34.48988783028759997 ) ) ;
#6088 = CARTESIAN_POINT ( 'NONE',  ( 25.86697880416519979, 10.80000000072840116, -32.14823068889689495 ) ) ;
#6089 = EDGE_CURVE ( 'NONE', #6518, #6574, #6187, .T. ) ;
#6090 = EDGE_CURVE ( 'NONE', #4124, #222, #2841, .T. ) ;
#6091 = DIRECTION ( 'NONE',  ( -0.6427876096867991551, 0.000000000000000000, -0.7660444431187601877 ) ) ;
#6092 = CARTESIAN_POINT ( 'NONE',  ( 25.87147449363000007, 1.397063071229999846E-06, -30.19650737362000115 ) ) ;
#6093 = CARTESIAN_POINT ( 'NONE',  ( 31.34093913372099749, 10.54011520718600003, -4.653866517343000275 ) ) ;
#6094 = VERTEX_POINT ( 'NONE', #5913 ) ;
#6095 = PLANE ( 'NONE',  #5042 ) ;
#6096 = CARTESIAN_POINT ( 'NONE',  ( 67.47417825870799390, 11.00000000000000000, -0.4850446495840000649 ) ) ;
#6097 = CARTESIAN_POINT ( 'NONE',  ( -2.040776322721999936, 8.139195736038999485, -108.3058422639000042 ) ) ;
#6098 = VECTOR ( 'NONE', #3448, 1000.000000000000000 ) ;
#6099 = DIRECTION ( 'NONE',  ( -0.9968152208106985102, 1.999999999999394014E-17, 0.07974594384743545483 ) ) ;
#6100 = CARTESIAN_POINT ( 'NONE',  ( 37.04516917667900344, 1.098882300826999892, 2.063891588068999638 ) ) ;
#6101 = DIRECTION ( 'NONE',  ( 0.000000000000000000, 0.7071067811865460184, -0.7071067811865490160 ) ) ;
#6102 = EDGE_LOOP ( 'NONE', ( #2509, #3021 ) ) ;
#6103 = AXIS2_PLACEMENT_3D ( 'NONE', #5425, #3840, #5827 ) ;
#6104 = ORIENTED_EDGE ( 'NONE', *, *, #4901, .F. ) ;
#6105 = ADVANCED_FACE ( 'NONE', ( #4908 ), #5317, .T. ) ;
#6106 = CARTESIAN_POINT ( 'NONE',  ( 26.94797630609099670, 0.2069450003680000094, -32.09206675423000377 ) ) ;
#6107 = APPROVAL ( #2896, 'UNSPECIFIED' ) ;
#6108 = VECTOR ( 'NONE', #3330, 1000.000000000000000 ) ;
#6109 = CIRCLE ( 'NONE', #4602, 1.000000000000002665 ) ;
#6110 = APPROVAL_DATE_TIME ( #4458, #4912 ) ;
#6111 = CARTESIAN_POINT ( 'NONE',  ( 25.93626108139503117, 0.009093599562840004591, -30.48293553746001194 ) ) ;
#6112 = CARTESIAN_POINT ( 'NONE',  ( 37.43833421926999705, 1.388327159564999524, 2.606943151061001274 ) ) ;
#6113 = CARTESIAN_POINT ( 'NONE',  ( 24.34897634867499860, 9.000000000000000000, -33.22420134461000174 ) ) ;
#6114 = ORIENTED_EDGE ( 'NONE', *, *, #3040, .F. ) ;
#6115 = CIRCLE ( 'NONE', #1036, 26.99999999999999645 ) ;
#6116 = CARTESIAN_POINT ( 'NONE',  ( 35.82879749805999836, 0.06335760797815000178, -0.8716445545480000501 ) ) ;
#6117 = EDGE_LOOP ( 'NONE', ( #6043, #246, #5719, #5339 ) ) ;
#6118 = DIRECTION ( 'NONE',  ( 0.000000000000000000, -1.000000000000000000, 0.000000000000000000 ) ) ;
#6119 = DIRECTION ( 'NONE',  ( 0.000000000000000000, 1.000000000000000000, -2.200000000000000003E-16 ) ) ;
#6120 =( BOUNDED_CURVE ( )  B_SPLINE_CURVE ( 2, ( #5255, #1081, #2201 ),
 .UNSPECIFIED., .F., .F. ) 
 B_SPLINE_CURVE_WITH_KNOTS ( ( 3, 3 ),
 ( 0.000000000000000000, 1.275970987907999898 ),
 .UNSPECIFIED. ) 
 CURVE ( )  GEOMETRIC_REPRESENTATION_ITEM ( )  RATIONAL_B_SPLINE_CURVE ( ( 1.000000000000000000, 0.8045960925689999987, 1.000000000000000000 ) ) 
 REPRESENTATION_ITEM ( '' )  );
#6121 = CIRCLE ( 'NONE', #6457, 1.500000000000000666 ) ;
#6122 = CARTESIAN_POINT ( 'NONE',  ( 35.80707872899498057, 7.914810014100004438E-07, -1.653096423315998598 ) ) ;
#6123 = CARTESIAN_POINT ( 'NONE',  ( 59.91545265747680560, 9.500000000000000000, 7.619779055177949623 ) ) ;
#6124 = CARTESIAN_POINT ( 'NONE',  ( 40.64873218076000683, 11.00000000000000000, -38.67726169336000197 ) ) ;
#6125 = AXIS2_PLACEMENT_3D ( 'NONE', #4185, #5268, #6173 ) ;
#6126 = ORIENTED_EDGE ( 'NONE', *, *, #3952, .T. ) ;
#6127 = CYLINDRICAL_SURFACE ( 'NONE', #992, 3.000000000000000444 ) ;
#6128 = CARTESIAN_POINT ( 'NONE',  ( 25.86855155440199994, -2.199999999999999757E-16, -30.19143944967999715 ) ) ;
#6129 = CARTESIAN_POINT ( 'NONE',  ( 34.55239989260197575, 8.815032340646999032, -0.8265966204710004650 ) ) ;
#6130 = ORIENTED_EDGE ( 'NONE', *, *, #4865, .T. ) ;
#6131 = CARTESIAN_POINT ( 'NONE',  ( 6.655184079735000147, 4.847240644244000585, -62.67716529368999545 ) ) ;
#6132 = CARTESIAN_POINT ( 'NONE',  ( 25.88473097865699302, 1.799287964905000425, -34.45134144774003460 ) ) ;
#6133 = CYLINDRICAL_SURFACE ( 'NONE', #2995, 0.9999999999999996669 ) ;
#6134 = LINE ( 'NONE', #5626, #4549 ) ;
#6135 = CARTESIAN_POINT ( 'NONE',  ( 36.33505324912700019, 0.3988305937950000213, 0.5538589211169999693 ) ) ;
#6136 = AXIS2_PLACEMENT_3D ( 'NONE', #1039, #2667, #4224 ) ;
#6137 = CARTESIAN_POINT ( 'NONE',  ( 6.712343400253000247, 3.890211659217000406, -62.44240475085999975 ) ) ;
#6138 = ORIENTED_EDGE ( 'NONE', *, *, #2840, .T. ) ;
#6139 = VERTEX_POINT ( 'NONE', #1449 ) ;
#6140 = CARTESIAN_POINT ( 'NONE',  ( 25.83204133042873352, 1.241493721425641406, -34.01748875264279093 ) ) ;
#6141 = EDGE_CURVE ( 'NONE', #5859, #4565, #2403, .T. ) ;
#6142 = EDGE_CURVE ( 'NONE', #3629, #4385, #6621, .T. ) ;
#6143 = CARTESIAN_POINT ( 'NONE',  ( 26.36820684658499658, 0.04352293422707000092, -31.08019435416999698 ) ) ;
#6144 = APPROVAL_ROLE ( '' ) ;
#6145 = CARTESIAN_POINT ( 'NONE',  ( 25.87473053106900878, 7.154250272977999273E-05, -30.21806554373001674 ) ) ;
#6146 = DIRECTION ( 'NONE',  ( 0.000000000000000000, -2.200000000000000003E-16, -1.000000000000000000 ) ) ;
#6147 = EDGE_CURVE ( 'NONE', #6078, #870, #5964, .T. ) ;
#6148 = CARTESIAN_POINT ( 'NONE',  ( 4.678126596153999728, 0.5036120881020000883, -107.6592374056999972 ) ) ;
#6149 = VERTEX_POINT ( 'NONE', #1383 ) ;
#6150 = DIRECTION ( 'NONE',  ( 0.6427876096867969347, 0.000000000000000000, 0.7660444431187619641 ) ) ;
#6151 = ORIENTED_EDGE ( 'NONE', *, *, #384, .T. ) ;
#6152 = FACE_OUTER_BOUND ( 'NONE', #1571, .T. ) ;
#6153 = LINE ( 'NONE', #2397, #4679 ) ;
#6154 = CARTESIAN_POINT ( 'NONE',  ( 35.81634388035399752, 0.0008211448809774000773, -1.482024179620999860 ) ) ;
#6155 = DIRECTION ( 'NONE',  ( 0.6427876096867991551, 0.000000000000000000, 0.7660444431187601877 ) ) ;
#6156 = CARTESIAN_POINT ( 'NONE',  ( 40.39587705093499892, 12.29284815415499921, -36.64501696243999618 ) ) ;
#6157 = EDGE_LOOP ( 'NONE', ( #4848, #3269, #3319, #2379, #1411, #5203 ) ) ;
#6158 = CARTESIAN_POINT ( 'NONE',  ( 68.89476271734000079, 11.56250000000000000, -4.029044233049000390 ) ) ;
#6159 = DIRECTION ( 'NONE',  ( -0.4192636510169056030, 0.000000000000000000, -0.9078645223467952663 ) ) ;
#6160 = CARTESIAN_POINT ( 'NONE',  ( 28.14406282888900179, 10.80000000000000071, -8.463755338704999076 ) ) ;
#6161 = ORIENTED_EDGE ( 'NONE', *, *, #5236, .T. ) ;
#6162 = CIRCLE ( 'NONE', #1408, 3.000000000000000000 ) ;
#6163 = CARTESIAN_POINT ( 'NONE',  ( 6.990638986538000310, 4.950669609720999453, -61.39980736487999735 ) ) ;
#6164 = CARTESIAN_POINT ( 'NONE',  ( 25.84150133541198358, 0.01760955828468001652, -30.72943859565000935 ) ) ;
#6165 = CYLINDRICAL_SURFACE ( 'NONE', #1367, 0.8499999999999990896 ) ;
#6166 = DIRECTION ( 'NONE',  ( -6.981757943707600117E-19, -1.000000000000000000, 2.211181593034214908E-16 ) ) ;
#6167 = AXIS2_PLACEMENT_3D ( 'NONE', #686, #2760, #2794 ) ;
#6168 = CARTESIAN_POINT ( 'NONE',  ( 13.30370212851699918, 7.500000000000000000, -29.51673107541000363 ) ) ;
#6169 = DIRECTION ( 'NONE',  ( 0.7660444431187601877, 0.000000000000000000, -0.6427876096867989331 ) ) ;
#6170 = ORIENTED_EDGE ( 'NONE', *, *, #5724, .F. ) ;
#6171 = ORIENTED_EDGE ( 'NONE', *, *, #216, .F. ) ;
#6172 = CARTESIAN_POINT ( 'NONE',  ( 25.85824399092586390, 1.396719535694363801, -34.14845502675997579 ) ) ;
#6173 = DIRECTION ( 'NONE',  ( -0.9055964464100785261, 0.000000000000000000, 0.4241403968610368280 ) ) ;
#6174 = CARTESIAN_POINT ( 'NONE',  ( 25.89090755580400227, 8.434862677697999391E-05, -30.23130408616000153 ) ) ;
#6175 = EDGE_CURVE ( 'NONE', #3337, #2789, #3514, .T. ) ;
#6176 = EDGE_CURVE ( 'NONE', #3278, #2150, #1972, .T. ) ;
#6177 = CARTESIAN_POINT ( 'NONE',  ( 26.30215357301602452, 0.03259314669145001869, -30.96320833717000554 ) ) ;
#6178 = DIRECTION ( 'NONE',  ( -1.000000000000000000, 0.000000000000000000, 0.000000000000000000 ) ) ;
#6179 = DIRECTION ( 'NONE',  ( 1.000000000000000000, 0.000000000000000000, 0.000000000000000000 ) ) ;
#6180 = ORIENTED_EDGE ( 'NONE', *, *, #5508, .T. ) ;
#6181 = DIRECTION ( 'NONE',  ( 0.7525762377427938077, -1.499999999999589761E-16, -0.6585051301128198586 ) ) ;
#6182 = ORIENTED_EDGE ( 'NONE', *, *, #1800, .T. ) ;
#6183 = VECTOR ( 'NONE', #1937, 1000.000000000000000 ) ;
#6184 = CARTESIAN_POINT ( 'NONE',  ( 28.58135402467300068, 7.256631410821999140, -34.42586193529999861 ) ) ;
#6185 = CARTESIAN_POINT ( 'NONE',  ( 35.88028017168903006, 0.2670027160069999850, -0.1343804034399999903 ) ) ;
#6186 = CARTESIAN_POINT ( 'NONE',  ( 69.78770022685799290, 1.275000000000000133, -3.847972211111999830 ) ) ;
#6187 = CIRCLE ( 'NONE', #1649, 0.7500000000000006661 ) ;
#6188 = CARTESIAN_POINT ( 'NONE',  ( 40.87260183183300200, 11.67499999999999893, -36.99327561362999717 ) ) ;
#6189 = ORIENTED_EDGE ( 'NONE', *, *, #843, .F. ) ;
#6190 = EDGE_CURVE ( 'NONE', #1703, #3147, #3444, .T. ) ;
#6191 = DIRECTION ( 'NONE',  ( 0.000000000000000000, -1.000000000000000000, 0.000000000000000000 ) ) ;
#6192 = DIRECTION ( 'NONE',  ( 0.7660444431187601877, 0.000000000000000000, -0.6427876096867989331 ) ) ;
#6193 = EDGE_LOOP ( 'NONE', ( #5662, #6689, #340, #199 ) ) ;
#6194 = CARTESIAN_POINT ( 'NONE',  ( 6.902628541406000018, 5.201637586452998896, -61.71303159752999790 ) ) ;
#6195 = CARTESIAN_POINT ( 'NONE',  ( 25.86287623167201133, 0.0007587343523951998840, -30.30362385717002383 ) ) ;
#6196 = PLANE ( 'NONE',  #2125 ) ;
#6197 = DIRECTION ( 'NONE',  ( 0.6585051301128197476, 2.891205793294677340E-16, 0.7525762377427940297 ) ) ;
#6198 = CARTESIAN_POINT ( 'NONE',  ( 37.32468352580699644, 1.311134563288000043, 2.459345289325000294 ) ) ;
#6199 = CARTESIAN_POINT ( 'NONE',  ( 24.75993584667200054, -4.000000000000000000, -23.38686761557999816 ) ) ;
#6200 = EDGE_LOOP ( 'NONE', ( #3127, #2119 ) ) ;
#6201 = ORIENTED_EDGE ( 'NONE', *, *, #843, .T. ) ;
#6202 = CARTESIAN_POINT ( 'NONE',  ( 25.77352844026028933, 0.7636179403239113928, -33.41925735707027201 ) ) ;
#6203 = CARTESIAN_POINT ( 'NONE',  ( 69.06789556166199873, 11.90000000000000036, -2.475035895360000016 ) ) ;
#6204 = CARTESIAN_POINT ( 'NONE',  ( 25.87166333311600042, 1.676476463210000030E-06, -30.19698831614000056 ) ) ;
#6205 = VECTOR ( 'NONE', #5013, 1000.000000000000000 ) ;
#6206 = CARTESIAN_POINT ( 'NONE',  ( 27.59138692333202059, 0.5518058579070003189, -33.16179634296999978 ) ) ;
#6207 = CARTESIAN_POINT ( 'NONE',  ( 5.332439107825000413, 6.737543221104999702, -109.7074947787999974 ) ) ;
#6208 = CARTESIAN_POINT ( 'NONE',  ( 59.91545265747680560, 1.500000000000000000, 7.619779055177949623 ) ) ;
#6209 = VERTEX_POINT ( 'NONE', #2029 ) ;
#6210 = TOROIDAL_SURFACE ( 'NONE', #1023, 2.600000000000000089, 0.5999999999999999778 ) ;
#6211 = DIRECTION ( 'NONE',  ( 0.6427876096867974898, 0.000000000000000000, 0.7660444431187614089 ) ) ;
#6212 = EDGE_CURVE ( 'NONE', #1839, #2211, #872, .T. ) ;
#6213 = EDGE_LOOP ( 'NONE', ( #867, #3960 ) ) ;
#6214 = AXIS2_PLACEMENT_3D ( 'NONE', #2412, #5060, #6062 ) ;
#6215 = ADVANCED_FACE ( 'NONE', ( #398 ), #971, .T. ) ;
#6216 = DIRECTION ( 'NONE',  ( -0.8948268036006620241, 0.000000000000000000, -0.4464134760038304117 ) ) ;
#6217 = CARTESIAN_POINT ( 'NONE',  ( 58.82271372100920104, 9.500000000000000000, 6.317503501876049476 ) ) ;
#6218 = CARTESIAN_POINT ( 'NONE',  ( 35.81476298941100112, 6.319860767819999814E-06, -1.648908460979001012 ) ) ;
#6219 = CARTESIAN_POINT ( 'NONE',  ( 11.89735597859200134, 3.000000000000000000, -18.83727930035999876 ) ) ;
#6220 = TOROIDAL_SURFACE ( 'NONE', #1470, 4.500000000000000000, 1.500000000000000000 ) ;
#6221 = VECTOR ( 'NONE', #5179, 1000.000000000000227 ) ;
#6222 = CARTESIAN_POINT ( 'NONE',  ( 68.69437487726500535, -0.01262247003463000047, -3.378379001537000104 ) ) ;
#6223 = CARTESIAN_POINT ( 'NONE',  ( 40.96550206280600293, 11.98142541506599912, -37.79802260277000414 ) ) ;
#6224 = EDGE_CURVE ( 'NONE', #2663, #320, #4468, .T. ) ;
#6225 = ORIENTED_EDGE ( 'NONE', *, *, #30, .T. ) ;
#6226 = ADVANCED_FACE ( 'NONE', ( #5543 ), #4502, .T. ) ;
#6227 = VECTOR ( 'NONE', #4431, 1000.000000000000114 ) ;
#6228 = DIRECTION ( 'NONE',  ( -3.950147940217810231E-29, -1.000000000000000000, 2.199999999999550106E-16 ) ) ;
#6229 = DIRECTION ( 'NONE',  ( -0.5296313450659205779, 2.891205793294678326E-16, 0.8482279400748738984 ) ) ;
#6230 = EDGE_CURVE ( 'NONE', #5738, #5337, #137, .T. ) ;
#6231 = ORIENTED_EDGE ( 'NONE', *, *, #3163, .T. ) ;
#6232 = AXIS2_PLACEMENT_3D ( 'NONE', #6298, #1119, #3189 ) ;
#6233 = CARTESIAN_POINT ( 'NONE',  ( 6.640785087809000231, 4.676579022028000132, -62.73789864613998901 ) ) ;
#6234 = CARTESIAN_POINT ( 'NONE',  ( 25.76425216028899712, 0.4848530286249999599, -32.86597665340999441 ) ) ;
#6235 = CARTESIAN_POINT ( 'NONE',  ( 20.90321018855297552, 9.322510883939003179, -27.98313427429000555 ) ) ;
#6236 = DIRECTION ( 'NONE',  ( 0.6427876096867991551, 0.000000000000000000, 0.7660444431187599656 ) ) ;
#6237 = FACE_OUTER_BOUND ( 'NONE', #6561, .T. ) ;
#6238 = CARTESIAN_POINT ( 'NONE',  ( 69.72555272752200040, 11.77062287665000007, -3.769100134696000026 ) ) ;
#6239 = EDGE_LOOP ( 'NONE', ( #5640, #2108, #6027, #253 ) ) ;
#6240 = ORIENTED_EDGE ( 'NONE', *, *, #2054, .F. ) ;
#6241 = CARTESIAN_POINT ( 'NONE',  ( 25.78405278959914781, 0.2095154676021756257, -32.01571324883441605 ) ) ;
#6242 = CARTESIAN_POINT ( 'NONE',  ( 28.58135402467300068, 3.000000000000000000, -34.42586193529999861 ) ) ;
#6243 = CARTESIAN_POINT ( 'NONE',  ( 25.86479123752100051, 1.524299713099999997E-07, -30.19455078520000058 ) ) ;
#6244 = CARTESIAN_POINT ( 'NONE',  ( 25.40272345635900209, 10.80000000000000071, -22.62082317245999974 ) ) ;
#6245 = ORIENTED_EDGE ( 'NONE', *, *, #2205, .T. ) ;
#6246 = FACE_OUTER_BOUND ( 'NONE', #1439, .T. ) ;
#6247 = VERTEX_POINT ( 'NONE', #1928 ) ;
#6248 = DIRECTION ( 'NONE',  ( 0.000000000000000000, 1.000000000000000000, 0.000000000000000000 ) ) ;
#6249 = VERTEX_POINT ( 'NONE', #330 ) ;
#6250 = CARTESIAN_POINT ( 'NONE',  ( 20.90321018855299684, 8.881784197000999888E-16, -27.98313427429000200 ) ) ;
#6251 = FACE_OUTER_BOUND ( 'NONE', #5881, .T. ) ;
#6252 = CARTESIAN_POINT ( 'NONE',  ( 35.81582732728100638, 3.499946649764997919E-05, -1.638378017295997635 ) ) ;
#6253 = CARTESIAN_POINT ( 'NONE',  ( 37.45859375097500532, 7.773605541331000346, 2.636870351018999692 ) ) ;
#6254 = CARTESIAN_POINT ( 'NONE',  ( 40.25126339579900048, 0.03524933339922999703, -36.81736080548999723 ) ) ;
#6255 = CARTESIAN_POINT ( 'NONE',  ( 40.25126339580199897, 12.46475066660099884, -36.81736080548999723 ) ) ;
#6256 = ORIENTED_EDGE ( 'NONE', *, *, #5289, .F. ) ;
#6257 = FACE_OUTER_BOUND ( 'NONE', #3172, .T. ) ;
#6258 = ADVANCED_FACE ( 'NONE', ( #3993 ), #892, .T. ) ;
#6259 = CARTESIAN_POINT ( 'NONE',  ( -3.116237579544268055, 3.841487332217156769, -110.9450380000000820 ) ) ;
#6260 = EDGE_CURVE ( 'NONE', #6000, #2465, #6045, .T. ) ;
#6261 = VERTEX_POINT ( 'NONE', #2904 ) ;
#6262 = CARTESIAN_POINT ( 'NONE',  ( 5.332337209943000644, 5.646446609406999606, -110.7985913904999933 ) ) ;
#6263 = CARTESIAN_POINT ( 'NONE',  ( 25.85721832203901016, 0.003031911160070000204, -30.41564583803002009 ) ) ;
#6264 = CYLINDRICAL_SURFACE ( 'NONE', #6232, 1.799999999999999600 ) ;
#6265 = CARTESIAN_POINT ( 'NONE',  ( 21.06864546822800222, 8.979005043825999621, -30.10185372840999918 ) ) ;
#6266 = ADVANCED_FACE ( 'NONE', ( #459 ), #6662, .F. ) ;
#6267 = DIRECTION ( 'NONE',  ( 0.6427876096867977118, 0.000000000000000000, 0.7660444431187611869 ) ) ;
#6268 = CARTESIAN_POINT ( 'NONE',  ( 68.48938671294399683, 12.50000000000000000, -3.164475894166999925 ) ) ;
#6269 = ORIENTED_EDGE ( 'NONE', *, *, #3779, .T. ) ;
#6270 = VERTEX_POINT ( 'NONE', #2528 ) ;
#6271 = CARTESIAN_POINT ( 'NONE',  ( 25.85685172371910312, 1.388014618154057356, -34.14149834935902561 ) ) ;
#6272 = DIRECTION ( 'NONE',  ( 1.000000000000000000, 0.000000000000000000, 0.000000000000000000 ) ) ;
#6273 = CARTESIAN_POINT ( 'NONE',  ( 35.65619157922400007, 12.50000000000000000, -38.40424458396999796 ) ) ;
#6274 = AXIS2_PLACEMENT_3D ( 'NONE', #5452, #2881, #66 ) ;
#6275 = EDGE_CURVE ( 'NONE', #2799, #1992, #6153, .T. ) ;
#6276 = DIRECTION ( 'NONE',  ( -0.4192636510169054920, -1.999999999999550061E-16, -0.9078645223467950442 ) ) ;
#6277 = VERTEX_POINT ( 'NONE', #4536 ) ;
#6278 = CARTESIAN_POINT ( 'NONE',  ( 35.81404750078598909, 3.267331054380000825E-06, -1.651420249722998390 ) ) ;
#6279 = EDGE_LOOP ( 'NONE', ( #3689, #6269, #792, #4858 ) ) ;
#6280 = CARTESIAN_POINT ( 'NONE',  ( 5.832337209943000644, 6.000000000000000000, -109.7379312188000000 ) ) ;
#6281 = DIRECTION ( 'NONE',  ( 0.7660444431187608538, 0.000000000000000000, -0.6427876096867981559 ) ) ;
#6282 = CARTESIAN_POINT ( 'NONE',  ( 27.01351961714696870, 7.570743159532991484, -33.11029266220001688 ) ) ;
#6283 = CARTESIAN_POINT ( 'NONE',  ( 20.90321018855299684, 10.65729015676100033, -27.98313427429000200 ) ) ;
#6284 = CIRCLE ( 'NONE', #2502, 3.000000000000000000 ) ;
#6285 = CARTESIAN_POINT ( 'NONE',  ( 35.81443501450101508, 2.157081109069998422E-06, -1.652153576362998422 ) ) ;
#6286 = DIRECTION ( 'NONE',  ( 0.000000000000000000, 0.7071067811865474617, 0.7071067811865474617 ) ) ;
#6287 = CARTESIAN_POINT ( 'NONE',  ( 68.76392564909198768, 0.1508604032449999965, -3.790996498251999913 ) ) ;
#6288 = CIRCLE ( 'NONE', #4136, 5.500000000000000000 ) ;
#6289 = CARTESIAN_POINT ( 'NONE',  ( 40.71378714485000216, 11.86626985150300051, -38.29127432957999844 ) ) ;
#6290 = VERTEX_POINT ( 'NONE', #2156 ) ;
#6291 = FACE_OUTER_BOUND ( 'NONE', #3235, .T. ) ;
#6292 = AXIS2_PLACEMENT_3D ( 'NONE', #129, #2193, #627 ) ;
#6293 = DIRECTION ( 'NONE',  ( -0.9078645223467951553, 6.424901762877064728E-17, 0.4192636510169055475 ) ) ;
#6294 =( BOUNDED_CURVE ( )  B_SPLINE_CURVE ( 3, ( #3563, #344, #5123, #2952 ),
 .UNSPECIFIED., .F., .T. ) 
 B_SPLINE_CURVE_WITH_KNOTS ( ( 4, 4 ),
 ( 3.926990816987174782, 4.712388980384689674 ),
 .UNSPECIFIED. ) 
 CURVE ( )  GEOMETRIC_REPRESENTATION_ITEM ( )  RATIONAL_B_SPLINE_CURVE ( ( 1.000000000000000000, 0.9492530216741830174, 0.9492530216741830174, 1.000000000000000000 ) ) 
 REPRESENTATION_ITEM ( '' )  );
#6295 = ORIENTED_EDGE ( 'NONE', *, *, #931, .T. ) ;
#6296 = CARTESIAN_POINT ( 'NONE',  ( 19.74619249111700015, 9.000000000000000000, -29.36201427190000146 ) ) ;
#6297 = CARTESIAN_POINT ( 'NONE',  ( 25.85601962487800876, 5.713930746299998297E-07, -30.19791893434999253 ) ) ;
#6298 = CARTESIAN_POINT ( 'NONE',  ( 19.74619249111700015, 10.80000000000000071, -29.36201427190000146 ) ) ;
#6299 = ADVANCED_FACE ( 'NONE', ( #6251 ), #5176, .F. ) ;
#6300 = CARTESIAN_POINT ( 'NONE',  ( 2.832337209942999756, 9.000000000000000000, -107.2379312188000000 ) ) ;
#6301 = ADVANCED_FACE ( 'NONE', ( #5771 ), #2089, .F. ) ;
#6302 = CYLINDRICAL_SURFACE ( 'NONE', #2278, 1.499999999999999778 ) ;
#6303 = FACE_OUTER_BOUND ( 'NONE', #4282, .T. ) ;
#6304 = ORIENTED_EDGE ( 'NONE', *, *, #5486, .T. ) ;
#6305 = ORIENTED_EDGE ( 'NONE', *, *, #3817, .T. ) ;
#6306 = DIRECTION ( 'NONE',  ( 0.6427876096867958244, 0.000000000000000000, 0.7660444431187628522 ) ) ;
#6307 = DIRECTION ( 'NONE',  ( 0.000000000000000000, -1.000000000000000000, 0.000000000000000000 ) ) ;
#6308 = CARTESIAN_POINT ( 'NONE',  ( 25.93615721336700020, 0.0007956445607874999609, -30.31198719206999925 ) ) ;
#6309 = CARTESIAN_POINT ( 'NONE',  ( 55.29234730678300025, 1.500000000000000000, 13.00024343257100057 ) ) ;
#6310 = ORIENTED_EDGE ( 'NONE', *, *, #12, .F. ) ;
#6311 = DIRECTION ( 'NONE',  ( 0.9968152208106985102, -1.999999999999394014E-17, -0.07974594384743545483 ) ) ;
#6313 = VERTEX_POINT ( 'NONE', #559 ) ;
#6312 = EDGE_CURVE ( 'NONE', #5007, #2933, #5648, .T. ) ;
#6314 = CARTESIAN_POINT ( 'NONE',  ( 35.65619157922400007, 11.00000000000000000, -38.40424458396999796 ) ) ;
#6315 = CARTESIAN_POINT ( 'NONE',  ( 30.32200824850900034, 9.000000000000000000, -3.067878172049999908 ) ) ;
#6316 = CARTESIAN_POINT ( 'NONE',  ( 25.90635216709799948, 11.90000000000000036, -25.13206950081999835 ) ) ;
#6317 = CIRCLE ( 'NONE', #2858, 8.800000000000000711 ) ;
#6318 = LINE ( 'NONE', #3748, #548 ) ;
#6319 = B_SPLINE_CURVE_WITH_KNOTS ( 'NONE', 10,
 ( #6280, #5800, #591, #25, #2227, #126, #5240, #2591, #1582, #4696, #1647 ),
 .UNSPECIFIED., .F., .F.,
 ( 11, 11 ),
 ( 1.207689742351999884, 6.437403464741999315 ),
 .UNSPECIFIED. ) ;
#6320 = CARTESIAN_POINT ( 'NONE',  ( 35.81450406158801059, 2.848452266060002736E-06, -1.651470393536999204 ) ) ;
#6321 = CARTESIAN_POINT ( 'NONE',  ( 37.97602866162200286, 6.916456200450999958, 3.253525264718999832 ) ) ;
#6322 = CARTESIAN_POINT ( 'NONE',  ( 2.832337209942999756, -2.399999999999999871E-14, -107.2379312188000000 ) ) ;
#6323 = VECTOR ( 'NONE', #5316, 1000.000000000000114 ) ;
#6324 = CC_DESIGN_DATE_AND_TIME_ASSIGNMENT ( #996, #6653, ( #3150 ) ) ;
#6325 = VECTOR ( 'NONE', #3372, 1000.000000000000000 ) ;
#6326 = DIRECTION ( 'NONE',  ( 0.000000000000000000, -0.7071067811865474617, -0.7071067811865474617 ) ) ;
#6327 = ORIENTED_EDGE ( 'NONE', *, *, #3876, .T. ) ;
#6328 = CARTESIAN_POINT ( 'NONE',  ( 19.52149880746100052, 10.74225986486199957, -26.43053165500000290 ) ) ;
#6329 = CARTESIAN_POINT ( 'NONE',  ( 28.51527792428900199, 9.500000000000000000, -29.80149199118000070 ) ) ;
#6330 = VECTOR ( 'NONE', #6502, 1000.000000000000000 ) ;
#6331 = AXIS2_PLACEMENT_3D ( 'NONE', #3110, #5112, #2565 ) ;
#6332 = CARTESIAN_POINT ( 'NONE',  ( 19.83216710480299838, 8.933334893752000738, -28.73250952327999741 ) ) ;
#6333 = ORIENTED_EDGE ( 'NONE', *, *, #5022, .T. ) ;
#6334 = AXIS2_PLACEMENT_3D ( 'NONE', #5102, #5573, #6624 ) ;
#6335 = CARTESIAN_POINT ( 'NONE',  ( 40.54450776838599779, 0.08180700881515000356, -36.92608425958999874 ) ) ;
#6336 = CARTESIAN_POINT ( 'NONE',  ( 25.86553310410101858, 0.0002134220137912999746, -30.25109367206000499 ) ) ;
#6337 = DIRECTION ( 'NONE',  ( 0.000000000000000000, 1.000000000000000000, 0.000000000000000000 ) ) ;
#6338 =( BOUNDED_SURFACE ( )  B_SPLINE_SURFACE ( 2, 10, ( 
 ( #3796, #2275, #5450, #2342, #1223, #5481, #2372, #4415, #5356, #2880, #4346 ),
 ( #4884, #239, #305, #846, #814, #4440, #2784, #3355, #6472, #6404, #6503 ),
 ( #2309, #6440, #5386, #5984, #1290, #1834, #778, #5887, #3830, #4917, #1805 ) ),
 .UNSPECIFIED., .F., .F., .F. ) 
 B_SPLINE_SURFACE_WITH_KNOTS ( ( 3, 3 ),
 ( 11, 11 ),
 ( 0.000000000000000000, 5.229713722380000540 ),
 ( 9.437403464742001091, 14.66711718712200074 ),
 .UNSPECIFIED. ) 
 GEOMETRIC_REPRESENTATION_ITEM ( )  RATIONAL_B_SPLINE_SURFACE ( (
 ( 1.000000000000000000, 1.000000000000000000, 1.000000000000000000, 1.000000000000000000, 1.000000000000000000, 1.000000000000000000, 1.000000000000000000, 1.000000000000000000, 1.000000000000000000, 1.000000000000000000, 1.000000000000000000),
 ( 0.9238795325109999679, 0.9238795325109999679, 0.9187743133919999972, 0.9082454809130000584, 0.8922449697460000939, 0.8711762861479999120, 0.8452963758389999693, 0.8156045143560000099, 0.7826272611030000714, 0.7464490044539999758, 0.7071067811869999886),
 ( 1.000000000000000000, 1.000000000000000000, 1.000000000000000000, 1.000000000000000000, 1.000000000000000000, 1.000000000000000000, 1.000000000000000000, 1.000000000000000000, 1.000000000000000000, 1.000000000000000000, 1.000000000000000000) ) ) 
 REPRESENTATION_ITEM ( '' )  SURFACE ( )  );
#6339 = DIRECTION ( 'NONE',  ( 1.000000000000000000, 0.000000000000000000, 0.000000000000000000 ) ) ;
#6340 = CARTESIAN_POINT ( 'NONE',  ( 25.87075245488598441, 9.528183300359998828E-06, -30.20092349795998743 ) ) ;
#6341 = CARTESIAN_POINT ( 'NONE',  ( 34.92785485701899972, 8.012500499149998845, 0.4284674892389999656 ) ) ;
#6342 = ORIENTED_EDGE ( 'NONE', *, *, #3743, .T. ) ;
#6343 = ORIENTED_EDGE ( 'NONE', *, *, #2001, .F. ) ;
#6344 = CYLINDRICAL_SURFACE ( 'NONE', #3831, 0.5999999999999998668 ) ;
#6345 = LINE ( 'NONE', #3768, #1792 ) ;
#6346 = CARTESIAN_POINT ( 'NONE',  ( 37.61234877847199698, 1.500000000000000000, 2.820108457419999937 ) ) ;
#6347 = PLANE ( 'NONE',  #651 ) ;
#6348 = CARTESIAN_POINT ( 'NONE',  ( 5.356416945547000097, 7.797182481813000443, -108.2411259489999935 ) ) ;
#6349 = VERTEX_POINT ( 'NONE', #4194 ) ;
#6350 = ADVANCED_FACE ( 'NONE', ( #4128 ), #5644, .T. ) ;
#6351 = CARTESIAN_POINT ( 'NONE',  ( 35.81404516574799857, 3.057751946090000784E-06, -1.651592685083002721 ) ) ;
#6352 = EDGE_CURVE ( 'NONE', #5832, #5601, #2699, .T. ) ;
#6353 = ORIENTED_EDGE ( 'NONE', *, *, #2050, .F. ) ;
#6354 = CARTESIAN_POINT ( 'NONE',  ( 59.36908318924299977, 1.500000000000000000, 6.968641278527000438 ) ) ;
#6355 = CARTESIAN_POINT ( 'NONE',  ( 28.58135402467300068, 6.000000000000000000, -34.42586193529999861 ) ) ;
#6356 = EDGE_CURVE ( 'NONE', #2211, #5065, #4861, .T. ) ;
#6357 = CARTESIAN_POINT ( 'NONE',  ( 36.44428214822600154, 0.8783935751269998926, 1.259698456855999904 ) ) ;
#6358 = CARTESIAN_POINT ( 'NONE',  ( 31.34093913372099749, 10.54011520718600003, -4.653866517343000275 ) ) ;
#6359 = CARTESIAN_POINT ( 'NONE',  ( 70.14464862025099023, 1.205475688725999861, -3.525397309741000296 ) ) ;
#6360 = CARTESIAN_POINT ( 'NONE',  ( 40.64873218076000683, 11.00000000000000000, -38.67726169336000197 ) ) ;
#6361 = ORIENTED_EDGE ( 'NONE', *, *, #1842, .T. ) ;
#6362 = CARTESIAN_POINT ( 'NONE',  ( 19.37776091190701067, 9.197935742439998563, -26.19880259149999091 ) ) ;
#6363 = DIRECTION ( 'NONE',  ( 0.6427965315233726828, 1.700000000000989048E-16, 0.7660369567204456942 ) ) ;
#6364 = DIRECTION ( 'NONE',  ( 0.6427876096867958244, 0.000000000000000000, 0.7660444431187628522 ) ) ;
#6365 = EDGE_LOOP ( 'NONE', ( #3722, #2027 ) ) ;
#6366 = DIRECTION ( 'NONE',  ( 0.000000000000000000, 1.000000000000000000, 0.000000000000000000 ) ) ;
#6367 = CARTESIAN_POINT ( 'NONE',  ( 25.86620562359902209, 0.0001265245905150999637, -30.23780103930001317 ) ) ;
#6368 = CARTESIAN_POINT ( 'NONE',  ( -3.167662790056999800, 4.792893218813000011, -110.9450379999999967 ) ) ;
#6369 = DIRECTION ( 'NONE',  ( -0.9055964464100790812, 1.445602896647338670E-16, 0.4241403968610356623 ) ) ;
#6370 = CYLINDRICAL_SURFACE ( 'NONE', #4011, 1.500000000000000000 ) ;
#6371 = CARTESIAN_POINT ( 'NONE',  ( 26.56946344380402181, 0.08555667092323998579, -31.43512959988001398 ) ) ;
#6372 = CARTESIAN_POINT ( 'NONE',  ( 69.59568003982899143, 11.56857684194700120, -3.923876376835999658 ) ) ;
#6373 = ORIENTED_EDGE ( 'NONE', *, *, #2615, .F. ) ;
#6374 = ORIENTED_EDGE ( 'NONE', *, *, #2054, .T. ) ;
#6375 = CARTESIAN_POINT ( 'NONE',  ( 19.95662039446699865, 10.68765628331900075, -27.02368397289999891 ) ) ;
#6376 = CARTESIAN_POINT ( 'NONE',  ( 11.94530745890200052, 7.500000000000000000, -28.88052048012000128 ) ) ;
#6377 = CARTESIAN_POINT ( 'NONE',  ( -3.021216180646999927, 3.707106781186999989, -110.9450379999999967 ) ) ;
#6378 = CARTESIAN_POINT ( 'NONE',  ( 26.01071296063500071, 2.429623575062999752, -34.61854313133000716 ) ) ;
#6379 = VERTEX_POINT ( 'NONE', #525 ) ;
#6380 = CARTESIAN_POINT ( 'NONE',  ( 35.81410118658200759, 1.001313659321000146E-05, -1.647454269402998994 ) ) ;
#6381 = ORIENTED_EDGE ( 'NONE', *, *, #3202, .T. ) ;
#6382 = AXIS2_PLACEMENT_3D ( 'NONE', #3488, #406, #4984 ) ;
#6383 = DIRECTION ( 'NONE',  ( 0.000000000000000000, -1.000000000000000000, 0.000000000000000000 ) ) ;
#6384 = VERTEX_POINT ( 'NONE', #6217 ) ;
#6385 = EDGE_CURVE ( 'NONE', #4957, #2859, #5539, .T. ) ;
#6386 = FACE_OUTER_BOUND ( 'NONE', #4183, .T. ) ;
#6387 = VECTOR ( 'NONE', #6169, 1000.000000000000114 ) ;
#6388 = CARTESIAN_POINT ( 'NONE',  ( 35.81627930496101442, 1.202559191026998517E-05, -1.644590873652999719 ) ) ;
#6389 = CARTESIAN_POINT ( 'NONE',  ( 20.30858616696399821, 8.938777744353000543, -29.17767557219000096 ) ) ;
#6390 = CARTESIAN_POINT ( 'NONE',  ( 55.29234730678300025, 12.50000000000000000, 13.00024343257100057 ) ) ;
#6391 = CARTESIAN_POINT ( 'NONE',  ( 35.81404049575499471, 2.661225743770000308E-06, -1.651937555944999803 ) ) ;
#6392 = VERTEX_POINT ( 'NONE', #5742 ) ;
#6393 = ORGANIZATION ( 'UNSPECIFIED', 'UNSPECIFIED', '' ) ;
#6394 = DIRECTION ( 'NONE',  ( 0.000000000000000000, 1.000000000000000000, 0.000000000000000000 ) ) ;
#6395 = FACE_OUTER_BOUND ( 'NONE', #6117, .T. ) ;
#6396 = CARTESIAN_POINT ( 'NONE',  ( 67.02952762043200607, 12.50000000000000000, 0.5407651816620000496 ) ) ;
#6397 = AXIS2_PLACEMENT_3D ( 'NONE', #3718, #2676, #6191 ) ;
#6398 = VERTEX_POINT ( 'NONE', #4700 ) ;
#6399 = EDGE_CURVE ( 'NONE', #6313, #5065, #574, .T. ) ;
#6400 = CARTESIAN_POINT ( 'NONE',  ( 40.95273424120800598, 0.7688464045889999987, -38.06975026797000083 ) ) ;
#6401 = CARTESIAN_POINT ( 'NONE',  ( 26.53905170034301619, 0.9013146290230004132, -32.76762318205000923 ) ) ;
#6402 = AXIS2_PLACEMENT_3D ( 'NONE', #1468, #6099, #5525 ) ;
#6403 = CARTESIAN_POINT ( 'NONE',  ( 21.18947901920400056, 11.00000000000000000, -19.08549131918000086 ) ) ;
#6404 = CARTESIAN_POINT ( 'NONE',  ( 5.779631426108000625, 2.236547215692999746, -109.6815852156000091 ) ) ;
#6405 = CIRCLE ( 'NONE', #1543, 1.500000000000000000 ) ;
#6406 = B_SPLINE_CURVE_WITH_KNOTS ( 'NONE', 7,
 ( #6346, #1194, #153, #1707, #4355, #3769, #3265, #1977 ),
 .UNSPECIFIED., .F., .F.,
 ( 8, 8 ),
 ( 4.542637142609000200, 6.540674547244000436 ),
 .UNSPECIFIED. ) ;
#6407 = FACE_OUTER_BOUND ( 'NONE', #5736, .T. ) ;
#6408 = CARTESIAN_POINT ( 'NONE',  ( 26.41255929055500218, 0.05181770375871000422, -31.15859221634000065 ) ) ;
#6409 = CARTESIAN_POINT ( 'NONE',  ( 68.76392564909400562, 12.34913959675700035, -3.790996498252999558 ) ) ;
#6410 = ORIENTED_EDGE ( 'NONE', *, *, #4486, .F. ) ;
#6411 = AXIS2_PLACEMENT_3D ( 'NONE', #1239, #4297, #2360 ) ;
#6412 = ORIENTED_EDGE ( 'NONE', *, *, #2589, .F. ) ;
#6413 = DIRECTION ( 'NONE',  ( 0.000000000000000000, 0.000000000000000000, -1.000000000000000000 ) ) ;
#6414 = CARTESIAN_POINT ( 'NONE',  ( 40.16471908311300609, 12.50000000000000000, -36.92050030104999792 ) ) ;
#6415 = DIRECTION ( 'NONE',  ( 0.000000000000000000, 1.000000000000000000, 0.000000000000000000 ) ) ;
#6416 = CARTESIAN_POINT ( 'NONE',  ( 6.969133674938999157, 3.962792658426000258, -61.47527813648000006 ) ) ;
#6417 = VERTEX_POINT ( 'NONE', #4258 ) ;
#6418 = ORIENTED_EDGE ( 'NONE', *, *, #2225, .F. ) ;
#6419 = CARTESIAN_POINT ( 'NONE',  ( 35.21154094094779907, 12.50000000000000000, -37.37843475271814953 ) ) ;
#6420 = CARTESIAN_POINT ( 'NONE',  ( 40.38478464766799902, 0.06609118344180998916, -37.57463349539000319 ) ) ;
#6421 = FACE_OUTER_BOUND ( 'NONE', #1517, .T. ) ;
#6422 = CARTESIAN_POINT ( 'NONE',  ( 35.81502499917399263, 2.493001287179998954E-06, -1.651182225352997968 ) ) ;
#6423 = CARTESIAN_POINT ( 'NONE',  ( 68.32933285914701571, 0.7125000000000000222, -3.813419138077000170 ) ) ;
#6424 = CARTESIAN_POINT ( 'NONE',  ( 5.832337209943000644, 4.500000000000000000, -80.75000000000000000 ) ) ;
#6425 = CARTESIAN_POINT ( 'NONE',  ( 35.81410118658200048, 1.001313659321000146E-05, -1.647454269402999882 ) ) ;
#6426 = ORIENTED_EDGE ( 'NONE', *, *, #184, .F. ) ;
#6427 = VECTOR ( 'NONE', #1679, 1000.000000000000000 ) ;
#6428 = CARTESIAN_POINT ( 'NONE',  ( -3.167662790056999800, 6.000000000000000000, -58.05141188318999923 ) ) ;
#6429 = DIRECTION ( 'NONE',  ( 0.000000000000000000, 1.000000000000000000, 0.000000000000000000 ) ) ;
#6430 = AXIS2_PLACEMENT_3D ( 'NONE', #4155, #6181, #4663 ) ;
#6431 = CARTESIAN_POINT ( 'NONE',  ( 26.29202473291000075, 0.5999999999999999778, -24.67244283495000090 ) ) ;
#6432 = EDGE_CURVE ( 'NONE', #3197, #415, #249, .T. ) ;
#6433 = EDGE_CURVE ( 'NONE', #2660, #4477, #6405, .T. ) ;
#6434 = CARTESIAN_POINT ( 'NONE',  ( 40.63837753327800328, 0.3911118663300000020, -38.08113983227999455 ) ) ;
#6435 = VECTOR ( 'NONE', #838, 1000.000000000000000 ) ;
#6436 = CARTESIAN_POINT ( 'NONE',  ( 26.84200176426002926, 1.625696631801998082, -33.18162856593999521 ) ) ;
#6437 = FACE_OUTER_BOUND ( 'NONE', #5347, .T. ) ;
#6438 = VECTOR ( 'NONE', #2879, 1000.000000000000114 ) ;
#6439 = CIRCLE ( 'NONE', #3201, 1.500000000000000888 ) ;
#6440 = CARTESIAN_POINT ( 'NONE',  ( 3.298222869284999970, -1.598999999999999990E-14, -107.2379312188000000 ) ) ;
#6441 = EDGE_CURVE ( 'NONE', #5758, #4453, #3003, .T. ) ;
#6442 = DIRECTION ( 'NONE',  ( -1.090265689380197904E-16, -1.000000000000000000, 9.539838140467849304E-17 ) ) ;
#6443 = CARTESIAN_POINT ( 'NONE',  ( 26.12797420309400565, 0.01171164292521000190, -30.65372954996000487 ) ) ;
#6444 = CARTESIAN_POINT ( 'NONE',  ( 69.08923319995099632, 12.20188896964999969, -3.886841208033000150 ) ) ;
#6445 = AXIS2_PLACEMENT_3D ( 'NONE', #409, #1874, #6639 ) ;
#6446 = VERTEX_POINT ( 'NONE', #1073 ) ;
#6447 = CIRCLE ( 'NONE', #2989, 0.4999999999999997224 ) ;
#6448 = ORIENTED_EDGE ( 'NONE', *, *, #352, .T. ) ;
#6449 = CARTESIAN_POINT ( 'NONE',  ( 3.904882006698000119, -4.000000000000000000, -49.58446847028999827 ) ) ;
#6450 = FACE_BOUND ( 'NONE', #1984, .T. ) ;
#6451 = CARTESIAN_POINT ( 'NONE',  ( 28.51527792428900199, 9.500000000000000000, -29.80149199118000070 ) ) ;
#6452 = CIRCLE ( 'NONE', #3416, 1.499999999999998890 ) ;
#6453 = CARTESIAN_POINT ( 'NONE',  ( -2.802043341067749438, 3.448574789466636314, -110.8936127894787376 ) ) ;
#6454 = CARTESIAN_POINT ( 'NONE',  ( 6.903126001061000494, 3.799004603404999791, -61.71121303875000308 ) ) ;
#6455 = EDGE_LOOP ( 'NONE', ( #860, #2826, #2960, #1777 ) ) ;
#6456 = ORIENTED_EDGE ( 'NONE', *, *, #1632, .T. ) ;
#6457 = AXIS2_PLACEMENT_3D ( 'NONE', #1433, #411, #3023 ) ;
#6458 = CARTESIAN_POINT ( 'NONE',  ( 36.17572235547799409, 9.500000000000000000, -36.22936808803999753 ) ) ;
#6459 = CARTESIAN_POINT ( 'NONE',  ( 26.04546980513999799, 6.000000000000000000, -34.64770817618000365 ) ) ;
#6460 = CARTESIAN_POINT ( 'NONE',  ( 37.15588025299499009, 1.585776884996998204, 2.318400926786999605 ) ) ;
#6461 = CARTESIAN_POINT ( 'NONE',  ( 68.89476271734000079, 0.9375000000000000000, -4.029044233049000390 ) ) ;
#6462 = DIRECTION ( 'NONE',  ( 0.000000000000000000, -1.000000000000000000, 0.000000000000000000 ) ) ;
#6463 = CARTESIAN_POINT ( 'NONE',  ( 35.81423580123199457, 4.321262072392999829E-05, -1.637518433757999992 ) ) ;
#6464 = ORIENTED_EDGE ( 'NONE', *, *, #6054, .T. ) ;
#6465 = CARTESIAN_POINT ( 'NONE',  ( 59.36908318924299977, 1.500000000000000000, 6.968641278527000438 ) ) ;
#6466 = CARTESIAN_POINT ( 'NONE',  ( 19.13560800430400022, 1.500000000000000000, -29.52857595198999974 ) ) ;
#6467 = CARTESIAN_POINT ( 'NONE',  ( 37.13990377000819620, 9.500000000000000000, -35.08030142336184554 ) ) ;
#6468 = CARTESIAN_POINT ( 'NONE',  ( 47.28623531568599958, 8.900000000000000652E-16, 5.506554772245999985 ) ) ;
#6469 = CARTESIAN_POINT ( 'NONE',  ( 41.03252773821800048, 0.6228480251829999759, -37.71814451331000129 ) ) ;
#6470 = CARTESIAN_POINT ( 'NONE',  ( 26.28416178661300151, 0.3438684869309998060, -31.91673013208000498 ) ) ;
#6471 = DIRECTION ( 'NONE',  ( 0.000000000000000000, 1.000000000000000000, 0.000000000000000000 ) ) ;
#6472 = CARTESIAN_POINT ( 'NONE',  ( 5.664475489418995480, 1.834272051324999708, -109.2793100513000439 ) ) ;
#6473 = EDGE_CURVE ( 'NONE', #6379, #5825, #5331, .T. ) ;
#6474 = ADVANCED_FACE ( 'NONE', ( #6421 ), #762, .T. ) ;
#6475 = DIRECTION ( 'NONE',  ( 0.000000000000000000, 0.000000000000000000, 1.000000000000000000 ) ) ;
#6476 = CARTESIAN_POINT ( 'NONE',  ( 25.89304435296002538, 0.0001019352425383999463, -30.23511432280999500 ) ) ;
#6477 = CARTESIAN_POINT ( 'NONE',  ( 70.06729673910399470, 11.20223608013099970, -3.617581691990999992 ) ) ;
#6478 = VERTEX_POINT ( 'NONE', #1173 ) ;
#6479 = ORIENTED_EDGE ( 'NONE', *, *, #2748, .T. ) ;
#6480 = CARTESIAN_POINT ( 'NONE',  ( 18.91776330943000062, 8.948138355067001726, -27.86530066715000231 ) ) ;
#6481 = CARTESIAN_POINT ( 'NONE',  ( 5.332439107825000413, 2.262456778895000298, -109.7074947787999974 ) ) ;
#6482 = CARTESIAN_POINT ( 'NONE',  ( -0.1676627900569999940, -1.299999999999999983E-14, -58.05141188318999923 ) ) ;
#6483 = CARTESIAN_POINT ( 'NONE',  ( 35.81474085195100088, 1.322102310959999960E-06, -1.652675464979999953 ) ) ;
#6484 = CARTESIAN_POINT ( 'NONE',  ( 7.032085952253000372, 4.371933192235054833, -61.25637579015999279 ) ) ;
#6485 = ORIENTED_EDGE ( 'NONE', *, *, #2131, .F. ) ;
#6486 = ORIENTED_EDGE ( 'NONE', *, *, #1720, .F. ) ;
#6487 = ADVANCED_FACE ( 'NONE', ( #4900 ), #3240, .F. ) ;
#6488 = CARTESIAN_POINT ( 'NONE',  ( 40.32733837591700166, 11.00000000000000000, -39.06028391491999940 ) ) ;
#6489 = COORDINATED_UNIVERSAL_TIME_OFFSET ( 3, 0, .AHEAD. ) ;
#6490 = CARTESIAN_POINT ( 'NONE',  ( 35.81653460077401263, 1.479092671096999993E-05, -1.643249279644999339 ) ) ;
#6491 = CARTESIAN_POINT ( 'NONE',  ( -11.00000000000000000, 4.500000000000000000, -71.00000000000000000 ) ) ;
#6492 = DIRECTION ( 'NONE',  ( 0.000000000000000000, 1.000000000000000000, -2.200000000000000003E-16 ) ) ;
#6493 = AXIS2_PLACEMENT_3D ( 'NONE', #1225, #6442, #5387 ) ;
#6494 = CARTESIAN_POINT ( 'NONE',  ( 35.81415238380100163, 1.988968038668999740E-05, -1.643672583883999838 ) ) ;
#6495 = ORIENTED_EDGE ( 'NONE', *, *, #3590, .T. ) ;
#6496 = CARTESIAN_POINT ( 'NONE',  ( -3.167662790056999800, 4.500000000000000000, -80.00000000000000000 ) ) ;
#6497 = CARTESIAN_POINT ( 'NONE',  ( 19.13560800430400022, -4.000000000000000000, -29.52857595198999974 ) ) ;
#6498 = AXIS2_PLACEMENT_3D ( 'NONE', #4862, #1196, #4962 ) ;
#6499 = CARTESIAN_POINT ( 'NONE',  ( -1.580134187705000137, 0.2470441545929999982, -107.4441198064000105 ) ) ;
#6500 = PLANE ( 'NONE',  #3184 ) ;
#6501 = CARTESIAN_POINT ( 'NONE',  ( 40.96472113161799911, 1.210761692014000079, -38.20861319413000246 ) ) ;
#6502 = DIRECTION ( 'NONE',  ( 0.000000000000000000, 1.000000000000000000, 0.000000000000000000 ) ) ;
#6503 = CARTESIAN_POINT ( 'NONE',  ( 5.832337209943002421, 2.646446609407002271, -110.0914846094000268 ) ) ;
#6504 = CARTESIAN_POINT ( 'NONE',  ( 20.83022197017302446, 9.324465466394997293, -27.92188988716997144 ) ) ;
#6505 = CARTESIAN_POINT ( 'NONE',  ( 25.91994543905898851, 0.0004560634621229004261, -30.28308175899997678 ) ) ;
#6506 = CARTESIAN_POINT ( 'NONE',  ( 31.36106465011000211, 8.728061279882000534, -2.953177465358999942 ) ) ;
#6507 = ORIENTED_EDGE ( 'NONE', *, *, #6004, .T. ) ;
#6508 = EDGE_LOOP ( 'NONE', ( #859, #14, #977, #312, #2241, #6180, #5651 ) ) ;
#6509 = EDGE_CURVE ( 'NONE', #3262, #5530, #1788, .T. ) ;
#6510 = LINE ( 'NONE', #3022, #5779 ) ;
#6511 = EDGE_CURVE ( 'NONE', #6384, #2900, #4034, .T. ) ;
#6512 = AXIS2_PLACEMENT_3D ( 'NONE', #642, #4783, #6197 ) ;
#6513 = DIRECTION ( 'NONE',  ( 0.000000000000000000, 1.000000000000000000, 0.000000000000000000 ) ) ;
#6514 = CARTESIAN_POINT ( 'NONE',  ( 30.32200824850900034, 10.80000000000000071, -3.067878172049999908 ) ) ;
#6515 = CARTESIAN_POINT ( 'NONE',  ( 35.81742811405799642, 2.698319630866999883E-05, -1.638553798684999840 ) ) ;
#6516 = CARTESIAN_POINT ( 'NONE',  ( 26.04546980513999799, 3.000000000000000000, -34.64770817618000365 ) ) ;
#6517 = ORIENTED_EDGE ( 'NONE', *, *, #5848, .T. ) ;
#6518 = VERTEX_POINT ( 'NONE', #659 ) ;
#6519 = EDGE_CURVE ( 'NONE', #2728, #1810, #2324, .T. ) ;
#6520 = CARTESIAN_POINT ( 'NONE',  ( 26.32411361415899975, 0.03603808761553999734, -31.00212979622000020 ) ) ;
#6521 = CARTESIAN_POINT ( 'NONE',  ( 25.92659747176201179, 0.006695687645555002329, -30.44139464483998125 ) ) ;
#6522 = DIRECTION ( 'NONE',  ( -1.814488293380784854E-29, 1.000000000000000000, -2.199999999999914954E-16 ) ) ;
#6523 = EDGE_CURVE ( 'NONE', #5749, #6247, #5906, .T. ) ;
#6524 = FACE_OUTER_BOUND ( 'NONE', #3360, .T. ) ;
#6525 = VERTEX_POINT ( 'NONE', #5308 ) ;
#6526 = CARTESIAN_POINT ( 'NONE',  ( 35.81634388035399752, 0.0008211448809774000773, -1.482024179620999860 ) ) ;
#6527 = ORIENTED_EDGE ( 'NONE', *, *, #3664, .T. ) ;
#6528 = DIRECTION ( 'NONE',  ( 1.000000000000000000, 0.000000000000000000, 0.000000000000000000 ) ) ;
#6529 = CARTESIAN_POINT ( 'NONE',  ( 67.47417825870799390, 0.000000000000000000, -0.4850446495840000649 ) ) ;
#6530 = PRODUCT_DEFINITION ( 'UNKNOWN', '', #1204, #2164 ) ;
#6531 = CARTESIAN_POINT ( 'NONE',  ( -0.5609151242359999845, 0.1464466094069999946, -107.5914846093999842 ) ) ;
#6532 = DIRECTION ( 'NONE',  ( -0.4192636510169054920, -1.999999999999550061E-16, -0.9078645223467950442 ) ) ;
#6533 = CARTESIAN_POINT ( 'NONE',  ( 40.93146433128099915, 1.116659746195000080, -38.25541517007000181 ) ) ;
#6534 = CARTESIAN_POINT ( 'NONE',  ( 69.50824884496900324, 11.33750000000000036, -3.975371151651000190 ) ) ;
#6535 = AXIS2_PLACEMENT_3D ( 'NONE', #6626, #4058, #4094 ) ;
#6536 = CARTESIAN_POINT ( 'NONE',  ( 19.83216710480299838, 8.933334893752000738, -28.73250952327999741 ) ) ;
#6537 = CARTESIAN_POINT ( 'NONE',  ( 26.23656872950599706, 0.02341830772358002161, -30.84681922785002328 ) ) ;
#6538 = CARTESIAN_POINT ( 'NONE',  ( 32.98953447516699811, 8.484185490232999172, -1.409505894144999827 ) ) ;
#6539 = VERTEX_POINT ( 'NONE', #1277 ) ;
#6540 = VECTOR ( 'NONE', #5845, 1000.000000000000000 ) ;
#6541 = EDGE_LOOP ( 'NONE', ( #5106, #3705, #3473, #6583 ) ) ;
#6542 = AXIS2_PLACEMENT_3D ( 'NONE', #5555, #3531, #2918 ) ;
#6543 = CARTESIAN_POINT ( 'NONE',  ( 5.832337209943000644, 4.500000000000000000, -106.2500000000000000 ) ) ;
#6544 = CARTESIAN_POINT ( 'NONE',  ( 25.87915537053397941, 1.713409871988999189, -34.39707246215000680 ) ) ;
#6545 = DIRECTION ( 'NONE',  ( 0.000000000000000000, 1.000000000000000000, 0.000000000000000000 ) ) ;
#6546 = DIRECTION ( 'NONE',  ( -0.8482279400748737874, -1.531273213165044497E-16, -0.5296313450659209110 ) ) ;
#6547 = CARTESIAN_POINT ( 'NONE',  ( 36.09221199945899627, 0.1457474788410000055, -0.2993730925959999789 ) ) ;
#6548 = VECTOR ( 'NONE', #2166, 1000.000000000000000 ) ;
#6549 = CARTESIAN_POINT ( 'NONE',  ( 6.681648355190000110, 4.000251848056000092, -62.56730384096000108 ) ) ;
#6550 = ORIENTED_EDGE ( 'NONE', *, *, #4691, .T. ) ;
#6551 = ORIENTED_EDGE ( 'NONE', *, *, #3693, .F. ) ;
#6552 = CARTESIAN_POINT ( 'NONE',  ( 26.09550119304800120, 0.008920258366118000853, -30.59592908523000077 ) ) ;
#6553 = AXIS2_PLACEMENT_3D ( 'NONE', #6244, #1099, #3168 ) ;
#6554 = DIRECTION ( 'NONE',  ( 0.000000000000000000, 0.000000000000000000, 1.000000000000000000 ) ) ;
#6555 = EDGE_CURVE ( 'NONE', #4304, #4124, #5223, .T. ) ;
#6556 = ADVANCED_FACE ( 'NONE', ( #5938 ), #1718, .F. ) ;
#6557 = CARTESIAN_POINT ( 'NONE',  ( 25.89276106647601239, 0.001158101822072000455, -30.29574994349998462 ) ) ;
#6558 = CARTESIAN_POINT ( 'NONE',  ( 36.74710361932601188, 0.8288650542869996363, 1.554043082605998771 ) ) ;
#6559 = CIRCLE ( 'NONE', #716, 3.000000000000001332 ) ;
#6560 = CARTESIAN_POINT ( 'NONE',  ( 4.244808607591000538, 0.2470441545929999982, -107.4441198064000105 ) ) ;
#6561 = EDGE_LOOP ( 'NONE', ( #4941, #919, #6575, #5140, #2653 ) ) ;
#6562 = CARTESIAN_POINT ( 'NONE',  ( 36.88247677502199906, 1.792737898459000112, 2.248435621267000251 ) ) ;
#6563 = ORIENTED_EDGE ( 'NONE', *, *, #30, .F. ) ;
#6564 = DIRECTION ( 'NONE',  ( 0.000000000000000000, 0.000000000000000000, -1.000000000000000000 ) ) ;
#6565 = EDGE_CURVE ( 'NONE', #5579, #5590, #5604, .T. ) ;
#6566 = DIRECTION ( 'NONE',  ( 0.000000000000000000, 0.000000000000000000, -1.000000000000000000 ) ) ;
#6567 = CARTESIAN_POINT ( 'NONE',  ( 35.81418018060501396, 2.659544995431000568E-05, -1.641621189916001811 ) ) ;
#6568 = CARTESIAN_POINT ( 'NONE',  ( -3.167662790056999800, 4.500000000000000000, -107.0000000000000000 ) ) ;
#6569 = CARTESIAN_POINT ( 'NONE',  ( 20.64227504627200105, 1.500000000000000000, -34.63663894529000231 ) ) ;
#6570 = DIRECTION ( 'NONE',  ( 0.000000000000000000, -2.200000000000000003E-16, -1.000000000000000000 ) ) ;
#6571 = DIRECTION ( 'NONE',  ( 0.000000000000000000, 1.000000000000000000, 0.000000000000000000 ) ) ;
#6572 = CARTESIAN_POINT ( 'NONE',  ( 25.91453982516799215, 0.0003649147405178002198, -30.27344323041002028 ) ) ;
#6573 = CARTESIAN_POINT ( 'NONE',  ( 33.50715832849598996, 8.381564603892996956, -0.9186945102480001957 ) ) ;
#6574 = VERTEX_POINT ( 'NONE', #3778 ) ;
#6575 = ORIENTED_EDGE ( 'NONE', *, *, #6176, .F. ) ;
#6576 = CARTESIAN_POINT ( 'NONE',  ( -1.510161974472998159, 8.779844987640995413, -107.6651930123000369 ) ) ;
#6577 = CARTESIAN_POINT ( 'NONE',  ( 25.77620450125701623, 0.8689055280340004517, -33.60620303002002629 ) ) ;
#6578 = CARTESIAN_POINT ( 'NONE',  ( -3.167662790056999800, 4.500000000000000000, -107.0000000000000000 ) ) ;
#6579 = CYLINDRICAL_SURFACE ( 'NONE', #2587, 0.8499999999999990896 ) ;
#6580 = CARTESIAN_POINT ( 'NONE',  ( 35.81595851177200274, 8.912581533019999977E-06, -1.646276636833999829 ) ) ;
#6581 = DIRECTION ( 'NONE',  ( 0.000000000000000000, 0.000000000000000000, -1.000000000000000000 ) ) ;
#6582 = ORIENTED_EDGE ( 'NONE', *, *, #5069, .F. ) ;
#6583 = ORIENTED_EDGE ( 'NONE', *, *, #1894, .T. ) ;
#6584 = CARTESIAN_POINT ( 'NONE',  ( 26.04146124170800292, 0.005164386191105999925, -30.49967984489000017 ) ) ;
#6585 = PERSON_AND_ORGANIZATION ( #2759, #6393 ) ;
#6586 = CARTESIAN_POINT ( 'NONE',  ( 25.96042742294300609, 0.01666755175120999272, -30.58666891482001660 ) ) ;
#6587 = CARTESIAN_POINT ( 'NONE',  ( 36.55351990646799720, 0.6333512102260003829, 1.142444824926000635 ) ) ;
#6588 = CARTESIAN_POINT ( 'NONE',  ( 21.13127836114599845, 10.66720185521700159, -28.17450619379999921 ) ) ;
#6589 = ORIENTED_EDGE ( 'NONE', *, *, #5518, .T. ) ;
#6590 = CARTESIAN_POINT ( 'NONE',  ( 36.68241589818400428, 1.584156656434999810, 2.008118328571999900 ) ) ;
#6591 = EDGE_CURVE ( 'NONE', #2627, #2988, #6284, .T. ) ;
#6592 = ORIENTED_EDGE ( 'NONE', *, *, #671, .F. ) ;
#6593 = EDGE_CURVE ( 'NONE', #2038, #2122, #3307, .T. ) ;
#6594 = CARTESIAN_POINT ( 'NONE',  ( 58.40490177471279765, 9.500000000000000000, 5.819574613848859990 ) ) ;
#6595 = AXIS2_PLACEMENT_3D ( 'NONE', #5062, #924, #6643 ) ;
#6596 = DIRECTION ( 'NONE',  ( 0.000000000000000000, 1.000000000000000000, 0.000000000000000000 ) ) ;
#6597 =( BOUNDED_CURVE ( )  B_SPLINE_CURVE ( 2, ( #6300, #1055, #2746 ),
 .UNSPECIFIED., .F., .F. ) 
 B_SPLINE_CURVE_WITH_KNOTS ( ( 3, 3 ),
 ( 0.000000000000000000, 5.229713722390000541 ),
 .UNSPECIFIED. ) 
 CURVE ( )  GEOMETRIC_REPRESENTATION_ITEM ( )  RATIONAL_B_SPLINE_CURVE ( ( 1.000000000000000000, 0.9238795325109999679, 1.000000000000000000 ) ) 
 REPRESENTATION_ITEM ( '' )  );
#6598 = CARTESIAN_POINT ( 'NONE',  ( 35.81425434313700151, 4.970150307915000438E-05, -1.636150855456999897 ) ) ;
#6599 = LINE ( 'NONE', #5647, #6221 ) ;
#6600 = DIRECTION ( 'NONE',  ( -0.6427876096867989331, 0.000000000000000000, -0.7660444431187601877 ) ) ;
#6601 = CARTESIAN_POINT ( 'NONE',  ( 25.91111962552073322, 1.978546625806344439, -34.52955099358425173 ) ) ;
#6602 = CIRCLE ( 'NONE', #6382, 30.00000000000001066 ) ;
#6603 = LINE ( 'NONE', #5652, #6183 ) ;
#6604 = CARTESIAN_POINT ( 'NONE',  ( 25.40272345635900209, 11.00000000000000000, -22.62082317245999974 ) ) ;
#6605 = CYLINDRICAL_SURFACE ( 'NONE', #271, 4.000000000000001776 ) ;
#6606 = CARTESIAN_POINT ( 'NONE',  ( 28.14406282888900890, 8.999999999999998224, -8.463755338705000852 ) ) ;
#6607 = EDGE_CURVE ( 'NONE', #1957, #6139, #194, .T. ) ;
#6608 = ORIENTED_EDGE ( 'NONE', *, *, #3165, .F. ) ;
#6609 = CARTESIAN_POINT ( 'NONE',  ( 37.26316060344099412, 12.50000000000000000, -36.48913347616999658 ) ) ;
#6610 = CYLINDRICAL_SURFACE ( 'NONE', #6542, 1.499999999999999556 ) ;
#6611 = CARTESIAN_POINT ( 'NONE',  ( 40.74273060912399558, 0.9109512847440000005, -38.46241909982999374 ) ) ;
#6612 = CARTESIAN_POINT ( 'NONE',  ( -1.373550809269246109, 0.3604881477397110512, -107.8055261476885960 ) ) ;
#6613 = CARTESIAN_POINT ( 'NONE',  ( 36.43893251589700100, 0.5112454292900000530, 0.8538867672550000121 ) ) ;
#6614 = CARTESIAN_POINT ( 'NONE',  ( 69.63845337762300858, 0.5999999999999999778, -4.128657308696999095 ) ) ;
#6615 = CC_DESIGN_PERSON_AND_ORGANIZATION_ASSIGNMENT ( #3031, #4429, ( #1204 ) ) ;
#6616 = ORIENTED_EDGE ( 'NONE', *, *, #963, .T. ) ;
#6617 = CIRCLE ( 'NONE', #2940, 1.499999999999998890 ) ;
#6618 = ORIENTED_EDGE ( 'NONE', *, *, #474, .T. ) ;
#6619 = CARTESIAN_POINT ( 'NONE',  ( 26.84979956699999804, 0.1697278290409999779, -31.92348321243999720 ) ) ;
#6620 = APPROVAL_ROLE ( '' ) ;
#6621 = CIRCLE ( 'NONE', #3922, 2.499999999999996447 ) ;
#6622 = CARTESIAN_POINT ( 'NONE',  ( 25.95559292154701225, 0.01495022191060998984, -30.56593894528999655 ) ) ;
#6623 = CARTESIAN_POINT ( 'NONE',  ( 36.49481950515999529, 0.5712374740329999590, 0.9995739638679999040 ) ) ;
#6624 = DIRECTION ( 'NONE',  ( -0.5296313450659208000, 1.927470528863118062E-16, 0.8482279400748735654 ) ) ;
#6625 = ORIENTED_EDGE ( 'NONE', *, *, #385, .T. ) ;
#6626 = CARTESIAN_POINT ( 'NONE',  ( -3.167662790056999800, 4.500000000000000000, -89.00000000000000000 ) ) ;
#6627 = ORIENTED_EDGE ( 'NONE', *, *, #184, .T. ) ;
#6628 = CARTESIAN_POINT ( 'NONE',  ( 5.832337209943000644, 4.500000000000000000, -98.00000000000000000 ) ) ;
#6629 = CARTESIAN_POINT ( 'NONE',  ( 35.85257223093200452, 0.1701129495410002301, -0.4242931909240001409 ) ) ;
#6630 = CARTESIAN_POINT ( 'NONE',  ( 69.29774002288000645, 0.7571412807349999774, -4.015187126998000622 ) ) ;
#6631 = CARTESIAN_POINT ( 'NONE',  ( 36.17572235547799409, 1.500000000000000000, -36.22936808803999753 ) ) ;
#6632 = EDGE_LOOP ( 'NONE', ( #5172, #682, #719, #359, #1569, #4531, #608, #4004 ) ) ;
#6633 = PLANE ( 'NONE',  #27 ) ;
#6634 = ADVANCED_FACE ( 'NONE', ( #6386 ), #3373, .F. ) ;
#6635 = CARTESIAN_POINT ( 'NONE',  ( -3.167662790056999800, -1.142999999999999995E-14, -51.45874799999999993 ) ) ;
#6636 = EDGE_CURVE ( 'NONE', #2763, #6078, #2292, .T. ) ;
#6637 = CARTESIAN_POINT ( 'NONE',  ( 37.30996802912403609, 7.411789280933000157, 2.459745113053998455 ) ) ;
#6638 = ORIENTED_EDGE ( 'NONE', *, *, #4407, .T. ) ;
#6639 = DIRECTION ( 'NONE',  ( 0.000000000000000000, 0.000000000000000000, -1.000000000000000000 ) ) ;
#6640 = DIRECTION ( 'NONE',  ( 0.000000000000000000, -1.000000000000000000, 0.000000000000000000 ) ) ;
#6641 = LINE ( 'NONE', #4008, #1477 ) ;
#6642 = VECTOR ( 'NONE', #6600, 1000.000000000000114 ) ;
#6643 = DIRECTION ( 'NONE',  ( -0.9078645223467951553, 8.673617379884036705E-17, 0.4192636510169054920 ) ) ;
#6644 = EDGE_CURVE ( 'NONE', #4360, #1380, #6318, .T. ) ;
#6645 = CARTESIAN_POINT ( 'NONE',  ( 35.81666224661299935, 1.629328764619000029E-05, -1.642578489641999928 ) ) ;
#6646 = CARTESIAN_POINT ( 'NONE',  ( 37.13990377000819620, 9.500000000000000000, -35.08030142336184554 ) ) ;
#6647 = EDGE_LOOP ( 'NONE', ( #1923, #2885, #3708, #288 ) ) ;
#6648 = AXIS2_PLACEMENT_3D ( 'NONE', #2665, #4734, #5306 ) ;
#6649 = EDGE_LOOP ( 'NONE', ( #4622, #457, #1656, #653 ) ) ;
#6650 = CARTESIAN_POINT ( 'NONE',  ( 28.25246802186499906, 1.252624447280000108, -34.12767879053999565 ) ) ;
#6651 = AXIS2_PLACEMENT_3D ( 'NONE', #4312, #1222, #5920 ) ;
#6652 = VECTOR ( 'NONE', #4037, 1000.000000000000114 ) ;
#6653 = DATE_TIME_ROLE ( 'classification_date' ) ;
#6654 = CARTESIAN_POINT ( 'NONE',  ( 26.02343963991402020, 0.04739020924713997773, -30.85561557215001827 ) ) ;
#6655 = CARTESIAN_POINT ( 'NONE',  ( 37.24148126862999675, 1.251345819741999987, 2.346062763352000147 ) ) ;
#6656 = CARTESIAN_POINT ( 'NONE',  ( 5.047243375218999795, 0.8254494054550000071, -107.9275364110000055 ) ) ;
#6657 = ORIENTED_EDGE ( 'NONE', *, *, #2870, .T. ) ;
#6658 = AXIS2_PLACEMENT_3D ( 'NONE', #5796, #1166, #2586 ) ;
#6659 = CARTESIAN_POINT ( 'NONE',  ( 18.91776330943000062, 8.948138355067001726, -27.86530066715000231 ) ) ;
#6660 = ORIENTED_EDGE ( 'NONE', *, *, #5313, .T. ) ;
#6661 = CARTESIAN_POINT ( 'NONE',  ( 25.86697077502699571, 10.80000329297900130, -32.14822395164999591 ) ) ;
#6662 = CYLINDRICAL_SURFACE ( 'NONE', #4140, 0.7500000000000006661 ) ;
#6663 = CIRCLE ( 'NONE', #1807, 2.600000000000000533 ) ;
#6664 = CARTESIAN_POINT ( 'NONE',  ( 37.08308589207901207, 1.994723077316001847, 2.468473265678001738 ) ) ;
#6665 = CARTESIAN_POINT ( 'NONE',  ( 29.99976598561099905, 8.870237181821000405, -4.241953401188999884 ) ) ;
#6666 = DIRECTION ( 'NONE',  ( 0.000000000000000000, -1.000000000000000000, 0.000000000000000000 ) ) ;
#6667 = ORIENTED_EDGE ( 'NONE', *, *, #4338, .F. ) ;
#6668 = DIRECTION ( 'NONE',  ( 0.000000000000000000, 2.200000000000000003E-16, 1.000000000000000000 ) ) ;
#6669 = LINE ( 'NONE', #4676, #6652 ) ;
#6670 = CARTESIAN_POINT ( 'NONE',  ( 29.56674823223199766, 10.75771883221399960, -6.768264898138999897 ) ) ;
#6671 = ORIENTED_EDGE ( 'NONE', *, *, #5979, .F. ) ;
#6672 = CARTESIAN_POINT ( 'NONE',  ( 6.637922684359000236, 4.500000000000000000, -62.75000000000000000 ) ) ;
#6673 = CARTESIAN_POINT ( 'NONE',  ( 25.81953567393001947, 0.06000557263199003677, -31.18191612623999021 ) ) ;
#6674 = LINE ( 'NONE', #2140, #4073 ) ;
#6675 = EDGE_CURVE ( 'NONE', #156, #3766, #4132, .T. ) ;
#6676 = CARTESIAN_POINT ( 'NONE',  ( 59.36908318924299977, 9.500000000000000000, 6.968641278527000438 ) ) ;
#6677 = LINE ( 'NONE', #6168, #3030 ) ;
#6678 = CIRCLE ( 'NONE', #4420, 33.00000000000000000 ) ;
#6679 = DIRECTION ( 'NONE',  ( 0.000000000000000000, 1.000000000000000000, 0.000000000000000000 ) ) ;
#6680 = ORIENTED_EDGE ( 'NONE', *, *, #4158, .T. ) ;
#6681 = VERTEX_POINT ( 'NONE', #1478 ) ;
#6682 = CARTESIAN_POINT ( 'NONE',  ( 25.86114160880837431, 1.415444814304820831, -34.16332452763293759 ) ) ;
#6683 = CARTESIAN_POINT ( 'NONE',  ( 4.611113593489999829, 1.500000000000000000, -52.50064691917999937 ) ) ;
#6684 = CARTESIAN_POINT ( 'NONE',  ( 25.87377879483599941, 4.705384228480000703E-06, -30.20076056686000143 ) ) ;
#6685 = CARTESIAN_POINT ( 'NONE',  ( 28.36137763588798677, 1.435387453367000354, -34.24127982861001129 ) ) ;
#6686 = DIRECTION ( 'NONE',  ( 1.000000000000000000, 0.000000000000000000, 0.000000000000000000 ) ) ;
#6687 = CARTESIAN_POINT ( 'NONE',  ( 21.35918978494999720, 10.68484985046200109, -28.36574658545000105 ) ) ;
#6689 = ORIENTED_EDGE ( 'NONE', *, *, #4982, .T. ) ;
#6688 = ADVANCED_FACE ( 'NONE', ( #5971 ), #1404, .T. ) ;
#6690 = CARTESIAN_POINT ( 'NONE',  ( 37.13120682084699098, 2.040013028651000315, 2.516878537502999613 ) ) ;
#6691 = EDGE_LOOP ( 'NONE', ( #1027, #791, #5076, #2551 ) ) ;
#6692 = DIRECTION ( 'NONE',  ( 0.6427876096867971567, 0.000000000000000000, 0.7660444431187616310 ) ) ;
#6693 = CARTESIAN_POINT ( 'NONE',  ( -2.924888241659000077, 1.619832680150000037, -108.5880377619999990 ) ) ;
#6694 = CARTESIAN_POINT ( 'NONE',  ( 35.81418944891600376, 2.906816148495999013E-05, -1.640937394535000537 ) ) ;
#6695 = CARTESIAN_POINT ( 'NONE',  ( 68.32933285914701571, 0.7125000000000000222, -3.813419138077000170 ) ) ;
#6696 = DIRECTION ( 'NONE',  ( 0.000000000000000000, 1.000000000000000000, 0.000000000000000000 ) ) ;
#6697 = ORIENTED_EDGE ( 'NONE', *, *, #3338, .F. ) ;
#6698 = CARTESIAN_POINT ( 'NONE',  ( 68.17168402681299710, 0.2071518458450000155, -3.543099211742999799 ) ) ;
ENDSEC;
END-ISO-10303-21;
